
===========================================================================
report_checks -path_delay max (Setup)
============================================================================
======================= nom_tt_025C_1v80 Corner ===================================

Startpoint: _454_ (rising edge-triggered flip-flop clocked by clk)
Endpoint: gpio_out[10] (output port clocked by clk)
Path Group: clk
Path Type: max

Fanout         Cap        Slew       Delay        Time   Description
---------------------------------------------------------------------------------------------
                                  0.000000    0.000000   clock clk (rise edge)
                                  0.000000    0.000000   clock source latency
     2    0.019867    0.095149    0.065634    0.065634 ^ clk (in)
                                                         clk (net)
                      0.095166    0.000000    0.065634 ^ clkbuf_0_clk/A (sky130_fd_sc_hd__clkbuf_16)
     8    0.083891    0.100833    0.191418    0.257052 ^ clkbuf_0_clk/X (sky130_fd_sc_hd__clkbuf_16)
                                                         clknet_0_clk (net)
                      0.100929    0.001663    0.258715 ^ clkbuf_3_7__f_clk/A (sky130_fd_sc_hd__clkbuf_16)
     9    0.027056    0.048206    0.152610    0.411325 ^ clkbuf_3_7__f_clk/X (sky130_fd_sc_hd__clkbuf_16)
                                                         clknet_3_7__leaf_clk (net)
                      0.048211    0.000450    0.411775 ^ _454_/CLK (sky130_fd_sc_hd__dfrtp_2)
     2    0.006654    0.048652    0.396193    0.807968 v _454_/Q (sky130_fd_sc_hd__dfrtp_2)
                                                         TOP.top_rng_inst.display.current_data[3] (net)
                      0.048652    0.000153    0.808121 v fanout28/A (sky130_fd_sc_hd__clkdlybuf4s25_1)
    10    0.038573    0.286108    0.438533    1.246655 v fanout28/X (sky130_fd_sc_hd__clkdlybuf4s25_1)
                                                         net28 (net)
                      0.286110    0.001156    1.247811 v _262_/B (sky130_fd_sc_hd__or3b_2)
     2    0.006885    0.090142    0.544261    1.792071 v _262_/X (sky130_fd_sc_hd__or3b_2)
                                                         _085_ (net)
                      0.090142    0.000112    1.792183 v _263_/B1 (sky130_fd_sc_hd__o2bb2a_2)
     1    0.002319    0.041805    0.265463    2.057646 v _263_/X (sky130_fd_sc_hd__o2bb2a_2)
                                                         net7 (net)
                      0.041805    0.000065    2.057711 v output7/A (sky130_fd_sc_hd__clkdlybuf4s25_1)
     1    0.034654    0.258105    0.414924    2.472635 v output7/X (sky130_fd_sc_hd__clkdlybuf4s25_1)
                                                         gpio_out[10] (net)
                      0.258105    0.000803    2.473438 v gpio_out[10] (out)
                                              2.473438   data arrival time

                                 25.000000   25.000000   clock clk (rise edge)
                                  0.000000   25.000000   clock network delay (propagated)
                                 -0.250000   24.750000   clock uncertainty
                                  0.000000   24.750000   clock reconvergence pessimism
                                 -5.000000   19.750000   output external delay
                                             19.750000   data required time
---------------------------------------------------------------------------------------------
                                             19.750000   data required time
                                             -2.473438   data arrival time
---------------------------------------------------------------------------------------------
                                             17.276562   slack (MET)


Startpoint: _454_ (rising edge-triggered flip-flop clocked by clk)
Endpoint: gpio_out[14] (output port clocked by clk)
Path Group: clk
Path Type: max

Fanout         Cap        Slew       Delay        Time   Description
---------------------------------------------------------------------------------------------
                                  0.000000    0.000000   clock clk (rise edge)
                                  0.000000    0.000000   clock source latency
     2    0.019867    0.095149    0.065634    0.065634 ^ clk (in)
                                                         clk (net)
                      0.095166    0.000000    0.065634 ^ clkbuf_0_clk/A (sky130_fd_sc_hd__clkbuf_16)
     8    0.083891    0.100833    0.191418    0.257052 ^ clkbuf_0_clk/X (sky130_fd_sc_hd__clkbuf_16)
                                                         clknet_0_clk (net)
                      0.100929    0.001663    0.258715 ^ clkbuf_3_7__f_clk/A (sky130_fd_sc_hd__clkbuf_16)
     9    0.027056    0.048206    0.152610    0.411325 ^ clkbuf_3_7__f_clk/X (sky130_fd_sc_hd__clkbuf_16)
                                                         clknet_3_7__leaf_clk (net)
                      0.048211    0.000450    0.411775 ^ _454_/CLK (sky130_fd_sc_hd__dfrtp_2)
     2    0.006654    0.048652    0.396193    0.807968 v _454_/Q (sky130_fd_sc_hd__dfrtp_2)
                                                         TOP.top_rng_inst.display.current_data[3] (net)
                      0.048652    0.000153    0.808121 v fanout28/A (sky130_fd_sc_hd__clkdlybuf4s25_1)
    10    0.038573    0.286108    0.438533    1.246655 v fanout28/X (sky130_fd_sc_hd__clkdlybuf4s25_1)
                                                         net28 (net)
                      0.286110    0.001156    1.247811 v _262_/B (sky130_fd_sc_hd__or3b_2)
     2    0.006885    0.090142    0.544261    1.792071 v _262_/X (sky130_fd_sc_hd__or3b_2)
                                                         _085_ (net)
                      0.090142    0.000113    1.792185 v _270_/B1 (sky130_fd_sc_hd__o21ai_2)
     1    0.003115    0.102283    0.067620    1.859805 ^ _270_/Y (sky130_fd_sc_hd__o21ai_2)
                                                         _089_ (net)
                      0.102283    0.000092    1.859897 ^ _271_/B1 (sky130_fd_sc_hd__a21o_2)
     1    0.002851    0.029873    0.097970    1.957867 ^ _271_/X (sky130_fd_sc_hd__a21o_2)
                                                         net11 (net)
                      0.029873    0.000081    1.957948 ^ output11/A (sky130_fd_sc_hd__clkdlybuf4s25_1)
     1    0.034662    0.350277    0.456510    2.414458 ^ output11/X (sky130_fd_sc_hd__clkdlybuf4s25_1)
                                                         gpio_out[14] (net)
                      0.350277    0.000868    2.415326 ^ gpio_out[14] (out)
                                              2.415326   data arrival time

                                 25.000000   25.000000   clock clk (rise edge)
                                  0.000000   25.000000   clock network delay (propagated)
                                 -0.250000   24.750000   clock uncertainty
                                  0.000000   24.750000   clock reconvergence pessimism
                                 -5.000000   19.750000   output external delay
                                             19.750000   data required time
---------------------------------------------------------------------------------------------
                                             19.750000   data required time
                                             -2.415326   data arrival time
---------------------------------------------------------------------------------------------
                                             17.334675   slack (MET)


Startpoint: _454_ (rising edge-triggered flip-flop clocked by clk)
Endpoint: gpio_out[11] (output port clocked by clk)
Path Group: clk
Path Type: max

Fanout         Cap        Slew       Delay        Time   Description
---------------------------------------------------------------------------------------------
                                  0.000000    0.000000   clock clk (rise edge)
                                  0.000000    0.000000   clock source latency
     2    0.019867    0.095149    0.065634    0.065634 ^ clk (in)
                                                         clk (net)
                      0.095166    0.000000    0.065634 ^ clkbuf_0_clk/A (sky130_fd_sc_hd__clkbuf_16)
     8    0.083891    0.100833    0.191418    0.257052 ^ clkbuf_0_clk/X (sky130_fd_sc_hd__clkbuf_16)
                                                         clknet_0_clk (net)
                      0.100929    0.001663    0.258715 ^ clkbuf_3_7__f_clk/A (sky130_fd_sc_hd__clkbuf_16)
     9    0.027056    0.048206    0.152610    0.411325 ^ clkbuf_3_7__f_clk/X (sky130_fd_sc_hd__clkbuf_16)
                                                         clknet_3_7__leaf_clk (net)
                      0.048211    0.000450    0.411775 ^ _454_/CLK (sky130_fd_sc_hd__dfrtp_2)
     2    0.006654    0.048652    0.396193    0.807968 v _454_/Q (sky130_fd_sc_hd__dfrtp_2)
                                                         TOP.top_rng_inst.display.current_data[3] (net)
                      0.048652    0.000153    0.808121 v fanout28/A (sky130_fd_sc_hd__clkdlybuf4s25_1)
    10    0.038573    0.286108    0.438533    1.246655 v fanout28/X (sky130_fd_sc_hd__clkdlybuf4s25_1)
                                                         net28 (net)
                      0.286108    0.000817    1.247472 v _265_/A2 (sky130_fd_sc_hd__o22a_2)
     1    0.008323    0.053204    0.334299    1.581770 v _265_/X (sky130_fd_sc_hd__o22a_2)
                                                         _087_ (net)
                      0.053204    0.000165    1.581935 v _266_/B (sky130_fd_sc_hd__xnor2_2)
     1    0.003111    0.103051    0.112981    1.694916 ^ _266_/Y (sky130_fd_sc_hd__xnor2_2)
                                                         net8 (net)
                      0.103051    0.000090    1.695006 ^ output8/A (sky130_fd_sc_hd__clkdlybuf4s25_1)
     1    0.034289    0.346642    0.479534    2.174540 ^ output8/X (sky130_fd_sc_hd__clkdlybuf4s25_1)
                                                         gpio_out[11] (net)
                      0.346642    0.000671    2.175210 ^ gpio_out[11] (out)
                                              2.175210   data arrival time

                                 25.000000   25.000000   clock clk (rise edge)
                                  0.000000   25.000000   clock network delay (propagated)
                                 -0.250000   24.750000   clock uncertainty
                                  0.000000   24.750000   clock reconvergence pessimism
                                 -5.000000   19.750000   output external delay
                                             19.750000   data required time
---------------------------------------------------------------------------------------------
                                             19.750000   data required time
                                             -2.175210   data arrival time
---------------------------------------------------------------------------------------------
                                             17.574789   slack (MET)


Startpoint: _454_ (rising edge-triggered flip-flop clocked by clk)
Endpoint: gpio_out[13] (output port clocked by clk)
Path Group: clk
Path Type: max

Fanout         Cap        Slew       Delay        Time   Description
---------------------------------------------------------------------------------------------
                                  0.000000    0.000000   clock clk (rise edge)
                                  0.000000    0.000000   clock source latency
     2    0.019867    0.095149    0.065634    0.065634 ^ clk (in)
                                                         clk (net)
                      0.095166    0.000000    0.065634 ^ clkbuf_0_clk/A (sky130_fd_sc_hd__clkbuf_16)
     8    0.083891    0.100833    0.191418    0.257052 ^ clkbuf_0_clk/X (sky130_fd_sc_hd__clkbuf_16)
                                                         clknet_0_clk (net)
                      0.100929    0.001663    0.258715 ^ clkbuf_3_7__f_clk/A (sky130_fd_sc_hd__clkbuf_16)
     9    0.027056    0.048206    0.152610    0.411325 ^ clkbuf_3_7__f_clk/X (sky130_fd_sc_hd__clkbuf_16)
                                                         clknet_3_7__leaf_clk (net)
                      0.048211    0.000450    0.411775 ^ _454_/CLK (sky130_fd_sc_hd__dfrtp_2)
     2    0.007048    0.056095    0.352225    0.764000 ^ _454_/Q (sky130_fd_sc_hd__dfrtp_2)
                                                         TOP.top_rng_inst.display.current_data[3] (net)
                      0.056095    0.000164    0.764163 ^ fanout28/A (sky130_fd_sc_hd__clkdlybuf4s25_1)
    10    0.041178    0.413043    0.510266    1.274430 ^ fanout28/X (sky130_fd_sc_hd__clkdlybuf4s25_1)
                                                         net28 (net)
                      0.413043    0.000782    1.275212 ^ _268_/A1_N (sky130_fd_sc_hd__a2bb2o_2)
     1    0.005243    0.050082    0.334263    1.609475 v _268_/X (sky130_fd_sc_hd__a2bb2o_2)
                                                         _088_ (net)
                      0.050082    0.000160    1.609635 v _269_/B1 (sky130_fd_sc_hd__o21ai_2)
     1    0.003330    0.104115    0.052289    1.661923 ^ _269_/Y (sky130_fd_sc_hd__o21ai_2)
                                                         net10 (net)
                      0.104115    0.000099    1.662022 ^ output10/A (sky130_fd_sc_hd__clkdlybuf4s25_1)
     1    0.035601    0.359519    0.488607    2.150630 ^ output10/X (sky130_fd_sc_hd__clkdlybuf4s25_1)
                                                         gpio_out[13] (net)
                      0.359519    0.001052    2.151681 ^ gpio_out[13] (out)
                                              2.151681   data arrival time

                                 25.000000   25.000000   clock clk (rise edge)
                                  0.000000   25.000000   clock network delay (propagated)
                                 -0.250000   24.750000   clock uncertainty
                                  0.000000   24.750000   clock reconvergence pessimism
                                 -5.000000   19.750000   output external delay
                                             19.750000   data required time
---------------------------------------------------------------------------------------------
                                             19.750000   data required time
                                             -2.151681   data arrival time
---------------------------------------------------------------------------------------------
                                             17.598318   slack (MET)


Startpoint: _454_ (rising edge-triggered flip-flop clocked by clk)
Endpoint: gpio_out[9] (output port clocked by clk)
Path Group: clk
Path Type: max

Fanout         Cap        Slew       Delay        Time   Description
---------------------------------------------------------------------------------------------
                                  0.000000    0.000000   clock clk (rise edge)
                                  0.000000    0.000000   clock source latency
     2    0.019867    0.095149    0.065634    0.065634 ^ clk (in)
                                                         clk (net)
                      0.095166    0.000000    0.065634 ^ clkbuf_0_clk/A (sky130_fd_sc_hd__clkbuf_16)
     8    0.083891    0.100833    0.191418    0.257052 ^ clkbuf_0_clk/X (sky130_fd_sc_hd__clkbuf_16)
                                                         clknet_0_clk (net)
                      0.100929    0.001663    0.258715 ^ clkbuf_3_7__f_clk/A (sky130_fd_sc_hd__clkbuf_16)
     9    0.027056    0.048206    0.152610    0.411325 ^ clkbuf_3_7__f_clk/X (sky130_fd_sc_hd__clkbuf_16)
                                                         clknet_3_7__leaf_clk (net)
                      0.048211    0.000450    0.411775 ^ _454_/CLK (sky130_fd_sc_hd__dfrtp_2)
     2    0.006654    0.048652    0.396193    0.807968 v _454_/Q (sky130_fd_sc_hd__dfrtp_2)
                                                         TOP.top_rng_inst.display.current_data[3] (net)
                      0.048652    0.000153    0.808121 v fanout28/A (sky130_fd_sc_hd__clkdlybuf4s25_1)
    10    0.038573    0.286108    0.438533    1.246655 v fanout28/X (sky130_fd_sc_hd__clkdlybuf4s25_1)
                                                         net28 (net)
                      0.286108    0.000695    1.247350 v _260_/A1 (sky130_fd_sc_hd__o32a_2)
     1    0.003116    0.053777    0.462070    1.709419 v _260_/X (sky130_fd_sc_hd__o32a_2)
                                                         net18 (net)
                      0.053777    0.000094    1.709513 v output18/A (sky130_fd_sc_hd__clkdlybuf4s25_1)
     1    0.035619    0.265204    0.424932    2.134445 v output18/X (sky130_fd_sc_hd__clkdlybuf4s25_1)
                                                         gpio_out[9] (net)
                      0.265206    0.001108    2.135553 v gpio_out[9] (out)
                                              2.135553   data arrival time

                                 25.000000   25.000000   clock clk (rise edge)
                                  0.000000   25.000000   clock network delay (propagated)
                                 -0.250000   24.750000   clock uncertainty
                                  0.000000   24.750000   clock reconvergence pessimism
                                 -5.000000   19.750000   output external delay
                                             19.750000   data required time
---------------------------------------------------------------------------------------------
                                             19.750000   data required time
                                             -2.135553   data arrival time
---------------------------------------------------------------------------------------------
                                             17.614447   slack (MET)


Startpoint: _454_ (rising edge-triggered flip-flop clocked by clk)
Endpoint: gpio_out[8] (output port clocked by clk)
Path Group: clk
Path Type: max

Fanout         Cap        Slew       Delay        Time   Description
---------------------------------------------------------------------------------------------
                                  0.000000    0.000000   clock clk (rise edge)
                                  0.000000    0.000000   clock source latency
     2    0.019867    0.095149    0.065634    0.065634 ^ clk (in)
                                                         clk (net)
                      0.095166    0.000000    0.065634 ^ clkbuf_0_clk/A (sky130_fd_sc_hd__clkbuf_16)
     8    0.083891    0.100833    0.191418    0.257052 ^ clkbuf_0_clk/X (sky130_fd_sc_hd__clkbuf_16)
                                                         clknet_0_clk (net)
                      0.100929    0.001663    0.258715 ^ clkbuf_3_7__f_clk/A (sky130_fd_sc_hd__clkbuf_16)
     9    0.027056    0.048206    0.152610    0.411325 ^ clkbuf_3_7__f_clk/X (sky130_fd_sc_hd__clkbuf_16)
                                                         clknet_3_7__leaf_clk (net)
                      0.048211    0.000450    0.411775 ^ _454_/CLK (sky130_fd_sc_hd__dfrtp_2)
     2    0.007048    0.056095    0.352225    0.764000 ^ _454_/Q (sky130_fd_sc_hd__dfrtp_2)
                                                         TOP.top_rng_inst.display.current_data[3] (net)
                      0.056095    0.000164    0.764163 ^ fanout28/A (sky130_fd_sc_hd__clkdlybuf4s25_1)
    10    0.041178    0.413043    0.510266    1.274430 ^ fanout28/X (sky130_fd_sc_hd__clkdlybuf4s25_1)
                                                         net28 (net)
                      0.413043    0.000796    1.275226 ^ _253_/A (sky130_fd_sc_hd__nand2_2)
     3    0.013354    0.121862    0.139705    1.414931 v _253_/Y (sky130_fd_sc_hd__nand2_2)
                                                         _078_ (net)
                      0.121862    0.000229    1.415160 v _258_/A2 (sky130_fd_sc_hd__o22a_2)
     1    0.003637    0.038946    0.246823    1.661982 v _258_/X (sky130_fd_sc_hd__o22a_2)
                                                         net17 (net)
                      0.038946    0.000112    1.662095 v output17/A (sky130_fd_sc_hd__clkdlybuf4s25_1)
     1    0.034295    0.255463    0.411902    2.073996 v output17/X (sky130_fd_sc_hd__clkdlybuf4s25_1)
                                                         gpio_out[8] (net)
                      0.255463    0.000671    2.074667 v gpio_out[8] (out)
                                              2.074667   data arrival time

                                 25.000000   25.000000   clock clk (rise edge)
                                  0.000000   25.000000   clock network delay (propagated)
                                 -0.250000   24.750000   clock uncertainty
                                  0.000000   24.750000   clock reconvergence pessimism
                                 -5.000000   19.750000   output external delay
                                             19.750000   data required time
---------------------------------------------------------------------------------------------
                                             19.750000   data required time
                                             -2.074667   data arrival time
---------------------------------------------------------------------------------------------
                                             17.675331   slack (MET)


Startpoint: _454_ (rising edge-triggered flip-flop clocked by clk)
Endpoint: gpio_out[12] (output port clocked by clk)
Path Group: clk
Path Type: max

Fanout         Cap        Slew       Delay        Time   Description
---------------------------------------------------------------------------------------------
                                  0.000000    0.000000   clock clk (rise edge)
                                  0.000000    0.000000   clock source latency
     2    0.019867    0.095149    0.065634    0.065634 ^ clk (in)
                                                         clk (net)
                      0.095166    0.000000    0.065634 ^ clkbuf_0_clk/A (sky130_fd_sc_hd__clkbuf_16)
     8    0.083891    0.100833    0.191418    0.257052 ^ clkbuf_0_clk/X (sky130_fd_sc_hd__clkbuf_16)
                                                         clknet_0_clk (net)
                      0.100929    0.001663    0.258715 ^ clkbuf_3_7__f_clk/A (sky130_fd_sc_hd__clkbuf_16)
     9    0.027056    0.048206    0.152610    0.411325 ^ clkbuf_3_7__f_clk/X (sky130_fd_sc_hd__clkbuf_16)
                                                         clknet_3_7__leaf_clk (net)
                      0.048211    0.000450    0.411775 ^ _454_/CLK (sky130_fd_sc_hd__dfrtp_2)
     2    0.007048    0.056095    0.352225    0.764000 ^ _454_/Q (sky130_fd_sc_hd__dfrtp_2)
                                                         TOP.top_rng_inst.display.current_data[3] (net)
                      0.056095    0.000164    0.764163 ^ fanout28/A (sky130_fd_sc_hd__clkdlybuf4s25_1)
    10    0.041178    0.413043    0.510266    1.274430 ^ fanout28/X (sky130_fd_sc_hd__clkdlybuf4s25_1)
                                                         net28 (net)
                      0.413043    0.000796    1.275226 ^ _253_/A (sky130_fd_sc_hd__nand2_2)
     3    0.013354    0.121862    0.139705    1.414931 v _253_/Y (sky130_fd_sc_hd__nand2_2)
                                                         _078_ (net)
                      0.121862    0.000140    1.415071 v _267_/A (sky130_fd_sc_hd__nand2_2)
     1    0.002529    0.042369    0.075168    1.490239 ^ _267_/Y (sky130_fd_sc_hd__nand2_2)
                                                         net9 (net)
                      0.042369    0.000050    1.490289 ^ output9/A (sky130_fd_sc_hd__clkdlybuf4s25_1)
     1    0.034147    0.344879    0.457555    1.947844 ^ output9/X (sky130_fd_sc_hd__clkdlybuf4s25_1)
                                                         gpio_out[12] (net)
                      0.344879    0.000628    1.948472 ^ gpio_out[12] (out)
                                              1.948472   data arrival time

                                 25.000000   25.000000   clock clk (rise edge)
                                  0.000000   25.000000   clock network delay (propagated)
                                 -0.250000   24.750000   clock uncertainty
                                  0.000000   24.750000   clock reconvergence pessimism
                                 -5.000000   19.750000   output external delay
                                             19.750000   data required time
---------------------------------------------------------------------------------------------
                                             19.750000   data required time
                                             -1.948472   data arrival time
---------------------------------------------------------------------------------------------
                                             17.801527   slack (MET)


Startpoint: _448_ (rising edge-triggered flip-flop clocked by clk)
Endpoint: gpio_out[18] (output port clocked by clk)
Path Group: clk
Path Type: max

Fanout         Cap        Slew       Delay        Time   Description
---------------------------------------------------------------------------------------------
                                  0.000000    0.000000   clock clk (rise edge)
                                  0.000000    0.000000   clock source latency
     2    0.019867    0.095149    0.065634    0.065634 ^ clk (in)
                                                         clk (net)
                      0.095166    0.000000    0.065634 ^ clkbuf_0_clk/A (sky130_fd_sc_hd__clkbuf_16)
     8    0.083891    0.100833    0.191418    0.257052 ^ clkbuf_0_clk/X (sky130_fd_sc_hd__clkbuf_16)
                                                         clknet_0_clk (net)
                      0.100933    0.001741    0.258792 ^ clkbuf_3_6__f_clk/A (sky130_fd_sc_hd__clkbuf_16)
    10    0.030024    0.051105    0.154925    0.413718 ^ clkbuf_3_6__f_clk/X (sky130_fd_sc_hd__clkbuf_16)
                                                         clknet_3_6__leaf_clk (net)
                      0.051108    0.000769    0.414487 ^ _448_/CLK (sky130_fd_sc_hd__dfrtp_2)
     9    0.053632    0.258992    0.513081    0.927569 ^ _448_/Q (sky130_fd_sc_hd__dfrtp_2)
                                                         net14 (net)
                      0.258992    0.000802    0.928371 ^ output14/A (sky130_fd_sc_hd__clkdlybuf4s25_1)
     1    0.035176    0.355120    0.524936    1.453306 ^ output14/X (sky130_fd_sc_hd__clkdlybuf4s25_1)
                                                         gpio_out[18] (net)
                      0.355120    0.000973    1.454279 ^ gpio_out[18] (out)
                                              1.454279   data arrival time

                                 25.000000   25.000000   clock clk (rise edge)
                                  0.000000   25.000000   clock network delay (propagated)
                                 -0.250000   24.750000   clock uncertainty
                                  0.000000   24.750000   clock reconvergence pessimism
                                 -5.000000   19.750000   output external delay
                                             19.750000   data required time
---------------------------------------------------------------------------------------------
                                             19.750000   data required time
                                             -1.454279   data arrival time
---------------------------------------------------------------------------------------------
                                             18.295721   slack (MET)


Startpoint: en (input port clocked by clk)
Endpoint: _461_ (recovery check against rising-edge clock clk)
Path Group: asynchronous
Path Type: max

Fanout         Cap        Slew       Delay        Time   Description
---------------------------------------------------------------------------------------------
                                  0.000000    0.000000   clock clk (rise edge)
                                  0.000000    0.000000   clock network delay (propagated)
                                  5.000000    5.000000 ^ input external delay
     2    0.004792    0.028385    0.017182    5.017182 ^ en (in)
                                                         en (net)
                      0.028385    0.000000    5.017182 ^ input1/A (sky130_fd_sc_hd__clkdlybuf4s25_1)
     1    0.001930    0.036429    0.230405    5.247587 ^ input1/X (sky130_fd_sc_hd__clkdlybuf4s25_1)
                                                         net1 (net)
                      0.036429    0.000053    5.247640 ^ _229_/B (sky130_fd_sc_hd__and2_2)
     1    0.004185    0.043239    0.132078    5.379719 ^ _229_/X (sky130_fd_sc_hd__and2_2)
                                                         TOP.n_rst (net)
                      0.043246    0.000110    5.379828 ^ fanout51/A (sky130_fd_sc_hd__clkdlybuf4s25_1)
     5    0.026321    0.268696    0.404426    5.784254 ^ fanout51/X (sky130_fd_sc_hd__clkdlybuf4s25_1)
                                                         net51 (net)
                      0.268696    0.000868    5.785122 ^ fanout47/A (sky130_fd_sc_hd__clkdlybuf4s25_1)
     8    0.038946    0.391833    0.552815    6.337937 ^ fanout47/X (sky130_fd_sc_hd__clkdlybuf4s25_1)
                                                         net47 (net)
                      0.391834    0.001489    6.339427 ^ fanout45/A (sky130_fd_sc_hd__clkdlybuf4s25_1)
     6    0.026582    0.271267    0.487287    6.826713 ^ fanout45/X (sky130_fd_sc_hd__clkdlybuf4s25_1)
                                                         net45 (net)
                      0.271267    0.000492    6.827205 ^ load_slew46/A (sky130_fd_sc_hd__clkbuf_2)
     5    0.023119    0.132300    0.233717    7.060922 ^ load_slew46/X (sky130_fd_sc_hd__clkbuf_2)
                                                         net46 (net)
                      0.132300    0.000535    7.061457 ^ _461_/RESET_B (sky130_fd_sc_hd__dfrtp_2)
                                              7.061457   data arrival time

                                 25.000000   25.000000   clock clk (rise edge)
                                  0.000000   25.000000   clock source latency
     2    0.019867    0.095149    0.065633   25.065632 ^ clk (in)
                                                         clk (net)
                      0.095166    0.000000   25.065632 ^ clkbuf_0_clk/A (sky130_fd_sc_hd__clkbuf_16)
     8    0.083891    0.100833    0.191418   25.257050 ^ clkbuf_0_clk/X (sky130_fd_sc_hd__clkbuf_16)
                                                         clknet_0_clk (net)
                      0.101003    0.002757   25.259808 ^ clkbuf_3_5__f_clk/A (sky130_fd_sc_hd__clkbuf_16)
    10    0.033671    0.054184    0.157490   25.417297 ^ clkbuf_3_5__f_clk/X (sky130_fd_sc_hd__clkbuf_16)
                                                         clknet_3_5__leaf_clk (net)
                      0.054188    0.000721   25.418018 ^ _461_/CLK (sky130_fd_sc_hd__dfrtp_2)
                                 -0.250000   25.168020   clock uncertainty
                                  0.000000   25.168020   clock reconvergence pessimism
                                  0.195995   25.364014   library recovery time
                                             25.364014   data required time
---------------------------------------------------------------------------------------------
                                             25.364014   data required time
                                             -7.061457   data arrival time
---------------------------------------------------------------------------------------------
                                             18.302559   slack (MET)


Startpoint: en (input port clocked by clk)
Endpoint: _460_ (recovery check against rising-edge clock clk)
Path Group: asynchronous
Path Type: max

Fanout         Cap        Slew       Delay        Time   Description
---------------------------------------------------------------------------------------------
                                  0.000000    0.000000   clock clk (rise edge)
                                  0.000000    0.000000   clock network delay (propagated)
                                  5.000000    5.000000 ^ input external delay
     2    0.004792    0.028385    0.017182    5.017182 ^ en (in)
                                                         en (net)
                      0.028385    0.000000    5.017182 ^ input1/A (sky130_fd_sc_hd__clkdlybuf4s25_1)
     1    0.001930    0.036429    0.230405    5.247587 ^ input1/X (sky130_fd_sc_hd__clkdlybuf4s25_1)
                                                         net1 (net)
                      0.036429    0.000053    5.247640 ^ _229_/B (sky130_fd_sc_hd__and2_2)
     1    0.004185    0.043239    0.132078    5.379719 ^ _229_/X (sky130_fd_sc_hd__and2_2)
                                                         TOP.n_rst (net)
                      0.043246    0.000110    5.379828 ^ fanout51/A (sky130_fd_sc_hd__clkdlybuf4s25_1)
     5    0.026321    0.268696    0.404426    5.784254 ^ fanout51/X (sky130_fd_sc_hd__clkdlybuf4s25_1)
                                                         net51 (net)
                      0.268696    0.000868    5.785122 ^ fanout47/A (sky130_fd_sc_hd__clkdlybuf4s25_1)
     8    0.038946    0.391833    0.552815    6.337937 ^ fanout47/X (sky130_fd_sc_hd__clkdlybuf4s25_1)
                                                         net47 (net)
                      0.391834    0.001489    6.339427 ^ fanout45/A (sky130_fd_sc_hd__clkdlybuf4s25_1)
     6    0.026582    0.271267    0.487287    6.826713 ^ fanout45/X (sky130_fd_sc_hd__clkdlybuf4s25_1)
                                                         net45 (net)
                      0.271267    0.000492    6.827205 ^ load_slew46/A (sky130_fd_sc_hd__clkbuf_2)
     5    0.023119    0.132300    0.233717    7.060922 ^ load_slew46/X (sky130_fd_sc_hd__clkbuf_2)
                                                         net46 (net)
                      0.132300    0.000581    7.061502 ^ _460_/RESET_B (sky130_fd_sc_hd__dfrtp_2)
                                              7.061502   data arrival time

                                 25.000000   25.000000   clock clk (rise edge)
                                  0.000000   25.000000   clock source latency
     2    0.019867    0.095149    0.065633   25.065632 ^ clk (in)
                                                         clk (net)
                      0.095166    0.000000   25.065632 ^ clkbuf_0_clk/A (sky130_fd_sc_hd__clkbuf_16)
     8    0.083891    0.100833    0.191418   25.257050 ^ clkbuf_0_clk/X (sky130_fd_sc_hd__clkbuf_16)
                                                         clknet_0_clk (net)
                      0.101003    0.002757   25.259808 ^ clkbuf_3_5__f_clk/A (sky130_fd_sc_hd__clkbuf_16)
    10    0.033671    0.054184    0.157490   25.417297 ^ clkbuf_3_5__f_clk/X (sky130_fd_sc_hd__clkbuf_16)
                                                         clknet_3_5__leaf_clk (net)
                      0.054194    0.000851   25.418148 ^ _460_/CLK (sky130_fd_sc_hd__dfrtp_2)
                                 -0.250000   25.168150   clock uncertainty
                                  0.000000   25.168150   clock reconvergence pessimism
                                  0.195997   25.364145   library recovery time
                                             25.364145   data required time
---------------------------------------------------------------------------------------------
                                             25.364145   data required time
                                             -7.061502   data arrival time
---------------------------------------------------------------------------------------------
                                             18.302643   slack (MET)


Startpoint: en (input port clocked by clk)
Endpoint: _436_ (recovery check against rising-edge clock clk)
Path Group: asynchronous
Path Type: max

Fanout         Cap        Slew       Delay        Time   Description
---------------------------------------------------------------------------------------------
                                  0.000000    0.000000   clock clk (rise edge)
                                  0.000000    0.000000   clock network delay (propagated)
                                  5.000000    5.000000 ^ input external delay
     2    0.004792    0.028385    0.017182    5.017182 ^ en (in)
                                                         en (net)
                      0.028385    0.000000    5.017182 ^ input1/A (sky130_fd_sc_hd__clkdlybuf4s25_1)
     1    0.001930    0.036429    0.230405    5.247587 ^ input1/X (sky130_fd_sc_hd__clkdlybuf4s25_1)
                                                         net1 (net)
                      0.036429    0.000053    5.247640 ^ _229_/B (sky130_fd_sc_hd__and2_2)
     1    0.004185    0.043239    0.132078    5.379719 ^ _229_/X (sky130_fd_sc_hd__and2_2)
                                                         TOP.n_rst (net)
                      0.043246    0.000110    5.379828 ^ fanout51/A (sky130_fd_sc_hd__clkdlybuf4s25_1)
     5    0.026321    0.268696    0.404426    5.784254 ^ fanout51/X (sky130_fd_sc_hd__clkdlybuf4s25_1)
                                                         net51 (net)
                      0.268696    0.000868    5.785122 ^ fanout47/A (sky130_fd_sc_hd__clkdlybuf4s25_1)
     8    0.038946    0.391833    0.552815    6.337937 ^ fanout47/X (sky130_fd_sc_hd__clkdlybuf4s25_1)
                                                         net47 (net)
                      0.391834    0.001489    6.339427 ^ fanout45/A (sky130_fd_sc_hd__clkdlybuf4s25_1)
     6    0.026582    0.271267    0.487287    6.826713 ^ fanout45/X (sky130_fd_sc_hd__clkdlybuf4s25_1)
                                                         net45 (net)
                      0.271267    0.000492    6.827205 ^ load_slew46/A (sky130_fd_sc_hd__clkbuf_2)
     5    0.023119    0.132300    0.233717    7.060922 ^ load_slew46/X (sky130_fd_sc_hd__clkbuf_2)
                                                         net46 (net)
                      0.132300    0.000466    7.061388 ^ _436_/RESET_B (sky130_fd_sc_hd__dfrtp_2)
                                              7.061388   data arrival time

                                 25.000000   25.000000   clock clk (rise edge)
                                  0.000000   25.000000   clock source latency
     2    0.019867    0.095149    0.065633   25.065632 ^ clk (in)
                                                         clk (net)
                      0.095166    0.000000   25.065632 ^ clkbuf_0_clk/A (sky130_fd_sc_hd__clkbuf_16)
     8    0.083891    0.100833    0.191418   25.257050 ^ clkbuf_0_clk/X (sky130_fd_sc_hd__clkbuf_16)
                                                         clknet_0_clk (net)
                      0.101003    0.002757   25.259808 ^ clkbuf_3_5__f_clk/A (sky130_fd_sc_hd__clkbuf_16)
    10    0.033671    0.054184    0.157490   25.417297 ^ clkbuf_3_5__f_clk/X (sky130_fd_sc_hd__clkbuf_16)
                                                         clknet_3_5__leaf_clk (net)
                      0.054190    0.000771   25.418068 ^ _436_/CLK (sky130_fd_sc_hd__dfrtp_2)
                                 -0.250000   25.168070   clock uncertainty
                                  0.000000   25.168070   clock reconvergence pessimism
                                  0.195995   25.364065   library recovery time
                                             25.364065   data required time
---------------------------------------------------------------------------------------------
                                             25.364065   data required time
                                             -7.061388   data arrival time
---------------------------------------------------------------------------------------------
                                             18.302677   slack (MET)


Startpoint: en (input port clocked by clk)
Endpoint: _447_ (recovery check against rising-edge clock clk)
Path Group: asynchronous
Path Type: max

Fanout         Cap        Slew       Delay        Time   Description
---------------------------------------------------------------------------------------------
                                  0.000000    0.000000   clock clk (rise edge)
                                  0.000000    0.000000   clock network delay (propagated)
                                  5.000000    5.000000 ^ input external delay
     2    0.004792    0.028385    0.017182    5.017182 ^ en (in)
                                                         en (net)
                      0.028385    0.000000    5.017182 ^ input1/A (sky130_fd_sc_hd__clkdlybuf4s25_1)
     1    0.001930    0.036429    0.230405    5.247587 ^ input1/X (sky130_fd_sc_hd__clkdlybuf4s25_1)
                                                         net1 (net)
                      0.036429    0.000053    5.247640 ^ _229_/B (sky130_fd_sc_hd__and2_2)
     1    0.004185    0.043239    0.132078    5.379719 ^ _229_/X (sky130_fd_sc_hd__and2_2)
                                                         TOP.n_rst (net)
                      0.043246    0.000110    5.379828 ^ fanout51/A (sky130_fd_sc_hd__clkdlybuf4s25_1)
     5    0.026321    0.268696    0.404426    5.784254 ^ fanout51/X (sky130_fd_sc_hd__clkdlybuf4s25_1)
                                                         net51 (net)
                      0.268696    0.000868    5.785122 ^ fanout47/A (sky130_fd_sc_hd__clkdlybuf4s25_1)
     8    0.038946    0.391833    0.552815    6.337937 ^ fanout47/X (sky130_fd_sc_hd__clkdlybuf4s25_1)
                                                         net47 (net)
                      0.391834    0.001489    6.339427 ^ fanout45/A (sky130_fd_sc_hd__clkdlybuf4s25_1)
     6    0.026582    0.271267    0.487287    6.826713 ^ fanout45/X (sky130_fd_sc_hd__clkdlybuf4s25_1)
                                                         net45 (net)
                      0.271267    0.000492    6.827205 ^ load_slew46/A (sky130_fd_sc_hd__clkbuf_2)
     5    0.023119    0.132300    0.233717    7.060922 ^ load_slew46/X (sky130_fd_sc_hd__clkbuf_2)
                                                         net46 (net)
                      0.132300    0.000421    7.061342 ^ _447_/RESET_B (sky130_fd_sc_hd__dfrtp_2)
                                              7.061342   data arrival time

                                 25.000000   25.000000   clock clk (rise edge)
                                  0.000000   25.000000   clock source latency
     2    0.019867    0.095149    0.065633   25.065632 ^ clk (in)
                                                         clk (net)
                      0.095166    0.000000   25.065632 ^ clkbuf_0_clk/A (sky130_fd_sc_hd__clkbuf_16)
     8    0.083891    0.100833    0.191418   25.257050 ^ clkbuf_0_clk/X (sky130_fd_sc_hd__clkbuf_16)
                                                         clknet_0_clk (net)
                      0.101003    0.002757   25.259808 ^ clkbuf_3_5__f_clk/A (sky130_fd_sc_hd__clkbuf_16)
    10    0.033671    0.054184    0.157490   25.417297 ^ clkbuf_3_5__f_clk/X (sky130_fd_sc_hd__clkbuf_16)
                                                         clknet_3_5__leaf_clk (net)
                      0.054189    0.000764   25.418062 ^ _447_/CLK (sky130_fd_sc_hd__dfrtp_2)
                                 -0.250000   25.168062   clock uncertainty
                                  0.000000   25.168062   clock reconvergence pessimism
                                  0.195995   25.364058   library recovery time
                                             25.364058   data required time
---------------------------------------------------------------------------------------------
                                             25.364058   data required time
                                             -7.061342   data arrival time
---------------------------------------------------------------------------------------------
                                             18.302717   slack (MET)


Startpoint: en (input port clocked by clk)
Endpoint: _456_ (recovery check against rising-edge clock clk)
Path Group: asynchronous
Path Type: max

Fanout         Cap        Slew       Delay        Time   Description
---------------------------------------------------------------------------------------------
                                  0.000000    0.000000   clock clk (rise edge)
                                  0.000000    0.000000   clock network delay (propagated)
                                  5.000000    5.000000 ^ input external delay
     2    0.004792    0.028385    0.017182    5.017182 ^ en (in)
                                                         en (net)
                      0.028385    0.000000    5.017182 ^ input1/A (sky130_fd_sc_hd__clkdlybuf4s25_1)
     1    0.001930    0.036429    0.230405    5.247587 ^ input1/X (sky130_fd_sc_hd__clkdlybuf4s25_1)
                                                         net1 (net)
                      0.036429    0.000053    5.247640 ^ _229_/B (sky130_fd_sc_hd__and2_2)
     1    0.004185    0.043239    0.132078    5.379719 ^ _229_/X (sky130_fd_sc_hd__and2_2)
                                                         TOP.n_rst (net)
                      0.043246    0.000110    5.379828 ^ fanout51/A (sky130_fd_sc_hd__clkdlybuf4s25_1)
     5    0.026321    0.268696    0.404426    5.784254 ^ fanout51/X (sky130_fd_sc_hd__clkdlybuf4s25_1)
                                                         net51 (net)
                      0.268696    0.000868    5.785122 ^ fanout47/A (sky130_fd_sc_hd__clkdlybuf4s25_1)
     8    0.038946    0.391833    0.552815    6.337937 ^ fanout47/X (sky130_fd_sc_hd__clkdlybuf4s25_1)
                                                         net47 (net)
                      0.391834    0.001489    6.339427 ^ fanout45/A (sky130_fd_sc_hd__clkdlybuf4s25_1)
     6    0.026582    0.271267    0.487287    6.826713 ^ fanout45/X (sky130_fd_sc_hd__clkdlybuf4s25_1)
                                                         net45 (net)
                      0.271267    0.000492    6.827205 ^ load_slew46/A (sky130_fd_sc_hd__clkbuf_2)
     5    0.023119    0.132300    0.233717    7.060922 ^ load_slew46/X (sky130_fd_sc_hd__clkbuf_2)
                                                         net46 (net)
                      0.132301    0.000635    7.061557 ^ _456_/RESET_B (sky130_fd_sc_hd__dfrtp_2)
                                              7.061557   data arrival time

                                 25.000000   25.000000   clock clk (rise edge)
                                  0.000000   25.000000   clock source latency
     2    0.019867    0.095149    0.065633   25.065632 ^ clk (in)
                                                         clk (net)
                      0.095166    0.000000   25.065632 ^ clkbuf_0_clk/A (sky130_fd_sc_hd__clkbuf_16)
     8    0.083891    0.100833    0.191418   25.257050 ^ clkbuf_0_clk/X (sky130_fd_sc_hd__clkbuf_16)
                                                         clknet_0_clk (net)
                      0.101003    0.002757   25.259808 ^ clkbuf_3_5__f_clk/A (sky130_fd_sc_hd__clkbuf_16)
    10    0.033671    0.054184    0.157490   25.417297 ^ clkbuf_3_5__f_clk/X (sky130_fd_sc_hd__clkbuf_16)
                                                         clknet_3_5__leaf_clk (net)
                      0.054209    0.001107   25.418404 ^ _456_/CLK (sky130_fd_sc_hd__dfrtp_2)
                                 -0.250000   25.168406   clock uncertainty
                                  0.000000   25.168406   clock reconvergence pessimism
                                  0.196001   25.364407   library recovery time
                                             25.364407   data required time
---------------------------------------------------------------------------------------------
                                             25.364407   data required time
                                             -7.061557   data arrival time
---------------------------------------------------------------------------------------------
                                             18.302849   slack (MET)


Startpoint: en (input port clocked by clk)
Endpoint: _431_ (recovery check against rising-edge clock clk)
Path Group: asynchronous
Path Type: max

Fanout         Cap        Slew       Delay        Time   Description
---------------------------------------------------------------------------------------------
                                  0.000000    0.000000   clock clk (rise edge)
                                  0.000000    0.000000   clock network delay (propagated)
                                  5.000000    5.000000 ^ input external delay
     2    0.004792    0.028385    0.017182    5.017182 ^ en (in)
                                                         en (net)
                      0.028385    0.000000    5.017182 ^ input1/A (sky130_fd_sc_hd__clkdlybuf4s25_1)
     1    0.001930    0.036429    0.230405    5.247587 ^ input1/X (sky130_fd_sc_hd__clkdlybuf4s25_1)
                                                         net1 (net)
                      0.036429    0.000053    5.247640 ^ _229_/B (sky130_fd_sc_hd__and2_2)
     1    0.004185    0.043239    0.132078    5.379719 ^ _229_/X (sky130_fd_sc_hd__and2_2)
                                                         TOP.n_rst (net)
                      0.043246    0.000110    5.379828 ^ fanout51/A (sky130_fd_sc_hd__clkdlybuf4s25_1)
     5    0.026321    0.268696    0.404426    5.784254 ^ fanout51/X (sky130_fd_sc_hd__clkdlybuf4s25_1)
                                                         net51 (net)
                      0.268696    0.000752    5.785006 ^ fanout50/A (sky130_fd_sc_hd__clkdlybuf4s25_1)
     9    0.044441    0.445456    0.589911    6.374917 ^ fanout50/X (sky130_fd_sc_hd__clkdlybuf4s25_1)
                                                         net50 (net)
                      0.445456    0.000733    6.375650 ^ fanout48/A (sky130_fd_sc_hd__clkdlybuf4s25_1)
     4    0.017675    0.184874    0.433988    6.809639 ^ fanout48/X (sky130_fd_sc_hd__clkdlybuf4s25_1)
                                                         net48 (net)
                      0.184874    0.000208    6.809846 ^ load_slew49/A (sky130_fd_sc_hd__buf_4)
     7    0.031854    0.097082    0.196390    7.006237 ^ load_slew49/X (sky130_fd_sc_hd__buf_4)
                                                         net49 (net)
                      0.097091    0.001006    7.007243 ^ _431_/RESET_B (sky130_fd_sc_hd__dfrtp_2)
                                              7.007243   data arrival time

                                 25.000000   25.000000   clock clk (rise edge)
                                  0.000000   25.000000   clock source latency
     2    0.019867    0.095149    0.065633   25.065632 ^ clk (in)
                                                         clk (net)
                      0.095166    0.000000   25.065632 ^ clkbuf_0_clk/A (sky130_fd_sc_hd__clkbuf_16)
     8    0.083891    0.100833    0.191418   25.257050 ^ clkbuf_0_clk/X (sky130_fd_sc_hd__clkbuf_16)
                                                         clknet_0_clk (net)
                      0.100933    0.001741   25.258791 ^ clkbuf_3_6__f_clk/A (sky130_fd_sc_hd__clkbuf_16)
    10    0.030024    0.051105    0.154925   25.413715 ^ clkbuf_3_6__f_clk/X (sky130_fd_sc_hd__clkbuf_16)
                                                         clknet_3_6__leaf_clk (net)
                      0.051105    0.000227   25.413944 ^ _431_/CLK (sky130_fd_sc_hd__dfrtp_2)
                                 -0.250000   25.163944   clock uncertainty
                                  0.000000   25.163944   clock reconvergence pessimism
                                  0.205530   25.369474   library recovery time
                                             25.369474   data required time
---------------------------------------------------------------------------------------------
                                             25.369474   data required time
                                             -7.007243   data arrival time
---------------------------------------------------------------------------------------------
                                             18.362232   slack (MET)


Startpoint: en (input port clocked by clk)
Endpoint: _420_ (recovery check against rising-edge clock clk)
Path Group: asynchronous
Path Type: max

Fanout         Cap        Slew       Delay        Time   Description
---------------------------------------------------------------------------------------------
                                  0.000000    0.000000   clock clk (rise edge)
                                  0.000000    0.000000   clock network delay (propagated)
                                  5.000000    5.000000 ^ input external delay
     2    0.004792    0.028385    0.017182    5.017182 ^ en (in)
                                                         en (net)
                      0.028385    0.000000    5.017182 ^ input1/A (sky130_fd_sc_hd__clkdlybuf4s25_1)
     1    0.001930    0.036429    0.230405    5.247587 ^ input1/X (sky130_fd_sc_hd__clkdlybuf4s25_1)
                                                         net1 (net)
                      0.036429    0.000053    5.247640 ^ _229_/B (sky130_fd_sc_hd__and2_2)
     1    0.004185    0.043239    0.132078    5.379719 ^ _229_/X (sky130_fd_sc_hd__and2_2)
                                                         TOP.n_rst (net)
                      0.043246    0.000110    5.379828 ^ fanout51/A (sky130_fd_sc_hd__clkdlybuf4s25_1)
     5    0.026321    0.268696    0.404426    5.784254 ^ fanout51/X (sky130_fd_sc_hd__clkdlybuf4s25_1)
                                                         net51 (net)
                      0.268696    0.000752    5.785006 ^ fanout50/A (sky130_fd_sc_hd__clkdlybuf4s25_1)
     9    0.044441    0.445456    0.589911    6.374917 ^ fanout50/X (sky130_fd_sc_hd__clkdlybuf4s25_1)
                                                         net50 (net)
                      0.445456    0.000733    6.375650 ^ fanout48/A (sky130_fd_sc_hd__clkdlybuf4s25_1)
     4    0.017675    0.184874    0.433988    6.809639 ^ fanout48/X (sky130_fd_sc_hd__clkdlybuf4s25_1)
                                                         net48 (net)
                      0.184874    0.000208    6.809846 ^ load_slew49/A (sky130_fd_sc_hd__buf_4)
     7    0.031854    0.097082    0.196390    7.006237 ^ load_slew49/X (sky130_fd_sc_hd__buf_4)
                                                         net49 (net)
                      0.097090    0.000941    7.007178 ^ _420_/RESET_B (sky130_fd_sc_hd__dfrtp_2)
                                              7.007178   data arrival time

                                 25.000000   25.000000   clock clk (rise edge)
                                  0.000000   25.000000   clock source latency
     2    0.019867    0.095149    0.065633   25.065632 ^ clk (in)
                                                         clk (net)
                      0.095166    0.000000   25.065632 ^ clkbuf_0_clk/A (sky130_fd_sc_hd__clkbuf_16)
     8    0.083891    0.100833    0.191418   25.257050 ^ clkbuf_0_clk/X (sky130_fd_sc_hd__clkbuf_16)
                                                         clknet_0_clk (net)
                      0.100933    0.001741   25.258791 ^ clkbuf_3_6__f_clk/A (sky130_fd_sc_hd__clkbuf_16)
    10    0.030024    0.051105    0.154925   25.413715 ^ clkbuf_3_6__f_clk/X (sky130_fd_sc_hd__clkbuf_16)
                                                         clknet_3_6__leaf_clk (net)
                      0.051105    0.000211   25.413927 ^ _420_/CLK (sky130_fd_sc_hd__dfrtp_2)
                                 -0.250000   25.163929   clock uncertainty
                                  0.000000   25.163929   clock reconvergence pessimism
                                  0.205531   25.369459   library recovery time
                                             25.369459   data required time
---------------------------------------------------------------------------------------------
                                             25.369459   data required time
                                             -7.007178   data arrival time
---------------------------------------------------------------------------------------------
                                             18.362280   slack (MET)


Startpoint: en (input port clocked by clk)
Endpoint: _444_ (recovery check against rising-edge clock clk)
Path Group: asynchronous
Path Type: max

Fanout         Cap        Slew       Delay        Time   Description
---------------------------------------------------------------------------------------------
                                  0.000000    0.000000   clock clk (rise edge)
                                  0.000000    0.000000   clock network delay (propagated)
                                  5.000000    5.000000 ^ input external delay
     2    0.004792    0.028385    0.017182    5.017182 ^ en (in)
                                                         en (net)
                      0.028385    0.000000    5.017182 ^ input1/A (sky130_fd_sc_hd__clkdlybuf4s25_1)
     1    0.001930    0.036429    0.230405    5.247587 ^ input1/X (sky130_fd_sc_hd__clkdlybuf4s25_1)
                                                         net1 (net)
                      0.036429    0.000053    5.247640 ^ _229_/B (sky130_fd_sc_hd__and2_2)
     1    0.004185    0.043239    0.132078    5.379719 ^ _229_/X (sky130_fd_sc_hd__and2_2)
                                                         TOP.n_rst (net)
                      0.043246    0.000110    5.379828 ^ fanout51/A (sky130_fd_sc_hd__clkdlybuf4s25_1)
     5    0.026321    0.268696    0.404426    5.784254 ^ fanout51/X (sky130_fd_sc_hd__clkdlybuf4s25_1)
                                                         net51 (net)
                      0.268696    0.000752    5.785006 ^ fanout50/A (sky130_fd_sc_hd__clkdlybuf4s25_1)
     9    0.044441    0.445456    0.589911    6.374917 ^ fanout50/X (sky130_fd_sc_hd__clkdlybuf4s25_1)
                                                         net50 (net)
                      0.445456    0.000733    6.375650 ^ fanout48/A (sky130_fd_sc_hd__clkdlybuf4s25_1)
     4    0.017675    0.184874    0.433988    6.809639 ^ fanout48/X (sky130_fd_sc_hd__clkdlybuf4s25_1)
                                                         net48 (net)
                      0.184874    0.000208    6.809846 ^ load_slew49/A (sky130_fd_sc_hd__buf_4)
     7    0.031854    0.097082    0.196390    7.006237 ^ load_slew49/X (sky130_fd_sc_hd__buf_4)
                                                         net49 (net)
                      0.097085    0.000681    7.006917 ^ _444_/RESET_B (sky130_fd_sc_hd__dfrtp_2)
                                              7.006917   data arrival time

                                 25.000000   25.000000   clock clk (rise edge)
                                  0.000000   25.000000   clock source latency
     2    0.019867    0.095149    0.065633   25.065632 ^ clk (in)
                                                         clk (net)
                      0.095166    0.000000   25.065632 ^ clkbuf_0_clk/A (sky130_fd_sc_hd__clkbuf_16)
     8    0.083891    0.100833    0.191418   25.257050 ^ clkbuf_0_clk/X (sky130_fd_sc_hd__clkbuf_16)
                                                         clknet_0_clk (net)
                      0.100933    0.001741   25.258791 ^ clkbuf_3_6__f_clk/A (sky130_fd_sc_hd__clkbuf_16)
    10    0.030024    0.051105    0.154925   25.413715 ^ clkbuf_3_6__f_clk/X (sky130_fd_sc_hd__clkbuf_16)
                                                         clknet_3_6__leaf_clk (net)
                      0.051105    0.000192   25.413908 ^ _444_/CLK (sky130_fd_sc_hd__dfrtp_2)
                                 -0.250000   25.163910   clock uncertainty
                                  0.000000   25.163910   clock reconvergence pessimism
                                  0.205532   25.369440   library recovery time
                                             25.369440   data required time
---------------------------------------------------------------------------------------------
                                             25.369440   data required time
                                             -7.006917   data arrival time
---------------------------------------------------------------------------------------------
                                             18.362522   slack (MET)


Startpoint: en (input port clocked by clk)
Endpoint: _449_ (recovery check against rising-edge clock clk)
Path Group: asynchronous
Path Type: max

Fanout         Cap        Slew       Delay        Time   Description
---------------------------------------------------------------------------------------------
                                  0.000000    0.000000   clock clk (rise edge)
                                  0.000000    0.000000   clock network delay (propagated)
                                  5.000000    5.000000 ^ input external delay
     2    0.004792    0.028385    0.017182    5.017182 ^ en (in)
                                                         en (net)
                      0.028385    0.000000    5.017182 ^ input1/A (sky130_fd_sc_hd__clkdlybuf4s25_1)
     1    0.001930    0.036429    0.230405    5.247587 ^ input1/X (sky130_fd_sc_hd__clkdlybuf4s25_1)
                                                         net1 (net)
                      0.036429    0.000053    5.247640 ^ _229_/B (sky130_fd_sc_hd__and2_2)
     1    0.004185    0.043239    0.132078    5.379719 ^ _229_/X (sky130_fd_sc_hd__and2_2)
                                                         TOP.n_rst (net)
                      0.043246    0.000110    5.379828 ^ fanout51/A (sky130_fd_sc_hd__clkdlybuf4s25_1)
     5    0.026321    0.268696    0.404426    5.784254 ^ fanout51/X (sky130_fd_sc_hd__clkdlybuf4s25_1)
                                                         net51 (net)
                      0.268696    0.000752    5.785006 ^ fanout50/A (sky130_fd_sc_hd__clkdlybuf4s25_1)
     9    0.044441    0.445456    0.589911    6.374917 ^ fanout50/X (sky130_fd_sc_hd__clkdlybuf4s25_1)
                                                         net50 (net)
                      0.445456    0.000733    6.375650 ^ fanout48/A (sky130_fd_sc_hd__clkdlybuf4s25_1)
     4    0.017675    0.184874    0.433988    6.809639 ^ fanout48/X (sky130_fd_sc_hd__clkdlybuf4s25_1)
                                                         net48 (net)
                      0.184874    0.000208    6.809846 ^ load_slew49/A (sky130_fd_sc_hd__buf_4)
     7    0.031854    0.097082    0.196390    7.006237 ^ load_slew49/X (sky130_fd_sc_hd__buf_4)
                                                         net49 (net)
                      0.097092    0.001014    7.007250 ^ _449_/RESET_B (sky130_fd_sc_hd__dfrtp_2)
                                              7.007250   data arrival time

                                 25.000000   25.000000   clock clk (rise edge)
                                  0.000000   25.000000   clock source latency
     2    0.019867    0.095149    0.065633   25.065632 ^ clk (in)
                                                         clk (net)
                      0.095166    0.000000   25.065632 ^ clkbuf_0_clk/A (sky130_fd_sc_hd__clkbuf_16)
     8    0.083891    0.100833    0.191418   25.257050 ^ clkbuf_0_clk/X (sky130_fd_sc_hd__clkbuf_16)
                                                         clknet_0_clk (net)
                      0.100933    0.001741   25.258791 ^ clkbuf_3_6__f_clk/A (sky130_fd_sc_hd__clkbuf_16)
    10    0.030024    0.051105    0.154925   25.413715 ^ clkbuf_3_6__f_clk/X (sky130_fd_sc_hd__clkbuf_16)
                                                         clknet_3_6__leaf_clk (net)
                      0.051107    0.000602   25.414318 ^ _449_/CLK (sky130_fd_sc_hd__dfrtp_2)
                                 -0.250000   25.164320   clock uncertainty
                                  0.000000   25.164320   clock reconvergence pessimism
                                  0.205531   25.369848   library recovery time
                                             25.369848   data required time
---------------------------------------------------------------------------------------------
                                             25.369848   data required time
                                             -7.007250   data arrival time
---------------------------------------------------------------------------------------------
                                             18.362598   slack (MET)


Startpoint: en (input port clocked by clk)
Endpoint: _448_ (recovery check against rising-edge clock clk)
Path Group: asynchronous
Path Type: max

Fanout         Cap        Slew       Delay        Time   Description
---------------------------------------------------------------------------------------------
                                  0.000000    0.000000   clock clk (rise edge)
                                  0.000000    0.000000   clock network delay (propagated)
                                  5.000000    5.000000 ^ input external delay
     2    0.004792    0.028385    0.017182    5.017182 ^ en (in)
                                                         en (net)
                      0.028385    0.000000    5.017182 ^ input1/A (sky130_fd_sc_hd__clkdlybuf4s25_1)
     1    0.001930    0.036429    0.230405    5.247587 ^ input1/X (sky130_fd_sc_hd__clkdlybuf4s25_1)
                                                         net1 (net)
                      0.036429    0.000053    5.247640 ^ _229_/B (sky130_fd_sc_hd__and2_2)
     1    0.004185    0.043239    0.132078    5.379719 ^ _229_/X (sky130_fd_sc_hd__and2_2)
                                                         TOP.n_rst (net)
                      0.043246    0.000110    5.379828 ^ fanout51/A (sky130_fd_sc_hd__clkdlybuf4s25_1)
     5    0.026321    0.268696    0.404426    5.784254 ^ fanout51/X (sky130_fd_sc_hd__clkdlybuf4s25_1)
                                                         net51 (net)
                      0.268696    0.000752    5.785006 ^ fanout50/A (sky130_fd_sc_hd__clkdlybuf4s25_1)
     9    0.044441    0.445456    0.589911    6.374917 ^ fanout50/X (sky130_fd_sc_hd__clkdlybuf4s25_1)
                                                         net50 (net)
                      0.445456    0.000733    6.375650 ^ fanout48/A (sky130_fd_sc_hd__clkdlybuf4s25_1)
     4    0.017675    0.184874    0.433988    6.809639 ^ fanout48/X (sky130_fd_sc_hd__clkdlybuf4s25_1)
                                                         net48 (net)
                      0.184874    0.000208    6.809846 ^ load_slew49/A (sky130_fd_sc_hd__buf_4)
     7    0.031854    0.097082    0.196390    7.006237 ^ load_slew49/X (sky130_fd_sc_hd__buf_4)
                                                         net49 (net)
                      0.097095    0.001140    7.007376 ^ _448_/RESET_B (sky130_fd_sc_hd__dfrtp_2)
                                              7.007376   data arrival time

                                 25.000000   25.000000   clock clk (rise edge)
                                  0.000000   25.000000   clock source latency
     2    0.019867    0.095149    0.065633   25.065632 ^ clk (in)
                                                         clk (net)
                      0.095166    0.000000   25.065632 ^ clkbuf_0_clk/A (sky130_fd_sc_hd__clkbuf_16)
     8    0.083891    0.100833    0.191418   25.257050 ^ clkbuf_0_clk/X (sky130_fd_sc_hd__clkbuf_16)
                                                         clknet_0_clk (net)
                      0.100933    0.001741   25.258791 ^ clkbuf_3_6__f_clk/A (sky130_fd_sc_hd__clkbuf_16)
    10    0.030024    0.051105    0.154925   25.413715 ^ clkbuf_3_6__f_clk/X (sky130_fd_sc_hd__clkbuf_16)
                                                         clknet_3_6__leaf_clk (net)
                      0.051108    0.000771   25.414488 ^ _448_/CLK (sky130_fd_sc_hd__dfrtp_2)
                                 -0.250000   25.164488   clock uncertainty
                                  0.000000   25.164488   clock reconvergence pessimism
                                  0.205530   25.370018   library recovery time
                                             25.370018   data required time
---------------------------------------------------------------------------------------------
                                             25.370018   data required time
                                             -7.007376   data arrival time
---------------------------------------------------------------------------------------------
                                             18.362642   slack (MET)


Startpoint: en (input port clocked by clk)
Endpoint: _415_ (recovery check against rising-edge clock clk)
Path Group: asynchronous
Path Type: max

Fanout         Cap        Slew       Delay        Time   Description
---------------------------------------------------------------------------------------------
                                  0.000000    0.000000   clock clk (rise edge)
                                  0.000000    0.000000   clock network delay (propagated)
                                  5.000000    5.000000 ^ input external delay
     2    0.004792    0.028385    0.017182    5.017182 ^ en (in)
                                                         en (net)
                      0.028385    0.000000    5.017182 ^ input1/A (sky130_fd_sc_hd__clkdlybuf4s25_1)
     1    0.001930    0.036429    0.230405    5.247587 ^ input1/X (sky130_fd_sc_hd__clkdlybuf4s25_1)
                                                         net1 (net)
                      0.036429    0.000053    5.247640 ^ _229_/B (sky130_fd_sc_hd__and2_2)
     1    0.004185    0.043239    0.132078    5.379719 ^ _229_/X (sky130_fd_sc_hd__and2_2)
                                                         TOP.n_rst (net)
                      0.043246    0.000110    5.379828 ^ fanout51/A (sky130_fd_sc_hd__clkdlybuf4s25_1)
     5    0.026321    0.268696    0.404426    5.784254 ^ fanout51/X (sky130_fd_sc_hd__clkdlybuf4s25_1)
                                                         net51 (net)
                      0.268696    0.000752    5.785006 ^ fanout50/A (sky130_fd_sc_hd__clkdlybuf4s25_1)
     9    0.044441    0.445456    0.589911    6.374917 ^ fanout50/X (sky130_fd_sc_hd__clkdlybuf4s25_1)
                                                         net50 (net)
                      0.445456    0.000733    6.375650 ^ fanout48/A (sky130_fd_sc_hd__clkdlybuf4s25_1)
     4    0.017675    0.184874    0.433988    6.809639 ^ fanout48/X (sky130_fd_sc_hd__clkdlybuf4s25_1)
                                                         net48 (net)
                      0.184874    0.000208    6.809846 ^ load_slew49/A (sky130_fd_sc_hd__buf_4)
     7    0.031854    0.097082    0.196390    7.006237 ^ load_slew49/X (sky130_fd_sc_hd__buf_4)
                                                         net49 (net)
                      0.097094    0.001105    7.007342 ^ _415_/RESET_B (sky130_fd_sc_hd__dfrtp_2)
                                              7.007342   data arrival time

                                 25.000000   25.000000   clock clk (rise edge)
                                  0.000000   25.000000   clock source latency
     2    0.019867    0.095149    0.065633   25.065632 ^ clk (in)
                                                         clk (net)
                      0.095166    0.000000   25.065632 ^ clkbuf_0_clk/A (sky130_fd_sc_hd__clkbuf_16)
     8    0.083891    0.100833    0.191418   25.257050 ^ clkbuf_0_clk/X (sky130_fd_sc_hd__clkbuf_16)
                                                         clknet_0_clk (net)
                      0.100933    0.001741   25.258791 ^ clkbuf_3_6__f_clk/A (sky130_fd_sc_hd__clkbuf_16)
    10    0.030024    0.051105    0.154925   25.413715 ^ clkbuf_3_6__f_clk/X (sky130_fd_sc_hd__clkbuf_16)
                                                         clknet_3_6__leaf_clk (net)
                      0.051108    0.000773   25.414490 ^ _415_/CLK (sky130_fd_sc_hd__dfrtp_2)
                                 -0.250000   25.164490   clock uncertainty
                                  0.000000   25.164490   clock reconvergence pessimism
                                  0.205530   25.370020   library recovery time
                                             25.370020   data required time
---------------------------------------------------------------------------------------------
                                             25.370020   data required time
                                             -7.007342   data arrival time
---------------------------------------------------------------------------------------------
                                             18.362677   slack (MET)


Startpoint: en (input port clocked by clk)
Endpoint: _467_ (recovery check against rising-edge clock clk)
Path Group: asynchronous
Path Type: max

Fanout         Cap        Slew       Delay        Time   Description
---------------------------------------------------------------------------------------------
                                  0.000000    0.000000   clock clk (rise edge)
                                  0.000000    0.000000   clock network delay (propagated)
                                  5.000000    5.000000 ^ input external delay
     2    0.004792    0.028385    0.017182    5.017182 ^ en (in)
                                                         en (net)
                      0.028385    0.000000    5.017182 ^ input1/A (sky130_fd_sc_hd__clkdlybuf4s25_1)
     1    0.001930    0.036429    0.230405    5.247587 ^ input1/X (sky130_fd_sc_hd__clkdlybuf4s25_1)
                                                         net1 (net)
                      0.036429    0.000053    5.247640 ^ _229_/B (sky130_fd_sc_hd__and2_2)
     1    0.004185    0.043239    0.132078    5.379719 ^ _229_/X (sky130_fd_sc_hd__and2_2)
                                                         TOP.n_rst (net)
                      0.043246    0.000110    5.379828 ^ fanout51/A (sky130_fd_sc_hd__clkdlybuf4s25_1)
     5    0.026321    0.268696    0.404426    5.784254 ^ fanout51/X (sky130_fd_sc_hd__clkdlybuf4s25_1)
                                                         net51 (net)
                      0.268696    0.000752    5.785006 ^ fanout50/A (sky130_fd_sc_hd__clkdlybuf4s25_1)
     9    0.044441    0.445456    0.589911    6.374917 ^ fanout50/X (sky130_fd_sc_hd__clkdlybuf4s25_1)
                                                         net50 (net)
                      0.445456    0.000733    6.375650 ^ fanout48/A (sky130_fd_sc_hd__clkdlybuf4s25_1)
     4    0.017675    0.184874    0.433988    6.809639 ^ fanout48/X (sky130_fd_sc_hd__clkdlybuf4s25_1)
                                                         net48 (net)
                      0.184874    0.000208    6.809846 ^ load_slew49/A (sky130_fd_sc_hd__buf_4)
     7    0.031854    0.097082    0.196390    7.006237 ^ load_slew49/X (sky130_fd_sc_hd__buf_4)
                                                         net49 (net)
                      0.097083    0.000483    7.006720 ^ _467_/RESET_B (sky130_fd_sc_hd__dfrtp_2)
                                              7.006720   data arrival time

                                 25.000000   25.000000   clock clk (rise edge)
                                  0.000000   25.000000   clock source latency
     2    0.019867    0.095149    0.065633   25.065632 ^ clk (in)
                                                         clk (net)
                      0.095166    0.000000   25.065632 ^ clkbuf_0_clk/A (sky130_fd_sc_hd__clkbuf_16)
     8    0.083891    0.100833    0.191418   25.257050 ^ clkbuf_0_clk/X (sky130_fd_sc_hd__clkbuf_16)
                                                         clknet_0_clk (net)
                      0.101134    0.003997   25.261047 ^ clkbuf_3_3__f_clk/A (sky130_fd_sc_hd__clkbuf_16)
    10    0.029890    0.050956    0.154790   25.415836 ^ clkbuf_3_3__f_clk/X (sky130_fd_sc_hd__clkbuf_16)
                                                         clknet_3_3__leaf_clk (net)
                      0.050958    0.000504   25.416342 ^ _467_/CLK (sky130_fd_sc_hd__dfrtp_2)
                                 -0.250000   25.166342   clock uncertainty
                                  0.000000   25.166342   clock reconvergence pessimism
                                  0.205487   25.371830   library recovery time
                                             25.371830   data required time
---------------------------------------------------------------------------------------------
                                             25.371830   data required time
                                             -7.006720   data arrival time
---------------------------------------------------------------------------------------------
                                             18.365110   slack (MET)


Startpoint: _449_ (rising edge-triggered flip-flop clocked by clk)
Endpoint: gpio_out[19] (output port clocked by clk)
Path Group: clk
Path Type: max

Fanout         Cap        Slew       Delay        Time   Description
---------------------------------------------------------------------------------------------
                                  0.000000    0.000000   clock clk (rise edge)
                                  0.000000    0.000000   clock source latency
     2    0.019867    0.095149    0.065634    0.065634 ^ clk (in)
                                                         clk (net)
                      0.095166    0.000000    0.065634 ^ clkbuf_0_clk/A (sky130_fd_sc_hd__clkbuf_16)
     8    0.083891    0.100833    0.191418    0.257052 ^ clkbuf_0_clk/X (sky130_fd_sc_hd__clkbuf_16)
                                                         clknet_0_clk (net)
                      0.100933    0.001741    0.258792 ^ clkbuf_3_6__f_clk/A (sky130_fd_sc_hd__clkbuf_16)
    10    0.030024    0.051105    0.154925    0.413718 ^ clkbuf_3_6__f_clk/X (sky130_fd_sc_hd__clkbuf_16)
                                                         clknet_3_6__leaf_clk (net)
                      0.051107    0.000602    0.414320 ^ _449_/CLK (sky130_fd_sc_hd__dfrtp_2)
     8    0.037992    0.187803    0.463422    0.877742 ^ _449_/Q (sky130_fd_sc_hd__dfrtp_2)
                                                         net15 (net)
                      0.187829    0.002276    0.880017 ^ output15/A (sky130_fd_sc_hd__clkdlybuf4s25_1)
     1    0.034588    0.349593    0.503958    1.383976 ^ output15/X (sky130_fd_sc_hd__clkdlybuf4s25_1)
                                                         gpio_out[19] (net)
                      0.349593    0.000737    1.384713 ^ gpio_out[19] (out)
                                              1.384713   data arrival time

                                 25.000000   25.000000   clock clk (rise edge)
                                  0.000000   25.000000   clock network delay (propagated)
                                 -0.250000   24.750000   clock uncertainty
                                  0.000000   24.750000   clock reconvergence pessimism
                                 -5.000000   19.750000   output external delay
                                             19.750000   data required time
---------------------------------------------------------------------------------------------
                                             19.750000   data required time
                                             -1.384713   data arrival time
---------------------------------------------------------------------------------------------
                                             18.365286   slack (MET)


Startpoint: en (input port clocked by clk)
Endpoint: _432_ (recovery check against rising-edge clock clk)
Path Group: asynchronous
Path Type: max

Fanout         Cap        Slew       Delay        Time   Description
---------------------------------------------------------------------------------------------
                                  0.000000    0.000000   clock clk (rise edge)
                                  0.000000    0.000000   clock network delay (propagated)
                                  5.000000    5.000000 ^ input external delay
     2    0.004792    0.028385    0.017182    5.017182 ^ en (in)
                                                         en (net)
                      0.028385    0.000000    5.017182 ^ input1/A (sky130_fd_sc_hd__clkdlybuf4s25_1)
     1    0.001930    0.036429    0.230405    5.247587 ^ input1/X (sky130_fd_sc_hd__clkdlybuf4s25_1)
                                                         net1 (net)
                      0.036429    0.000053    5.247640 ^ _229_/B (sky130_fd_sc_hd__and2_2)
     1    0.004185    0.043239    0.132078    5.379719 ^ _229_/X (sky130_fd_sc_hd__and2_2)
                                                         TOP.n_rst (net)
                      0.043246    0.000110    5.379828 ^ fanout51/A (sky130_fd_sc_hd__clkdlybuf4s25_1)
     5    0.026321    0.268696    0.404426    5.784254 ^ fanout51/X (sky130_fd_sc_hd__clkdlybuf4s25_1)
                                                         net51 (net)
                      0.268696    0.000868    5.785122 ^ fanout47/A (sky130_fd_sc_hd__clkdlybuf4s25_1)
     8    0.038946    0.391833    0.552815    6.337937 ^ fanout47/X (sky130_fd_sc_hd__clkdlybuf4s25_1)
                                                         net47 (net)
                      0.391834    0.001489    6.339427 ^ fanout45/A (sky130_fd_sc_hd__clkdlybuf4s25_1)
     6    0.026582    0.271267    0.487287    6.826713 ^ fanout45/X (sky130_fd_sc_hd__clkdlybuf4s25_1)
                                                         net45 (net)
                      0.271267    0.000778    6.827492 ^ _432_/SET_B (sky130_fd_sc_hd__dfstp_2)
                                              6.827492   data arrival time

                                 25.000000   25.000000   clock clk (rise edge)
                                  0.000000   25.000000   clock source latency
     2    0.019867    0.095149    0.065633   25.065632 ^ clk (in)
                                                         clk (net)
                      0.095166    0.000000   25.065632 ^ clkbuf_0_clk/A (sky130_fd_sc_hd__clkbuf_16)
     8    0.083891    0.100833    0.191418   25.257050 ^ clkbuf_0_clk/X (sky130_fd_sc_hd__clkbuf_16)
                                                         clknet_0_clk (net)
                      0.101003    0.002757   25.259808 ^ clkbuf_3_5__f_clk/A (sky130_fd_sc_hd__clkbuf_16)
    10    0.033671    0.054184    0.157490   25.417297 ^ clkbuf_3_5__f_clk/X (sky130_fd_sc_hd__clkbuf_16)
                                                         clknet_3_5__leaf_clk (net)
                      0.054212    0.001158   25.418455 ^ _432_/CLK (sky130_fd_sc_hd__dfstp_2)
                                 -0.250000   25.168457   clock uncertainty
                                  0.000000   25.168457   clock reconvergence pessimism
                                  0.116514   25.284969   library recovery time
                                             25.284969   data required time
---------------------------------------------------------------------------------------------
                                             25.284969   data required time
                                             -6.827492   data arrival time
---------------------------------------------------------------------------------------------
                                             18.457478   slack (MET)


Startpoint: en (input port clocked by clk)
Endpoint: _478_ (recovery check against rising-edge clock clk)
Path Group: asynchronous
Path Type: max

Fanout         Cap        Slew       Delay        Time   Description
---------------------------------------------------------------------------------------------
                                  0.000000    0.000000   clock clk (rise edge)
                                  0.000000    0.000000   clock network delay (propagated)
                                  5.000000    5.000000 ^ input external delay
     2    0.004792    0.028385    0.017182    5.017182 ^ en (in)
                                                         en (net)
                      0.028385    0.000000    5.017182 ^ input1/A (sky130_fd_sc_hd__clkdlybuf4s25_1)
     1    0.001930    0.036429    0.230405    5.247587 ^ input1/X (sky130_fd_sc_hd__clkdlybuf4s25_1)
                                                         net1 (net)
                      0.036429    0.000053    5.247640 ^ _229_/B (sky130_fd_sc_hd__and2_2)
     1    0.004185    0.043239    0.132078    5.379719 ^ _229_/X (sky130_fd_sc_hd__and2_2)
                                                         TOP.n_rst (net)
                      0.043246    0.000110    5.379828 ^ fanout51/A (sky130_fd_sc_hd__clkdlybuf4s25_1)
     5    0.026321    0.268696    0.404426    5.784254 ^ fanout51/X (sky130_fd_sc_hd__clkdlybuf4s25_1)
                                                         net51 (net)
                      0.268696    0.000211    5.784465 ^ fanout40/A (sky130_fd_sc_hd__clkdlybuf4s25_1)
     5    0.024463    0.250878    0.453961    6.238426 ^ fanout40/X (sky130_fd_sc_hd__clkdlybuf4s25_1)
                                                         net40 (net)
                      0.250878    0.000919    6.239345 ^ fanout37/A (sky130_fd_sc_hd__clkdlybuf4s25_1)
     5    0.020236    0.209870    0.421164    6.660509 ^ fanout37/X (sky130_fd_sc_hd__clkdlybuf4s25_1)
                                                         net37 (net)
                      0.209870    0.000435    6.660944 ^ load_slew38/A (sky130_fd_sc_hd__clkbuf_2)
     6    0.026606    0.149804    0.230172    6.891116 ^ load_slew38/X (sky130_fd_sc_hd__clkbuf_2)
                                                         net38 (net)
                      0.149804    0.000684    6.891800 ^ _478_/RESET_B (sky130_fd_sc_hd__dfrtp_2)
                                              6.891800   data arrival time

                                 25.000000   25.000000   clock clk (rise edge)
                                  0.000000   25.000000   clock source latency
     2    0.019867    0.095149    0.065633   25.065632 ^ clk (in)
                                                         clk (net)
                      0.095166    0.000000   25.065632 ^ clkbuf_0_clk/A (sky130_fd_sc_hd__clkbuf_16)
     8    0.083891    0.100833    0.191418   25.257050 ^ clkbuf_0_clk/X (sky130_fd_sc_hd__clkbuf_16)
                                                         clknet_0_clk (net)
                      0.101100    0.003725   25.260775 ^ clkbuf_3_0__f_clk/A (sky130_fd_sc_hd__clkbuf_16)
    10    0.031133    0.052041    0.155755   25.416531 ^ clkbuf_3_0__f_clk/X (sky130_fd_sc_hd__clkbuf_16)
                                                         clknet_3_0__leaf_clk (net)
                      0.052045    0.000838   25.417368 ^ _478_/CLK (sky130_fd_sc_hd__dfrtp_2)
                                 -0.250000   25.167370   clock uncertainty
                                  0.000000   25.167370   clock reconvergence pessimism
                                  0.190111   25.357481   library recovery time
                                             25.357481   data required time
---------------------------------------------------------------------------------------------
                                             25.357481   data required time
                                             -6.891800   data arrival time
---------------------------------------------------------------------------------------------
                                             18.465681   slack (MET)


Startpoint: en (input port clocked by clk)
Endpoint: _482_ (recovery check against rising-edge clock clk)
Path Group: asynchronous
Path Type: max

Fanout         Cap        Slew       Delay        Time   Description
---------------------------------------------------------------------------------------------
                                  0.000000    0.000000   clock clk (rise edge)
                                  0.000000    0.000000   clock network delay (propagated)
                                  5.000000    5.000000 ^ input external delay
     2    0.004792    0.028385    0.017182    5.017182 ^ en (in)
                                                         en (net)
                      0.028385    0.000000    5.017182 ^ input1/A (sky130_fd_sc_hd__clkdlybuf4s25_1)
     1    0.001930    0.036429    0.230405    5.247587 ^ input1/X (sky130_fd_sc_hd__clkdlybuf4s25_1)
                                                         net1 (net)
                      0.036429    0.000053    5.247640 ^ _229_/B (sky130_fd_sc_hd__and2_2)
     1    0.004185    0.043239    0.132078    5.379719 ^ _229_/X (sky130_fd_sc_hd__and2_2)
                                                         TOP.n_rst (net)
                      0.043246    0.000110    5.379828 ^ fanout51/A (sky130_fd_sc_hd__clkdlybuf4s25_1)
     5    0.026321    0.268696    0.404426    5.784254 ^ fanout51/X (sky130_fd_sc_hd__clkdlybuf4s25_1)
                                                         net51 (net)
                      0.268696    0.000211    5.784465 ^ fanout40/A (sky130_fd_sc_hd__clkdlybuf4s25_1)
     5    0.024463    0.250878    0.453961    6.238426 ^ fanout40/X (sky130_fd_sc_hd__clkdlybuf4s25_1)
                                                         net40 (net)
                      0.250878    0.000919    6.239345 ^ fanout37/A (sky130_fd_sc_hd__clkdlybuf4s25_1)
     5    0.020236    0.209870    0.421164    6.660509 ^ fanout37/X (sky130_fd_sc_hd__clkdlybuf4s25_1)
                                                         net37 (net)
                      0.209870    0.000435    6.660944 ^ load_slew38/A (sky130_fd_sc_hd__clkbuf_2)
     6    0.026606    0.149804    0.230172    6.891116 ^ load_slew38/X (sky130_fd_sc_hd__clkbuf_2)
                                                         net38 (net)
                      0.149806    0.000854    6.891970 ^ _482_/RESET_B (sky130_fd_sc_hd__dfrtp_2)
                                              6.891970   data arrival time

                                 25.000000   25.000000   clock clk (rise edge)
                                  0.000000   25.000000   clock source latency
     2    0.019867    0.095149    0.065633   25.065632 ^ clk (in)
                                                         clk (net)
                      0.095166    0.000000   25.065632 ^ clkbuf_0_clk/A (sky130_fd_sc_hd__clkbuf_16)
     8    0.083891    0.100833    0.191418   25.257050 ^ clkbuf_0_clk/X (sky130_fd_sc_hd__clkbuf_16)
                                                         clknet_0_clk (net)
                      0.101087    0.003604   25.260654 ^ clkbuf_3_1__f_clk/A (sky130_fd_sc_hd__clkbuf_16)
    10    0.036358    0.056462    0.159432   25.420086 ^ clkbuf_3_1__f_clk/X (sky130_fd_sc_hd__clkbuf_16)
                                                         clknet_3_1__leaf_clk (net)
                      0.056561    0.001428   25.421515 ^ _482_/CLK (sky130_fd_sc_hd__dfrtp_2)
                                 -0.250000   25.171515   clock uncertainty
                                  0.000000   25.171515   clock reconvergence pessimism
                                  0.191520   25.363035   library recovery time
                                             25.363035   data required time
---------------------------------------------------------------------------------------------
                                             25.363035   data required time
                                             -6.891970   data arrival time
---------------------------------------------------------------------------------------------
                                             18.471066   slack (MET)


Startpoint: en (input port clocked by clk)
Endpoint: _480_ (recovery check against rising-edge clock clk)
Path Group: asynchronous
Path Type: max

Fanout         Cap        Slew       Delay        Time   Description
---------------------------------------------------------------------------------------------
                                  0.000000    0.000000   clock clk (rise edge)
                                  0.000000    0.000000   clock network delay (propagated)
                                  5.000000    5.000000 ^ input external delay
     2    0.004792    0.028385    0.017182    5.017182 ^ en (in)
                                                         en (net)
                      0.028385    0.000000    5.017182 ^ input1/A (sky130_fd_sc_hd__clkdlybuf4s25_1)
     1    0.001930    0.036429    0.230405    5.247587 ^ input1/X (sky130_fd_sc_hd__clkdlybuf4s25_1)
                                                         net1 (net)
                      0.036429    0.000053    5.247640 ^ _229_/B (sky130_fd_sc_hd__and2_2)
     1    0.004185    0.043239    0.132078    5.379719 ^ _229_/X (sky130_fd_sc_hd__and2_2)
                                                         TOP.n_rst (net)
                      0.043246    0.000110    5.379828 ^ fanout51/A (sky130_fd_sc_hd__clkdlybuf4s25_1)
     5    0.026321    0.268696    0.404426    5.784254 ^ fanout51/X (sky130_fd_sc_hd__clkdlybuf4s25_1)
                                                         net51 (net)
                      0.268696    0.000211    5.784465 ^ fanout40/A (sky130_fd_sc_hd__clkdlybuf4s25_1)
     5    0.024463    0.250878    0.453961    6.238426 ^ fanout40/X (sky130_fd_sc_hd__clkdlybuf4s25_1)
                                                         net40 (net)
                      0.250878    0.000919    6.239345 ^ fanout37/A (sky130_fd_sc_hd__clkdlybuf4s25_1)
     5    0.020236    0.209870    0.421164    6.660509 ^ fanout37/X (sky130_fd_sc_hd__clkdlybuf4s25_1)
                                                         net37 (net)
                      0.209870    0.000435    6.660944 ^ load_slew38/A (sky130_fd_sc_hd__clkbuf_2)
     6    0.026606    0.149804    0.230172    6.891116 ^ load_slew38/X (sky130_fd_sc_hd__clkbuf_2)
                                                         net38 (net)
                      0.149805    0.000741    6.891856 ^ _480_/RESET_B (sky130_fd_sc_hd__dfrtp_2)
                                              6.891856   data arrival time

                                 25.000000   25.000000   clock clk (rise edge)
                                  0.000000   25.000000   clock source latency
     2    0.019867    0.095149    0.065633   25.065632 ^ clk (in)
                                                         clk (net)
                      0.095166    0.000000   25.065632 ^ clkbuf_0_clk/A (sky130_fd_sc_hd__clkbuf_16)
     8    0.083891    0.100833    0.191418   25.257050 ^ clkbuf_0_clk/X (sky130_fd_sc_hd__clkbuf_16)
                                                         clknet_0_clk (net)
                      0.101087    0.003604   25.260654 ^ clkbuf_3_1__f_clk/A (sky130_fd_sc_hd__clkbuf_16)
    10    0.036358    0.056462    0.159432   25.420086 ^ clkbuf_3_1__f_clk/X (sky130_fd_sc_hd__clkbuf_16)
                                                         clknet_3_1__leaf_clk (net)
                      0.056556    0.001352   25.421438 ^ _480_/CLK (sky130_fd_sc_hd__dfrtp_2)
                                 -0.250000   25.171438   clock uncertainty
                                  0.000000   25.171438   clock reconvergence pessimism
                                  0.191519   25.362959   library recovery time
                                             25.362959   data required time
---------------------------------------------------------------------------------------------
                                             25.362959   data required time
                                             -6.891856   data arrival time
---------------------------------------------------------------------------------------------
                                             18.471102   slack (MET)


Startpoint: en (input port clocked by clk)
Endpoint: _483_ (recovery check against rising-edge clock clk)
Path Group: asynchronous
Path Type: max

Fanout         Cap        Slew       Delay        Time   Description
---------------------------------------------------------------------------------------------
                                  0.000000    0.000000   clock clk (rise edge)
                                  0.000000    0.000000   clock network delay (propagated)
                                  5.000000    5.000000 ^ input external delay
     2    0.004792    0.028385    0.017182    5.017182 ^ en (in)
                                                         en (net)
                      0.028385    0.000000    5.017182 ^ input1/A (sky130_fd_sc_hd__clkdlybuf4s25_1)
     1    0.001930    0.036429    0.230405    5.247587 ^ input1/X (sky130_fd_sc_hd__clkdlybuf4s25_1)
                                                         net1 (net)
                      0.036429    0.000053    5.247640 ^ _229_/B (sky130_fd_sc_hd__and2_2)
     1    0.004185    0.043239    0.132078    5.379719 ^ _229_/X (sky130_fd_sc_hd__and2_2)
                                                         TOP.n_rst (net)
                      0.043246    0.000110    5.379828 ^ fanout51/A (sky130_fd_sc_hd__clkdlybuf4s25_1)
     5    0.026321    0.268696    0.404426    5.784254 ^ fanout51/X (sky130_fd_sc_hd__clkdlybuf4s25_1)
                                                         net51 (net)
                      0.268696    0.000211    5.784465 ^ fanout40/A (sky130_fd_sc_hd__clkdlybuf4s25_1)
     5    0.024463    0.250878    0.453961    6.238426 ^ fanout40/X (sky130_fd_sc_hd__clkdlybuf4s25_1)
                                                         net40 (net)
                      0.250878    0.000919    6.239345 ^ fanout37/A (sky130_fd_sc_hd__clkdlybuf4s25_1)
     5    0.020236    0.209870    0.421164    6.660509 ^ fanout37/X (sky130_fd_sc_hd__clkdlybuf4s25_1)
                                                         net37 (net)
                      0.209870    0.000435    6.660944 ^ load_slew38/A (sky130_fd_sc_hd__clkbuf_2)
     6    0.026606    0.149804    0.230172    6.891116 ^ load_slew38/X (sky130_fd_sc_hd__clkbuf_2)
                                                         net38 (net)
                      0.149807    0.000902    6.892018 ^ _483_/RESET_B (sky130_fd_sc_hd__dfrtp_2)
                                              6.892018   data arrival time

                                 25.000000   25.000000   clock clk (rise edge)
                                  0.000000   25.000000   clock source latency
     2    0.019867    0.095149    0.065633   25.065632 ^ clk (in)
                                                         clk (net)
                      0.095166    0.000000   25.065632 ^ clkbuf_0_clk/A (sky130_fd_sc_hd__clkbuf_16)
     8    0.083891    0.100833    0.191418   25.257050 ^ clkbuf_0_clk/X (sky130_fd_sc_hd__clkbuf_16)
                                                         clknet_0_clk (net)
                      0.101087    0.003604   25.260654 ^ clkbuf_3_1__f_clk/A (sky130_fd_sc_hd__clkbuf_16)
    10    0.036358    0.056462    0.159432   25.420086 ^ clkbuf_3_1__f_clk/X (sky130_fd_sc_hd__clkbuf_16)
                                                         clknet_3_1__leaf_clk (net)
                      0.056567    0.001499   25.421585 ^ _483_/CLK (sky130_fd_sc_hd__dfrtp_2)
                                 -0.250000   25.171587   clock uncertainty
                                  0.000000   25.171587   clock reconvergence pessimism
                                  0.191522   25.363108   library recovery time
                                             25.363108   data required time
---------------------------------------------------------------------------------------------
                                             25.363108   data required time
                                             -6.892018   data arrival time
---------------------------------------------------------------------------------------------
                                             18.471090   slack (MET)


Startpoint: en (input port clocked by clk)
Endpoint: _484_ (recovery check against rising-edge clock clk)
Path Group: asynchronous
Path Type: max

Fanout         Cap        Slew       Delay        Time   Description
---------------------------------------------------------------------------------------------
                                  0.000000    0.000000   clock clk (rise edge)
                                  0.000000    0.000000   clock network delay (propagated)
                                  5.000000    5.000000 ^ input external delay
     2    0.004792    0.028385    0.017182    5.017182 ^ en (in)
                                                         en (net)
                      0.028385    0.000000    5.017182 ^ input1/A (sky130_fd_sc_hd__clkdlybuf4s25_1)
     1    0.001930    0.036429    0.230405    5.247587 ^ input1/X (sky130_fd_sc_hd__clkdlybuf4s25_1)
                                                         net1 (net)
                      0.036429    0.000053    5.247640 ^ _229_/B (sky130_fd_sc_hd__and2_2)
     1    0.004185    0.043239    0.132078    5.379719 ^ _229_/X (sky130_fd_sc_hd__and2_2)
                                                         TOP.n_rst (net)
                      0.043246    0.000110    5.379828 ^ fanout51/A (sky130_fd_sc_hd__clkdlybuf4s25_1)
     5    0.026321    0.268696    0.404426    5.784254 ^ fanout51/X (sky130_fd_sc_hd__clkdlybuf4s25_1)
                                                         net51 (net)
                      0.268696    0.000211    5.784465 ^ fanout40/A (sky130_fd_sc_hd__clkdlybuf4s25_1)
     5    0.024463    0.250878    0.453961    6.238426 ^ fanout40/X (sky130_fd_sc_hd__clkdlybuf4s25_1)
                                                         net40 (net)
                      0.250878    0.000919    6.239345 ^ fanout37/A (sky130_fd_sc_hd__clkdlybuf4s25_1)
     5    0.020236    0.209870    0.421164    6.660509 ^ fanout37/X (sky130_fd_sc_hd__clkdlybuf4s25_1)
                                                         net37 (net)
                      0.209870    0.000435    6.660944 ^ load_slew38/A (sky130_fd_sc_hd__clkbuf_2)
     6    0.026606    0.149804    0.230172    6.891116 ^ load_slew38/X (sky130_fd_sc_hd__clkbuf_2)
                                                         net38 (net)
                      0.149806    0.000838    6.891953 ^ _484_/RESET_B (sky130_fd_sc_hd__dfrtp_2)
                                              6.891953   data arrival time

                                 25.000000   25.000000   clock clk (rise edge)
                                  0.000000   25.000000   clock source latency
     2    0.019867    0.095149    0.065633   25.065632 ^ clk (in)
                                                         clk (net)
                      0.095166    0.000000   25.065632 ^ clkbuf_0_clk/A (sky130_fd_sc_hd__clkbuf_16)
     8    0.083891    0.100833    0.191418   25.257050 ^ clkbuf_0_clk/X (sky130_fd_sc_hd__clkbuf_16)
                                                         clknet_0_clk (net)
                      0.101087    0.003604   25.260654 ^ clkbuf_3_1__f_clk/A (sky130_fd_sc_hd__clkbuf_16)
    10    0.036358    0.056462    0.159432   25.420086 ^ clkbuf_3_1__f_clk/X (sky130_fd_sc_hd__clkbuf_16)
                                                         clknet_3_1__leaf_clk (net)
                      0.056563    0.001446   25.421532 ^ _484_/CLK (sky130_fd_sc_hd__dfrtp_2)
                                 -0.250000   25.171534   clock uncertainty
                                  0.000000   25.171534   clock reconvergence pessimism
                                  0.191521   25.363054   library recovery time
                                             25.363054   data required time
---------------------------------------------------------------------------------------------
                                             25.363054   data required time
                                             -6.891953   data arrival time
---------------------------------------------------------------------------------------------
                                             18.471102   slack (MET)


Startpoint: _450_ (rising edge-triggered flip-flop clocked by clk)
Endpoint: gpio_out[20] (output port clocked by clk)
Path Group: clk
Path Type: max

Fanout         Cap        Slew       Delay        Time   Description
---------------------------------------------------------------------------------------------
                                  0.000000    0.000000   clock clk (rise edge)
                                  0.000000    0.000000   clock source latency
     2    0.019867    0.095149    0.065634    0.065634 ^ clk (in)
                                                         clk (net)
                      0.095166    0.000000    0.065634 ^ clkbuf_0_clk/A (sky130_fd_sc_hd__clkbuf_16)
     8    0.083891    0.100833    0.191418    0.257052 ^ clkbuf_0_clk/X (sky130_fd_sc_hd__clkbuf_16)
                                                         clknet_0_clk (net)
                      0.100933    0.001741    0.258792 ^ clkbuf_3_6__f_clk/A (sky130_fd_sc_hd__clkbuf_16)
    10    0.030024    0.051105    0.154925    0.413718 ^ clkbuf_3_6__f_clk/X (sky130_fd_sc_hd__clkbuf_16)
                                                         clknet_3_6__leaf_clk (net)
                      0.051108    0.000719    0.414437 ^ _450_/CLK (sky130_fd_sc_hd__dfrtp_2)
     3    0.010749    0.072334    0.369174    0.783611 ^ _450_/Q (sky130_fd_sc_hd__dfrtp_2)
                                                         net16 (net)
                      0.072334    0.000209    0.783820 ^ output16/A (sky130_fd_sc_hd__clkdlybuf4s25_1)
     1    0.035631    0.359392    0.477795    1.261615 ^ output16/X (sky130_fd_sc_hd__clkdlybuf4s25_1)
                                                         gpio_out[20] (net)
                      0.359392    0.001098    1.262714 ^ gpio_out[20] (out)
                                              1.262714   data arrival time

                                 25.000000   25.000000   clock clk (rise edge)
                                  0.000000   25.000000   clock network delay (propagated)
                                 -0.250000   24.750000   clock uncertainty
                                  0.000000   24.750000   clock reconvergence pessimism
                                 -5.000000   19.750000   output external delay
                                             19.750000   data required time
---------------------------------------------------------------------------------------------
                                             19.750000   data required time
                                             -1.262714   data arrival time
---------------------------------------------------------------------------------------------
                                             18.487286   slack (MET)


Startpoint: en (input port clocked by clk)
Endpoint: _459_ (recovery check against rising-edge clock clk)
Path Group: asynchronous
Path Type: max

Fanout         Cap        Slew       Delay        Time   Description
---------------------------------------------------------------------------------------------
                                  0.000000    0.000000   clock clk (rise edge)
                                  0.000000    0.000000   clock network delay (propagated)
                                  5.000000    5.000000 ^ input external delay
     2    0.004792    0.028385    0.017182    5.017182 ^ en (in)
                                                         en (net)
                      0.028385    0.000000    5.017182 ^ input1/A (sky130_fd_sc_hd__clkdlybuf4s25_1)
     1    0.001930    0.036429    0.230405    5.247587 ^ input1/X (sky130_fd_sc_hd__clkdlybuf4s25_1)
                                                         net1 (net)
                      0.036429    0.000053    5.247640 ^ _229_/B (sky130_fd_sc_hd__and2_2)
     1    0.004185    0.043239    0.132078    5.379719 ^ _229_/X (sky130_fd_sc_hd__and2_2)
                                                         TOP.n_rst (net)
                      0.043246    0.000110    5.379828 ^ fanout51/A (sky130_fd_sc_hd__clkdlybuf4s25_1)
     5    0.026321    0.268696    0.404426    5.784254 ^ fanout51/X (sky130_fd_sc_hd__clkdlybuf4s25_1)
                                                         net51 (net)
                      0.268696    0.000868    5.785122 ^ fanout47/A (sky130_fd_sc_hd__clkdlybuf4s25_1)
     8    0.038946    0.391833    0.552815    6.337937 ^ fanout47/X (sky130_fd_sc_hd__clkdlybuf4s25_1)
                                                         net47 (net)
                      0.391834    0.001489    6.339427 ^ fanout45/A (sky130_fd_sc_hd__clkdlybuf4s25_1)
     6    0.026582    0.271267    0.487287    6.826713 ^ fanout45/X (sky130_fd_sc_hd__clkdlybuf4s25_1)
                                                         net45 (net)
                      0.271267    0.000587    6.827300 ^ _459_/RESET_B (sky130_fd_sc_hd__dfrtp_2)
                                              6.827300   data arrival time

                                 25.000000   25.000000   clock clk (rise edge)
                                  0.000000   25.000000   clock source latency
     2    0.019867    0.095149    0.065633   25.065632 ^ clk (in)
                                                         clk (net)
                      0.095166    0.000000   25.065632 ^ clkbuf_0_clk/A (sky130_fd_sc_hd__clkbuf_16)
     8    0.083891    0.100833    0.191418   25.257050 ^ clkbuf_0_clk/X (sky130_fd_sc_hd__clkbuf_16)
                                                         clknet_0_clk (net)
                      0.101009    0.002826   25.259876 ^ clkbuf_3_4__f_clk/A (sky130_fd_sc_hd__clkbuf_16)
     9    0.031976    0.052761    0.156332   25.416208 ^ clkbuf_3_4__f_clk/X (sky130_fd_sc_hd__clkbuf_16)
                                                         clknet_3_4__leaf_clk (net)
                      0.052763    0.000673   25.416882 ^ _459_/CLK (sky130_fd_sc_hd__dfrtp_2)
                                 -0.250000   25.166883   clock uncertainty
                                  0.000000   25.166883   clock reconvergence pessimism
                                  0.154139   25.321020   library recovery time
                                             25.321020   data required time
---------------------------------------------------------------------------------------------
                                             25.321020   data required time
                                             -6.827300   data arrival time
---------------------------------------------------------------------------------------------
                                             18.493721   slack (MET)


Startpoint: en (input port clocked by clk)
Endpoint: _457_ (recovery check against rising-edge clock clk)
Path Group: asynchronous
Path Type: max

Fanout         Cap        Slew       Delay        Time   Description
---------------------------------------------------------------------------------------------
                                  0.000000    0.000000   clock clk (rise edge)
                                  0.000000    0.000000   clock network delay (propagated)
                                  5.000000    5.000000 ^ input external delay
     2    0.004792    0.028385    0.017182    5.017182 ^ en (in)
                                                         en (net)
                      0.028385    0.000000    5.017182 ^ input1/A (sky130_fd_sc_hd__clkdlybuf4s25_1)
     1    0.001930    0.036429    0.230405    5.247587 ^ input1/X (sky130_fd_sc_hd__clkdlybuf4s25_1)
                                                         net1 (net)
                      0.036429    0.000053    5.247640 ^ _229_/B (sky130_fd_sc_hd__and2_2)
     1    0.004185    0.043239    0.132078    5.379719 ^ _229_/X (sky130_fd_sc_hd__and2_2)
                                                         TOP.n_rst (net)
                      0.043246    0.000110    5.379828 ^ fanout51/A (sky130_fd_sc_hd__clkdlybuf4s25_1)
     5    0.026321    0.268696    0.404426    5.784254 ^ fanout51/X (sky130_fd_sc_hd__clkdlybuf4s25_1)
                                                         net51 (net)
                      0.268696    0.000868    5.785122 ^ fanout47/A (sky130_fd_sc_hd__clkdlybuf4s25_1)
     8    0.038946    0.391833    0.552815    6.337937 ^ fanout47/X (sky130_fd_sc_hd__clkdlybuf4s25_1)
                                                         net47 (net)
                      0.391834    0.001489    6.339427 ^ fanout45/A (sky130_fd_sc_hd__clkdlybuf4s25_1)
     6    0.026582    0.271267    0.487287    6.826713 ^ fanout45/X (sky130_fd_sc_hd__clkdlybuf4s25_1)
                                                         net45 (net)
                      0.271267    0.000723    6.827435 ^ _457_/RESET_B (sky130_fd_sc_hd__dfrtp_2)
                                              6.827435   data arrival time

                                 25.000000   25.000000   clock clk (rise edge)
                                  0.000000   25.000000   clock source latency
     2    0.019867    0.095149    0.065633   25.065632 ^ clk (in)
                                                         clk (net)
                      0.095166    0.000000   25.065632 ^ clkbuf_0_clk/A (sky130_fd_sc_hd__clkbuf_16)
     8    0.083891    0.100833    0.191418   25.257050 ^ clkbuf_0_clk/X (sky130_fd_sc_hd__clkbuf_16)
                                                         clknet_0_clk (net)
                      0.101003    0.002757   25.259808 ^ clkbuf_3_5__f_clk/A (sky130_fd_sc_hd__clkbuf_16)
    10    0.033671    0.054184    0.157490   25.417297 ^ clkbuf_3_5__f_clk/X (sky130_fd_sc_hd__clkbuf_16)
                                                         clknet_3_5__leaf_clk (net)
                      0.054209    0.001103   25.418400 ^ _457_/CLK (sky130_fd_sc_hd__dfrtp_2)
                                 -0.250000   25.168402   clock uncertainty
                                  0.000000   25.168402   clock reconvergence pessimism
                                  0.154599   25.323002   library recovery time
                                             25.323002   data required time
---------------------------------------------------------------------------------------------
                                             25.323002   data required time
                                             -6.827435   data arrival time
---------------------------------------------------------------------------------------------
                                             18.495567   slack (MET)


Startpoint: en (input port clocked by clk)
Endpoint: _437_ (recovery check against rising-edge clock clk)
Path Group: asynchronous
Path Type: max

Fanout         Cap        Slew       Delay        Time   Description
---------------------------------------------------------------------------------------------
                                  0.000000    0.000000   clock clk (rise edge)
                                  0.000000    0.000000   clock network delay (propagated)
                                  5.000000    5.000000 ^ input external delay
     2    0.004792    0.028385    0.017182    5.017182 ^ en (in)
                                                         en (net)
                      0.028385    0.000000    5.017182 ^ input1/A (sky130_fd_sc_hd__clkdlybuf4s25_1)
     1    0.001930    0.036429    0.230405    5.247587 ^ input1/X (sky130_fd_sc_hd__clkdlybuf4s25_1)
                                                         net1 (net)
                      0.036429    0.000053    5.247640 ^ _229_/B (sky130_fd_sc_hd__and2_2)
     1    0.004185    0.043239    0.132078    5.379719 ^ _229_/X (sky130_fd_sc_hd__and2_2)
                                                         TOP.n_rst (net)
                      0.043246    0.000110    5.379828 ^ fanout51/A (sky130_fd_sc_hd__clkdlybuf4s25_1)
     5    0.026321    0.268696    0.404426    5.784254 ^ fanout51/X (sky130_fd_sc_hd__clkdlybuf4s25_1)
                                                         net51 (net)
                      0.268696    0.000868    5.785122 ^ fanout47/A (sky130_fd_sc_hd__clkdlybuf4s25_1)
     8    0.038946    0.391833    0.552815    6.337937 ^ fanout47/X (sky130_fd_sc_hd__clkdlybuf4s25_1)
                                                         net47 (net)
                      0.391834    0.001489    6.339427 ^ fanout45/A (sky130_fd_sc_hd__clkdlybuf4s25_1)
     6    0.026582    0.271267    0.487287    6.826713 ^ fanout45/X (sky130_fd_sc_hd__clkdlybuf4s25_1)
                                                         net45 (net)
                      0.271267    0.000460    6.827173 ^ _437_/RESET_B (sky130_fd_sc_hd__dfrtp_2)
                                              6.827173   data arrival time

                                 25.000000   25.000000   clock clk (rise edge)
                                  0.000000   25.000000   clock source latency
     2    0.019867    0.095149    0.065633   25.065632 ^ clk (in)
                                                         clk (net)
                      0.095166    0.000000   25.065632 ^ clkbuf_0_clk/A (sky130_fd_sc_hd__clkbuf_16)
     8    0.083891    0.100833    0.191418   25.257050 ^ clkbuf_0_clk/X (sky130_fd_sc_hd__clkbuf_16)
                                                         clknet_0_clk (net)
                      0.101003    0.002757   25.259808 ^ clkbuf_3_5__f_clk/A (sky130_fd_sc_hd__clkbuf_16)
    10    0.033671    0.054184    0.157490   25.417297 ^ clkbuf_3_5__f_clk/X (sky130_fd_sc_hd__clkbuf_16)
                                                         clknet_3_5__leaf_clk (net)
                      0.054198    0.000917   25.418215 ^ _437_/CLK (sky130_fd_sc_hd__dfrtp_2)
                                 -0.250000   25.168215   clock uncertainty
                                  0.000000   25.168215   clock reconvergence pessimism
                                  0.154596   25.322811   library recovery time
                                             25.322811   data required time
---------------------------------------------------------------------------------------------
                                             25.322811   data required time
                                             -6.827173   data arrival time
---------------------------------------------------------------------------------------------
                                             18.495638   slack (MET)


Startpoint: en (input port clocked by clk)
Endpoint: _446_ (recovery check against rising-edge clock clk)
Path Group: asynchronous
Path Type: max

Fanout         Cap        Slew       Delay        Time   Description
---------------------------------------------------------------------------------------------
                                  0.000000    0.000000   clock clk (rise edge)
                                  0.000000    0.000000   clock network delay (propagated)
                                  5.000000    5.000000 ^ input external delay
     2    0.004792    0.028385    0.017182    5.017182 ^ en (in)
                                                         en (net)
                      0.028385    0.000000    5.017182 ^ input1/A (sky130_fd_sc_hd__clkdlybuf4s25_1)
     1    0.001930    0.036429    0.230405    5.247587 ^ input1/X (sky130_fd_sc_hd__clkdlybuf4s25_1)
                                                         net1 (net)
                      0.036429    0.000053    5.247640 ^ _229_/B (sky130_fd_sc_hd__and2_2)
     1    0.004185    0.043239    0.132078    5.379719 ^ _229_/X (sky130_fd_sc_hd__and2_2)
                                                         TOP.n_rst (net)
                      0.043246    0.000110    5.379828 ^ fanout51/A (sky130_fd_sc_hd__clkdlybuf4s25_1)
     5    0.026321    0.268696    0.404426    5.784254 ^ fanout51/X (sky130_fd_sc_hd__clkdlybuf4s25_1)
                                                         net51 (net)
                      0.268696    0.000868    5.785122 ^ fanout47/A (sky130_fd_sc_hd__clkdlybuf4s25_1)
     8    0.038946    0.391833    0.552815    6.337937 ^ fanout47/X (sky130_fd_sc_hd__clkdlybuf4s25_1)
                                                         net47 (net)
                      0.391834    0.001489    6.339427 ^ fanout45/A (sky130_fd_sc_hd__clkdlybuf4s25_1)
     6    0.026582    0.271267    0.487287    6.826713 ^ fanout45/X (sky130_fd_sc_hd__clkdlybuf4s25_1)
                                                         net45 (net)
                      0.271267    0.000469    6.827183 ^ _446_/RESET_B (sky130_fd_sc_hd__dfrtp_2)
                                              6.827183   data arrival time

                                 25.000000   25.000000   clock clk (rise edge)
                                  0.000000   25.000000   clock source latency
     2    0.019867    0.095149    0.065633   25.065632 ^ clk (in)
                                                         clk (net)
                      0.095166    0.000000   25.065632 ^ clkbuf_0_clk/A (sky130_fd_sc_hd__clkbuf_16)
     8    0.083891    0.100833    0.191418   25.257050 ^ clkbuf_0_clk/X (sky130_fd_sc_hd__clkbuf_16)
                                                         clknet_0_clk (net)
                      0.101003    0.002757   25.259808 ^ clkbuf_3_5__f_clk/A (sky130_fd_sc_hd__clkbuf_16)
    10    0.033671    0.054184    0.157490   25.417297 ^ clkbuf_3_5__f_clk/X (sky130_fd_sc_hd__clkbuf_16)
                                                         clknet_3_5__leaf_clk (net)
                      0.054200    0.000938   25.418236 ^ _446_/CLK (sky130_fd_sc_hd__dfrtp_2)
                                 -0.250000   25.168236   clock uncertainty
                                  0.000000   25.168236   clock reconvergence pessimism
                                  0.154596   25.322832   library recovery time
                                             25.322832   data required time
---------------------------------------------------------------------------------------------
                                             25.322832   data required time
                                             -6.827183   data arrival time
---------------------------------------------------------------------------------------------
                                             18.495649   slack (MET)


Startpoint: en (input port clocked by clk)
Endpoint: _445_ (recovery check against rising-edge clock clk)
Path Group: asynchronous
Path Type: max

Fanout         Cap        Slew       Delay        Time   Description
---------------------------------------------------------------------------------------------
                                  0.000000    0.000000   clock clk (rise edge)
                                  0.000000    0.000000   clock network delay (propagated)
                                  5.000000    5.000000 ^ input external delay
     2    0.004792    0.028385    0.017182    5.017182 ^ en (in)
                                                         en (net)
                      0.028385    0.000000    5.017182 ^ input1/A (sky130_fd_sc_hd__clkdlybuf4s25_1)
     1    0.001930    0.036429    0.230405    5.247587 ^ input1/X (sky130_fd_sc_hd__clkdlybuf4s25_1)
                                                         net1 (net)
                      0.036429    0.000053    5.247640 ^ _229_/B (sky130_fd_sc_hd__and2_2)
     1    0.004185    0.043239    0.132078    5.379719 ^ _229_/X (sky130_fd_sc_hd__and2_2)
                                                         TOP.n_rst (net)
                      0.043246    0.000110    5.379828 ^ fanout51/A (sky130_fd_sc_hd__clkdlybuf4s25_1)
     5    0.026321    0.268696    0.404426    5.784254 ^ fanout51/X (sky130_fd_sc_hd__clkdlybuf4s25_1)
                                                         net51 (net)
                      0.268696    0.000752    5.785006 ^ fanout50/A (sky130_fd_sc_hd__clkdlybuf4s25_1)
     9    0.044441    0.445456    0.589911    6.374917 ^ fanout50/X (sky130_fd_sc_hd__clkdlybuf4s25_1)
                                                         net50 (net)
                      0.445456    0.000733    6.375650 ^ fanout48/A (sky130_fd_sc_hd__clkdlybuf4s25_1)
     4    0.017675    0.184874    0.433988    6.809639 ^ fanout48/X (sky130_fd_sc_hd__clkdlybuf4s25_1)
                                                         net48 (net)
                      0.184874    0.000204    6.809843 ^ _445_/RESET_B (sky130_fd_sc_hd__dfrtp_2)
                                              6.809843   data arrival time

                                 25.000000   25.000000   clock clk (rise edge)
                                  0.000000   25.000000   clock source latency
     2    0.019867    0.095149    0.065633   25.065632 ^ clk (in)
                                                         clk (net)
                      0.095166    0.000000   25.065632 ^ clkbuf_0_clk/A (sky130_fd_sc_hd__clkbuf_16)
     8    0.083891    0.100833    0.191418   25.257050 ^ clkbuf_0_clk/X (sky130_fd_sc_hd__clkbuf_16)
                                                         clknet_0_clk (net)
                      0.100929    0.001664   25.258715 ^ clkbuf_3_7__f_clk/A (sky130_fd_sc_hd__clkbuf_16)
     9    0.027056    0.048206    0.152609   25.411324 ^ clkbuf_3_7__f_clk/X (sky130_fd_sc_hd__clkbuf_16)
                                                         clknet_3_7__leaf_clk (net)
                      0.048210    0.000412   25.411736 ^ _445_/CLK (sky130_fd_sc_hd__dfrtp_2)
                                 -0.250000   25.161737   clock uncertainty
                                  0.000000   25.161737   clock reconvergence pessimism
                                  0.178454   25.340191   library recovery time
                                             25.340191   data required time
---------------------------------------------------------------------------------------------
                                             25.340191   data required time
                                             -6.809843   data arrival time
---------------------------------------------------------------------------------------------
                                             18.530348   slack (MET)


Startpoint: en (input port clocked by clk)
Endpoint: _468_ (recovery check against rising-edge clock clk)
Path Group: asynchronous
Path Type: max

Fanout         Cap        Slew       Delay        Time   Description
---------------------------------------------------------------------------------------------
                                  0.000000    0.000000   clock clk (rise edge)
                                  0.000000    0.000000   clock network delay (propagated)
                                  5.000000    5.000000 ^ input external delay
     2    0.004792    0.028385    0.017182    5.017182 ^ en (in)
                                                         en (net)
                      0.028385    0.000000    5.017182 ^ input1/A (sky130_fd_sc_hd__clkdlybuf4s25_1)
     1    0.001930    0.036429    0.230405    5.247587 ^ input1/X (sky130_fd_sc_hd__clkdlybuf4s25_1)
                                                         net1 (net)
                      0.036429    0.000053    5.247640 ^ _229_/B (sky130_fd_sc_hd__and2_2)
     1    0.004185    0.043239    0.132078    5.379719 ^ _229_/X (sky130_fd_sc_hd__and2_2)
                                                         TOP.n_rst (net)
                      0.043246    0.000110    5.379828 ^ fanout51/A (sky130_fd_sc_hd__clkdlybuf4s25_1)
     5    0.026321    0.268696    0.404426    5.784254 ^ fanout51/X (sky130_fd_sc_hd__clkdlybuf4s25_1)
                                                         net51 (net)
                      0.268696    0.000752    5.785006 ^ fanout50/A (sky130_fd_sc_hd__clkdlybuf4s25_1)
     9    0.044441    0.445456    0.589911    6.374917 ^ fanout50/X (sky130_fd_sc_hd__clkdlybuf4s25_1)
                                                         net50 (net)
                      0.445456    0.000733    6.375650 ^ fanout48/A (sky130_fd_sc_hd__clkdlybuf4s25_1)
     4    0.017675    0.184874    0.433988    6.809639 ^ fanout48/X (sky130_fd_sc_hd__clkdlybuf4s25_1)
                                                         net48 (net)
                      0.184874    0.000174    6.809813 ^ _468_/RESET_B (sky130_fd_sc_hd__dfrtp_2)
                                              6.809813   data arrival time

                                 25.000000   25.000000   clock clk (rise edge)
                                  0.000000   25.000000   clock source latency
     2    0.019867    0.095149    0.065633   25.065632 ^ clk (in)
                                                         clk (net)
                      0.095166    0.000000   25.065632 ^ clkbuf_0_clk/A (sky130_fd_sc_hd__clkbuf_16)
     8    0.083891    0.100833    0.191418   25.257050 ^ clkbuf_0_clk/X (sky130_fd_sc_hd__clkbuf_16)
                                                         clknet_0_clk (net)
                      0.100933    0.001741   25.258791 ^ clkbuf_3_6__f_clk/A (sky130_fd_sc_hd__clkbuf_16)
    10    0.030024    0.051105    0.154925   25.413715 ^ clkbuf_3_6__f_clk/X (sky130_fd_sc_hd__clkbuf_16)
                                                         clknet_3_6__leaf_clk (net)
                      0.051106    0.000435   25.414152 ^ _468_/CLK (sky130_fd_sc_hd__dfrtp_2)
                                 -0.250000   25.164152   clock uncertainty
                                  0.000000   25.164152   clock reconvergence pessimism
                                  0.179364   25.343517   library recovery time
                                             25.343517   data required time
---------------------------------------------------------------------------------------------
                                             25.343517   data required time
                                             -6.809813   data arrival time
---------------------------------------------------------------------------------------------
                                             18.533705   slack (MET)


Startpoint: en (input port clocked by clk)
Endpoint: _443_ (recovery check against rising-edge clock clk)
Path Group: asynchronous
Path Type: max

Fanout         Cap        Slew       Delay        Time   Description
---------------------------------------------------------------------------------------------
                                  0.000000    0.000000   clock clk (rise edge)
                                  0.000000    0.000000   clock network delay (propagated)
                                  5.000000    5.000000 ^ input external delay
     2    0.004792    0.028385    0.017182    5.017182 ^ en (in)
                                                         en (net)
                      0.028385    0.000000    5.017182 ^ input1/A (sky130_fd_sc_hd__clkdlybuf4s25_1)
     1    0.001930    0.036429    0.230405    5.247587 ^ input1/X (sky130_fd_sc_hd__clkdlybuf4s25_1)
                                                         net1 (net)
                      0.036429    0.000053    5.247640 ^ _229_/B (sky130_fd_sc_hd__and2_2)
     1    0.004185    0.043239    0.132078    5.379719 ^ _229_/X (sky130_fd_sc_hd__and2_2)
                                                         TOP.n_rst (net)
                      0.043246    0.000110    5.379828 ^ fanout51/A (sky130_fd_sc_hd__clkdlybuf4s25_1)
     5    0.026321    0.268696    0.404426    5.784254 ^ fanout51/X (sky130_fd_sc_hd__clkdlybuf4s25_1)
                                                         net51 (net)
                      0.268696    0.000752    5.785006 ^ fanout50/A (sky130_fd_sc_hd__clkdlybuf4s25_1)
     9    0.044441    0.445456    0.589911    6.374917 ^ fanout50/X (sky130_fd_sc_hd__clkdlybuf4s25_1)
                                                         net50 (net)
                      0.445456    0.000733    6.375650 ^ fanout48/A (sky130_fd_sc_hd__clkdlybuf4s25_1)
     4    0.017675    0.184874    0.433988    6.809639 ^ fanout48/X (sky130_fd_sc_hd__clkdlybuf4s25_1)
                                                         net48 (net)
                      0.184874    0.000246    6.809885 ^ _443_/RESET_B (sky130_fd_sc_hd__dfrtp_2)
                                              6.809885   data arrival time

                                 25.000000   25.000000   clock clk (rise edge)
                                  0.000000   25.000000   clock source latency
     2    0.019867    0.095149    0.065633   25.065632 ^ clk (in)
                                                         clk (net)
                      0.095166    0.000000   25.065632 ^ clkbuf_0_clk/A (sky130_fd_sc_hd__clkbuf_16)
     8    0.083891    0.100833    0.191418   25.257050 ^ clkbuf_0_clk/X (sky130_fd_sc_hd__clkbuf_16)
                                                         clknet_0_clk (net)
                      0.101009    0.002826   25.259876 ^ clkbuf_3_4__f_clk/A (sky130_fd_sc_hd__clkbuf_16)
     9    0.031976    0.052761    0.156332   25.416208 ^ clkbuf_3_4__f_clk/X (sky130_fd_sc_hd__clkbuf_16)
                                                         clknet_3_4__leaf_clk (net)
                      0.052763    0.000727   25.416935 ^ _443_/CLK (sky130_fd_sc_hd__dfrtp_2)
                                 -0.250000   25.166935   clock uncertainty
                                  0.000000   25.166935   clock reconvergence pessimism
                                  0.179884   25.346821   library recovery time
                                             25.346821   data required time
---------------------------------------------------------------------------------------------
                                             25.346821   data required time
                                             -6.809885   data arrival time
---------------------------------------------------------------------------------------------
                                             18.536936   slack (MET)


Startpoint: en (input port clocked by clk)
Endpoint: _475_ (recovery check against rising-edge clock clk)
Path Group: asynchronous
Path Type: max

Fanout         Cap        Slew       Delay        Time   Description
---------------------------------------------------------------------------------------------
                                  0.000000    0.000000   clock clk (rise edge)
                                  0.000000    0.000000   clock network delay (propagated)
                                  5.000000    5.000000 ^ input external delay
     2    0.004792    0.028385    0.017182    5.017182 ^ en (in)
                                                         en (net)
                      0.028385    0.000000    5.017182 ^ input1/A (sky130_fd_sc_hd__clkdlybuf4s25_1)
     1    0.001930    0.036429    0.230405    5.247587 ^ input1/X (sky130_fd_sc_hd__clkdlybuf4s25_1)
                                                         net1 (net)
                      0.036429    0.000053    5.247640 ^ _229_/B (sky130_fd_sc_hd__and2_2)
     1    0.004185    0.043239    0.132078    5.379719 ^ _229_/X (sky130_fd_sc_hd__and2_2)
                                                         TOP.n_rst (net)
                      0.043246    0.000110    5.379828 ^ fanout51/A (sky130_fd_sc_hd__clkdlybuf4s25_1)
     5    0.026321    0.268696    0.404426    5.784254 ^ fanout51/X (sky130_fd_sc_hd__clkdlybuf4s25_1)
                                                         net51 (net)
                      0.268696    0.000211    5.784465 ^ fanout40/A (sky130_fd_sc_hd__clkdlybuf4s25_1)
     5    0.024463    0.250878    0.453961    6.238426 ^ fanout40/X (sky130_fd_sc_hd__clkdlybuf4s25_1)
                                                         net40 (net)
                      0.250878    0.000576    6.239002 ^ fanout39/A (sky130_fd_sc_hd__clkdlybuf4s25_1)
     5    0.023963    0.245925    0.446653    6.685655 ^ fanout39/X (sky130_fd_sc_hd__clkdlybuf4s25_1)
                                                         net39 (net)
                      0.245925    0.000452    6.686107 ^ _475_/RESET_B (sky130_fd_sc_hd__dfrtp_2)
                                              6.686107   data arrival time

                                 25.000000   25.000000   clock clk (rise edge)
                                  0.000000   25.000000   clock source latency
     2    0.019867    0.095149    0.065633   25.065632 ^ clk (in)
                                                         clk (net)
                      0.095166    0.000000   25.065632 ^ clkbuf_0_clk/A (sky130_fd_sc_hd__clkbuf_16)
     8    0.083891    0.100833    0.191418   25.257050 ^ clkbuf_0_clk/X (sky130_fd_sc_hd__clkbuf_16)
                                                         clknet_0_clk (net)
                      0.101100    0.003725   25.260775 ^ clkbuf_3_0__f_clk/A (sky130_fd_sc_hd__clkbuf_16)
    10    0.031133    0.052041    0.155755   25.416531 ^ clkbuf_3_0__f_clk/X (sky130_fd_sc_hd__clkbuf_16)
                                                         clknet_3_0__leaf_clk (net)
                      0.052042    0.000528   25.417057 ^ _475_/CLK (sky130_fd_sc_hd__dfrtp_2)
                                 -0.250000   25.167059   clock uncertainty
                                  0.000000   25.167059   clock reconvergence pessimism
                                  0.161462   25.328520   library recovery time
                                             25.328520   data required time
---------------------------------------------------------------------------------------------
                                             25.328520   data required time
                                             -6.686107   data arrival time
---------------------------------------------------------------------------------------------
                                             18.642414   slack (MET)


Startpoint: en (input port clocked by clk)
Endpoint: _473_ (recovery check against rising-edge clock clk)
Path Group: asynchronous
Path Type: max

Fanout         Cap        Slew       Delay        Time   Description
---------------------------------------------------------------------------------------------
                                  0.000000    0.000000   clock clk (rise edge)
                                  0.000000    0.000000   clock network delay (propagated)
                                  5.000000    5.000000 ^ input external delay
     2    0.004792    0.028385    0.017182    5.017182 ^ en (in)
                                                         en (net)
                      0.028385    0.000000    5.017182 ^ input1/A (sky130_fd_sc_hd__clkdlybuf4s25_1)
     1    0.001930    0.036429    0.230405    5.247587 ^ input1/X (sky130_fd_sc_hd__clkdlybuf4s25_1)
                                                         net1 (net)
                      0.036429    0.000053    5.247640 ^ _229_/B (sky130_fd_sc_hd__and2_2)
     1    0.004185    0.043239    0.132078    5.379719 ^ _229_/X (sky130_fd_sc_hd__and2_2)
                                                         TOP.n_rst (net)
                      0.043246    0.000110    5.379828 ^ fanout51/A (sky130_fd_sc_hd__clkdlybuf4s25_1)
     5    0.026321    0.268696    0.404426    5.784254 ^ fanout51/X (sky130_fd_sc_hd__clkdlybuf4s25_1)
                                                         net51 (net)
                      0.268696    0.000211    5.784465 ^ fanout40/A (sky130_fd_sc_hd__clkdlybuf4s25_1)
     5    0.024463    0.250878    0.453961    6.238426 ^ fanout40/X (sky130_fd_sc_hd__clkdlybuf4s25_1)
                                                         net40 (net)
                      0.250878    0.000576    6.239002 ^ fanout39/A (sky130_fd_sc_hd__clkdlybuf4s25_1)
     5    0.023963    0.245925    0.446653    6.685655 ^ fanout39/X (sky130_fd_sc_hd__clkdlybuf4s25_1)
                                                         net39 (net)
                      0.245925    0.000393    6.686048 ^ _473_/RESET_B (sky130_fd_sc_hd__dfrtp_2)
                                              6.686048   data arrival time

                                 25.000000   25.000000   clock clk (rise edge)
                                  0.000000   25.000000   clock source latency
     2    0.019867    0.095149    0.065633   25.065632 ^ clk (in)
                                                         clk (net)
                      0.095166    0.000000   25.065632 ^ clkbuf_0_clk/A (sky130_fd_sc_hd__clkbuf_16)
     8    0.083891    0.100833    0.191418   25.257050 ^ clkbuf_0_clk/X (sky130_fd_sc_hd__clkbuf_16)
                                                         clknet_0_clk (net)
                      0.101100    0.003725   25.260775 ^ clkbuf_3_0__f_clk/A (sky130_fd_sc_hd__clkbuf_16)
    10    0.031133    0.052041    0.155755   25.416531 ^ clkbuf_3_0__f_clk/X (sky130_fd_sc_hd__clkbuf_16)
                                                         clknet_3_0__leaf_clk (net)
                      0.052043    0.000595   25.417126 ^ _473_/CLK (sky130_fd_sc_hd__dfrtp_2)
                                 -0.250000   25.167126   clock uncertainty
                                  0.000000   25.167126   clock reconvergence pessimism
                                  0.161462   25.328588   library recovery time
                                             25.328588   data required time
---------------------------------------------------------------------------------------------
                                             25.328588   data required time
                                             -6.686048   data arrival time
---------------------------------------------------------------------------------------------
                                             18.642540   slack (MET)


Startpoint: en (input port clocked by clk)
Endpoint: _472_ (recovery check against rising-edge clock clk)
Path Group: asynchronous
Path Type: max

Fanout         Cap        Slew       Delay        Time   Description
---------------------------------------------------------------------------------------------
                                  0.000000    0.000000   clock clk (rise edge)
                                  0.000000    0.000000   clock network delay (propagated)
                                  5.000000    5.000000 ^ input external delay
     2    0.004792    0.028385    0.017182    5.017182 ^ en (in)
                                                         en (net)
                      0.028385    0.000000    5.017182 ^ input1/A (sky130_fd_sc_hd__clkdlybuf4s25_1)
     1    0.001930    0.036429    0.230405    5.247587 ^ input1/X (sky130_fd_sc_hd__clkdlybuf4s25_1)
                                                         net1 (net)
                      0.036429    0.000053    5.247640 ^ _229_/B (sky130_fd_sc_hd__and2_2)
     1    0.004185    0.043239    0.132078    5.379719 ^ _229_/X (sky130_fd_sc_hd__and2_2)
                                                         TOP.n_rst (net)
                      0.043246    0.000110    5.379828 ^ fanout51/A (sky130_fd_sc_hd__clkdlybuf4s25_1)
     5    0.026321    0.268696    0.404426    5.784254 ^ fanout51/X (sky130_fd_sc_hd__clkdlybuf4s25_1)
                                                         net51 (net)
                      0.268696    0.000211    5.784465 ^ fanout40/A (sky130_fd_sc_hd__clkdlybuf4s25_1)
     5    0.024463    0.250878    0.453961    6.238426 ^ fanout40/X (sky130_fd_sc_hd__clkdlybuf4s25_1)
                                                         net40 (net)
                      0.250878    0.000576    6.239002 ^ fanout39/A (sky130_fd_sc_hd__clkdlybuf4s25_1)
     5    0.023963    0.245925    0.446653    6.685655 ^ fanout39/X (sky130_fd_sc_hd__clkdlybuf4s25_1)
                                                         net39 (net)
                      0.245925    0.000273    6.685928 ^ _472_/RESET_B (sky130_fd_sc_hd__dfrtp_2)
                                              6.685928   data arrival time

                                 25.000000   25.000000   clock clk (rise edge)
                                  0.000000   25.000000   clock source latency
     2    0.019867    0.095149    0.065633   25.065632 ^ clk (in)
                                                         clk (net)
                      0.095166    0.000000   25.065632 ^ clkbuf_0_clk/A (sky130_fd_sc_hd__clkbuf_16)
     8    0.083891    0.100833    0.191418   25.257050 ^ clkbuf_0_clk/X (sky130_fd_sc_hd__clkbuf_16)
                                                         clknet_0_clk (net)
                      0.101100    0.003725   25.260775 ^ clkbuf_3_0__f_clk/A (sky130_fd_sc_hd__clkbuf_16)
    10    0.031133    0.052041    0.155755   25.416531 ^ clkbuf_3_0__f_clk/X (sky130_fd_sc_hd__clkbuf_16)
                                                         clknet_3_0__leaf_clk (net)
                      0.052043    0.000609   25.417139 ^ _472_/CLK (sky130_fd_sc_hd__dfrtp_2)
                                 -0.250000   25.167141   clock uncertainty
                                  0.000000   25.167141   clock reconvergence pessimism
                                  0.161462   25.328602   library recovery time
                                             25.328602   data required time
---------------------------------------------------------------------------------------------
                                             25.328602   data required time
                                             -6.685928   data arrival time
---------------------------------------------------------------------------------------------
                                             18.642673   slack (MET)


Startpoint: en (input port clocked by clk)
Endpoint: _474_ (recovery check against rising-edge clock clk)
Path Group: asynchronous
Path Type: max

Fanout         Cap        Slew       Delay        Time   Description
---------------------------------------------------------------------------------------------
                                  0.000000    0.000000   clock clk (rise edge)
                                  0.000000    0.000000   clock network delay (propagated)
                                  5.000000    5.000000 ^ input external delay
     2    0.004792    0.028385    0.017182    5.017182 ^ en (in)
                                                         en (net)
                      0.028385    0.000000    5.017182 ^ input1/A (sky130_fd_sc_hd__clkdlybuf4s25_1)
     1    0.001930    0.036429    0.230405    5.247587 ^ input1/X (sky130_fd_sc_hd__clkdlybuf4s25_1)
                                                         net1 (net)
                      0.036429    0.000053    5.247640 ^ _229_/B (sky130_fd_sc_hd__and2_2)
     1    0.004185    0.043239    0.132078    5.379719 ^ _229_/X (sky130_fd_sc_hd__and2_2)
                                                         TOP.n_rst (net)
                      0.043246    0.000110    5.379828 ^ fanout51/A (sky130_fd_sc_hd__clkdlybuf4s25_1)
     5    0.026321    0.268696    0.404426    5.784254 ^ fanout51/X (sky130_fd_sc_hd__clkdlybuf4s25_1)
                                                         net51 (net)
                      0.268696    0.000211    5.784465 ^ fanout40/A (sky130_fd_sc_hd__clkdlybuf4s25_1)
     5    0.024463    0.250878    0.453961    6.238426 ^ fanout40/X (sky130_fd_sc_hd__clkdlybuf4s25_1)
                                                         net40 (net)
                      0.250878    0.000576    6.239002 ^ fanout39/A (sky130_fd_sc_hd__clkdlybuf4s25_1)
     5    0.023963    0.245925    0.446653    6.685655 ^ fanout39/X (sky130_fd_sc_hd__clkdlybuf4s25_1)
                                                         net39 (net)
                      0.245925    0.000571    6.686226 ^ _474_/RESET_B (sky130_fd_sc_hd__dfrtp_2)
                                              6.686226   data arrival time

                                 25.000000   25.000000   clock clk (rise edge)
                                  0.000000   25.000000   clock source latency
     2    0.019867    0.095149    0.065633   25.065632 ^ clk (in)
                                                         clk (net)
                      0.095166    0.000000   25.065632 ^ clkbuf_0_clk/A (sky130_fd_sc_hd__clkbuf_16)
     8    0.083891    0.100833    0.191418   25.257050 ^ clkbuf_0_clk/X (sky130_fd_sc_hd__clkbuf_16)
                                                         clknet_0_clk (net)
                      0.101087    0.003604   25.260654 ^ clkbuf_3_1__f_clk/A (sky130_fd_sc_hd__clkbuf_16)
    10    0.036358    0.056462    0.159432   25.420086 ^ clkbuf_3_1__f_clk/X (sky130_fd_sc_hd__clkbuf_16)
                                                         clknet_3_1__leaf_clk (net)
                      0.056534    0.001027   25.421114 ^ _474_/CLK (sky130_fd_sc_hd__dfrtp_2)
                                 -0.250000   25.171114   clock uncertainty
                                  0.000000   25.171114   clock reconvergence pessimism
                                  0.162887   25.334000   library recovery time
                                             25.334000   data required time
---------------------------------------------------------------------------------------------
                                             25.334000   data required time
                                             -6.686226   data arrival time
---------------------------------------------------------------------------------------------
                                             18.647774   slack (MET)


Startpoint: en (input port clocked by clk)
Endpoint: _476_ (recovery check against rising-edge clock clk)
Path Group: asynchronous
Path Type: max

Fanout         Cap        Slew       Delay        Time   Description
---------------------------------------------------------------------------------------------
                                  0.000000    0.000000   clock clk (rise edge)
                                  0.000000    0.000000   clock network delay (propagated)
                                  5.000000    5.000000 ^ input external delay
     2    0.004792    0.028385    0.017182    5.017182 ^ en (in)
                                                         en (net)
                      0.028385    0.000000    5.017182 ^ input1/A (sky130_fd_sc_hd__clkdlybuf4s25_1)
     1    0.001930    0.036429    0.230405    5.247587 ^ input1/X (sky130_fd_sc_hd__clkdlybuf4s25_1)
                                                         net1 (net)
                      0.036429    0.000053    5.247640 ^ _229_/B (sky130_fd_sc_hd__and2_2)
     1    0.004185    0.043239    0.132078    5.379719 ^ _229_/X (sky130_fd_sc_hd__and2_2)
                                                         TOP.n_rst (net)
                      0.043246    0.000110    5.379828 ^ fanout51/A (sky130_fd_sc_hd__clkdlybuf4s25_1)
     5    0.026321    0.268696    0.404426    5.784254 ^ fanout51/X (sky130_fd_sc_hd__clkdlybuf4s25_1)
                                                         net51 (net)
                      0.268696    0.000211    5.784465 ^ fanout40/A (sky130_fd_sc_hd__clkdlybuf4s25_1)
     5    0.024463    0.250878    0.453961    6.238426 ^ fanout40/X (sky130_fd_sc_hd__clkdlybuf4s25_1)
                                                         net40 (net)
                      0.250878    0.000919    6.239345 ^ fanout37/A (sky130_fd_sc_hd__clkdlybuf4s25_1)
     5    0.020236    0.209870    0.421164    6.660509 ^ fanout37/X (sky130_fd_sc_hd__clkdlybuf4s25_1)
                                                         net37 (net)
                      0.209870    0.000358    6.660867 ^ _476_/RESET_B (sky130_fd_sc_hd__dfrtp_2)
                                              6.660867   data arrival time

                                 25.000000   25.000000   clock clk (rise edge)
                                  0.000000   25.000000   clock source latency
     2    0.019867    0.095149    0.065633   25.065632 ^ clk (in)
                                                         clk (net)
                      0.095166    0.000000   25.065632 ^ clkbuf_0_clk/A (sky130_fd_sc_hd__clkbuf_16)
     8    0.083891    0.100833    0.191418   25.257050 ^ clkbuf_0_clk/X (sky130_fd_sc_hd__clkbuf_16)
                                                         clknet_0_clk (net)
                      0.101100    0.003725   25.260775 ^ clkbuf_3_0__f_clk/A (sky130_fd_sc_hd__clkbuf_16)
    10    0.031133    0.052041    0.155755   25.416531 ^ clkbuf_3_0__f_clk/X (sky130_fd_sc_hd__clkbuf_16)
                                                         clknet_3_0__leaf_clk (net)
                      0.052044    0.000735   25.417265 ^ _476_/CLK (sky130_fd_sc_hd__dfrtp_2)
                                 -0.250000   25.167267   clock uncertainty
                                  0.000000   25.167267   clock reconvergence pessimism
                                  0.172208   25.339476   library recovery time
                                             25.339476   data required time
---------------------------------------------------------------------------------------------
                                             25.339476   data required time
                                             -6.660867   data arrival time
---------------------------------------------------------------------------------------------
                                             18.678610   slack (MET)


Startpoint: en (input port clocked by clk)
Endpoint: _477_ (recovery check against rising-edge clock clk)
Path Group: asynchronous
Path Type: max

Fanout         Cap        Slew       Delay        Time   Description
---------------------------------------------------------------------------------------------
                                  0.000000    0.000000   clock clk (rise edge)
                                  0.000000    0.000000   clock network delay (propagated)
                                  5.000000    5.000000 ^ input external delay
     2    0.004792    0.028385    0.017182    5.017182 ^ en (in)
                                                         en (net)
                      0.028385    0.000000    5.017182 ^ input1/A (sky130_fd_sc_hd__clkdlybuf4s25_1)
     1    0.001930    0.036429    0.230405    5.247587 ^ input1/X (sky130_fd_sc_hd__clkdlybuf4s25_1)
                                                         net1 (net)
                      0.036429    0.000053    5.247640 ^ _229_/B (sky130_fd_sc_hd__and2_2)
     1    0.004185    0.043239    0.132078    5.379719 ^ _229_/X (sky130_fd_sc_hd__and2_2)
                                                         TOP.n_rst (net)
                      0.043246    0.000110    5.379828 ^ fanout51/A (sky130_fd_sc_hd__clkdlybuf4s25_1)
     5    0.026321    0.268696    0.404426    5.784254 ^ fanout51/X (sky130_fd_sc_hd__clkdlybuf4s25_1)
                                                         net51 (net)
                      0.268696    0.000211    5.784465 ^ fanout40/A (sky130_fd_sc_hd__clkdlybuf4s25_1)
     5    0.024463    0.250878    0.453961    6.238426 ^ fanout40/X (sky130_fd_sc_hd__clkdlybuf4s25_1)
                                                         net40 (net)
                      0.250878    0.000919    6.239345 ^ fanout37/A (sky130_fd_sc_hd__clkdlybuf4s25_1)
     5    0.020236    0.209870    0.421164    6.660509 ^ fanout37/X (sky130_fd_sc_hd__clkdlybuf4s25_1)
                                                         net37 (net)
                      0.209870    0.000353    6.660862 ^ _477_/RESET_B (sky130_fd_sc_hd__dfrtp_2)
                                              6.660862   data arrival time

                                 25.000000   25.000000   clock clk (rise edge)
                                  0.000000   25.000000   clock source latency
     2    0.019867    0.095149    0.065633   25.065632 ^ clk (in)
                                                         clk (net)
                      0.095166    0.000000   25.065632 ^ clkbuf_0_clk/A (sky130_fd_sc_hd__clkbuf_16)
     8    0.083891    0.100833    0.191418   25.257050 ^ clkbuf_0_clk/X (sky130_fd_sc_hd__clkbuf_16)
                                                         clknet_0_clk (net)
                      0.101100    0.003725   25.260775 ^ clkbuf_3_0__f_clk/A (sky130_fd_sc_hd__clkbuf_16)
    10    0.031133    0.052041    0.155755   25.416531 ^ clkbuf_3_0__f_clk/X (sky130_fd_sc_hd__clkbuf_16)
                                                         clknet_3_0__leaf_clk (net)
                      0.052045    0.000821   25.417351 ^ _477_/CLK (sky130_fd_sc_hd__dfrtp_2)
                                 -0.250000   25.167351   clock uncertainty
                                  0.000000   25.167351   clock reconvergence pessimism
                                  0.172209   25.339560   library recovery time
                                             25.339560   data required time
---------------------------------------------------------------------------------------------
                                             25.339560   data required time
                                             -6.660862   data arrival time
---------------------------------------------------------------------------------------------
                                             18.678698   slack (MET)


Startpoint: en (input port clocked by clk)
Endpoint: _479_ (recovery check against rising-edge clock clk)
Path Group: asynchronous
Path Type: max

Fanout         Cap        Slew       Delay        Time   Description
---------------------------------------------------------------------------------------------
                                  0.000000    0.000000   clock clk (rise edge)
                                  0.000000    0.000000   clock network delay (propagated)
                                  5.000000    5.000000 ^ input external delay
     2    0.004792    0.028385    0.017182    5.017182 ^ en (in)
                                                         en (net)
                      0.028385    0.000000    5.017182 ^ input1/A (sky130_fd_sc_hd__clkdlybuf4s25_1)
     1    0.001930    0.036429    0.230405    5.247587 ^ input1/X (sky130_fd_sc_hd__clkdlybuf4s25_1)
                                                         net1 (net)
                      0.036429    0.000053    5.247640 ^ _229_/B (sky130_fd_sc_hd__and2_2)
     1    0.004185    0.043239    0.132078    5.379719 ^ _229_/X (sky130_fd_sc_hd__and2_2)
                                                         TOP.n_rst (net)
                      0.043246    0.000110    5.379828 ^ fanout51/A (sky130_fd_sc_hd__clkdlybuf4s25_1)
     5    0.026321    0.268696    0.404426    5.784254 ^ fanout51/X (sky130_fd_sc_hd__clkdlybuf4s25_1)
                                                         net51 (net)
                      0.268696    0.000211    5.784465 ^ fanout40/A (sky130_fd_sc_hd__clkdlybuf4s25_1)
     5    0.024463    0.250878    0.453961    6.238426 ^ fanout40/X (sky130_fd_sc_hd__clkdlybuf4s25_1)
                                                         net40 (net)
                      0.250878    0.000919    6.239345 ^ fanout37/A (sky130_fd_sc_hd__clkdlybuf4s25_1)
     5    0.020236    0.209870    0.421164    6.660509 ^ fanout37/X (sky130_fd_sc_hd__clkdlybuf4s25_1)
                                                         net37 (net)
                      0.209870    0.000389    6.660897 ^ _479_/RESET_B (sky130_fd_sc_hd__dfrtp_2)
                                              6.660897   data arrival time

                                 25.000000   25.000000   clock clk (rise edge)
                                  0.000000   25.000000   clock source latency
     2    0.019867    0.095149    0.065633   25.065632 ^ clk (in)
                                                         clk (net)
                      0.095166    0.000000   25.065632 ^ clkbuf_0_clk/A (sky130_fd_sc_hd__clkbuf_16)
     8    0.083891    0.100833    0.191418   25.257050 ^ clkbuf_0_clk/X (sky130_fd_sc_hd__clkbuf_16)
                                                         clknet_0_clk (net)
                      0.101087    0.003604   25.260654 ^ clkbuf_3_1__f_clk/A (sky130_fd_sc_hd__clkbuf_16)
    10    0.036358    0.056462    0.159432   25.420086 ^ clkbuf_3_1__f_clk/X (sky130_fd_sc_hd__clkbuf_16)
                                                         clknet_3_1__leaf_clk (net)
                      0.056558    0.001380   25.421467 ^ _479_/CLK (sky130_fd_sc_hd__dfrtp_2)
                                 -0.250000   25.171467   clock uncertainty
                                  0.000000   25.171467   clock reconvergence pessimism
                                  0.173632   25.345098   library recovery time
                                             25.345098   data required time
---------------------------------------------------------------------------------------------
                                             25.345098   data required time
                                             -6.660897   data arrival time
---------------------------------------------------------------------------------------------
                                             18.684202   slack (MET)


Startpoint: en (input port clocked by clk)
Endpoint: _481_ (recovery check against rising-edge clock clk)
Path Group: asynchronous
Path Type: max

Fanout         Cap        Slew       Delay        Time   Description
---------------------------------------------------------------------------------------------
                                  0.000000    0.000000   clock clk (rise edge)
                                  0.000000    0.000000   clock network delay (propagated)
                                  5.000000    5.000000 ^ input external delay
     2    0.004792    0.028385    0.017182    5.017182 ^ en (in)
                                                         en (net)
                      0.028385    0.000000    5.017182 ^ input1/A (sky130_fd_sc_hd__clkdlybuf4s25_1)
     1    0.001930    0.036429    0.230405    5.247587 ^ input1/X (sky130_fd_sc_hd__clkdlybuf4s25_1)
                                                         net1 (net)
                      0.036429    0.000053    5.247640 ^ _229_/B (sky130_fd_sc_hd__and2_2)
     1    0.004185    0.043239    0.132078    5.379719 ^ _229_/X (sky130_fd_sc_hd__and2_2)
                                                         TOP.n_rst (net)
                      0.043246    0.000110    5.379828 ^ fanout51/A (sky130_fd_sc_hd__clkdlybuf4s25_1)
     5    0.026321    0.268696    0.404426    5.784254 ^ fanout51/X (sky130_fd_sc_hd__clkdlybuf4s25_1)
                                                         net51 (net)
                      0.268696    0.000211    5.784465 ^ fanout40/A (sky130_fd_sc_hd__clkdlybuf4s25_1)
     5    0.024463    0.250878    0.453961    6.238426 ^ fanout40/X (sky130_fd_sc_hd__clkdlybuf4s25_1)
                                                         net40 (net)
                      0.250878    0.000919    6.239345 ^ fanout37/A (sky130_fd_sc_hd__clkdlybuf4s25_1)
     5    0.020236    0.209870    0.421164    6.660509 ^ fanout37/X (sky130_fd_sc_hd__clkdlybuf4s25_1)
                                                         net37 (net)
                      0.209870    0.000417    6.660926 ^ _481_/RESET_B (sky130_fd_sc_hd__dfrtp_2)
                                              6.660926   data arrival time

                                 25.000000   25.000000   clock clk (rise edge)
                                  0.000000   25.000000   clock source latency
     2    0.019867    0.095149    0.065633   25.065632 ^ clk (in)
                                                         clk (net)
                      0.095166    0.000000   25.065632 ^ clkbuf_0_clk/A (sky130_fd_sc_hd__clkbuf_16)
     8    0.083891    0.100833    0.191418   25.257050 ^ clkbuf_0_clk/X (sky130_fd_sc_hd__clkbuf_16)
                                                         clknet_0_clk (net)
                      0.101087    0.003604   25.260654 ^ clkbuf_3_1__f_clk/A (sky130_fd_sc_hd__clkbuf_16)
    10    0.036358    0.056462    0.159432   25.420086 ^ clkbuf_3_1__f_clk/X (sky130_fd_sc_hd__clkbuf_16)
                                                         clknet_3_1__leaf_clk (net)
                      0.056564    0.001460   25.421547 ^ _481_/CLK (sky130_fd_sc_hd__dfrtp_2)
                                 -0.250000   25.171547   clock uncertainty
                                  0.000000   25.171547   clock reconvergence pessimism
                                  0.173634   25.345181   library recovery time
                                             25.345181   data required time
---------------------------------------------------------------------------------------------
                                             25.345181   data required time
                                             -6.660926   data arrival time
---------------------------------------------------------------------------------------------
                                             18.684256   slack (MET)


Startpoint: en (input port clocked by clk)
Endpoint: _426_ (recovery check against rising-edge clock clk)
Path Group: asynchronous
Path Type: max

Fanout         Cap        Slew       Delay        Time   Description
---------------------------------------------------------------------------------------------
                                  0.000000    0.000000   clock clk (rise edge)
                                  0.000000    0.000000   clock network delay (propagated)
                                  5.000000    5.000000 ^ input external delay
     2    0.004792    0.028385    0.017182    5.017182 ^ en (in)
                                                         en (net)
                      0.028385    0.000000    5.017182 ^ input1/A (sky130_fd_sc_hd__clkdlybuf4s25_1)
     1    0.001930    0.036429    0.230405    5.247587 ^ input1/X (sky130_fd_sc_hd__clkdlybuf4s25_1)
                                                         net1 (net)
                      0.036429    0.000053    5.247640 ^ _229_/B (sky130_fd_sc_hd__and2_2)
     1    0.004185    0.043239    0.132078    5.379719 ^ _229_/X (sky130_fd_sc_hd__and2_2)
                                                         TOP.n_rst (net)
                      0.043246    0.000110    5.379828 ^ fanout51/A (sky130_fd_sc_hd__clkdlybuf4s25_1)
     5    0.026321    0.268696    0.404426    5.784254 ^ fanout51/X (sky130_fd_sc_hd__clkdlybuf4s25_1)
                                                         net51 (net)
                      0.268696    0.000233    5.784487 ^ fanout43/A (sky130_fd_sc_hd__clkdlybuf4s25_1)
     2    0.006547    0.078459    0.331358    6.115845 ^ fanout43/X (sky130_fd_sc_hd__clkdlybuf4s25_1)
                                                         net43 (net)
                      0.078459    0.000142    6.115987 ^ fanout41/A (sky130_fd_sc_hd__clkdlybuf4s25_1)
     3    0.011246    0.123106    0.313497    6.429484 ^ fanout41/X (sky130_fd_sc_hd__clkdlybuf4s25_1)
                                                         net41 (net)
                      0.123106    0.000218    6.429702 ^ load_slew42/A (sky130_fd_sc_hd__buf_4)
     8    0.040829    0.119367    0.195965    6.625668 ^ load_slew42/X (sky130_fd_sc_hd__buf_4)
                                                         net42 (net)
                      0.119416    0.002276    6.627943 ^ _426_/RESET_B (sky130_fd_sc_hd__dfrtp_2)
                                              6.627943   data arrival time

                                 25.000000   25.000000   clock clk (rise edge)
                                  0.000000   25.000000   clock source latency
     2    0.019867    0.095149    0.065633   25.065632 ^ clk (in)
                                                         clk (net)
                      0.095166    0.000000   25.065632 ^ clkbuf_0_clk/A (sky130_fd_sc_hd__clkbuf_16)
     8    0.083891    0.100833    0.191418   25.257050 ^ clkbuf_0_clk/X (sky130_fd_sc_hd__clkbuf_16)
                                                         clknet_0_clk (net)
                      0.101134    0.003997   25.261047 ^ clkbuf_3_3__f_clk/A (sky130_fd_sc_hd__clkbuf_16)
    10    0.029890    0.050956    0.154790   25.415836 ^ clkbuf_3_3__f_clk/X (sky130_fd_sc_hd__clkbuf_16)
                                                         clknet_3_3__leaf_clk (net)
                      0.050962    0.001020   25.416857 ^ _426_/CLK (sky130_fd_sc_hd__dfrtp_2)
                                 -0.250000   25.166859   clock uncertainty
                                  0.000000   25.166859   clock reconvergence pessimism
                                  0.198831   25.365688   library recovery time
                                             25.365688   data required time
---------------------------------------------------------------------------------------------
                                             25.365688   data required time
                                             -6.627943   data arrival time
---------------------------------------------------------------------------------------------
                                             18.737745   slack (MET)


Startpoint: en (input port clocked by clk)
Endpoint: _424_ (recovery check against rising-edge clock clk)
Path Group: asynchronous
Path Type: max

Fanout         Cap        Slew       Delay        Time   Description
---------------------------------------------------------------------------------------------
                                  0.000000    0.000000   clock clk (rise edge)
                                  0.000000    0.000000   clock network delay (propagated)
                                  5.000000    5.000000 ^ input external delay
     2    0.004792    0.028385    0.017182    5.017182 ^ en (in)
                                                         en (net)
                      0.028385    0.000000    5.017182 ^ input1/A (sky130_fd_sc_hd__clkdlybuf4s25_1)
     1    0.001930    0.036429    0.230405    5.247587 ^ input1/X (sky130_fd_sc_hd__clkdlybuf4s25_1)
                                                         net1 (net)
                      0.036429    0.000053    5.247640 ^ _229_/B (sky130_fd_sc_hd__and2_2)
     1    0.004185    0.043239    0.132078    5.379719 ^ _229_/X (sky130_fd_sc_hd__and2_2)
                                                         TOP.n_rst (net)
                      0.043246    0.000110    5.379828 ^ fanout51/A (sky130_fd_sc_hd__clkdlybuf4s25_1)
     5    0.026321    0.268696    0.404426    5.784254 ^ fanout51/X (sky130_fd_sc_hd__clkdlybuf4s25_1)
                                                         net51 (net)
                      0.268696    0.000233    5.784487 ^ fanout43/A (sky130_fd_sc_hd__clkdlybuf4s25_1)
     2    0.006547    0.078459    0.331358    6.115845 ^ fanout43/X (sky130_fd_sc_hd__clkdlybuf4s25_1)
                                                         net43 (net)
                      0.078459    0.000142    6.115987 ^ fanout41/A (sky130_fd_sc_hd__clkdlybuf4s25_1)
     3    0.011246    0.123106    0.313497    6.429484 ^ fanout41/X (sky130_fd_sc_hd__clkdlybuf4s25_1)
                                                         net41 (net)
                      0.123106    0.000218    6.429702 ^ load_slew42/A (sky130_fd_sc_hd__buf_4)
     8    0.040829    0.119367    0.195965    6.625668 ^ load_slew42/X (sky130_fd_sc_hd__buf_4)
                                                         net42 (net)
                      0.119402    0.001964    6.627632 ^ _424_/RESET_B (sky130_fd_sc_hd__dfrtp_2)
                                              6.627632   data arrival time

                                 25.000000   25.000000   clock clk (rise edge)
                                  0.000000   25.000000   clock source latency
     2    0.019867    0.095149    0.065633   25.065632 ^ clk (in)
                                                         clk (net)
                      0.095166    0.000000   25.065632 ^ clkbuf_0_clk/A (sky130_fd_sc_hd__clkbuf_16)
     8    0.083891    0.100833    0.191418   25.257050 ^ clkbuf_0_clk/X (sky130_fd_sc_hd__clkbuf_16)
                                                         clknet_0_clk (net)
                      0.101134    0.003997   25.261047 ^ clkbuf_3_3__f_clk/A (sky130_fd_sc_hd__clkbuf_16)
    10    0.029890    0.050956    0.154790   25.415836 ^ clkbuf_3_3__f_clk/X (sky130_fd_sc_hd__clkbuf_16)
                                                         clknet_3_3__leaf_clk (net)
                      0.050961    0.000959   25.416796 ^ _424_/CLK (sky130_fd_sc_hd__dfrtp_2)
                                 -0.250000   25.166798   clock uncertainty
                                  0.000000   25.166798   clock reconvergence pessimism
                                  0.198835   25.365633   library recovery time
                                             25.365633   data required time
---------------------------------------------------------------------------------------------
                                             25.365633   data required time
                                             -6.627632   data arrival time
---------------------------------------------------------------------------------------------
                                             18.738001   slack (MET)


Startpoint: en (input port clocked by clk)
Endpoint: _439_ (recovery check against rising-edge clock clk)
Path Group: asynchronous
Path Type: max

Fanout         Cap        Slew       Delay        Time   Description
---------------------------------------------------------------------------------------------
                                  0.000000    0.000000   clock clk (rise edge)
                                  0.000000    0.000000   clock network delay (propagated)
                                  5.000000    5.000000 ^ input external delay
     2    0.004792    0.028385    0.017182    5.017182 ^ en (in)
                                                         en (net)
                      0.028385    0.000000    5.017182 ^ input1/A (sky130_fd_sc_hd__clkdlybuf4s25_1)
     1    0.001930    0.036429    0.230405    5.247587 ^ input1/X (sky130_fd_sc_hd__clkdlybuf4s25_1)
                                                         net1 (net)
                      0.036429    0.000053    5.247640 ^ _229_/B (sky130_fd_sc_hd__and2_2)
     1    0.004185    0.043239    0.132078    5.379719 ^ _229_/X (sky130_fd_sc_hd__and2_2)
                                                         TOP.n_rst (net)
                      0.043246    0.000110    5.379828 ^ fanout51/A (sky130_fd_sc_hd__clkdlybuf4s25_1)
     5    0.026321    0.268696    0.404426    5.784254 ^ fanout51/X (sky130_fd_sc_hd__clkdlybuf4s25_1)
                                                         net51 (net)
                      0.268696    0.000233    5.784487 ^ fanout43/A (sky130_fd_sc_hd__clkdlybuf4s25_1)
     2    0.006547    0.078459    0.331358    6.115845 ^ fanout43/X (sky130_fd_sc_hd__clkdlybuf4s25_1)
                                                         net43 (net)
                      0.078459    0.000142    6.115987 ^ fanout41/A (sky130_fd_sc_hd__clkdlybuf4s25_1)
     3    0.011246    0.123106    0.313497    6.429484 ^ fanout41/X (sky130_fd_sc_hd__clkdlybuf4s25_1)
                                                         net41 (net)
                      0.123106    0.000218    6.429702 ^ load_slew42/A (sky130_fd_sc_hd__buf_4)
     8    0.040829    0.119367    0.195965    6.625668 ^ load_slew42/X (sky130_fd_sc_hd__buf_4)
                                                         net42 (net)
                      0.119393    0.001731    6.627398 ^ _439_/RESET_B (sky130_fd_sc_hd__dfrtp_2)
                                              6.627398   data arrival time

                                 25.000000   25.000000   clock clk (rise edge)
                                  0.000000   25.000000   clock source latency
     2    0.019867    0.095149    0.065633   25.065632 ^ clk (in)
                                                         clk (net)
                      0.095166    0.000000   25.065632 ^ clkbuf_0_clk/A (sky130_fd_sc_hd__clkbuf_16)
     8    0.083891    0.100833    0.191418   25.257050 ^ clkbuf_0_clk/X (sky130_fd_sc_hd__clkbuf_16)
                                                         clknet_0_clk (net)
                      0.101100    0.003725   25.260775 ^ clkbuf_3_0__f_clk/A (sky130_fd_sc_hd__clkbuf_16)
    10    0.031133    0.052041    0.155755   25.416531 ^ clkbuf_3_0__f_clk/X (sky130_fd_sc_hd__clkbuf_16)
                                                         clknet_3_0__leaf_clk (net)
                      0.052043    0.000579   25.417109 ^ _439_/CLK (sky130_fd_sc_hd__dfrtp_2)
                                 -0.250000   25.167110   clock uncertainty
                                  0.000000   25.167110   clock reconvergence pessimism
                                  0.199174   25.366283   library recovery time
                                             25.366283   data required time
---------------------------------------------------------------------------------------------
                                             25.366283   data required time
                                             -6.627398   data arrival time
---------------------------------------------------------------------------------------------
                                             18.738884   slack (MET)


Startpoint: en (input port clocked by clk)
Endpoint: _423_ (recovery check against rising-edge clock clk)
Path Group: asynchronous
Path Type: max

Fanout         Cap        Slew       Delay        Time   Description
---------------------------------------------------------------------------------------------
                                  0.000000    0.000000   clock clk (rise edge)
                                  0.000000    0.000000   clock network delay (propagated)
                                  5.000000    5.000000 ^ input external delay
     2    0.004792    0.028385    0.017182    5.017182 ^ en (in)
                                                         en (net)
                      0.028385    0.000000    5.017182 ^ input1/A (sky130_fd_sc_hd__clkdlybuf4s25_1)
     1    0.001930    0.036429    0.230405    5.247587 ^ input1/X (sky130_fd_sc_hd__clkdlybuf4s25_1)
                                                         net1 (net)
                      0.036429    0.000053    5.247640 ^ _229_/B (sky130_fd_sc_hd__and2_2)
     1    0.004185    0.043239    0.132078    5.379719 ^ _229_/X (sky130_fd_sc_hd__and2_2)
                                                         TOP.n_rst (net)
                      0.043246    0.000110    5.379828 ^ fanout51/A (sky130_fd_sc_hd__clkdlybuf4s25_1)
     5    0.026321    0.268696    0.404426    5.784254 ^ fanout51/X (sky130_fd_sc_hd__clkdlybuf4s25_1)
                                                         net51 (net)
                      0.268696    0.000233    5.784487 ^ fanout43/A (sky130_fd_sc_hd__clkdlybuf4s25_1)
     2    0.006547    0.078459    0.331358    6.115845 ^ fanout43/X (sky130_fd_sc_hd__clkdlybuf4s25_1)
                                                         net43 (net)
                      0.078459    0.000142    6.115987 ^ fanout41/A (sky130_fd_sc_hd__clkdlybuf4s25_1)
     3    0.011246    0.123106    0.313497    6.429484 ^ fanout41/X (sky130_fd_sc_hd__clkdlybuf4s25_1)
                                                         net41 (net)
                      0.123106    0.000218    6.429702 ^ load_slew42/A (sky130_fd_sc_hd__buf_4)
     8    0.040829    0.119367    0.195965    6.625668 ^ load_slew42/X (sky130_fd_sc_hd__buf_4)
                                                         net42 (net)
                      0.119379    0.001302    6.626970 ^ _423_/RESET_B (sky130_fd_sc_hd__dfrtp_2)
                                              6.626970   data arrival time

                                 25.000000   25.000000   clock clk (rise edge)
                                  0.000000   25.000000   clock source latency
     2    0.019867    0.095149    0.065633   25.065632 ^ clk (in)
                                                         clk (net)
                      0.095166    0.000000   25.065632 ^ clkbuf_0_clk/A (sky130_fd_sc_hd__clkbuf_16)
     8    0.083891    0.100833    0.191418   25.257050 ^ clkbuf_0_clk/X (sky130_fd_sc_hd__clkbuf_16)
                                                         clknet_0_clk (net)
                      0.101100    0.003725   25.260775 ^ clkbuf_3_0__f_clk/A (sky130_fd_sc_hd__clkbuf_16)
    10    0.031133    0.052041    0.155755   25.416531 ^ clkbuf_3_0__f_clk/X (sky130_fd_sc_hd__clkbuf_16)
                                                         clknet_3_0__leaf_clk (net)
                      0.052043    0.000595   25.417126 ^ _423_/CLK (sky130_fd_sc_hd__dfrtp_2)
                                 -0.250000   25.167126   clock uncertainty
                                  0.000000   25.167126   clock reconvergence pessimism
                                  0.199178   25.366304   library recovery time
                                             25.366304   data required time
---------------------------------------------------------------------------------------------
                                             25.366304   data required time
                                             -6.626970   data arrival time
---------------------------------------------------------------------------------------------
                                             18.739334   slack (MET)


Startpoint: en (input port clocked by clk)
Endpoint: _427_ (recovery check against rising-edge clock clk)
Path Group: asynchronous
Path Type: max

Fanout         Cap        Slew       Delay        Time   Description
---------------------------------------------------------------------------------------------
                                  0.000000    0.000000   clock clk (rise edge)
                                  0.000000    0.000000   clock network delay (propagated)
                                  5.000000    5.000000 ^ input external delay
     2    0.004792    0.028385    0.017182    5.017182 ^ en (in)
                                                         en (net)
                      0.028385    0.000000    5.017182 ^ input1/A (sky130_fd_sc_hd__clkdlybuf4s25_1)
     1    0.001930    0.036429    0.230405    5.247587 ^ input1/X (sky130_fd_sc_hd__clkdlybuf4s25_1)
                                                         net1 (net)
                      0.036429    0.000053    5.247640 ^ _229_/B (sky130_fd_sc_hd__and2_2)
     1    0.004185    0.043239    0.132078    5.379719 ^ _229_/X (sky130_fd_sc_hd__and2_2)
                                                         TOP.n_rst (net)
                      0.043246    0.000110    5.379828 ^ fanout51/A (sky130_fd_sc_hd__clkdlybuf4s25_1)
     5    0.026321    0.268696    0.404426    5.784254 ^ fanout51/X (sky130_fd_sc_hd__clkdlybuf4s25_1)
                                                         net51 (net)
                      0.268696    0.000233    5.784487 ^ fanout43/A (sky130_fd_sc_hd__clkdlybuf4s25_1)
     2    0.006547    0.078459    0.331358    6.115845 ^ fanout43/X (sky130_fd_sc_hd__clkdlybuf4s25_1)
                                                         net43 (net)
                      0.078459    0.000142    6.115987 ^ fanout41/A (sky130_fd_sc_hd__clkdlybuf4s25_1)
     3    0.011246    0.123106    0.313497    6.429484 ^ fanout41/X (sky130_fd_sc_hd__clkdlybuf4s25_1)
                                                         net41 (net)
                      0.123106    0.000218    6.429702 ^ load_slew42/A (sky130_fd_sc_hd__buf_4)
     8    0.040829    0.119367    0.195965    6.625668 ^ load_slew42/X (sky130_fd_sc_hd__buf_4)
                                                         net42 (net)
                      0.119425    0.002443    6.628111 ^ _427_/RESET_B (sky130_fd_sc_hd__dfrtp_2)
                                              6.628111   data arrival time

                                 25.000000   25.000000   clock clk (rise edge)
                                  0.000000   25.000000   clock source latency
     2    0.019867    0.095149    0.065633   25.065632 ^ clk (in)
                                                         clk (net)
                      0.095166    0.000000   25.065632 ^ clkbuf_0_clk/A (sky130_fd_sc_hd__clkbuf_16)
     8    0.083891    0.100833    0.191418   25.257050 ^ clkbuf_0_clk/X (sky130_fd_sc_hd__clkbuf_16)
                                                         clknet_0_clk (net)
                      0.101136    0.004015   25.261065 ^ clkbuf_3_2__f_clk/A (sky130_fd_sc_hd__clkbuf_16)
    10    0.035070    0.055414    0.158654   25.419718 ^ clkbuf_3_2__f_clk/X (sky130_fd_sc_hd__clkbuf_16)
                                                         clknet_3_2__leaf_clk (net)
                      0.055439    0.000716   25.420435 ^ _427_/CLK (sky130_fd_sc_hd__dfrtp_2)
                                 -0.250000   25.170435   clock uncertainty
                                  0.000000   25.170435   clock reconvergence pessimism
                                  0.200219   25.370653   library recovery time
                                             25.370653   data required time
---------------------------------------------------------------------------------------------
                                             25.370653   data required time
                                             -6.628111   data arrival time
---------------------------------------------------------------------------------------------
                                             18.742542   slack (MET)


Startpoint: en (input port clocked by clk)
Endpoint: _418_ (recovery check against rising-edge clock clk)
Path Group: asynchronous
Path Type: max

Fanout         Cap        Slew       Delay        Time   Description
---------------------------------------------------------------------------------------------
                                  0.000000    0.000000   clock clk (rise edge)
                                  0.000000    0.000000   clock network delay (propagated)
                                  5.000000    5.000000 ^ input external delay
     2    0.004792    0.028385    0.017182    5.017182 ^ en (in)
                                                         en (net)
                      0.028385    0.000000    5.017182 ^ input1/A (sky130_fd_sc_hd__clkdlybuf4s25_1)
     1    0.001930    0.036429    0.230405    5.247587 ^ input1/X (sky130_fd_sc_hd__clkdlybuf4s25_1)
                                                         net1 (net)
                      0.036429    0.000053    5.247640 ^ _229_/B (sky130_fd_sc_hd__and2_2)
     1    0.004185    0.043239    0.132078    5.379719 ^ _229_/X (sky130_fd_sc_hd__and2_2)
                                                         TOP.n_rst (net)
                      0.043246    0.000110    5.379828 ^ fanout51/A (sky130_fd_sc_hd__clkdlybuf4s25_1)
     5    0.026321    0.268696    0.404426    5.784254 ^ fanout51/X (sky130_fd_sc_hd__clkdlybuf4s25_1)
                                                         net51 (net)
                      0.268696    0.000233    5.784487 ^ fanout43/A (sky130_fd_sc_hd__clkdlybuf4s25_1)
     2    0.006547    0.078459    0.331358    6.115845 ^ fanout43/X (sky130_fd_sc_hd__clkdlybuf4s25_1)
                                                         net43 (net)
                      0.078459    0.000142    6.115987 ^ fanout41/A (sky130_fd_sc_hd__clkdlybuf4s25_1)
     3    0.011246    0.123106    0.313497    6.429484 ^ fanout41/X (sky130_fd_sc_hd__clkdlybuf4s25_1)
                                                         net41 (net)
                      0.123106    0.000218    6.429702 ^ load_slew42/A (sky130_fd_sc_hd__buf_4)
     8    0.040829    0.119367    0.195965    6.625668 ^ load_slew42/X (sky130_fd_sc_hd__buf_4)
                                                         net42 (net)
                      0.119423    0.002391    6.628059 ^ _418_/RESET_B (sky130_fd_sc_hd__dfrtp_2)
                                              6.628059   data arrival time

                                 25.000000   25.000000   clock clk (rise edge)
                                  0.000000   25.000000   clock source latency
     2    0.019867    0.095149    0.065633   25.065632 ^ clk (in)
                                                         clk (net)
                      0.095166    0.000000   25.065632 ^ clkbuf_0_clk/A (sky130_fd_sc_hd__clkbuf_16)
     8    0.083891    0.100833    0.191418   25.257050 ^ clkbuf_0_clk/X (sky130_fd_sc_hd__clkbuf_16)
                                                         clknet_0_clk (net)
                      0.101136    0.004015   25.261065 ^ clkbuf_3_2__f_clk/A (sky130_fd_sc_hd__clkbuf_16)
    10    0.035070    0.055414    0.158654   25.419718 ^ clkbuf_3_2__f_clk/X (sky130_fd_sc_hd__clkbuf_16)
                                                         clknet_3_2__leaf_clk (net)
                      0.055438    0.000693   25.420412 ^ _418_/CLK (sky130_fd_sc_hd__dfrtp_2)
                                 -0.250000   25.170412   clock uncertainty
                                  0.000000   25.170412   clock reconvergence pessimism
                                  0.200220   25.370632   library recovery time
                                             25.370632   data required time
---------------------------------------------------------------------------------------------
                                             25.370632   data required time
                                             -6.628059   data arrival time
---------------------------------------------------------------------------------------------
                                             18.742573   slack (MET)


Startpoint: en (input port clocked by clk)
Endpoint: _421_ (recovery check against rising-edge clock clk)
Path Group: asynchronous
Path Type: max

Fanout         Cap        Slew       Delay        Time   Description
---------------------------------------------------------------------------------------------
                                  0.000000    0.000000   clock clk (rise edge)
                                  0.000000    0.000000   clock network delay (propagated)
                                  5.000000    5.000000 ^ input external delay
     2    0.004792    0.028385    0.017182    5.017182 ^ en (in)
                                                         en (net)
                      0.028385    0.000000    5.017182 ^ input1/A (sky130_fd_sc_hd__clkdlybuf4s25_1)
     1    0.001930    0.036429    0.230405    5.247587 ^ input1/X (sky130_fd_sc_hd__clkdlybuf4s25_1)
                                                         net1 (net)
                      0.036429    0.000053    5.247640 ^ _229_/B (sky130_fd_sc_hd__and2_2)
     1    0.004185    0.043239    0.132078    5.379719 ^ _229_/X (sky130_fd_sc_hd__and2_2)
                                                         TOP.n_rst (net)
                      0.043246    0.000110    5.379828 ^ fanout51/A (sky130_fd_sc_hd__clkdlybuf4s25_1)
     5    0.026321    0.268696    0.404426    5.784254 ^ fanout51/X (sky130_fd_sc_hd__clkdlybuf4s25_1)
                                                         net51 (net)
                      0.268696    0.000233    5.784487 ^ fanout43/A (sky130_fd_sc_hd__clkdlybuf4s25_1)
     2    0.006547    0.078459    0.331358    6.115845 ^ fanout43/X (sky130_fd_sc_hd__clkdlybuf4s25_1)
                                                         net43 (net)
                      0.078459    0.000142    6.115987 ^ fanout41/A (sky130_fd_sc_hd__clkdlybuf4s25_1)
     3    0.011246    0.123106    0.313497    6.429484 ^ fanout41/X (sky130_fd_sc_hd__clkdlybuf4s25_1)
                                                         net41 (net)
                      0.123106    0.000218    6.429702 ^ load_slew42/A (sky130_fd_sc_hd__buf_4)
     8    0.040829    0.119367    0.195965    6.625668 ^ load_slew42/X (sky130_fd_sc_hd__buf_4)
                                                         net42 (net)
                      0.119404    0.002005    6.627672 ^ _421_/RESET_B (sky130_fd_sc_hd__dfrtp_2)
                                              6.627672   data arrival time

                                 25.000000   25.000000   clock clk (rise edge)
                                  0.000000   25.000000   clock source latency
     2    0.019867    0.095149    0.065633   25.065632 ^ clk (in)
                                                         clk (net)
                      0.095166    0.000000   25.065632 ^ clkbuf_0_clk/A (sky130_fd_sc_hd__clkbuf_16)
     8    0.083891    0.100833    0.191418   25.257050 ^ clkbuf_0_clk/X (sky130_fd_sc_hd__clkbuf_16)
                                                         clknet_0_clk (net)
                      0.101136    0.004015   25.261065 ^ clkbuf_3_2__f_clk/A (sky130_fd_sc_hd__clkbuf_16)
    10    0.035070    0.055414    0.158654   25.419718 ^ clkbuf_3_2__f_clk/X (sky130_fd_sc_hd__clkbuf_16)
                                                         clknet_3_2__leaf_clk (net)
                      0.055436    0.000652   25.420370 ^ _421_/CLK (sky130_fd_sc_hd__dfrtp_2)
                                 -0.250000   25.170372   clock uncertainty
                                  0.000000   25.170372   clock reconvergence pessimism
                                  0.200225   25.370596   library recovery time
                                             25.370596   data required time
---------------------------------------------------------------------------------------------
                                             25.370596   data required time
                                             -6.627672   data arrival time
---------------------------------------------------------------------------------------------
                                             18.742922   slack (MET)


Startpoint: en (input port clocked by clk)
Endpoint: _463_ (recovery check against rising-edge clock clk)
Path Group: asynchronous
Path Type: max

Fanout         Cap        Slew       Delay        Time   Description
---------------------------------------------------------------------------------------------
                                  0.000000    0.000000   clock clk (rise edge)
                                  0.000000    0.000000   clock network delay (propagated)
                                  5.000000    5.000000 ^ input external delay
     2    0.004792    0.028385    0.017182    5.017182 ^ en (in)
                                                         en (net)
                      0.028385    0.000000    5.017182 ^ input1/A (sky130_fd_sc_hd__clkdlybuf4s25_1)
     1    0.001930    0.036429    0.230405    5.247587 ^ input1/X (sky130_fd_sc_hd__clkdlybuf4s25_1)
                                                         net1 (net)
                      0.036429    0.000053    5.247640 ^ _229_/B (sky130_fd_sc_hd__and2_2)
     1    0.004185    0.043239    0.132078    5.379719 ^ _229_/X (sky130_fd_sc_hd__and2_2)
                                                         TOP.n_rst (net)
                      0.043246    0.000110    5.379828 ^ fanout51/A (sky130_fd_sc_hd__clkdlybuf4s25_1)
     5    0.026321    0.268696    0.404426    5.784254 ^ fanout51/X (sky130_fd_sc_hd__clkdlybuf4s25_1)
                                                         net51 (net)
                      0.268696    0.000233    5.784487 ^ fanout43/A (sky130_fd_sc_hd__clkdlybuf4s25_1)
     2    0.006547    0.078459    0.331358    6.115845 ^ fanout43/X (sky130_fd_sc_hd__clkdlybuf4s25_1)
                                                         net43 (net)
                      0.078459    0.000142    6.115987 ^ fanout41/A (sky130_fd_sc_hd__clkdlybuf4s25_1)
     3    0.011246    0.123106    0.313497    6.429484 ^ fanout41/X (sky130_fd_sc_hd__clkdlybuf4s25_1)
                                                         net41 (net)
                      0.123106    0.000218    6.429702 ^ load_slew42/A (sky130_fd_sc_hd__buf_4)
     8    0.040829    0.119367    0.195965    6.625668 ^ load_slew42/X (sky130_fd_sc_hd__buf_4)
                                                         net42 (net)
                      0.119394    0.001759    6.627427 ^ _463_/RESET_B (sky130_fd_sc_hd__dfrtp_2)
                                              6.627427   data arrival time

                                 25.000000   25.000000   clock clk (rise edge)
                                  0.000000   25.000000   clock source latency
     2    0.019867    0.095149    0.065633   25.065632 ^ clk (in)
                                                         clk (net)
                      0.095166    0.000000   25.065632 ^ clkbuf_0_clk/A (sky130_fd_sc_hd__clkbuf_16)
     8    0.083891    0.100833    0.191418   25.257050 ^ clkbuf_0_clk/X (sky130_fd_sc_hd__clkbuf_16)
                                                         clknet_0_clk (net)
                      0.101136    0.004015   25.261065 ^ clkbuf_3_2__f_clk/A (sky130_fd_sc_hd__clkbuf_16)
    10    0.035070    0.055414    0.158654   25.419718 ^ clkbuf_3_2__f_clk/X (sky130_fd_sc_hd__clkbuf_16)
                                                         clknet_3_2__leaf_clk (net)
                      0.055443    0.000805   25.420523 ^ _463_/CLK (sky130_fd_sc_hd__dfrtp_2)
                                 -0.250000   25.170525   clock uncertainty
                                  0.000000   25.170525   clock reconvergence pessimism
                                  0.200230   25.370754   library recovery time
                                             25.370754   data required time
---------------------------------------------------------------------------------------------
                                             25.370754   data required time
                                             -6.627427   data arrival time
---------------------------------------------------------------------------------------------
                                             18.743326   slack (MET)


Startpoint: en (input port clocked by clk)
Endpoint: _471_ (recovery check against rising-edge clock clk)
Path Group: asynchronous
Path Type: max

Fanout         Cap        Slew       Delay        Time   Description
---------------------------------------------------------------------------------------------
                                  0.000000    0.000000   clock clk (rise edge)
                                  0.000000    0.000000   clock network delay (propagated)
                                  5.000000    5.000000 ^ input external delay
     2    0.004792    0.028385    0.017182    5.017182 ^ en (in)
                                                         en (net)
                      0.028385    0.000000    5.017182 ^ input1/A (sky130_fd_sc_hd__clkdlybuf4s25_1)
     1    0.001930    0.036429    0.230405    5.247587 ^ input1/X (sky130_fd_sc_hd__clkdlybuf4s25_1)
                                                         net1 (net)
                      0.036429    0.000053    5.247640 ^ _229_/B (sky130_fd_sc_hd__and2_2)
     1    0.004185    0.043239    0.132078    5.379719 ^ _229_/X (sky130_fd_sc_hd__and2_2)
                                                         TOP.n_rst (net)
                      0.043246    0.000110    5.379828 ^ fanout51/A (sky130_fd_sc_hd__clkdlybuf4s25_1)
     5    0.026321    0.268696    0.404426    5.784254 ^ fanout51/X (sky130_fd_sc_hd__clkdlybuf4s25_1)
                                                         net51 (net)
                      0.268696    0.000752    5.785006 ^ fanout50/A (sky130_fd_sc_hd__clkdlybuf4s25_1)
     9    0.044441    0.445456    0.589911    6.374917 ^ fanout50/X (sky130_fd_sc_hd__clkdlybuf4s25_1)
                                                         net50 (net)
                      0.445460    0.002190    6.377107 ^ _471_/RESET_B (sky130_fd_sc_hd__dfrtp_2)
                                              6.377107   data arrival time

                                 25.000000   25.000000   clock clk (rise edge)
                                  0.000000   25.000000   clock source latency
     2    0.019867    0.095149    0.065633   25.065632 ^ clk (in)
                                                         clk (net)
                      0.095166    0.000000   25.065632 ^ clkbuf_0_clk/A (sky130_fd_sc_hd__clkbuf_16)
     8    0.083891    0.100833    0.191418   25.257050 ^ clkbuf_0_clk/X (sky130_fd_sc_hd__clkbuf_16)
                                                         clknet_0_clk (net)
                      0.100929    0.001664   25.258715 ^ clkbuf_3_7__f_clk/A (sky130_fd_sc_hd__clkbuf_16)
     9    0.027056    0.048206    0.152609   25.411324 ^ clkbuf_3_7__f_clk/X (sky130_fd_sc_hd__clkbuf_16)
                                                         clknet_3_7__leaf_clk (net)
                      0.048207    0.000259   25.411583 ^ _471_/CLK (sky130_fd_sc_hd__dfrtp_2)
                                 -0.250000   25.161583   clock uncertainty
                                  0.000000   25.161583   clock reconvergence pessimism
                                  0.100737   25.262321   library recovery time
                                             25.262321   data required time
---------------------------------------------------------------------------------------------
                                             25.262321   data required time
                                             -6.377107   data arrival time
---------------------------------------------------------------------------------------------
                                             18.885214   slack (MET)


Startpoint: en (input port clocked by clk)
Endpoint: _470_ (recovery check against rising-edge clock clk)
Path Group: asynchronous
Path Type: max

Fanout         Cap        Slew       Delay        Time   Description
---------------------------------------------------------------------------------------------
                                  0.000000    0.000000   clock clk (rise edge)
                                  0.000000    0.000000   clock network delay (propagated)
                                  5.000000    5.000000 ^ input external delay
     2    0.004792    0.028385    0.017182    5.017182 ^ en (in)
                                                         en (net)
                      0.028385    0.000000    5.017182 ^ input1/A (sky130_fd_sc_hd__clkdlybuf4s25_1)
     1    0.001930    0.036429    0.230405    5.247587 ^ input1/X (sky130_fd_sc_hd__clkdlybuf4s25_1)
                                                         net1 (net)
                      0.036429    0.000053    5.247640 ^ _229_/B (sky130_fd_sc_hd__and2_2)
     1    0.004185    0.043239    0.132078    5.379719 ^ _229_/X (sky130_fd_sc_hd__and2_2)
                                                         TOP.n_rst (net)
                      0.043246    0.000110    5.379828 ^ fanout51/A (sky130_fd_sc_hd__clkdlybuf4s25_1)
     5    0.026321    0.268696    0.404426    5.784254 ^ fanout51/X (sky130_fd_sc_hd__clkdlybuf4s25_1)
                                                         net51 (net)
                      0.268696    0.000752    5.785006 ^ fanout50/A (sky130_fd_sc_hd__clkdlybuf4s25_1)
     9    0.044441    0.445456    0.589911    6.374917 ^ fanout50/X (sky130_fd_sc_hd__clkdlybuf4s25_1)
                                                         net50 (net)
                      0.445460    0.002134    6.377051 ^ _470_/RESET_B (sky130_fd_sc_hd__dfrtp_2)
                                              6.377051   data arrival time

                                 25.000000   25.000000   clock clk (rise edge)
                                  0.000000   25.000000   clock source latency
     2    0.019867    0.095149    0.065633   25.065632 ^ clk (in)
                                                         clk (net)
                      0.095166    0.000000   25.065632 ^ clkbuf_0_clk/A (sky130_fd_sc_hd__clkbuf_16)
     8    0.083891    0.100833    0.191418   25.257050 ^ clkbuf_0_clk/X (sky130_fd_sc_hd__clkbuf_16)
                                                         clknet_0_clk (net)
                      0.100929    0.001664   25.258715 ^ clkbuf_3_7__f_clk/A (sky130_fd_sc_hd__clkbuf_16)
     9    0.027056    0.048206    0.152609   25.411324 ^ clkbuf_3_7__f_clk/X (sky130_fd_sc_hd__clkbuf_16)
                                                         clknet_3_7__leaf_clk (net)
                      0.048207    0.000233   25.411556 ^ _470_/CLK (sky130_fd_sc_hd__dfrtp_2)
                                 -0.250000   25.161556   clock uncertainty
                                  0.000000   25.161556   clock reconvergence pessimism
                                  0.100737   25.262295   library recovery time
                                             25.262295   data required time
---------------------------------------------------------------------------------------------
                                             25.262295   data required time
                                             -6.377051   data arrival time
---------------------------------------------------------------------------------------------
                                             18.885242   slack (MET)


Startpoint: en (input port clocked by clk)
Endpoint: _452_ (recovery check against rising-edge clock clk)
Path Group: asynchronous
Path Type: max

Fanout         Cap        Slew       Delay        Time   Description
---------------------------------------------------------------------------------------------
                                  0.000000    0.000000   clock clk (rise edge)
                                  0.000000    0.000000   clock network delay (propagated)
                                  5.000000    5.000000 ^ input external delay
     2    0.004792    0.028385    0.017182    5.017182 ^ en (in)
                                                         en (net)
                      0.028385    0.000000    5.017182 ^ input1/A (sky130_fd_sc_hd__clkdlybuf4s25_1)
     1    0.001930    0.036429    0.230405    5.247587 ^ input1/X (sky130_fd_sc_hd__clkdlybuf4s25_1)
                                                         net1 (net)
                      0.036429    0.000053    5.247640 ^ _229_/B (sky130_fd_sc_hd__and2_2)
     1    0.004185    0.043239    0.132078    5.379719 ^ _229_/X (sky130_fd_sc_hd__and2_2)
                                                         TOP.n_rst (net)
                      0.043246    0.000110    5.379828 ^ fanout51/A (sky130_fd_sc_hd__clkdlybuf4s25_1)
     5    0.026321    0.268696    0.404426    5.784254 ^ fanout51/X (sky130_fd_sc_hd__clkdlybuf4s25_1)
                                                         net51 (net)
                      0.268696    0.000752    5.785006 ^ fanout50/A (sky130_fd_sc_hd__clkdlybuf4s25_1)
     9    0.044441    0.445456    0.589911    6.374917 ^ fanout50/X (sky130_fd_sc_hd__clkdlybuf4s25_1)
                                                         net50 (net)
                      0.445458    0.001962    6.376880 ^ _452_/RESET_B (sky130_fd_sc_hd__dfrtp_2)
                                              6.376880   data arrival time

                                 25.000000   25.000000   clock clk (rise edge)
                                  0.000000   25.000000   clock source latency
     2    0.019867    0.095149    0.065633   25.065632 ^ clk (in)
                                                         clk (net)
                      0.095166    0.000000   25.065632 ^ clkbuf_0_clk/A (sky130_fd_sc_hd__clkbuf_16)
     8    0.083891    0.100833    0.191418   25.257050 ^ clkbuf_0_clk/X (sky130_fd_sc_hd__clkbuf_16)
                                                         clknet_0_clk (net)
                      0.100929    0.001664   25.258715 ^ clkbuf_3_7__f_clk/A (sky130_fd_sc_hd__clkbuf_16)
     9    0.027056    0.048206    0.152609   25.411324 ^ clkbuf_3_7__f_clk/X (sky130_fd_sc_hd__clkbuf_16)
                                                         clknet_3_7__leaf_clk (net)
                      0.048207    0.000218   25.411543 ^ _452_/CLK (sky130_fd_sc_hd__dfrtp_2)
                                 -0.250000   25.161543   clock uncertainty
                                  0.000000   25.161543   clock reconvergence pessimism
                                  0.100738   25.262280   library recovery time
                                             25.262280   data required time
---------------------------------------------------------------------------------------------
                                             25.262280   data required time
                                             -6.376880   data arrival time
---------------------------------------------------------------------------------------------
                                             18.885401   slack (MET)


Startpoint: en (input port clocked by clk)
Endpoint: _453_ (recovery check against rising-edge clock clk)
Path Group: asynchronous
Path Type: max

Fanout         Cap        Slew       Delay        Time   Description
---------------------------------------------------------------------------------------------
                                  0.000000    0.000000   clock clk (rise edge)
                                  0.000000    0.000000   clock network delay (propagated)
                                  5.000000    5.000000 ^ input external delay
     2    0.004792    0.028385    0.017182    5.017182 ^ en (in)
                                                         en (net)
                      0.028385    0.000000    5.017182 ^ input1/A (sky130_fd_sc_hd__clkdlybuf4s25_1)
     1    0.001930    0.036429    0.230405    5.247587 ^ input1/X (sky130_fd_sc_hd__clkdlybuf4s25_1)
                                                         net1 (net)
                      0.036429    0.000053    5.247640 ^ _229_/B (sky130_fd_sc_hd__and2_2)
     1    0.004185    0.043239    0.132078    5.379719 ^ _229_/X (sky130_fd_sc_hd__and2_2)
                                                         TOP.n_rst (net)
                      0.043246    0.000110    5.379828 ^ fanout51/A (sky130_fd_sc_hd__clkdlybuf4s25_1)
     5    0.026321    0.268696    0.404426    5.784254 ^ fanout51/X (sky130_fd_sc_hd__clkdlybuf4s25_1)
                                                         net51 (net)
                      0.268696    0.000752    5.785006 ^ fanout50/A (sky130_fd_sc_hd__clkdlybuf4s25_1)
     9    0.044441    0.445456    0.589911    6.374917 ^ fanout50/X (sky130_fd_sc_hd__clkdlybuf4s25_1)
                                                         net50 (net)
                      0.445459    0.001998    6.376915 ^ _453_/RESET_B (sky130_fd_sc_hd__dfrtp_2)
                                              6.376915   data arrival time

                                 25.000000   25.000000   clock clk (rise edge)
                                  0.000000   25.000000   clock source latency
     2    0.019867    0.095149    0.065633   25.065632 ^ clk (in)
                                                         clk (net)
                      0.095166    0.000000   25.065632 ^ clkbuf_0_clk/A (sky130_fd_sc_hd__clkbuf_16)
     8    0.083891    0.100833    0.191418   25.257050 ^ clkbuf_0_clk/X (sky130_fd_sc_hd__clkbuf_16)
                                                         clknet_0_clk (net)
                      0.100929    0.001664   25.258715 ^ clkbuf_3_7__f_clk/A (sky130_fd_sc_hd__clkbuf_16)
     9    0.027056    0.048206    0.152609   25.411324 ^ clkbuf_3_7__f_clk/X (sky130_fd_sc_hd__clkbuf_16)
                                                         clknet_3_7__leaf_clk (net)
                      0.048209    0.000350   25.411673 ^ _453_/CLK (sky130_fd_sc_hd__dfrtp_2)
                                 -0.250000   25.161674   clock uncertainty
                                  0.000000   25.161674   clock reconvergence pessimism
                                  0.100738   25.262413   library recovery time
                                             25.262413   data required time
---------------------------------------------------------------------------------------------
                                             25.262413   data required time
                                             -6.376915   data arrival time
---------------------------------------------------------------------------------------------
                                             18.885498   slack (MET)


Startpoint: en (input port clocked by clk)
Endpoint: _451_ (recovery check against rising-edge clock clk)
Path Group: asynchronous
Path Type: max

Fanout         Cap        Slew       Delay        Time   Description
---------------------------------------------------------------------------------------------
                                  0.000000    0.000000   clock clk (rise edge)
                                  0.000000    0.000000   clock network delay (propagated)
                                  5.000000    5.000000 ^ input external delay
     2    0.004792    0.028385    0.017182    5.017182 ^ en (in)
                                                         en (net)
                      0.028385    0.000000    5.017182 ^ input1/A (sky130_fd_sc_hd__clkdlybuf4s25_1)
     1    0.001930    0.036429    0.230405    5.247587 ^ input1/X (sky130_fd_sc_hd__clkdlybuf4s25_1)
                                                         net1 (net)
                      0.036429    0.000053    5.247640 ^ _229_/B (sky130_fd_sc_hd__and2_2)
     1    0.004185    0.043239    0.132078    5.379719 ^ _229_/X (sky130_fd_sc_hd__and2_2)
                                                         TOP.n_rst (net)
                      0.043246    0.000110    5.379828 ^ fanout51/A (sky130_fd_sc_hd__clkdlybuf4s25_1)
     5    0.026321    0.268696    0.404426    5.784254 ^ fanout51/X (sky130_fd_sc_hd__clkdlybuf4s25_1)
                                                         net51 (net)
                      0.268696    0.000752    5.785006 ^ fanout50/A (sky130_fd_sc_hd__clkdlybuf4s25_1)
     9    0.044441    0.445456    0.589911    6.374917 ^ fanout50/X (sky130_fd_sc_hd__clkdlybuf4s25_1)
                                                         net50 (net)
                      0.445459    0.002074    6.376992 ^ _451_/RESET_B (sky130_fd_sc_hd__dfrtp_2)
                                              6.376992   data arrival time

                                 25.000000   25.000000   clock clk (rise edge)
                                  0.000000   25.000000   clock source latency
     2    0.019867    0.095149    0.065633   25.065632 ^ clk (in)
                                                         clk (net)
                      0.095166    0.000000   25.065632 ^ clkbuf_0_clk/A (sky130_fd_sc_hd__clkbuf_16)
     8    0.083891    0.100833    0.191418   25.257050 ^ clkbuf_0_clk/X (sky130_fd_sc_hd__clkbuf_16)
                                                         clknet_0_clk (net)
                      0.100929    0.001664   25.258715 ^ clkbuf_3_7__f_clk/A (sky130_fd_sc_hd__clkbuf_16)
     9    0.027056    0.048206    0.152609   25.411324 ^ clkbuf_3_7__f_clk/X (sky130_fd_sc_hd__clkbuf_16)
                                                         clknet_3_7__leaf_clk (net)
                      0.048211    0.000458   25.411781 ^ _451_/CLK (sky130_fd_sc_hd__dfrtp_2)
                                 -0.250000   25.161783   clock uncertainty
                                  0.000000   25.161783   clock reconvergence pessimism
                                  0.100739   25.262522   library recovery time
                                             25.262522   data required time
---------------------------------------------------------------------------------------------
                                             25.262522   data required time
                                             -6.376992   data arrival time
---------------------------------------------------------------------------------------------
                                             18.885530   slack (MET)


Startpoint: en (input port clocked by clk)
Endpoint: _469_ (recovery check against rising-edge clock clk)
Path Group: asynchronous
Path Type: max

Fanout         Cap        Slew       Delay        Time   Description
---------------------------------------------------------------------------------------------
                                  0.000000    0.000000   clock clk (rise edge)
                                  0.000000    0.000000   clock network delay (propagated)
                                  5.000000    5.000000 ^ input external delay
     2    0.004792    0.028385    0.017182    5.017182 ^ en (in)
                                                         en (net)
                      0.028385    0.000000    5.017182 ^ input1/A (sky130_fd_sc_hd__clkdlybuf4s25_1)
     1    0.001930    0.036429    0.230405    5.247587 ^ input1/X (sky130_fd_sc_hd__clkdlybuf4s25_1)
                                                         net1 (net)
                      0.036429    0.000053    5.247640 ^ _229_/B (sky130_fd_sc_hd__and2_2)
     1    0.004185    0.043239    0.132078    5.379719 ^ _229_/X (sky130_fd_sc_hd__and2_2)
                                                         TOP.n_rst (net)
                      0.043246    0.000110    5.379828 ^ fanout51/A (sky130_fd_sc_hd__clkdlybuf4s25_1)
     5    0.026321    0.268696    0.404426    5.784254 ^ fanout51/X (sky130_fd_sc_hd__clkdlybuf4s25_1)
                                                         net51 (net)
                      0.268696    0.000752    5.785006 ^ fanout50/A (sky130_fd_sc_hd__clkdlybuf4s25_1)
     9    0.044441    0.445456    0.589911    6.374917 ^ fanout50/X (sky130_fd_sc_hd__clkdlybuf4s25_1)
                                                         net50 (net)
                      0.445458    0.001960    6.376877 ^ _469_/RESET_B (sky130_fd_sc_hd__dfrtp_2)
                                              6.376877   data arrival time

                                 25.000000   25.000000   clock clk (rise edge)
                                  0.000000   25.000000   clock source latency
     2    0.019867    0.095149    0.065633   25.065632 ^ clk (in)
                                                         clk (net)
                      0.095166    0.000000   25.065632 ^ clkbuf_0_clk/A (sky130_fd_sc_hd__clkbuf_16)
     8    0.083891    0.100833    0.191418   25.257050 ^ clkbuf_0_clk/X (sky130_fd_sc_hd__clkbuf_16)
                                                         clknet_0_clk (net)
                      0.100929    0.001664   25.258715 ^ clkbuf_3_7__f_clk/A (sky130_fd_sc_hd__clkbuf_16)
     9    0.027056    0.048206    0.152609   25.411324 ^ clkbuf_3_7__f_clk/X (sky130_fd_sc_hd__clkbuf_16)
                                                         clknet_3_7__leaf_clk (net)
                      0.048208    0.000330   25.411654 ^ _469_/CLK (sky130_fd_sc_hd__dfrtp_2)
                                 -0.250000   25.161655   clock uncertainty
                                  0.000000   25.161655   clock reconvergence pessimism
                                  0.100738   25.262394   library recovery time
                                             25.262394   data required time
---------------------------------------------------------------------------------------------
                                             25.262394   data required time
                                             -6.376877   data arrival time
---------------------------------------------------------------------------------------------
                                             18.885515   slack (MET)


Startpoint: en (input port clocked by clk)
Endpoint: _454_ (recovery check against rising-edge clock clk)
Path Group: asynchronous
Path Type: max

Fanout         Cap        Slew       Delay        Time   Description
---------------------------------------------------------------------------------------------
                                  0.000000    0.000000   clock clk (rise edge)
                                  0.000000    0.000000   clock network delay (propagated)
                                  5.000000    5.000000 ^ input external delay
     2    0.004792    0.028385    0.017182    5.017182 ^ en (in)
                                                         en (net)
                      0.028385    0.000000    5.017182 ^ input1/A (sky130_fd_sc_hd__clkdlybuf4s25_1)
     1    0.001930    0.036429    0.230405    5.247587 ^ input1/X (sky130_fd_sc_hd__clkdlybuf4s25_1)
                                                         net1 (net)
                      0.036429    0.000053    5.247640 ^ _229_/B (sky130_fd_sc_hd__and2_2)
     1    0.004185    0.043239    0.132078    5.379719 ^ _229_/X (sky130_fd_sc_hd__and2_2)
                                                         TOP.n_rst (net)
                      0.043246    0.000110    5.379828 ^ fanout51/A (sky130_fd_sc_hd__clkdlybuf4s25_1)
     5    0.026321    0.268696    0.404426    5.784254 ^ fanout51/X (sky130_fd_sc_hd__clkdlybuf4s25_1)
                                                         net51 (net)
                      0.268696    0.000752    5.785006 ^ fanout50/A (sky130_fd_sc_hd__clkdlybuf4s25_1)
     9    0.044441    0.445456    0.589911    6.374917 ^ fanout50/X (sky130_fd_sc_hd__clkdlybuf4s25_1)
                                                         net50 (net)
                      0.445459    0.002054    6.376971 ^ _454_/RESET_B (sky130_fd_sc_hd__dfrtp_2)
                                              6.376971   data arrival time

                                 25.000000   25.000000   clock clk (rise edge)
                                  0.000000   25.000000   clock source latency
     2    0.019867    0.095149    0.065633   25.065632 ^ clk (in)
                                                         clk (net)
                      0.095166    0.000000   25.065632 ^ clkbuf_0_clk/A (sky130_fd_sc_hd__clkbuf_16)
     8    0.083891    0.100833    0.191418   25.257050 ^ clkbuf_0_clk/X (sky130_fd_sc_hd__clkbuf_16)
                                                         clknet_0_clk (net)
                      0.100929    0.001664   25.258715 ^ clkbuf_3_7__f_clk/A (sky130_fd_sc_hd__clkbuf_16)
     9    0.027056    0.048206    0.152609   25.411324 ^ clkbuf_3_7__f_clk/X (sky130_fd_sc_hd__clkbuf_16)
                                                         clknet_3_7__leaf_clk (net)
                      0.048211    0.000451   25.411776 ^ _454_/CLK (sky130_fd_sc_hd__dfrtp_2)
                                 -0.250000   25.161776   clock uncertainty
                                  0.000000   25.161776   clock reconvergence pessimism
                                  0.100739   25.262514   library recovery time
                                             25.262514   data required time
---------------------------------------------------------------------------------------------
                                             25.262514   data required time
                                             -6.376971   data arrival time
---------------------------------------------------------------------------------------------
                                             18.885544   slack (MET)


Startpoint: en (input port clocked by clk)
Endpoint: _450_ (recovery check against rising-edge clock clk)
Path Group: asynchronous
Path Type: max

Fanout         Cap        Slew       Delay        Time   Description
---------------------------------------------------------------------------------------------
                                  0.000000    0.000000   clock clk (rise edge)
                                  0.000000    0.000000   clock network delay (propagated)
                                  5.000000    5.000000 ^ input external delay
     2    0.004792    0.028385    0.017182    5.017182 ^ en (in)
                                                         en (net)
                      0.028385    0.000000    5.017182 ^ input1/A (sky130_fd_sc_hd__clkdlybuf4s25_1)
     1    0.001930    0.036429    0.230405    5.247587 ^ input1/X (sky130_fd_sc_hd__clkdlybuf4s25_1)
                                                         net1 (net)
                      0.036429    0.000053    5.247640 ^ _229_/B (sky130_fd_sc_hd__and2_2)
     1    0.004185    0.043239    0.132078    5.379719 ^ _229_/X (sky130_fd_sc_hd__and2_2)
                                                         TOP.n_rst (net)
                      0.043246    0.000110    5.379828 ^ fanout51/A (sky130_fd_sc_hd__clkdlybuf4s25_1)
     5    0.026321    0.268696    0.404426    5.784254 ^ fanout51/X (sky130_fd_sc_hd__clkdlybuf4s25_1)
                                                         net51 (net)
                      0.268696    0.000752    5.785006 ^ fanout50/A (sky130_fd_sc_hd__clkdlybuf4s25_1)
     9    0.044441    0.445456    0.589911    6.374917 ^ fanout50/X (sky130_fd_sc_hd__clkdlybuf4s25_1)
                                                         net50 (net)
                      0.445460    0.002151    6.377069 ^ _450_/RESET_B (sky130_fd_sc_hd__dfrtp_2)
                                              6.377069   data arrival time

                                 25.000000   25.000000   clock clk (rise edge)
                                  0.000000   25.000000   clock source latency
     2    0.019867    0.095149    0.065633   25.065632 ^ clk (in)
                                                         clk (net)
                      0.095166    0.000000   25.065632 ^ clkbuf_0_clk/A (sky130_fd_sc_hd__clkbuf_16)
     8    0.083891    0.100833    0.191418   25.257050 ^ clkbuf_0_clk/X (sky130_fd_sc_hd__clkbuf_16)
                                                         clknet_0_clk (net)
                      0.100933    0.001741   25.258791 ^ clkbuf_3_6__f_clk/A (sky130_fd_sc_hd__clkbuf_16)
    10    0.030024    0.051105    0.154925   25.413715 ^ clkbuf_3_6__f_clk/X (sky130_fd_sc_hd__clkbuf_16)
                                                         clknet_3_6__leaf_clk (net)
                      0.051108    0.000719   25.414436 ^ _450_/CLK (sky130_fd_sc_hd__dfrtp_2)
                                 -0.250000   25.164436   clock uncertainty
                                  0.000000   25.164436   clock reconvergence pessimism
                                  0.101687   25.266125   library recovery time
                                             25.266125   data required time
---------------------------------------------------------------------------------------------
                                             25.266125   data required time
                                             -6.377069   data arrival time
---------------------------------------------------------------------------------------------
                                             18.889055   slack (MET)


Startpoint: en (input port clocked by clk)
Endpoint: _433_ (recovery check against rising-edge clock clk)
Path Group: asynchronous
Path Type: max

Fanout         Cap        Slew       Delay        Time   Description
---------------------------------------------------------------------------------------------
                                  0.000000    0.000000   clock clk (rise edge)
                                  0.000000    0.000000   clock network delay (propagated)
                                  5.000000    5.000000 ^ input external delay
     2    0.004792    0.028385    0.017182    5.017182 ^ en (in)
                                                         en (net)
                      0.028385    0.000000    5.017182 ^ input1/A (sky130_fd_sc_hd__clkdlybuf4s25_1)
     1    0.001930    0.036429    0.230405    5.247587 ^ input1/X (sky130_fd_sc_hd__clkdlybuf4s25_1)
                                                         net1 (net)
                      0.036429    0.000053    5.247640 ^ _229_/B (sky130_fd_sc_hd__and2_2)
     1    0.004185    0.043239    0.132078    5.379719 ^ _229_/X (sky130_fd_sc_hd__and2_2)
                                                         TOP.n_rst (net)
                      0.043246    0.000110    5.379828 ^ fanout51/A (sky130_fd_sc_hd__clkdlybuf4s25_1)
     5    0.026321    0.268696    0.404426    5.784254 ^ fanout51/X (sky130_fd_sc_hd__clkdlybuf4s25_1)
                                                         net51 (net)
                      0.268696    0.000868    5.785122 ^ fanout47/A (sky130_fd_sc_hd__clkdlybuf4s25_1)
     8    0.038946    0.391833    0.552815    6.337937 ^ fanout47/X (sky130_fd_sc_hd__clkdlybuf4s25_1)
                                                         net47 (net)
                      0.391835    0.001655    6.339592 ^ _433_/SET_B (sky130_fd_sc_hd__dfstp_2)
                                              6.339592   data arrival time

                                 25.000000   25.000000   clock clk (rise edge)
                                  0.000000   25.000000   clock source latency
     2    0.019867    0.095149    0.065633   25.065632 ^ clk (in)
                                                         clk (net)
                      0.095166    0.000000   25.065632 ^ clkbuf_0_clk/A (sky130_fd_sc_hd__clkbuf_16)
     8    0.083891    0.100833    0.191418   25.257050 ^ clkbuf_0_clk/X (sky130_fd_sc_hd__clkbuf_16)
                                                         clknet_0_clk (net)
                      0.101009    0.002826   25.259876 ^ clkbuf_3_4__f_clk/A (sky130_fd_sc_hd__clkbuf_16)
     9    0.031976    0.052761    0.156332   25.416208 ^ clkbuf_3_4__f_clk/X (sky130_fd_sc_hd__clkbuf_16)
                                                         clknet_3_4__leaf_clk (net)
                      0.052765    0.000879   25.417088 ^ _433_/CLK (sky130_fd_sc_hd__dfstp_2)
                                 -0.250000   25.167089   clock uncertainty
                                  0.000000   25.167089   clock reconvergence pessimism
                                  0.104194   25.271282   library recovery time
                                             25.271282   data required time
---------------------------------------------------------------------------------------------
                                             25.271282   data required time
                                             -6.339592   data arrival time
---------------------------------------------------------------------------------------------
                                             18.931690   slack (MET)


Startpoint: en (input port clocked by clk)
Endpoint: _434_ (recovery check against rising-edge clock clk)
Path Group: asynchronous
Path Type: max

Fanout         Cap        Slew       Delay        Time   Description
---------------------------------------------------------------------------------------------
                                  0.000000    0.000000   clock clk (rise edge)
                                  0.000000    0.000000   clock network delay (propagated)
                                  5.000000    5.000000 ^ input external delay
     2    0.004792    0.028385    0.017182    5.017182 ^ en (in)
                                                         en (net)
                      0.028385    0.000000    5.017182 ^ input1/A (sky130_fd_sc_hd__clkdlybuf4s25_1)
     1    0.001930    0.036429    0.230405    5.247587 ^ input1/X (sky130_fd_sc_hd__clkdlybuf4s25_1)
                                                         net1 (net)
                      0.036429    0.000053    5.247640 ^ _229_/B (sky130_fd_sc_hd__and2_2)
     1    0.004185    0.043239    0.132078    5.379719 ^ _229_/X (sky130_fd_sc_hd__and2_2)
                                                         TOP.n_rst (net)
                      0.043246    0.000110    5.379828 ^ fanout51/A (sky130_fd_sc_hd__clkdlybuf4s25_1)
     5    0.026321    0.268696    0.404426    5.784254 ^ fanout51/X (sky130_fd_sc_hd__clkdlybuf4s25_1)
                                                         net51 (net)
                      0.268696    0.000868    5.785122 ^ fanout47/A (sky130_fd_sc_hd__clkdlybuf4s25_1)
     8    0.038946    0.391833    0.552815    6.337937 ^ fanout47/X (sky130_fd_sc_hd__clkdlybuf4s25_1)
                                                         net47 (net)
                      0.391834    0.001547    6.339484 ^ _434_/SET_B (sky130_fd_sc_hd__dfstp_2)
                                              6.339484   data arrival time

                                 25.000000   25.000000   clock clk (rise edge)
                                  0.000000   25.000000   clock source latency
     2    0.019867    0.095149    0.065633   25.065632 ^ clk (in)
                                                         clk (net)
                      0.095166    0.000000   25.065632 ^ clkbuf_0_clk/A (sky130_fd_sc_hd__clkbuf_16)
     8    0.083891    0.100833    0.191418   25.257050 ^ clkbuf_0_clk/X (sky130_fd_sc_hd__clkbuf_16)
                                                         clknet_0_clk (net)
                      0.101009    0.002826   25.259876 ^ clkbuf_3_4__f_clk/A (sky130_fd_sc_hd__clkbuf_16)
     9    0.031976    0.052761    0.156332   25.416208 ^ clkbuf_3_4__f_clk/X (sky130_fd_sc_hd__clkbuf_16)
                                                         clknet_3_4__leaf_clk (net)
                      0.052764    0.000774   25.416983 ^ _434_/CLK (sky130_fd_sc_hd__dfstp_2)
                                 -0.250000   25.166985   clock uncertainty
                                  0.000000   25.166985   clock reconvergence pessimism
                                  0.104193   25.271177   library recovery time
                                             25.271177   data required time
---------------------------------------------------------------------------------------------
                                             25.271177   data required time
                                             -6.339484   data arrival time
---------------------------------------------------------------------------------------------
                                             18.931694   slack (MET)


Startpoint: en (input port clocked by clk)
Endpoint: _435_ (recovery check against rising-edge clock clk)
Path Group: asynchronous
Path Type: max

Fanout         Cap        Slew       Delay        Time   Description
---------------------------------------------------------------------------------------------
                                  0.000000    0.000000   clock clk (rise edge)
                                  0.000000    0.000000   clock network delay (propagated)
                                  5.000000    5.000000 ^ input external delay
     2    0.004792    0.028385    0.017182    5.017182 ^ en (in)
                                                         en (net)
                      0.028385    0.000000    5.017182 ^ input1/A (sky130_fd_sc_hd__clkdlybuf4s25_1)
     1    0.001930    0.036429    0.230405    5.247587 ^ input1/X (sky130_fd_sc_hd__clkdlybuf4s25_1)
                                                         net1 (net)
                      0.036429    0.000053    5.247640 ^ _229_/B (sky130_fd_sc_hd__and2_2)
     1    0.004185    0.043239    0.132078    5.379719 ^ _229_/X (sky130_fd_sc_hd__and2_2)
                                                         TOP.n_rst (net)
                      0.043246    0.000110    5.379828 ^ fanout51/A (sky130_fd_sc_hd__clkdlybuf4s25_1)
     5    0.026321    0.268696    0.404426    5.784254 ^ fanout51/X (sky130_fd_sc_hd__clkdlybuf4s25_1)
                                                         net51 (net)
                      0.268696    0.000868    5.785122 ^ fanout47/A (sky130_fd_sc_hd__clkdlybuf4s25_1)
     8    0.038946    0.391833    0.552815    6.337937 ^ fanout47/X (sky130_fd_sc_hd__clkdlybuf4s25_1)
                                                         net47 (net)
                      0.391833    0.001304    6.339241 ^ _435_/SET_B (sky130_fd_sc_hd__dfstp_2)
                                              6.339241   data arrival time

                                 25.000000   25.000000   clock clk (rise edge)
                                  0.000000   25.000000   clock source latency
     2    0.019867    0.095149    0.065633   25.065632 ^ clk (in)
                                                         clk (net)
                      0.095166    0.000000   25.065632 ^ clkbuf_0_clk/A (sky130_fd_sc_hd__clkbuf_16)
     8    0.083891    0.100833    0.191418   25.257050 ^ clkbuf_0_clk/X (sky130_fd_sc_hd__clkbuf_16)
                                                         clknet_0_clk (net)
                      0.101009    0.002826   25.259876 ^ clkbuf_3_4__f_clk/A (sky130_fd_sc_hd__clkbuf_16)
     9    0.031976    0.052761    0.156332   25.416208 ^ clkbuf_3_4__f_clk/X (sky130_fd_sc_hd__clkbuf_16)
                                                         clknet_3_4__leaf_clk (net)
                      0.052762    0.000581   25.416790 ^ _435_/CLK (sky130_fd_sc_hd__dfstp_2)
                                 -0.250000   25.166790   clock uncertainty
                                  0.000000   25.166790   clock reconvergence pessimism
                                  0.104193   25.270983   library recovery time
                                             25.270983   data required time
---------------------------------------------------------------------------------------------
                                             25.270983   data required time
                                             -6.339241   data arrival time
---------------------------------------------------------------------------------------------
                                             18.931742   slack (MET)


Startpoint: en (input port clocked by clk)
Endpoint: _425_ (recovery check against rising-edge clock clk)
Path Group: asynchronous
Path Type: max

Fanout         Cap        Slew       Delay        Time   Description
---------------------------------------------------------------------------------------------
                                  0.000000    0.000000   clock clk (rise edge)
                                  0.000000    0.000000   clock network delay (propagated)
                                  5.000000    5.000000 ^ input external delay
     2    0.004792    0.028385    0.017182    5.017182 ^ en (in)
                                                         en (net)
                      0.028385    0.000000    5.017182 ^ input1/A (sky130_fd_sc_hd__clkdlybuf4s25_1)
     1    0.001930    0.036429    0.230405    5.247587 ^ input1/X (sky130_fd_sc_hd__clkdlybuf4s25_1)
                                                         net1 (net)
                      0.036429    0.000053    5.247640 ^ _229_/B (sky130_fd_sc_hd__and2_2)
     1    0.004185    0.043239    0.132078    5.379719 ^ _229_/X (sky130_fd_sc_hd__and2_2)
                                                         TOP.n_rst (net)
                      0.043246    0.000110    5.379828 ^ fanout51/A (sky130_fd_sc_hd__clkdlybuf4s25_1)
     5    0.026321    0.268696    0.404426    5.784254 ^ fanout51/X (sky130_fd_sc_hd__clkdlybuf4s25_1)
                                                         net51 (net)
                      0.268696    0.000233    5.784487 ^ fanout43/A (sky130_fd_sc_hd__clkdlybuf4s25_1)
     2    0.006547    0.078459    0.331358    6.115845 ^ fanout43/X (sky130_fd_sc_hd__clkdlybuf4s25_1)
                                                         net43 (net)
                      0.078459    0.000142    6.115987 ^ fanout41/A (sky130_fd_sc_hd__clkdlybuf4s25_1)
     3    0.011246    0.123106    0.313497    6.429484 ^ fanout41/X (sky130_fd_sc_hd__clkdlybuf4s25_1)
                                                         net41 (net)
                      0.123106    0.000191    6.429675 ^ _425_/RESET_B (sky130_fd_sc_hd__dfrtp_2)
                                              6.429675   data arrival time

                                 25.000000   25.000000   clock clk (rise edge)
                                  0.000000   25.000000   clock source latency
     2    0.019867    0.095149    0.065633   25.065632 ^ clk (in)
                                                         clk (net)
                      0.095166    0.000000   25.065632 ^ clkbuf_0_clk/A (sky130_fd_sc_hd__clkbuf_16)
     8    0.083891    0.100833    0.191418   25.257050 ^ clkbuf_0_clk/X (sky130_fd_sc_hd__clkbuf_16)
                                                         clknet_0_clk (net)
                      0.101136    0.004015   25.261065 ^ clkbuf_3_2__f_clk/A (sky130_fd_sc_hd__clkbuf_16)
    10    0.035070    0.055414    0.158654   25.419718 ^ clkbuf_3_2__f_clk/X (sky130_fd_sc_hd__clkbuf_16)
                                                         clknet_3_2__leaf_clk (net)
                      0.055435    0.000639   25.420359 ^ _425_/CLK (sky130_fd_sc_hd__dfrtp_2)
                                 -0.250000   25.170359   clock uncertainty
                                  0.000000   25.170359   clock reconvergence pessimism
                                  0.199122   25.369482   library recovery time
                                             25.369482   data required time
---------------------------------------------------------------------------------------------
                                             25.369482   data required time
                                             -6.429675   data arrival time
---------------------------------------------------------------------------------------------
                                             18.939806   slack (MET)


Startpoint: en (input port clocked by clk)
Endpoint: _422_ (recovery check against rising-edge clock clk)
Path Group: asynchronous
Path Type: max

Fanout         Cap        Slew       Delay        Time   Description
---------------------------------------------------------------------------------------------
                                  0.000000    0.000000   clock clk (rise edge)
                                  0.000000    0.000000   clock network delay (propagated)
                                  5.000000    5.000000 ^ input external delay
     2    0.004792    0.028385    0.017182    5.017182 ^ en (in)
                                                         en (net)
                      0.028385    0.000000    5.017182 ^ input1/A (sky130_fd_sc_hd__clkdlybuf4s25_1)
     1    0.001930    0.036429    0.230405    5.247587 ^ input1/X (sky130_fd_sc_hd__clkdlybuf4s25_1)
                                                         net1 (net)
                      0.036429    0.000053    5.247640 ^ _229_/B (sky130_fd_sc_hd__and2_2)
     1    0.004185    0.043239    0.132078    5.379719 ^ _229_/X (sky130_fd_sc_hd__and2_2)
                                                         TOP.n_rst (net)
                      0.043246    0.000110    5.379828 ^ fanout51/A (sky130_fd_sc_hd__clkdlybuf4s25_1)
     5    0.026321    0.268696    0.404426    5.784254 ^ fanout51/X (sky130_fd_sc_hd__clkdlybuf4s25_1)
                                                         net51 (net)
                      0.268696    0.000233    5.784487 ^ fanout43/A (sky130_fd_sc_hd__clkdlybuf4s25_1)
     2    0.006547    0.078459    0.331358    6.115845 ^ fanout43/X (sky130_fd_sc_hd__clkdlybuf4s25_1)
                                                         net43 (net)
                      0.078459    0.000142    6.115987 ^ fanout41/A (sky130_fd_sc_hd__clkdlybuf4s25_1)
     3    0.011246    0.123106    0.313497    6.429484 ^ fanout41/X (sky130_fd_sc_hd__clkdlybuf4s25_1)
                                                         net41 (net)
                      0.123106    0.000203    6.429688 ^ _422_/RESET_B (sky130_fd_sc_hd__dfrtp_2)
                                              6.429688   data arrival time

                                 25.000000   25.000000   clock clk (rise edge)
                                  0.000000   25.000000   clock source latency
     2    0.019867    0.095149    0.065633   25.065632 ^ clk (in)
                                                         clk (net)
                      0.095166    0.000000   25.065632 ^ clkbuf_0_clk/A (sky130_fd_sc_hd__clkbuf_16)
     8    0.083891    0.100833    0.191418   25.257050 ^ clkbuf_0_clk/X (sky130_fd_sc_hd__clkbuf_16)
                                                         clknet_0_clk (net)
                      0.101136    0.004015   25.261065 ^ clkbuf_3_2__f_clk/A (sky130_fd_sc_hd__clkbuf_16)
    10    0.035070    0.055414    0.158654   25.419718 ^ clkbuf_3_2__f_clk/X (sky130_fd_sc_hd__clkbuf_16)
                                                         clknet_3_2__leaf_clk (net)
                      0.055445    0.000853   25.420570 ^ _422_/CLK (sky130_fd_sc_hd__dfrtp_2)
                                 -0.250000   25.170572   clock uncertainty
                                  0.000000   25.170572   clock reconvergence pessimism
                                  0.199125   25.369696   library recovery time
                                             25.369696   data required time
---------------------------------------------------------------------------------------------
                                             25.369696   data required time
                                             -6.429688   data arrival time
---------------------------------------------------------------------------------------------
                                             18.940010   slack (MET)


Startpoint: en (input port clocked by clk)
Endpoint: _458_ (recovery check against rising-edge clock clk)
Path Group: asynchronous
Path Type: max

Fanout         Cap        Slew       Delay        Time   Description
---------------------------------------------------------------------------------------------
                                  0.000000    0.000000   clock clk (rise edge)
                                  0.000000    0.000000   clock network delay (propagated)
                                  5.000000    5.000000 ^ input external delay
     2    0.004792    0.028385    0.017182    5.017182 ^ en (in)
                                                         en (net)
                      0.028385    0.000000    5.017182 ^ input1/A (sky130_fd_sc_hd__clkdlybuf4s25_1)
     1    0.001930    0.036429    0.230405    5.247587 ^ input1/X (sky130_fd_sc_hd__clkdlybuf4s25_1)
                                                         net1 (net)
                      0.036429    0.000053    5.247640 ^ _229_/B (sky130_fd_sc_hd__and2_2)
     1    0.004185    0.043239    0.132078    5.379719 ^ _229_/X (sky130_fd_sc_hd__and2_2)
                                                         TOP.n_rst (net)
                      0.043246    0.000110    5.379828 ^ fanout51/A (sky130_fd_sc_hd__clkdlybuf4s25_1)
     5    0.026321    0.268696    0.404426    5.784254 ^ fanout51/X (sky130_fd_sc_hd__clkdlybuf4s25_1)
                                                         net51 (net)
                      0.268696    0.000868    5.785122 ^ fanout47/A (sky130_fd_sc_hd__clkdlybuf4s25_1)
     8    0.038946    0.391833    0.552815    6.337937 ^ fanout47/X (sky130_fd_sc_hd__clkdlybuf4s25_1)
                                                         net47 (net)
                      0.391833    0.001428    6.339365 ^ _458_/RESET_B (sky130_fd_sc_hd__dfrtp_2)
                                              6.339365   data arrival time

                                 25.000000   25.000000   clock clk (rise edge)
                                  0.000000   25.000000   clock source latency
     2    0.019867    0.095149    0.065633   25.065632 ^ clk (in)
                                                         clk (net)
                      0.095166    0.000000   25.065632 ^ clkbuf_0_clk/A (sky130_fd_sc_hd__clkbuf_16)
     8    0.083891    0.100833    0.191418   25.257050 ^ clkbuf_0_clk/X (sky130_fd_sc_hd__clkbuf_16)
                                                         clknet_0_clk (net)
                      0.101009    0.002826   25.259876 ^ clkbuf_3_4__f_clk/A (sky130_fd_sc_hd__clkbuf_16)
     9    0.031976    0.052761    0.156332   25.416208 ^ clkbuf_3_4__f_clk/X (sky130_fd_sc_hd__clkbuf_16)
                                                         clknet_3_4__leaf_clk (net)
                      0.052763    0.000659   25.416868 ^ _458_/CLK (sky130_fd_sc_hd__dfrtp_2)
                                 -0.250000   25.166868   clock uncertainty
                                  0.000000   25.166868   clock reconvergence pessimism
                                  0.118209   25.285078   library recovery time
                                             25.285078   data required time
---------------------------------------------------------------------------------------------
                                             25.285078   data required time
                                             -6.339365   data arrival time
---------------------------------------------------------------------------------------------
                                             18.945713   slack (MET)


Startpoint: en (input port clocked by clk)
Endpoint: _462_ (recovery check against rising-edge clock clk)
Path Group: asynchronous
Path Type: max

Fanout         Cap        Slew       Delay        Time   Description
---------------------------------------------------------------------------------------------
                                  0.000000    0.000000   clock clk (rise edge)
                                  0.000000    0.000000   clock network delay (propagated)
                                  5.000000    5.000000 ^ input external delay
     2    0.004792    0.028385    0.017182    5.017182 ^ en (in)
                                                         en (net)
                      0.028385    0.000000    5.017182 ^ input1/A (sky130_fd_sc_hd__clkdlybuf4s25_1)
     1    0.001930    0.036429    0.230405    5.247587 ^ input1/X (sky130_fd_sc_hd__clkdlybuf4s25_1)
                                                         net1 (net)
                      0.036429    0.000053    5.247640 ^ _229_/B (sky130_fd_sc_hd__and2_2)
     1    0.004185    0.043239    0.132078    5.379719 ^ _229_/X (sky130_fd_sc_hd__and2_2)
                                                         TOP.n_rst (net)
                      0.043246    0.000110    5.379828 ^ fanout51/A (sky130_fd_sc_hd__clkdlybuf4s25_1)
     5    0.026321    0.268696    0.404426    5.784254 ^ fanout51/X (sky130_fd_sc_hd__clkdlybuf4s25_1)
                                                         net51 (net)
                      0.268696    0.000868    5.785122 ^ fanout47/A (sky130_fd_sc_hd__clkdlybuf4s25_1)
     8    0.038946    0.391833    0.552815    6.337937 ^ fanout47/X (sky130_fd_sc_hd__clkdlybuf4s25_1)
                                                         net47 (net)
                      0.391833    0.001361    6.339298 ^ _462_/RESET_B (sky130_fd_sc_hd__dfrtp_2)
                                              6.339298   data arrival time

                                 25.000000   25.000000   clock clk (rise edge)
                                  0.000000   25.000000   clock source latency
     2    0.019867    0.095149    0.065633   25.065632 ^ clk (in)
                                                         clk (net)
                      0.095166    0.000000   25.065632 ^ clkbuf_0_clk/A (sky130_fd_sc_hd__clkbuf_16)
     8    0.083891    0.100833    0.191418   25.257050 ^ clkbuf_0_clk/X (sky130_fd_sc_hd__clkbuf_16)
                                                         clknet_0_clk (net)
                      0.101009    0.002826   25.259876 ^ clkbuf_3_4__f_clk/A (sky130_fd_sc_hd__clkbuf_16)
     9    0.031976    0.052761    0.156332   25.416208 ^ clkbuf_3_4__f_clk/X (sky130_fd_sc_hd__clkbuf_16)
                                                         clknet_3_4__leaf_clk (net)
                      0.052763    0.000604   25.416813 ^ _462_/CLK (sky130_fd_sc_hd__dfrtp_2)
                                 -0.250000   25.166813   clock uncertainty
                                  0.000000   25.166813   clock reconvergence pessimism
                                  0.118209   25.285023   library recovery time
                                             25.285023   data required time
---------------------------------------------------------------------------------------------
                                             25.285023   data required time
                                             -6.339298   data arrival time
---------------------------------------------------------------------------------------------
                                             18.945724   slack (MET)


Startpoint: en (input port clocked by clk)
Endpoint: _438_ (recovery check against rising-edge clock clk)
Path Group: asynchronous
Path Type: max

Fanout         Cap        Slew       Delay        Time   Description
---------------------------------------------------------------------------------------------
                                  0.000000    0.000000   clock clk (rise edge)
                                  0.000000    0.000000   clock network delay (propagated)
                                  5.000000    5.000000 ^ input external delay
     2    0.004792    0.028385    0.017182    5.017182 ^ en (in)
                                                         en (net)
                      0.028385    0.000000    5.017182 ^ input1/A (sky130_fd_sc_hd__clkdlybuf4s25_1)
     1    0.001930    0.036429    0.230405    5.247587 ^ input1/X (sky130_fd_sc_hd__clkdlybuf4s25_1)
                                                         net1 (net)
                      0.036429    0.000053    5.247640 ^ _229_/B (sky130_fd_sc_hd__and2_2)
     1    0.004185    0.043239    0.132078    5.379719 ^ _229_/X (sky130_fd_sc_hd__and2_2)
                                                         TOP.n_rst (net)
                      0.043246    0.000110    5.379828 ^ fanout51/A (sky130_fd_sc_hd__clkdlybuf4s25_1)
     5    0.026321    0.268696    0.404426    5.784254 ^ fanout51/X (sky130_fd_sc_hd__clkdlybuf4s25_1)
                                                         net51 (net)
                      0.268696    0.000868    5.785122 ^ fanout47/A (sky130_fd_sc_hd__clkdlybuf4s25_1)
     8    0.038946    0.391833    0.552815    6.337937 ^ fanout47/X (sky130_fd_sc_hd__clkdlybuf4s25_1)
                                                         net47 (net)
                      0.391833    0.000818    6.338755 ^ _438_/RESET_B (sky130_fd_sc_hd__dfrtp_2)
                                              6.338755   data arrival time

                                 25.000000   25.000000   clock clk (rise edge)
                                  0.000000   25.000000   clock source latency
     2    0.019867    0.095149    0.065633   25.065632 ^ clk (in)
                                                         clk (net)
                      0.095166    0.000000   25.065632 ^ clkbuf_0_clk/A (sky130_fd_sc_hd__clkbuf_16)
     8    0.083891    0.100833    0.191418   25.257050 ^ clkbuf_0_clk/X (sky130_fd_sc_hd__clkbuf_16)
                                                         clknet_0_clk (net)
                      0.101009    0.002826   25.259876 ^ clkbuf_3_4__f_clk/A (sky130_fd_sc_hd__clkbuf_16)
     9    0.031976    0.052761    0.156332   25.416208 ^ clkbuf_3_4__f_clk/X (sky130_fd_sc_hd__clkbuf_16)
                                                         clknet_3_4__leaf_clk (net)
                      0.052762    0.000592   25.416800 ^ _438_/CLK (sky130_fd_sc_hd__dfrtp_2)
                                 -0.250000   25.166801   clock uncertainty
                                  0.000000   25.166801   clock reconvergence pessimism
                                  0.118209   25.285011   library recovery time
                                             25.285011   data required time
---------------------------------------------------------------------------------------------
                                             25.285011   data required time
                                             -6.338755   data arrival time
---------------------------------------------------------------------------------------------
                                             18.946255   slack (MET)


Startpoint: en (input port clocked by clk)
Endpoint: _442_ (recovery check against rising-edge clock clk)
Path Group: asynchronous
Path Type: max

Fanout         Cap        Slew       Delay        Time   Description
---------------------------------------------------------------------------------------------
                                  0.000000    0.000000   clock clk (rise edge)
                                  0.000000    0.000000   clock network delay (propagated)
                                  5.000000    5.000000 ^ input external delay
     2    0.004792    0.028385    0.017182    5.017182 ^ en (in)
                                                         en (net)
                      0.028385    0.000000    5.017182 ^ input1/A (sky130_fd_sc_hd__clkdlybuf4s25_1)
     1    0.001930    0.036429    0.230405    5.247587 ^ input1/X (sky130_fd_sc_hd__clkdlybuf4s25_1)
                                                         net1 (net)
                      0.036429    0.000053    5.247640 ^ _229_/B (sky130_fd_sc_hd__and2_2)
     1    0.004185    0.043239    0.132078    5.379719 ^ _229_/X (sky130_fd_sc_hd__and2_2)
                                                         TOP.n_rst (net)
                      0.043246    0.000110    5.379828 ^ fanout51/A (sky130_fd_sc_hd__clkdlybuf4s25_1)
     5    0.026321    0.268696    0.404426    5.784254 ^ fanout51/X (sky130_fd_sc_hd__clkdlybuf4s25_1)
                                                         net51 (net)
                      0.268696    0.000868    5.785122 ^ fanout47/A (sky130_fd_sc_hd__clkdlybuf4s25_1)
     8    0.038946    0.391833    0.552815    6.337937 ^ fanout47/X (sky130_fd_sc_hd__clkdlybuf4s25_1)
                                                         net47 (net)
                      0.391833    0.000592    6.338529 ^ _442_/RESET_B (sky130_fd_sc_hd__dfrtp_2)
                                              6.338529   data arrival time

                                 25.000000   25.000000   clock clk (rise edge)
                                  0.000000   25.000000   clock source latency
     2    0.019867    0.095149    0.065633   25.065632 ^ clk (in)
                                                         clk (net)
                      0.095166    0.000000   25.065632 ^ clkbuf_0_clk/A (sky130_fd_sc_hd__clkbuf_16)
     8    0.083891    0.100833    0.191418   25.257050 ^ clkbuf_0_clk/X (sky130_fd_sc_hd__clkbuf_16)
                                                         clknet_0_clk (net)
                      0.101087    0.003604   25.260654 ^ clkbuf_3_1__f_clk/A (sky130_fd_sc_hd__clkbuf_16)
    10    0.036358    0.056462    0.159432   25.420086 ^ clkbuf_3_1__f_clk/X (sky130_fd_sc_hd__clkbuf_16)
                                                         clknet_3_1__leaf_clk (net)
                      0.056518    0.000771   25.420856 ^ _442_/CLK (sky130_fd_sc_hd__dfrtp_2)
                                 -0.250000   25.170858   clock uncertainty
                                  0.000000   25.170858   clock reconvergence pessimism
                                  0.119428   25.290287   library recovery time
                                             25.290287   data required time
---------------------------------------------------------------------------------------------
                                             25.290287   data required time
                                             -6.338529   data arrival time
---------------------------------------------------------------------------------------------
                                             18.951757   slack (MET)


Startpoint: en (input port clocked by clk)
Endpoint: _416_ (recovery check against rising-edge clock clk)
Path Group: asynchronous
Path Type: max

Fanout         Cap        Slew       Delay        Time   Description
---------------------------------------------------------------------------------------------
                                  0.000000    0.000000   clock clk (rise edge)
                                  0.000000    0.000000   clock network delay (propagated)
                                  5.000000    5.000000 ^ input external delay
     2    0.004792    0.028385    0.017182    5.017182 ^ en (in)
                                                         en (net)
                      0.028385    0.000000    5.017182 ^ input1/A (sky130_fd_sc_hd__clkdlybuf4s25_1)
     1    0.001930    0.036429    0.230405    5.247587 ^ input1/X (sky130_fd_sc_hd__clkdlybuf4s25_1)
                                                         net1 (net)
                      0.036429    0.000053    5.247640 ^ _229_/B (sky130_fd_sc_hd__and2_2)
     1    0.004185    0.043239    0.132078    5.379719 ^ _229_/X (sky130_fd_sc_hd__and2_2)
                                                         TOP.n_rst (net)
                      0.043246    0.000110    5.379828 ^ fanout51/A (sky130_fd_sc_hd__clkdlybuf4s25_1)
     5    0.026321    0.268696    0.404426    5.784254 ^ fanout51/X (sky130_fd_sc_hd__clkdlybuf4s25_1)
                                                         net51 (net)
                      0.268696    0.000233    5.784487 ^ fanout43/A (sky130_fd_sc_hd__clkdlybuf4s25_1)
     2    0.006547    0.078459    0.331358    6.115845 ^ fanout43/X (sky130_fd_sc_hd__clkdlybuf4s25_1)
                                                         net43 (net)
                      0.078459    0.000175    6.116021 ^ wire44/A (sky130_fd_sc_hd__clkbuf_4)
     9    0.044442    0.141067    0.217541    6.333561 ^ wire44/X (sky130_fd_sc_hd__clkbuf_4)
                                                         net44 (net)
                      0.141107    0.002279    6.335840 ^ _416_/RESET_B (sky130_fd_sc_hd__dfrtp_2)
                                              6.335840   data arrival time

                                 25.000000   25.000000   clock clk (rise edge)
                                  0.000000   25.000000   clock source latency
     2    0.019867    0.095149    0.065633   25.065632 ^ clk (in)
                                                         clk (net)
                      0.095166    0.000000   25.065632 ^ clkbuf_0_clk/A (sky130_fd_sc_hd__clkbuf_16)
     8    0.083891    0.100833    0.191418   25.257050 ^ clkbuf_0_clk/X (sky130_fd_sc_hd__clkbuf_16)
                                                         clknet_0_clk (net)
                      0.100933    0.001741   25.258791 ^ clkbuf_3_6__f_clk/A (sky130_fd_sc_hd__clkbuf_16)
    10    0.030024    0.051105    0.154925   25.413715 ^ clkbuf_3_6__f_clk/X (sky130_fd_sc_hd__clkbuf_16)
                                                         clknet_3_6__leaf_clk (net)
                      0.051109    0.000837   25.414553 ^ _416_/CLK (sky130_fd_sc_hd__dfrtp_2)
                                 -0.250000   25.164555   clock uncertainty
                                  0.000000   25.164555   clock reconvergence pessimism
                                  0.192411   25.356966   library recovery time
                                             25.356966   data required time
---------------------------------------------------------------------------------------------
                                             25.356966   data required time
                                             -6.335840   data arrival time
---------------------------------------------------------------------------------------------
                                             19.021124   slack (MET)


Startpoint: en (input port clocked by clk)
Endpoint: _440_ (recovery check against rising-edge clock clk)
Path Group: asynchronous
Path Type: max

Fanout         Cap        Slew       Delay        Time   Description
---------------------------------------------------------------------------------------------
                                  0.000000    0.000000   clock clk (rise edge)
                                  0.000000    0.000000   clock network delay (propagated)
                                  5.000000    5.000000 ^ input external delay
     2    0.004792    0.028385    0.017182    5.017182 ^ en (in)
                                                         en (net)
                      0.028385    0.000000    5.017182 ^ input1/A (sky130_fd_sc_hd__clkdlybuf4s25_1)
     1    0.001930    0.036429    0.230405    5.247587 ^ input1/X (sky130_fd_sc_hd__clkdlybuf4s25_1)
                                                         net1 (net)
                      0.036429    0.000053    5.247640 ^ _229_/B (sky130_fd_sc_hd__and2_2)
     1    0.004185    0.043239    0.132078    5.379719 ^ _229_/X (sky130_fd_sc_hd__and2_2)
                                                         TOP.n_rst (net)
                      0.043246    0.000110    5.379828 ^ fanout51/A (sky130_fd_sc_hd__clkdlybuf4s25_1)
     5    0.026321    0.268696    0.404426    5.784254 ^ fanout51/X (sky130_fd_sc_hd__clkdlybuf4s25_1)
                                                         net51 (net)
                      0.268696    0.000233    5.784487 ^ fanout43/A (sky130_fd_sc_hd__clkdlybuf4s25_1)
     2    0.006547    0.078459    0.331358    6.115845 ^ fanout43/X (sky130_fd_sc_hd__clkdlybuf4s25_1)
                                                         net43 (net)
                      0.078459    0.000175    6.116021 ^ wire44/A (sky130_fd_sc_hd__clkbuf_4)
     9    0.044442    0.141067    0.217541    6.333561 ^ wire44/X (sky130_fd_sc_hd__clkbuf_4)
                                                         net44 (net)
                      0.141105    0.002221    6.335783 ^ _440_/RESET_B (sky130_fd_sc_hd__dfrtp_2)
                                              6.335783   data arrival time

                                 25.000000   25.000000   clock clk (rise edge)
                                  0.000000   25.000000   clock source latency
     2    0.019867    0.095149    0.065633   25.065632 ^ clk (in)
                                                         clk (net)
                      0.095166    0.000000   25.065632 ^ clkbuf_0_clk/A (sky130_fd_sc_hd__clkbuf_16)
     8    0.083891    0.100833    0.191418   25.257050 ^ clkbuf_0_clk/X (sky130_fd_sc_hd__clkbuf_16)
                                                         clknet_0_clk (net)
                      0.101134    0.003997   25.261047 ^ clkbuf_3_3__f_clk/A (sky130_fd_sc_hd__clkbuf_16)
    10    0.029890    0.050956    0.154790   25.415836 ^ clkbuf_3_3__f_clk/X (sky130_fd_sc_hd__clkbuf_16)
                                                         clknet_3_3__leaf_clk (net)
                      0.050958    0.000526   25.416363 ^ _440_/CLK (sky130_fd_sc_hd__dfrtp_2)
                                 -0.250000   25.166365   clock uncertainty
                                  0.000000   25.166365   clock reconvergence pessimism
                                  0.192364   25.358727   library recovery time
                                             25.358727   data required time
---------------------------------------------------------------------------------------------
                                             25.358727   data required time
                                             -6.335783   data arrival time
---------------------------------------------------------------------------------------------
                                             19.022945   slack (MET)


Startpoint: en (input port clocked by clk)
Endpoint: _414_ (recovery check against rising-edge clock clk)
Path Group: asynchronous
Path Type: max

Fanout         Cap        Slew       Delay        Time   Description
---------------------------------------------------------------------------------------------
                                  0.000000    0.000000   clock clk (rise edge)
                                  0.000000    0.000000   clock network delay (propagated)
                                  5.000000    5.000000 ^ input external delay
     2    0.004792    0.028385    0.017182    5.017182 ^ en (in)
                                                         en (net)
                      0.028385    0.000000    5.017182 ^ input1/A (sky130_fd_sc_hd__clkdlybuf4s25_1)
     1    0.001930    0.036429    0.230405    5.247587 ^ input1/X (sky130_fd_sc_hd__clkdlybuf4s25_1)
                                                         net1 (net)
                      0.036429    0.000053    5.247640 ^ _229_/B (sky130_fd_sc_hd__and2_2)
     1    0.004185    0.043239    0.132078    5.379719 ^ _229_/X (sky130_fd_sc_hd__and2_2)
                                                         TOP.n_rst (net)
                      0.043246    0.000110    5.379828 ^ fanout51/A (sky130_fd_sc_hd__clkdlybuf4s25_1)
     5    0.026321    0.268696    0.404426    5.784254 ^ fanout51/X (sky130_fd_sc_hd__clkdlybuf4s25_1)
                                                         net51 (net)
                      0.268696    0.000233    5.784487 ^ fanout43/A (sky130_fd_sc_hd__clkdlybuf4s25_1)
     2    0.006547    0.078459    0.331358    6.115845 ^ fanout43/X (sky130_fd_sc_hd__clkdlybuf4s25_1)
                                                         net43 (net)
                      0.078459    0.000175    6.116021 ^ wire44/A (sky130_fd_sc_hd__clkbuf_4)
     9    0.044442    0.141067    0.217541    6.333561 ^ wire44/X (sky130_fd_sc_hd__clkbuf_4)
                                                         net44 (net)
                      0.141103    0.002183    6.335744 ^ _414_/RESET_B (sky130_fd_sc_hd__dfrtp_2)
                                              6.335744   data arrival time

                                 25.000000   25.000000   clock clk (rise edge)
                                  0.000000   25.000000   clock source latency
     2    0.019867    0.095149    0.065633   25.065632 ^ clk (in)
                                                         clk (net)
                      0.095166    0.000000   25.065632 ^ clkbuf_0_clk/A (sky130_fd_sc_hd__clkbuf_16)
     8    0.083891    0.100833    0.191418   25.257050 ^ clkbuf_0_clk/X (sky130_fd_sc_hd__clkbuf_16)
                                                         clknet_0_clk (net)
                      0.101134    0.003997   25.261047 ^ clkbuf_3_3__f_clk/A (sky130_fd_sc_hd__clkbuf_16)
    10    0.029890    0.050956    0.154790   25.415836 ^ clkbuf_3_3__f_clk/X (sky130_fd_sc_hd__clkbuf_16)
                                                         clknet_3_3__leaf_clk (net)
                      0.050958    0.000611   25.416449 ^ _414_/CLK (sky130_fd_sc_hd__dfrtp_2)
                                 -0.250000   25.166449   clock uncertainty
                                  0.000000   25.166449   clock reconvergence pessimism
                                  0.192365   25.358814   library recovery time
                                             25.358814   data required time
---------------------------------------------------------------------------------------------
                                             25.358814   data required time
                                             -6.335744   data arrival time
---------------------------------------------------------------------------------------------
                                             19.023069   slack (MET)


Startpoint: en (input port clocked by clk)
Endpoint: _417_ (recovery check against rising-edge clock clk)
Path Group: asynchronous
Path Type: max

Fanout         Cap        Slew       Delay        Time   Description
---------------------------------------------------------------------------------------------
                                  0.000000    0.000000   clock clk (rise edge)
                                  0.000000    0.000000   clock network delay (propagated)
                                  5.000000    5.000000 ^ input external delay
     2    0.004792    0.028385    0.017182    5.017182 ^ en (in)
                                                         en (net)
                      0.028385    0.000000    5.017182 ^ input1/A (sky130_fd_sc_hd__clkdlybuf4s25_1)
     1    0.001930    0.036429    0.230405    5.247587 ^ input1/X (sky130_fd_sc_hd__clkdlybuf4s25_1)
                                                         net1 (net)
                      0.036429    0.000053    5.247640 ^ _229_/B (sky130_fd_sc_hd__and2_2)
     1    0.004185    0.043239    0.132078    5.379719 ^ _229_/X (sky130_fd_sc_hd__and2_2)
                                                         TOP.n_rst (net)
                      0.043246    0.000110    5.379828 ^ fanout51/A (sky130_fd_sc_hd__clkdlybuf4s25_1)
     5    0.026321    0.268696    0.404426    5.784254 ^ fanout51/X (sky130_fd_sc_hd__clkdlybuf4s25_1)
                                                         net51 (net)
                      0.268696    0.000233    5.784487 ^ fanout43/A (sky130_fd_sc_hd__clkdlybuf4s25_1)
     2    0.006547    0.078459    0.331358    6.115845 ^ fanout43/X (sky130_fd_sc_hd__clkdlybuf4s25_1)
                                                         net43 (net)
                      0.078459    0.000175    6.116021 ^ wire44/A (sky130_fd_sc_hd__clkbuf_4)
     9    0.044442    0.141067    0.217541    6.333561 ^ wire44/X (sky130_fd_sc_hd__clkbuf_4)
                                                         net44 (net)
                      0.141109    0.002335    6.335897 ^ _417_/RESET_B (sky130_fd_sc_hd__dfrtp_2)
                                              6.335897   data arrival time

                                 25.000000   25.000000   clock clk (rise edge)
                                  0.000000   25.000000   clock source latency
     2    0.019867    0.095149    0.065633   25.065632 ^ clk (in)
                                                         clk (net)
                      0.095166    0.000000   25.065632 ^ clkbuf_0_clk/A (sky130_fd_sc_hd__clkbuf_16)
     8    0.083891    0.100833    0.191418   25.257050 ^ clkbuf_0_clk/X (sky130_fd_sc_hd__clkbuf_16)
                                                         clknet_0_clk (net)
                      0.101134    0.003997   25.261047 ^ clkbuf_3_3__f_clk/A (sky130_fd_sc_hd__clkbuf_16)
    10    0.029890    0.050956    0.154790   25.415836 ^ clkbuf_3_3__f_clk/X (sky130_fd_sc_hd__clkbuf_16)
                                                         clknet_3_3__leaf_clk (net)
                      0.050963    0.001076   25.416914 ^ _417_/CLK (sky130_fd_sc_hd__dfrtp_2)
                                 -0.250000   25.166914   clock uncertainty
                                  0.000000   25.166914   clock reconvergence pessimism
                                  0.192365   25.359280   library recovery time
                                             25.359280   data required time
---------------------------------------------------------------------------------------------
                                             25.359280   data required time
                                             -6.335897   data arrival time
---------------------------------------------------------------------------------------------
                                             19.023382   slack (MET)


Startpoint: en (input port clocked by clk)
Endpoint: _419_ (recovery check against rising-edge clock clk)
Path Group: asynchronous
Path Type: max

Fanout         Cap        Slew       Delay        Time   Description
---------------------------------------------------------------------------------------------
                                  0.000000    0.000000   clock clk (rise edge)
                                  0.000000    0.000000   clock network delay (propagated)
                                  5.000000    5.000000 ^ input external delay
     2    0.004792    0.028385    0.017182    5.017182 ^ en (in)
                                                         en (net)
                      0.028385    0.000000    5.017182 ^ input1/A (sky130_fd_sc_hd__clkdlybuf4s25_1)
     1    0.001930    0.036429    0.230405    5.247587 ^ input1/X (sky130_fd_sc_hd__clkdlybuf4s25_1)
                                                         net1 (net)
                      0.036429    0.000053    5.247640 ^ _229_/B (sky130_fd_sc_hd__and2_2)
     1    0.004185    0.043239    0.132078    5.379719 ^ _229_/X (sky130_fd_sc_hd__and2_2)
                                                         TOP.n_rst (net)
                      0.043246    0.000110    5.379828 ^ fanout51/A (sky130_fd_sc_hd__clkdlybuf4s25_1)
     5    0.026321    0.268696    0.404426    5.784254 ^ fanout51/X (sky130_fd_sc_hd__clkdlybuf4s25_1)
                                                         net51 (net)
                      0.268696    0.000233    5.784487 ^ fanout43/A (sky130_fd_sc_hd__clkdlybuf4s25_1)
     2    0.006547    0.078459    0.331358    6.115845 ^ fanout43/X (sky130_fd_sc_hd__clkdlybuf4s25_1)
                                                         net43 (net)
                      0.078459    0.000175    6.116021 ^ wire44/A (sky130_fd_sc_hd__clkbuf_4)
     9    0.044442    0.141067    0.217541    6.333561 ^ wire44/X (sky130_fd_sc_hd__clkbuf_4)
                                                         net44 (net)
                      0.141091    0.001849    6.335410 ^ _419_/RESET_B (sky130_fd_sc_hd__dfrtp_2)
                                              6.335410   data arrival time

                                 25.000000   25.000000   clock clk (rise edge)
                                  0.000000   25.000000   clock source latency
     2    0.019867    0.095149    0.065633   25.065632 ^ clk (in)
                                                         clk (net)
                      0.095166    0.000000   25.065632 ^ clkbuf_0_clk/A (sky130_fd_sc_hd__clkbuf_16)
     8    0.083891    0.100833    0.191418   25.257050 ^ clkbuf_0_clk/X (sky130_fd_sc_hd__clkbuf_16)
                                                         clknet_0_clk (net)
                      0.101134    0.003997   25.261047 ^ clkbuf_3_3__f_clk/A (sky130_fd_sc_hd__clkbuf_16)
    10    0.029890    0.050956    0.154790   25.415836 ^ clkbuf_3_3__f_clk/X (sky130_fd_sc_hd__clkbuf_16)
                                                         clknet_3_3__leaf_clk (net)
                      0.050962    0.001021   25.416859 ^ _419_/CLK (sky130_fd_sc_hd__dfrtp_2)
                                 -0.250000   25.166859   clock uncertainty
                                  0.000000   25.166859   clock reconvergence pessimism
                                  0.192370   25.359230   library recovery time
                                             25.359230   data required time
---------------------------------------------------------------------------------------------
                                             25.359230   data required time
                                             -6.335410   data arrival time
---------------------------------------------------------------------------------------------
                                             19.023819   slack (MET)


Startpoint: en (input port clocked by clk)
Endpoint: _455_ (recovery check against rising-edge clock clk)
Path Group: asynchronous
Path Type: max

Fanout         Cap        Slew       Delay        Time   Description
---------------------------------------------------------------------------------------------
                                  0.000000    0.000000   clock clk (rise edge)
                                  0.000000    0.000000   clock network delay (propagated)
                                  5.000000    5.000000 ^ input external delay
     2    0.004792    0.028385    0.017182    5.017182 ^ en (in)
                                                         en (net)
                      0.028385    0.000000    5.017182 ^ input1/A (sky130_fd_sc_hd__clkdlybuf4s25_1)
     1    0.001930    0.036429    0.230405    5.247587 ^ input1/X (sky130_fd_sc_hd__clkdlybuf4s25_1)
                                                         net1 (net)
                      0.036429    0.000053    5.247640 ^ _229_/B (sky130_fd_sc_hd__and2_2)
     1    0.004185    0.043239    0.132078    5.379719 ^ _229_/X (sky130_fd_sc_hd__and2_2)
                                                         TOP.n_rst (net)
                      0.043246    0.000110    5.379828 ^ fanout51/A (sky130_fd_sc_hd__clkdlybuf4s25_1)
     5    0.026321    0.268696    0.404426    5.784254 ^ fanout51/X (sky130_fd_sc_hd__clkdlybuf4s25_1)
                                                         net51 (net)
                      0.268696    0.000233    5.784487 ^ fanout43/A (sky130_fd_sc_hd__clkdlybuf4s25_1)
     2    0.006547    0.078459    0.331358    6.115845 ^ fanout43/X (sky130_fd_sc_hd__clkdlybuf4s25_1)
                                                         net43 (net)
                      0.078459    0.000175    6.116021 ^ wire44/A (sky130_fd_sc_hd__clkbuf_4)
     9    0.044442    0.141067    0.217541    6.333561 ^ wire44/X (sky130_fd_sc_hd__clkbuf_4)
                                                         net44 (net)
                      0.141084    0.001604    6.335166 ^ _455_/RESET_B (sky130_fd_sc_hd__dfrtp_2)
                                              6.335166   data arrival time

                                 25.000000   25.000000   clock clk (rise edge)
                                  0.000000   25.000000   clock source latency
     2    0.019867    0.095149    0.065633   25.065632 ^ clk (in)
                                                         clk (net)
                      0.095166    0.000000   25.065632 ^ clkbuf_0_clk/A (sky130_fd_sc_hd__clkbuf_16)
     8    0.083891    0.100833    0.191418   25.257050 ^ clkbuf_0_clk/X (sky130_fd_sc_hd__clkbuf_16)
                                                         clknet_0_clk (net)
                      0.101134    0.003997   25.261047 ^ clkbuf_3_3__f_clk/A (sky130_fd_sc_hd__clkbuf_16)
    10    0.029890    0.050956    0.154790   25.415836 ^ clkbuf_3_3__f_clk/X (sky130_fd_sc_hd__clkbuf_16)
                                                         clknet_3_3__leaf_clk (net)
                      0.050960    0.000858   25.416695 ^ _455_/CLK (sky130_fd_sc_hd__dfrtp_2)
                                 -0.250000   25.166697   clock uncertainty
                                  0.000000   25.166697   clock reconvergence pessimism
                                  0.192371   25.359066   library recovery time
                                             25.359066   data required time
---------------------------------------------------------------------------------------------
                                             25.359066   data required time
                                             -6.335166   data arrival time
---------------------------------------------------------------------------------------------
                                             19.023901   slack (MET)


Startpoint: en (input port clocked by clk)
Endpoint: _430_ (recovery check against rising-edge clock clk)
Path Group: asynchronous
Path Type: max

Fanout         Cap        Slew       Delay        Time   Description
---------------------------------------------------------------------------------------------
                                  0.000000    0.000000   clock clk (rise edge)
                                  0.000000    0.000000   clock network delay (propagated)
                                  5.000000    5.000000 ^ input external delay
     2    0.004792    0.028385    0.017182    5.017182 ^ en (in)
                                                         en (net)
                      0.028385    0.000000    5.017182 ^ input1/A (sky130_fd_sc_hd__clkdlybuf4s25_1)
     1    0.001930    0.036429    0.230405    5.247587 ^ input1/X (sky130_fd_sc_hd__clkdlybuf4s25_1)
                                                         net1 (net)
                      0.036429    0.000053    5.247640 ^ _229_/B (sky130_fd_sc_hd__and2_2)
     1    0.004185    0.043239    0.132078    5.379719 ^ _229_/X (sky130_fd_sc_hd__and2_2)
                                                         TOP.n_rst (net)
                      0.043246    0.000110    5.379828 ^ fanout51/A (sky130_fd_sc_hd__clkdlybuf4s25_1)
     5    0.026321    0.268696    0.404426    5.784254 ^ fanout51/X (sky130_fd_sc_hd__clkdlybuf4s25_1)
                                                         net51 (net)
                      0.268696    0.000233    5.784487 ^ fanout43/A (sky130_fd_sc_hd__clkdlybuf4s25_1)
     2    0.006547    0.078459    0.331358    6.115845 ^ fanout43/X (sky130_fd_sc_hd__clkdlybuf4s25_1)
                                                         net43 (net)
                      0.078459    0.000175    6.116021 ^ wire44/A (sky130_fd_sc_hd__clkbuf_4)
     9    0.044442    0.141067    0.217541    6.333561 ^ wire44/X (sky130_fd_sc_hd__clkbuf_4)
                                                         net44 (net)
                      0.141074    0.001188    6.334750 ^ _430_/RESET_B (sky130_fd_sc_hd__dfrtp_2)
                                              6.334750   data arrival time

                                 25.000000   25.000000   clock clk (rise edge)
                                  0.000000   25.000000   clock source latency
     2    0.019867    0.095149    0.065633   25.065632 ^ clk (in)
                                                         clk (net)
                      0.095166    0.000000   25.065632 ^ clkbuf_0_clk/A (sky130_fd_sc_hd__clkbuf_16)
     8    0.083891    0.100833    0.191418   25.257050 ^ clkbuf_0_clk/X (sky130_fd_sc_hd__clkbuf_16)
                                                         clknet_0_clk (net)
                      0.101136    0.004015   25.261065 ^ clkbuf_3_2__f_clk/A (sky130_fd_sc_hd__clkbuf_16)
    10    0.035070    0.055414    0.158654   25.419718 ^ clkbuf_3_2__f_clk/X (sky130_fd_sc_hd__clkbuf_16)
                                                         clknet_3_2__leaf_clk (net)
                      0.055433    0.000592   25.420311 ^ _430_/CLK (sky130_fd_sc_hd__dfrtp_2)
                                 -0.250000   25.170311   clock uncertainty
                                  0.000000   25.170311   clock reconvergence pessimism
                                  0.193769   25.364080   library recovery time
                                             25.364080   data required time
---------------------------------------------------------------------------------------------
                                             25.364080   data required time
                                             -6.334750   data arrival time
---------------------------------------------------------------------------------------------
                                             19.029329   slack (MET)


Startpoint: en (input port clocked by clk)
Endpoint: _428_ (recovery check against rising-edge clock clk)
Path Group: asynchronous
Path Type: max

Fanout         Cap        Slew       Delay        Time   Description
---------------------------------------------------------------------------------------------
                                  0.000000    0.000000   clock clk (rise edge)
                                  0.000000    0.000000   clock network delay (propagated)
                                  5.000000    5.000000 ^ input external delay
     2    0.004792    0.028385    0.017182    5.017182 ^ en (in)
                                                         en (net)
                      0.028385    0.000000    5.017182 ^ input1/A (sky130_fd_sc_hd__clkdlybuf4s25_1)
     1    0.001930    0.036429    0.230405    5.247587 ^ input1/X (sky130_fd_sc_hd__clkdlybuf4s25_1)
                                                         net1 (net)
                      0.036429    0.000053    5.247640 ^ _229_/B (sky130_fd_sc_hd__and2_2)
     1    0.004185    0.043239    0.132078    5.379719 ^ _229_/X (sky130_fd_sc_hd__and2_2)
                                                         TOP.n_rst (net)
                      0.043246    0.000110    5.379828 ^ fanout51/A (sky130_fd_sc_hd__clkdlybuf4s25_1)
     5    0.026321    0.268696    0.404426    5.784254 ^ fanout51/X (sky130_fd_sc_hd__clkdlybuf4s25_1)
                                                         net51 (net)
                      0.268696    0.000233    5.784487 ^ fanout43/A (sky130_fd_sc_hd__clkdlybuf4s25_1)
     2    0.006547    0.078459    0.331358    6.115845 ^ fanout43/X (sky130_fd_sc_hd__clkdlybuf4s25_1)
                                                         net43 (net)
                      0.078459    0.000175    6.116021 ^ wire44/A (sky130_fd_sc_hd__clkbuf_4)
     9    0.044442    0.141067    0.217541    6.333561 ^ wire44/X (sky130_fd_sc_hd__clkbuf_4)
                                                         net44 (net)
                      0.141069    0.000829    6.334390 ^ _428_/RESET_B (sky130_fd_sc_hd__dfrtp_2)
                                              6.334390   data arrival time

                                 25.000000   25.000000   clock clk (rise edge)
                                  0.000000   25.000000   clock source latency
     2    0.019867    0.095149    0.065633   25.065632 ^ clk (in)
                                                         clk (net)
                      0.095166    0.000000   25.065632 ^ clkbuf_0_clk/A (sky130_fd_sc_hd__clkbuf_16)
     8    0.083891    0.100833    0.191418   25.257050 ^ clkbuf_0_clk/X (sky130_fd_sc_hd__clkbuf_16)
                                                         clknet_0_clk (net)
                      0.101136    0.004015   25.261065 ^ clkbuf_3_2__f_clk/A (sky130_fd_sc_hd__clkbuf_16)
    10    0.035070    0.055414    0.158654   25.419718 ^ clkbuf_3_2__f_clk/X (sky130_fd_sc_hd__clkbuf_16)
                                                         clknet_3_2__leaf_clk (net)
                      0.055449    0.000936   25.420654 ^ _428_/CLK (sky130_fd_sc_hd__dfrtp_2)
                                 -0.250000   25.170656   clock uncertainty
                                  0.000000   25.170656   clock reconvergence pessimism
                                  0.193776   25.364431   library recovery time
                                             25.364431   data required time
---------------------------------------------------------------------------------------------
                                             25.364431   data required time
                                             -6.334390   data arrival time
---------------------------------------------------------------------------------------------
                                             19.030041   slack (MET)


Startpoint: en (input port clocked by clk)
Endpoint: _429_ (recovery check against rising-edge clock clk)
Path Group: asynchronous
Path Type: max

Fanout         Cap        Slew       Delay        Time   Description
---------------------------------------------------------------------------------------------
                                  0.000000    0.000000   clock clk (rise edge)
                                  0.000000    0.000000   clock network delay (propagated)
                                  5.000000    5.000000 ^ input external delay
     2    0.004792    0.028385    0.017182    5.017182 ^ en (in)
                                                         en (net)
                      0.028385    0.000000    5.017182 ^ input1/A (sky130_fd_sc_hd__clkdlybuf4s25_1)
     1    0.001930    0.036429    0.230405    5.247587 ^ input1/X (sky130_fd_sc_hd__clkdlybuf4s25_1)
                                                         net1 (net)
                      0.036429    0.000053    5.247640 ^ _229_/B (sky130_fd_sc_hd__and2_2)
     1    0.004185    0.043239    0.132078    5.379719 ^ _229_/X (sky130_fd_sc_hd__and2_2)
                                                         TOP.n_rst (net)
                      0.043246    0.000110    5.379828 ^ fanout51/A (sky130_fd_sc_hd__clkdlybuf4s25_1)
     5    0.026321    0.268696    0.404426    5.784254 ^ fanout51/X (sky130_fd_sc_hd__clkdlybuf4s25_1)
                                                         net51 (net)
                      0.268696    0.000233    5.784487 ^ fanout43/A (sky130_fd_sc_hd__clkdlybuf4s25_1)
     2    0.006547    0.078459    0.331358    6.115845 ^ fanout43/X (sky130_fd_sc_hd__clkdlybuf4s25_1)
                                                         net43 (net)
                      0.078459    0.000175    6.116021 ^ wire44/A (sky130_fd_sc_hd__clkbuf_4)
     9    0.044442    0.141067    0.217541    6.333561 ^ wire44/X (sky130_fd_sc_hd__clkbuf_4)
                                                         net44 (net)
                      0.141068    0.000749    6.334311 ^ _429_/RESET_B (sky130_fd_sc_hd__dfrtp_2)
                                              6.334311   data arrival time

                                 25.000000   25.000000   clock clk (rise edge)
                                  0.000000   25.000000   clock source latency
     2    0.019867    0.095149    0.065633   25.065632 ^ clk (in)
                                                         clk (net)
                      0.095166    0.000000   25.065632 ^ clkbuf_0_clk/A (sky130_fd_sc_hd__clkbuf_16)
     8    0.083891    0.100833    0.191418   25.257050 ^ clkbuf_0_clk/X (sky130_fd_sc_hd__clkbuf_16)
                                                         clknet_0_clk (net)
                      0.101136    0.004015   25.261065 ^ clkbuf_3_2__f_clk/A (sky130_fd_sc_hd__clkbuf_16)
    10    0.035070    0.055414    0.158654   25.419718 ^ clkbuf_3_2__f_clk/X (sky130_fd_sc_hd__clkbuf_16)
                                                         clknet_3_2__leaf_clk (net)
                      0.055449    0.000933   25.420650 ^ _429_/CLK (sky130_fd_sc_hd__dfrtp_2)
                                 -0.250000   25.170652   clock uncertainty
                                  0.000000   25.170652   clock reconvergence pessimism
                                  0.193776   25.364428   library recovery time
                                             25.364428   data required time
---------------------------------------------------------------------------------------------
                                             25.364428   data required time
                                             -6.334311   data arrival time
---------------------------------------------------------------------------------------------
                                             19.030117   slack (MET)


Startpoint: en (input port clocked by clk)
Endpoint: _466_ (recovery check against rising-edge clock clk)
Path Group: asynchronous
Path Type: max

Fanout         Cap        Slew       Delay        Time   Description
---------------------------------------------------------------------------------------------
                                  0.000000    0.000000   clock clk (rise edge)
                                  0.000000    0.000000   clock network delay (propagated)
                                  5.000000    5.000000 ^ input external delay
     2    0.004792    0.028385    0.017182    5.017182 ^ en (in)
                                                         en (net)
                      0.028385    0.000000    5.017182 ^ input1/A (sky130_fd_sc_hd__clkdlybuf4s25_1)
     1    0.001930    0.036429    0.230405    5.247587 ^ input1/X (sky130_fd_sc_hd__clkdlybuf4s25_1)
                                                         net1 (net)
                      0.036429    0.000053    5.247640 ^ _229_/B (sky130_fd_sc_hd__and2_2)
     1    0.004185    0.043239    0.132078    5.379719 ^ _229_/X (sky130_fd_sc_hd__and2_2)
                                                         TOP.n_rst (net)
                      0.043246    0.000110    5.379828 ^ fanout51/A (sky130_fd_sc_hd__clkdlybuf4s25_1)
     5    0.026321    0.268696    0.404426    5.784254 ^ fanout51/X (sky130_fd_sc_hd__clkdlybuf4s25_1)
                                                         net51 (net)
                      0.268696    0.000211    5.784465 ^ fanout40/A (sky130_fd_sc_hd__clkdlybuf4s25_1)
     5    0.024463    0.250878    0.453961    6.238426 ^ fanout40/X (sky130_fd_sc_hd__clkdlybuf4s25_1)
                                                         net40 (net)
                      0.250881    0.001296    6.239723 ^ _466_/RESET_B (sky130_fd_sc_hd__dfrtp_2)
                                              6.239723   data arrival time

                                 25.000000   25.000000   clock clk (rise edge)
                                  0.000000   25.000000   clock source latency
     2    0.019867    0.095149    0.065633   25.065632 ^ clk (in)
                                                         clk (net)
                      0.095166    0.000000   25.065632 ^ clkbuf_0_clk/A (sky130_fd_sc_hd__clkbuf_16)
     8    0.083891    0.100833    0.191418   25.257050 ^ clkbuf_0_clk/X (sky130_fd_sc_hd__clkbuf_16)
                                                         clknet_0_clk (net)
                      0.101009    0.002826   25.259876 ^ clkbuf_3_4__f_clk/A (sky130_fd_sc_hd__clkbuf_16)
     9    0.031976    0.052761    0.156332   25.416208 ^ clkbuf_3_4__f_clk/X (sky130_fd_sc_hd__clkbuf_16)
                                                         clknet_3_4__leaf_clk (net)
                      0.052763    0.000712   25.416922 ^ _466_/CLK (sky130_fd_sc_hd__dfrtp_2)
                                 -0.250000   25.166922   clock uncertainty
                                  0.000000   25.166922   clock reconvergence pessimism
                                  0.160214   25.327135   library recovery time
                                             25.327135   data required time
---------------------------------------------------------------------------------------------
                                             25.327135   data required time
                                             -6.239723   data arrival time
---------------------------------------------------------------------------------------------
                                             19.087414   slack (MET)


Startpoint: en (input port clocked by clk)
Endpoint: _465_ (recovery check against rising-edge clock clk)
Path Group: asynchronous
Path Type: max

Fanout         Cap        Slew       Delay        Time   Description
---------------------------------------------------------------------------------------------
                                  0.000000    0.000000   clock clk (rise edge)
                                  0.000000    0.000000   clock network delay (propagated)
                                  5.000000    5.000000 ^ input external delay
     2    0.004792    0.028385    0.017182    5.017182 ^ en (in)
                                                         en (net)
                      0.028385    0.000000    5.017182 ^ input1/A (sky130_fd_sc_hd__clkdlybuf4s25_1)
     1    0.001930    0.036429    0.230405    5.247587 ^ input1/X (sky130_fd_sc_hd__clkdlybuf4s25_1)
                                                         net1 (net)
                      0.036429    0.000053    5.247640 ^ _229_/B (sky130_fd_sc_hd__and2_2)
     1    0.004185    0.043239    0.132078    5.379719 ^ _229_/X (sky130_fd_sc_hd__and2_2)
                                                         TOP.n_rst (net)
                      0.043246    0.000110    5.379828 ^ fanout51/A (sky130_fd_sc_hd__clkdlybuf4s25_1)
     5    0.026321    0.268696    0.404426    5.784254 ^ fanout51/X (sky130_fd_sc_hd__clkdlybuf4s25_1)
                                                         net51 (net)
                      0.268696    0.000211    5.784465 ^ fanout40/A (sky130_fd_sc_hd__clkdlybuf4s25_1)
     5    0.024463    0.250878    0.453961    6.238426 ^ fanout40/X (sky130_fd_sc_hd__clkdlybuf4s25_1)
                                                         net40 (net)
                      0.250881    0.001231    6.239658 ^ _465_/RESET_B (sky130_fd_sc_hd__dfrtp_2)
                                              6.239658   data arrival time

                                 25.000000   25.000000   clock clk (rise edge)
                                  0.000000   25.000000   clock source latency
     2    0.019867    0.095149    0.065633   25.065632 ^ clk (in)
                                                         clk (net)
                      0.095166    0.000000   25.065632 ^ clkbuf_0_clk/A (sky130_fd_sc_hd__clkbuf_16)
     8    0.083891    0.100833    0.191418   25.257050 ^ clkbuf_0_clk/X (sky130_fd_sc_hd__clkbuf_16)
                                                         clknet_0_clk (net)
                      0.101100    0.003725   25.260775 ^ clkbuf_3_0__f_clk/A (sky130_fd_sc_hd__clkbuf_16)
    10    0.031133    0.052041    0.155755   25.416531 ^ clkbuf_3_0__f_clk/X (sky130_fd_sc_hd__clkbuf_16)
                                                         clknet_3_0__leaf_clk (net)
                      0.052043    0.000643   25.417173 ^ _465_/CLK (sky130_fd_sc_hd__dfrtp_2)
                                 -0.250000   25.167173   clock uncertainty
                                  0.000000   25.167173   clock reconvergence pessimism
                                  0.159985   25.327160   library recovery time
                                             25.327160   data required time
---------------------------------------------------------------------------------------------
                                             25.327160   data required time
                                             -6.239658   data arrival time
---------------------------------------------------------------------------------------------
                                             19.087502   slack (MET)


Startpoint: en (input port clocked by clk)
Endpoint: _441_ (recovery check against rising-edge clock clk)
Path Group: asynchronous
Path Type: max

Fanout         Cap        Slew       Delay        Time   Description
---------------------------------------------------------------------------------------------
                                  0.000000    0.000000   clock clk (rise edge)
                                  0.000000    0.000000   clock network delay (propagated)
                                  5.000000    5.000000 ^ input external delay
     2    0.004792    0.028385    0.017182    5.017182 ^ en (in)
                                                         en (net)
                      0.028385    0.000000    5.017182 ^ input1/A (sky130_fd_sc_hd__clkdlybuf4s25_1)
     1    0.001930    0.036429    0.230405    5.247587 ^ input1/X (sky130_fd_sc_hd__clkdlybuf4s25_1)
                                                         net1 (net)
                      0.036429    0.000053    5.247640 ^ _229_/B (sky130_fd_sc_hd__and2_2)
     1    0.004185    0.043239    0.132078    5.379719 ^ _229_/X (sky130_fd_sc_hd__and2_2)
                                                         TOP.n_rst (net)
                      0.043246    0.000110    5.379828 ^ fanout51/A (sky130_fd_sc_hd__clkdlybuf4s25_1)
     5    0.026321    0.268696    0.404426    5.784254 ^ fanout51/X (sky130_fd_sc_hd__clkdlybuf4s25_1)
                                                         net51 (net)
                      0.268696    0.000211    5.784465 ^ fanout40/A (sky130_fd_sc_hd__clkdlybuf4s25_1)
     5    0.024463    0.250878    0.453961    6.238426 ^ fanout40/X (sky130_fd_sc_hd__clkdlybuf4s25_1)
                                                         net40 (net)
                      0.250879    0.001052    6.239478 ^ _441_/RESET_B (sky130_fd_sc_hd__dfrtp_2)
                                              6.239478   data arrival time

                                 25.000000   25.000000   clock clk (rise edge)
                                  0.000000   25.000000   clock source latency
     2    0.019867    0.095149    0.065633   25.065632 ^ clk (in)
                                                         clk (net)
                      0.095166    0.000000   25.065632 ^ clkbuf_0_clk/A (sky130_fd_sc_hd__clkbuf_16)
     8    0.083891    0.100833    0.191418   25.257050 ^ clkbuf_0_clk/X (sky130_fd_sc_hd__clkbuf_16)
                                                         clknet_0_clk (net)
                      0.101087    0.003604   25.260654 ^ clkbuf_3_1__f_clk/A (sky130_fd_sc_hd__clkbuf_16)
    10    0.036358    0.056462    0.159432   25.420086 ^ clkbuf_3_1__f_clk/X (sky130_fd_sc_hd__clkbuf_16)
                                                         clknet_3_1__leaf_clk (net)
                      0.056507    0.000577   25.420664 ^ _441_/CLK (sky130_fd_sc_hd__dfrtp_2)
                                 -0.250000   25.170664   clock uncertainty
                                  0.000000   25.170664   clock reconvergence pessimism
                                  0.161402   25.332066   library recovery time
                                             25.332066   data required time
---------------------------------------------------------------------------------------------
                                             25.332066   data required time
                                             -6.239478   data arrival time
---------------------------------------------------------------------------------------------
                                             19.092588   slack (MET)


Startpoint: en (input port clocked by clk)
Endpoint: _464_ (recovery check against rising-edge clock clk)
Path Group: asynchronous
Path Type: max

Fanout         Cap        Slew       Delay        Time   Description
---------------------------------------------------------------------------------------------
                                  0.000000    0.000000   clock clk (rise edge)
                                  0.000000    0.000000   clock network delay (propagated)
                                  5.000000    5.000000 ^ input external delay
     2    0.004792    0.028385    0.017182    5.017182 ^ en (in)
                                                         en (net)
                      0.028385    0.000000    5.017182 ^ input1/A (sky130_fd_sc_hd__clkdlybuf4s25_1)
     1    0.001930    0.036429    0.230405    5.247587 ^ input1/X (sky130_fd_sc_hd__clkdlybuf4s25_1)
                                                         net1 (net)
                      0.036429    0.000053    5.247640 ^ _229_/B (sky130_fd_sc_hd__and2_2)
     1    0.004185    0.043239    0.132078    5.379719 ^ _229_/X (sky130_fd_sc_hd__and2_2)
                                                         TOP.n_rst (net)
                      0.043246    0.000110    5.379828 ^ fanout51/A (sky130_fd_sc_hd__clkdlybuf4s25_1)
     5    0.026321    0.268696    0.404426    5.784254 ^ fanout51/X (sky130_fd_sc_hd__clkdlybuf4s25_1)
                                                         net51 (net)
                      0.268696    0.000615    5.784869 ^ _464_/RESET_B (sky130_fd_sc_hd__dfrtp_2)
                                              5.784869   data arrival time

                                 25.000000   25.000000   clock clk (rise edge)
                                  0.000000   25.000000   clock source latency
     2    0.019867    0.095149    0.065633   25.065632 ^ clk (in)
                                                         clk (net)
                      0.095166    0.000000   25.065632 ^ clkbuf_0_clk/A (sky130_fd_sc_hd__clkbuf_16)
     8    0.083891    0.100833    0.191418   25.257050 ^ clkbuf_0_clk/X (sky130_fd_sc_hd__clkbuf_16)
                                                         clknet_0_clk (net)
                      0.101134    0.003997   25.261047 ^ clkbuf_3_3__f_clk/A (sky130_fd_sc_hd__clkbuf_16)
    10    0.029890    0.050956    0.154790   25.415836 ^ clkbuf_3_3__f_clk/X (sky130_fd_sc_hd__clkbuf_16)
                                                         clknet_3_3__leaf_clk (net)
                      0.050957    0.000492   25.416328 ^ _464_/CLK (sky130_fd_sc_hd__dfrtp_2)
                                 -0.250000   25.166330   clock uncertainty
                                  0.000000   25.166330   clock reconvergence pessimism
                                  0.154330   25.320660   library recovery time
                                             25.320660   data required time
---------------------------------------------------------------------------------------------
                                             25.320660   data required time
                                             -5.784869   data arrival time
---------------------------------------------------------------------------------------------
                                             19.535789   slack (MET)


Startpoint: gpio_in[0] (input port clocked by clk)
Endpoint: _483_ (rising edge-triggered flip-flop clocked by clk)
Path Group: clk
Path Type: max

Fanout         Cap        Slew       Delay        Time   Description
---------------------------------------------------------------------------------------------
                                  0.000000    0.000000   clock clk (rise edge)
                                  0.000000    0.000000   clock network delay (propagated)
                                  5.000000    5.000000 v input external delay
     2    0.005602    0.014925    0.009107    5.009108 v gpio_in[0] (in)
                                                         gpio_in[0] (net)
                      0.014926    0.000000    5.009108 v input2/A (sky130_fd_sc_hd__clkdlybuf4s25_1)
     1    0.002998    0.041152    0.229896    5.239003 v input2/X (sky130_fd_sc_hd__clkdlybuf4s25_1)
                                                         net2 (net)
                      0.041152    0.000091    5.239094 v _483_/D (sky130_fd_sc_hd__dfrtp_2)
                                              5.239094   data arrival time

                                 25.000000   25.000000   clock clk (rise edge)
                                  0.000000   25.000000   clock source latency
     2    0.019867    0.095149    0.065633   25.065632 ^ clk (in)
                                                         clk (net)
                      0.095166    0.000000   25.065632 ^ clkbuf_0_clk/A (sky130_fd_sc_hd__clkbuf_16)
     8    0.083891    0.100833    0.191418   25.257050 ^ clkbuf_0_clk/X (sky130_fd_sc_hd__clkbuf_16)
                                                         clknet_0_clk (net)
                      0.101087    0.003604   25.260654 ^ clkbuf_3_1__f_clk/A (sky130_fd_sc_hd__clkbuf_16)
    10    0.036358    0.056462    0.159432   25.420086 ^ clkbuf_3_1__f_clk/X (sky130_fd_sc_hd__clkbuf_16)
                                                         clknet_3_1__leaf_clk (net)
                      0.056567    0.001499   25.421585 ^ _483_/CLK (sky130_fd_sc_hd__dfrtp_2)
                                 -0.250000   25.171587   clock uncertainty
                                  0.000000   25.171587   clock reconvergence pessimism
                                 -0.111131   25.060455   library setup time
                                             25.060455   data required time
---------------------------------------------------------------------------------------------
                                             25.060455   data required time
                                             -5.239094   data arrival time
---------------------------------------------------------------------------------------------
                                             19.821362   slack (MET)


Startpoint: gpio_in[3] (input port clocked by clk)
Endpoint: _477_ (rising edge-triggered flip-flop clocked by clk)
Path Group: clk
Path Type: max

Fanout         Cap        Slew       Delay        Time   Description
---------------------------------------------------------------------------------------------
                                  0.000000    0.000000   clock clk (rise edge)
                                  0.000000    0.000000   clock network delay (propagated)
                                  5.000000    5.000000 v input external delay
     2    0.004566    0.012685    0.007390    5.007390 v gpio_in[3] (in)
                                                         gpio_in[3] (net)
                      0.012685    0.000000    5.007390 v input5/A (sky130_fd_sc_hd__clkdlybuf4s25_1)
     1    0.002426    0.037379    0.224747    5.232137 v input5/X (sky130_fd_sc_hd__clkdlybuf4s25_1)
                                                         net5 (net)
                      0.037379    0.000069    5.232206 v _477_/D (sky130_fd_sc_hd__dfrtp_2)
                                              5.232206   data arrival time

                                 25.000000   25.000000   clock clk (rise edge)
                                  0.000000   25.000000   clock source latency
     2    0.019867    0.095149    0.065633   25.065632 ^ clk (in)
                                                         clk (net)
                      0.095166    0.000000   25.065632 ^ clkbuf_0_clk/A (sky130_fd_sc_hd__clkbuf_16)
     8    0.083891    0.100833    0.191418   25.257050 ^ clkbuf_0_clk/X (sky130_fd_sc_hd__clkbuf_16)
                                                         clknet_0_clk (net)
                      0.101100    0.003725   25.260775 ^ clkbuf_3_0__f_clk/A (sky130_fd_sc_hd__clkbuf_16)
    10    0.031133    0.052041    0.155755   25.416531 ^ clkbuf_3_0__f_clk/X (sky130_fd_sc_hd__clkbuf_16)
                                                         clknet_3_0__leaf_clk (net)
                      0.052045    0.000821   25.417351 ^ _477_/CLK (sky130_fd_sc_hd__dfrtp_2)
                                 -0.250000   25.167351   clock uncertainty
                                  0.000000   25.167351   clock reconvergence pessimism
                                 -0.110522   25.056829   library setup time
                                             25.056829   data required time
---------------------------------------------------------------------------------------------
                                             25.056829   data required time
                                             -5.232206   data arrival time
---------------------------------------------------------------------------------------------
                                             19.824625   slack (MET)


Startpoint: gpio_in[2] (input port clocked by clk)
Endpoint: _479_ (rising edge-triggered flip-flop clocked by clk)
Path Group: clk
Path Type: max

Fanout         Cap        Slew       Delay        Time   Description
---------------------------------------------------------------------------------------------
                                  0.000000    0.000000   clock clk (rise edge)
                                  0.000000    0.000000   clock network delay (propagated)
                                  5.000000    5.000000 v input external delay
     2    0.005165    0.013962    0.008427    5.008427 v gpio_in[2] (in)
                                                         gpio_in[2] (net)
                      0.013965    0.000000    5.008427 v input4/A (sky130_fd_sc_hd__clkdlybuf4s25_1)
     1    0.002450    0.037530    0.225443    5.233870 v input4/X (sky130_fd_sc_hd__clkdlybuf4s25_1)
                                                         net4 (net)
                      0.037530    0.000069    5.233939 v _479_/D (sky130_fd_sc_hd__dfrtp_2)
                                              5.233939   data arrival time

                                 25.000000   25.000000   clock clk (rise edge)
                                  0.000000   25.000000   clock source latency
     2    0.019867    0.095149    0.065633   25.065632 ^ clk (in)
                                                         clk (net)
                      0.095166    0.000000   25.065632 ^ clkbuf_0_clk/A (sky130_fd_sc_hd__clkbuf_16)
     8    0.083891    0.100833    0.191418   25.257050 ^ clkbuf_0_clk/X (sky130_fd_sc_hd__clkbuf_16)
                                                         clknet_0_clk (net)
                      0.101087    0.003604   25.260654 ^ clkbuf_3_1__f_clk/A (sky130_fd_sc_hd__clkbuf_16)
    10    0.036358    0.056462    0.159432   25.420086 ^ clkbuf_3_1__f_clk/X (sky130_fd_sc_hd__clkbuf_16)
                                                         clknet_3_1__leaf_clk (net)
                      0.056558    0.001380   25.421467 ^ _479_/CLK (sky130_fd_sc_hd__dfrtp_2)
                                 -0.250000   25.171467   clock uncertainty
                                  0.000000   25.171467   clock reconvergence pessimism
                                 -0.109545   25.061922   library setup time
                                             25.061922   data required time
---------------------------------------------------------------------------------------------
                                             25.061922   data required time
                                             -5.233939   data arrival time
---------------------------------------------------------------------------------------------
                                             19.827984   slack (MET)


Startpoint: gpio_in[1] (input port clocked by clk)
Endpoint: _481_ (rising edge-triggered flip-flop clocked by clk)
Path Group: clk
Path Type: max

Fanout         Cap        Slew       Delay        Time   Description
---------------------------------------------------------------------------------------------
                                  0.000000    0.000000   clock clk (rise edge)
                                  0.000000    0.000000   clock network delay (propagated)
                                  5.000000    5.000000 v input external delay
     2    0.004587    0.012732    0.007431    5.007432 v gpio_in[1] (in)
                                                         gpio_in[1] (net)
                      0.012736    0.000000    5.007432 v input3/A (sky130_fd_sc_hd__clkdlybuf4s25_1)
     1    0.002131    0.035546    0.222578    5.230010 v input3/X (sky130_fd_sc_hd__clkdlybuf4s25_1)
                                                         net3 (net)
                      0.035546    0.000059    5.230069 v _481_/D (sky130_fd_sc_hd__dfrtp_2)
                                              5.230069   data arrival time

                                 25.000000   25.000000   clock clk (rise edge)
                                  0.000000   25.000000   clock source latency
     2    0.019867    0.095149    0.065633   25.065632 ^ clk (in)
                                                         clk (net)
                      0.095166    0.000000   25.065632 ^ clkbuf_0_clk/A (sky130_fd_sc_hd__clkbuf_16)
     8    0.083891    0.100833    0.191418   25.257050 ^ clkbuf_0_clk/X (sky130_fd_sc_hd__clkbuf_16)
                                                         clknet_0_clk (net)
                      0.101087    0.003604   25.260654 ^ clkbuf_3_1__f_clk/A (sky130_fd_sc_hd__clkbuf_16)
    10    0.036358    0.056462    0.159432   25.420086 ^ clkbuf_3_1__f_clk/X (sky130_fd_sc_hd__clkbuf_16)
                                                         clknet_3_1__leaf_clk (net)
                      0.056564    0.001460   25.421547 ^ _481_/CLK (sky130_fd_sc_hd__dfrtp_2)
                                 -0.250000   25.171547   clock uncertainty
                                  0.000000   25.171547   clock reconvergence pessimism
                                 -0.108674   25.062874   library setup time
                                             25.062874   data required time
---------------------------------------------------------------------------------------------
                                             25.062874   data required time
                                             -5.230069   data arrival time
---------------------------------------------------------------------------------------------
                                             19.832804   slack (MET)


Startpoint: _432_ (rising edge-triggered flip-flop clocked by clk)
Endpoint: _446_ (rising edge-triggered flip-flop clocked by clk)
Path Group: clk
Path Type: max

Fanout         Cap        Slew       Delay        Time   Description
---------------------------------------------------------------------------------------------
                                  0.000000    0.000000   clock clk (rise edge)
                                  0.000000    0.000000   clock source latency
     2    0.019867    0.095149    0.065634    0.065634 ^ clk (in)
                                                         clk (net)
                      0.095166    0.000000    0.065634 ^ clkbuf_0_clk/A (sky130_fd_sc_hd__clkbuf_16)
     8    0.083891    0.100833    0.191418    0.257052 ^ clkbuf_0_clk/X (sky130_fd_sc_hd__clkbuf_16)
                                                         clknet_0_clk (net)
                      0.101003    0.002756    0.259808 ^ clkbuf_3_5__f_clk/A (sky130_fd_sc_hd__clkbuf_16)
    10    0.033671    0.054184    0.157491    0.417299 ^ clkbuf_3_5__f_clk/X (sky130_fd_sc_hd__clkbuf_16)
                                                         clknet_3_5__leaf_clk (net)
                      0.054212    0.001157    0.418456 ^ _432_/CLK (sky130_fd_sc_hd__dfstp_2)
     1    0.002803    0.035750    0.510258    0.928715 ^ _432_/Q (sky130_fd_sc_hd__dfstp_2)
                                                         TOP.top_rng_inst.display.datas[0] (net)
                      0.035750    0.000081    0.928796 ^ fanout32/A (sky130_fd_sc_hd__clkdlybuf4s25_1)
     7    0.036708    0.370090    0.472434    1.401230 ^ fanout32/X (sky130_fd_sc_hd__clkdlybuf4s25_1)
                                                         net32 (net)
                      0.370090    0.000963    1.402192 ^ fanout31/A (sky130_fd_sc_hd__clkdlybuf4s25_1)
    10    0.038261    0.385139    0.563700    1.965892 ^ fanout31/X (sky130_fd_sc_hd__clkdlybuf4s25_1)
                                                         net31 (net)
                      0.385140    0.001433    1.967325 ^ _283_/S (sky130_fd_sc_hd__mux2_1)
     2    0.008824    0.084221    0.402176    2.369500 v _283_/X (sky130_fd_sc_hd__mux2_1)
                                                         _099_ (net)
                      0.084221    0.000185    2.369686 v _314_/A1 (sky130_fd_sc_hd__mux4_2)
     2    0.014415    0.116152    0.516857    2.886543 v _314_/X (sky130_fd_sc_hd__mux4_2)
                                                         _126_ (net)
                      0.116152    0.000716    2.887259 v _350_/A (sky130_fd_sc_hd__nand2_2)
     1    0.013926    0.087593    0.118660    3.005919 ^ _350_/Y (sky130_fd_sc_hd__nand2_2)
                                                         _154_ (net)
                      0.087630    0.000544    3.006464 ^ _352_/A (sky130_fd_sc_hd__xnor2_2)
     1    0.002553    0.041859    0.067717    3.074181 v _352_/Y (sky130_fd_sc_hd__xnor2_2)
                                                         _156_ (net)
                      0.041859    0.000079    3.074260 v _353_/A1 (sky130_fd_sc_hd__mux2_1)
     1    0.002252    0.051881    0.281446    3.355705 v _353_/X (sky130_fd_sc_hd__mux2_1)
                                                         _014_ (net)
                      0.051881    0.000064    3.355770 v _446_/D (sky130_fd_sc_hd__dfrtp_2)
                                              3.355770   data arrival time

                                 25.000000   25.000000   clock clk (rise edge)
                                  0.000000   25.000000   clock source latency
     2    0.019867    0.095149    0.065633   25.065632 ^ clk (in)
                                                         clk (net)
                      0.095166    0.000000   25.065632 ^ clkbuf_0_clk/A (sky130_fd_sc_hd__clkbuf_16)
     8    0.083891    0.100833    0.191418   25.257050 ^ clkbuf_0_clk/X (sky130_fd_sc_hd__clkbuf_16)
                                                         clknet_0_clk (net)
                      0.101003    0.002757   25.259808 ^ clkbuf_3_5__f_clk/A (sky130_fd_sc_hd__clkbuf_16)
    10    0.033671    0.054184    0.157490   25.417297 ^ clkbuf_3_5__f_clk/X (sky130_fd_sc_hd__clkbuf_16)
                                                         clknet_3_5__leaf_clk (net)
                      0.054200    0.000938   25.418236 ^ _446_/CLK (sky130_fd_sc_hd__dfrtp_2)
                                 -0.250000   25.168236   clock uncertainty
                                  0.000000   25.168236   clock reconvergence pessimism
                                 -0.116384   25.051853   library setup time
                                             25.051853   data required time
---------------------------------------------------------------------------------------------
                                             25.051853   data required time
                                             -3.355770   data arrival time
---------------------------------------------------------------------------------------------
                                             21.696083   slack (MET)


Startpoint: _432_ (rising edge-triggered flip-flop clocked by clk)
Endpoint: _438_ (rising edge-triggered flip-flop clocked by clk)
Path Group: clk
Path Type: max

Fanout         Cap        Slew       Delay        Time   Description
---------------------------------------------------------------------------------------------
                                  0.000000    0.000000   clock clk (rise edge)
                                  0.000000    0.000000   clock source latency
     2    0.019867    0.095149    0.065634    0.065634 ^ clk (in)
                                                         clk (net)
                      0.095166    0.000000    0.065634 ^ clkbuf_0_clk/A (sky130_fd_sc_hd__clkbuf_16)
     8    0.083891    0.100833    0.191418    0.257052 ^ clkbuf_0_clk/X (sky130_fd_sc_hd__clkbuf_16)
                                                         clknet_0_clk (net)
                      0.101003    0.002756    0.259808 ^ clkbuf_3_5__f_clk/A (sky130_fd_sc_hd__clkbuf_16)
    10    0.033671    0.054184    0.157491    0.417299 ^ clkbuf_3_5__f_clk/X (sky130_fd_sc_hd__clkbuf_16)
                                                         clknet_3_5__leaf_clk (net)
                      0.054212    0.001157    0.418456 ^ _432_/CLK (sky130_fd_sc_hd__dfstp_2)
     1    0.002803    0.035750    0.510258    0.928715 ^ _432_/Q (sky130_fd_sc_hd__dfstp_2)
                                                         TOP.top_rng_inst.display.datas[0] (net)
                      0.035750    0.000081    0.928796 ^ fanout32/A (sky130_fd_sc_hd__clkdlybuf4s25_1)
     7    0.036708    0.370090    0.472434    1.401230 ^ fanout32/X (sky130_fd_sc_hd__clkdlybuf4s25_1)
                                                         net32 (net)
                      0.370090    0.000963    1.402192 ^ fanout31/A (sky130_fd_sc_hd__clkdlybuf4s25_1)
    10    0.038261    0.385139    0.563700    1.965892 ^ fanout31/X (sky130_fd_sc_hd__clkdlybuf4s25_1)
                                                         net31 (net)
                      0.385140    0.001433    1.967325 ^ _283_/S (sky130_fd_sc_hd__mux2_1)
     2    0.008824    0.084221    0.402176    2.369500 v _283_/X (sky130_fd_sc_hd__mux2_1)
                                                         _099_ (net)
                      0.084221    0.000185    2.369686 v _314_/A1 (sky130_fd_sc_hd__mux4_2)
     2    0.014415    0.116152    0.516857    2.886543 v _314_/X (sky130_fd_sc_hd__mux4_2)
                                                         _126_ (net)
                      0.116152    0.000774    2.887316 v _315_/B (sky130_fd_sc_hd__nand2_2)
     1    0.008865    0.068479    0.110437    2.997754 ^ _315_/Y (sky130_fd_sc_hd__nand2_2)
                                                         _127_ (net)
                      0.068479    0.000183    2.997937 ^ _316_/B (sky130_fd_sc_hd__xnor2_2)
     1    0.002929    0.048823    0.055745    3.053682 v _316_/Y (sky130_fd_sc_hd__xnor2_2)
                                                         _128_ (net)
                      0.048823    0.000092    3.053774 v _317_/A1 (sky130_fd_sc_hd__mux2_1)
     1    0.002382    0.052557    0.284518    3.338292 v _317_/X (sky130_fd_sc_hd__mux2_1)
                                                         _006_ (net)
                      0.052557    0.000067    3.338359 v _438_/D (sky130_fd_sc_hd__dfrtp_2)
                                              3.338359   data arrival time

                                 25.000000   25.000000   clock clk (rise edge)
                                  0.000000   25.000000   clock source latency
     2    0.019867    0.095149    0.065633   25.065632 ^ clk (in)
                                                         clk (net)
                      0.095166    0.000000   25.065632 ^ clkbuf_0_clk/A (sky130_fd_sc_hd__clkbuf_16)
     8    0.083891    0.100833    0.191418   25.257050 ^ clkbuf_0_clk/X (sky130_fd_sc_hd__clkbuf_16)
                                                         clknet_0_clk (net)
                      0.101009    0.002826   25.259876 ^ clkbuf_3_4__f_clk/A (sky130_fd_sc_hd__clkbuf_16)
     9    0.031976    0.052761    0.156332   25.416208 ^ clkbuf_3_4__f_clk/X (sky130_fd_sc_hd__clkbuf_16)
                                                         clknet_3_4__leaf_clk (net)
                      0.052762    0.000592   25.416800 ^ _438_/CLK (sky130_fd_sc_hd__dfrtp_2)
                                 -0.250000   25.166801   clock uncertainty
                                  0.000000   25.166801   clock reconvergence pessimism
                                 -0.117013   25.049788   library setup time
                                             25.049788   data required time
---------------------------------------------------------------------------------------------
                                             25.049788   data required time
                                             -3.338359   data arrival time
---------------------------------------------------------------------------------------------
                                             21.711428   slack (MET)


Startpoint: _432_ (rising edge-triggered flip-flop clocked by clk)
Endpoint: _447_ (rising edge-triggered flip-flop clocked by clk)
Path Group: clk
Path Type: max

Fanout         Cap        Slew       Delay        Time   Description
---------------------------------------------------------------------------------------------
                                  0.000000    0.000000   clock clk (rise edge)
                                  0.000000    0.000000   clock source latency
     2    0.019867    0.095149    0.065634    0.065634 ^ clk (in)
                                                         clk (net)
                      0.095166    0.000000    0.065634 ^ clkbuf_0_clk/A (sky130_fd_sc_hd__clkbuf_16)
     8    0.083891    0.100833    0.191418    0.257052 ^ clkbuf_0_clk/X (sky130_fd_sc_hd__clkbuf_16)
                                                         clknet_0_clk (net)
                      0.101003    0.002756    0.259808 ^ clkbuf_3_5__f_clk/A (sky130_fd_sc_hd__clkbuf_16)
    10    0.033671    0.054184    0.157491    0.417299 ^ clkbuf_3_5__f_clk/X (sky130_fd_sc_hd__clkbuf_16)
                                                         clknet_3_5__leaf_clk (net)
                      0.054212    0.001157    0.418456 ^ _432_/CLK (sky130_fd_sc_hd__dfstp_2)
     1    0.002803    0.035750    0.510258    0.928715 ^ _432_/Q (sky130_fd_sc_hd__dfstp_2)
                                                         TOP.top_rng_inst.display.datas[0] (net)
                      0.035750    0.000081    0.928796 ^ fanout32/A (sky130_fd_sc_hd__clkdlybuf4s25_1)
     7    0.036708    0.370090    0.472434    1.401230 ^ fanout32/X (sky130_fd_sc_hd__clkdlybuf4s25_1)
                                                         net32 (net)
                      0.370090    0.000963    1.402192 ^ fanout31/A (sky130_fd_sc_hd__clkdlybuf4s25_1)
    10    0.038261    0.385139    0.563700    1.965892 ^ fanout31/X (sky130_fd_sc_hd__clkdlybuf4s25_1)
                                                         net31 (net)
                      0.385141    0.001582    1.967474 ^ _304_/S (sky130_fd_sc_hd__mux2_1)
     2    0.006943    0.077095    0.226476    2.193950 ^ _304_/X (sky130_fd_sc_hd__mux2_1)
                                                         _117_ (net)
                      0.077095    0.000101    2.194051 ^ _319_/C_N (sky130_fd_sc_hd__or3b_2)
     2    0.006195    0.087834    0.461153    2.655204 v _319_/X (sky130_fd_sc_hd__or3b_2)
                                                         _130_ (net)
                      0.087882    0.000163    2.655368 v _354_/A1 (sky130_fd_sc_hd__a21o_2)
     1    0.019872    0.072715    0.246395    2.901762 v _354_/X (sky130_fd_sc_hd__a21o_2)
                                                         _157_ (net)
                      0.072750    0.001489    2.903252 v _355_/B (sky130_fd_sc_hd__xnor2_2)
     1    0.002820    0.045143    0.131428    3.034680 v _355_/Y (sky130_fd_sc_hd__xnor2_2)
                                                         _158_ (net)
                      0.045143    0.000088    3.034768 v _356_/A1 (sky130_fd_sc_hd__mux2_1)
     1    0.002333    0.052300    0.283082    3.317850 v _356_/X (sky130_fd_sc_hd__mux2_1)
                                                         _015_ (net)
                      0.052300    0.000066    3.317916 v _447_/D (sky130_fd_sc_hd__dfrtp_2)
                                              3.317916   data arrival time

                                 25.000000   25.000000   clock clk (rise edge)
                                  0.000000   25.000000   clock source latency
     2    0.019867    0.095149    0.065633   25.065632 ^ clk (in)
                                                         clk (net)
                      0.095166    0.000000   25.065632 ^ clkbuf_0_clk/A (sky130_fd_sc_hd__clkbuf_16)
     8    0.083891    0.100833    0.191418   25.257050 ^ clkbuf_0_clk/X (sky130_fd_sc_hd__clkbuf_16)
                                                         clknet_0_clk (net)
                      0.101003    0.002757   25.259808 ^ clkbuf_3_5__f_clk/A (sky130_fd_sc_hd__clkbuf_16)
    10    0.033671    0.054184    0.157490   25.417297 ^ clkbuf_3_5__f_clk/X (sky130_fd_sc_hd__clkbuf_16)
                                                         clknet_3_5__leaf_clk (net)
                      0.054189    0.000764   25.418062 ^ _447_/CLK (sky130_fd_sc_hd__dfrtp_2)
                                 -0.250000   25.168062   clock uncertainty
                                  0.000000   25.168062   clock reconvergence pessimism
                                 -0.116570   25.051493   library setup time
                                             25.051493   data required time
---------------------------------------------------------------------------------------------
                                             25.051493   data required time
                                             -3.317916   data arrival time
---------------------------------------------------------------------------------------------
                                             21.733576   slack (MET)


Startpoint: _432_ (rising edge-triggered flip-flop clocked by clk)
Endpoint: _437_ (rising edge-triggered flip-flop clocked by clk)
Path Group: clk
Path Type: max

Fanout         Cap        Slew       Delay        Time   Description
---------------------------------------------------------------------------------------------
                                  0.000000    0.000000   clock clk (rise edge)
                                  0.000000    0.000000   clock source latency
     2    0.019867    0.095149    0.065634    0.065634 ^ clk (in)
                                                         clk (net)
                      0.095166    0.000000    0.065634 ^ clkbuf_0_clk/A (sky130_fd_sc_hd__clkbuf_16)
     8    0.083891    0.100833    0.191418    0.257052 ^ clkbuf_0_clk/X (sky130_fd_sc_hd__clkbuf_16)
                                                         clknet_0_clk (net)
                      0.101003    0.002756    0.259808 ^ clkbuf_3_5__f_clk/A (sky130_fd_sc_hd__clkbuf_16)
    10    0.033671    0.054184    0.157491    0.417299 ^ clkbuf_3_5__f_clk/X (sky130_fd_sc_hd__clkbuf_16)
                                                         clknet_3_5__leaf_clk (net)
                      0.054212    0.001157    0.418456 ^ _432_/CLK (sky130_fd_sc_hd__dfstp_2)
     1    0.002803    0.035750    0.510258    0.928715 ^ _432_/Q (sky130_fd_sc_hd__dfstp_2)
                                                         TOP.top_rng_inst.display.datas[0] (net)
                      0.035750    0.000081    0.928796 ^ fanout32/A (sky130_fd_sc_hd__clkdlybuf4s25_1)
     7    0.036708    0.370090    0.472434    1.401230 ^ fanout32/X (sky130_fd_sc_hd__clkdlybuf4s25_1)
                                                         net32 (net)
                      0.370090    0.000963    1.402192 ^ fanout31/A (sky130_fd_sc_hd__clkdlybuf4s25_1)
    10    0.038261    0.385139    0.563700    1.965892 ^ fanout31/X (sky130_fd_sc_hd__clkdlybuf4s25_1)
                                                         net31 (net)
                      0.385140    0.001458    1.967350 ^ _277_/S (sky130_fd_sc_hd__mux2_1)
     2    0.008174    0.086795    0.234614    2.201964 ^ _277_/X (sky130_fd_sc_hd__mux2_1)
                                                         _094_ (net)
                      0.086795    0.000256    2.202220 ^ _306_/C_N (sky130_fd_sc_hd__or3b_2)
     2    0.006047    0.087555    0.462399    2.664620 v _306_/X (sky130_fd_sc_hd__or3b_2)
                                                         _119_ (net)
                      0.087555    0.000153    2.664773 v _308_/A1 (sky130_fd_sc_hd__a21bo_2)
     1    0.012033    0.056616    0.233098    2.897871 v _308_/X (sky130_fd_sc_hd__a21bo_2)
                                                         _121_ (net)
                      0.056645    0.000439    2.898309 v _309_/B (sky130_fd_sc_hd__xnor2_2)
     1    0.003700    0.050818    0.127810    3.026120 v _309_/Y (sky130_fd_sc_hd__xnor2_2)
                                                         _122_ (net)
                      0.050818    0.000117    3.026237 v _310_/A1 (sky130_fd_sc_hd__mux2_1)
     1    0.002681    0.054265    0.287856    3.314094 v _310_/X (sky130_fd_sc_hd__mux2_1)
                                                         _005_ (net)
                      0.054265    0.000077    3.314171 v _437_/D (sky130_fd_sc_hd__dfrtp_2)
                                              3.314171   data arrival time

                                 25.000000   25.000000   clock clk (rise edge)
                                  0.000000   25.000000   clock source latency
     2    0.019867    0.095149    0.065633   25.065632 ^ clk (in)
                                                         clk (net)
                      0.095166    0.000000   25.065632 ^ clkbuf_0_clk/A (sky130_fd_sc_hd__clkbuf_16)
     8    0.083891    0.100833    0.191418   25.257050 ^ clkbuf_0_clk/X (sky130_fd_sc_hd__clkbuf_16)
                                                         clknet_0_clk (net)
                      0.101003    0.002757   25.259808 ^ clkbuf_3_5__f_clk/A (sky130_fd_sc_hd__clkbuf_16)
    10    0.033671    0.054184    0.157490   25.417297 ^ clkbuf_3_5__f_clk/X (sky130_fd_sc_hd__clkbuf_16)
                                                         clknet_3_5__leaf_clk (net)
                      0.054198    0.000917   25.418215 ^ _437_/CLK (sky130_fd_sc_hd__dfrtp_2)
                                 -0.250000   25.168215   clock uncertainty
                                  0.000000   25.168215   clock reconvergence pessimism
                                 -0.117430   25.050785   library setup time
                                             25.050785   data required time
---------------------------------------------------------------------------------------------
                                             25.050785   data required time
                                             -3.314171   data arrival time
---------------------------------------------------------------------------------------------
                                             21.736614   slack (MET)


Startpoint: _432_ (rising edge-triggered flip-flop clocked by clk)
Endpoint: _445_ (rising edge-triggered flip-flop clocked by clk)
Path Group: clk
Path Type: max

Fanout         Cap        Slew       Delay        Time   Description
---------------------------------------------------------------------------------------------
                                  0.000000    0.000000   clock clk (rise edge)
                                  0.000000    0.000000   clock source latency
     2    0.019867    0.095149    0.065634    0.065634 ^ clk (in)
                                                         clk (net)
                      0.095166    0.000000    0.065634 ^ clkbuf_0_clk/A (sky130_fd_sc_hd__clkbuf_16)
     8    0.083891    0.100833    0.191418    0.257052 ^ clkbuf_0_clk/X (sky130_fd_sc_hd__clkbuf_16)
                                                         clknet_0_clk (net)
                      0.101003    0.002756    0.259808 ^ clkbuf_3_5__f_clk/A (sky130_fd_sc_hd__clkbuf_16)
    10    0.033671    0.054184    0.157491    0.417299 ^ clkbuf_3_5__f_clk/X (sky130_fd_sc_hd__clkbuf_16)
                                                         clknet_3_5__leaf_clk (net)
                      0.054212    0.001157    0.418456 ^ _432_/CLK (sky130_fd_sc_hd__dfstp_2)
     1    0.002803    0.035750    0.510258    0.928715 ^ _432_/Q (sky130_fd_sc_hd__dfstp_2)
                                                         TOP.top_rng_inst.display.datas[0] (net)
                      0.035750    0.000081    0.928796 ^ fanout32/A (sky130_fd_sc_hd__clkdlybuf4s25_1)
     7    0.036708    0.370090    0.472434    1.401230 ^ fanout32/X (sky130_fd_sc_hd__clkdlybuf4s25_1)
                                                         net32 (net)
                      0.370090    0.000963    1.402192 ^ fanout31/A (sky130_fd_sc_hd__clkdlybuf4s25_1)
    10    0.038261    0.385139    0.563700    1.965892 ^ fanout31/X (sky130_fd_sc_hd__clkdlybuf4s25_1)
                                                         net31 (net)
                      0.385140    0.001458    1.967350 ^ _277_/S (sky130_fd_sc_hd__mux2_1)
     2    0.008174    0.086795    0.234614    2.201964 ^ _277_/X (sky130_fd_sc_hd__mux2_1)
                                                         _094_ (net)
                      0.086795    0.000256    2.202220 ^ _306_/C_N (sky130_fd_sc_hd__or3b_2)
     2    0.006047    0.087555    0.462399    2.664620 v _306_/X (sky130_fd_sc_hd__or3b_2)
                                                         _119_ (net)
                      0.087555    0.000136    2.664756 v _347_/A1 (sky130_fd_sc_hd__a21o_2)
     1    0.012701    0.057423    0.230857    2.895612 v _347_/X (sky130_fd_sc_hd__a21o_2)
                                                         _152_ (net)
                      0.057430    0.000632    2.896245 v _348_/B (sky130_fd_sc_hd__xnor2_2)
     1    0.002807    0.042823    0.124941    3.021186 v _348_/Y (sky130_fd_sc_hd__xnor2_2)
                                                         _153_ (net)
                      0.042823    0.000086    3.021271 v _349_/A1 (sky130_fd_sc_hd__mux2_1)
     1    0.002613    0.053821    0.285100    3.306371 v _349_/X (sky130_fd_sc_hd__mux2_1)
                                                         _013_ (net)
                      0.053821    0.000076    3.306448 v _445_/D (sky130_fd_sc_hd__dfrtp_2)
                                              3.306448   data arrival time

                                 25.000000   25.000000   clock clk (rise edge)
                                  0.000000   25.000000   clock source latency
     2    0.019867    0.095149    0.065633   25.065632 ^ clk (in)
                                                         clk (net)
                      0.095166    0.000000   25.065632 ^ clkbuf_0_clk/A (sky130_fd_sc_hd__clkbuf_16)
     8    0.083891    0.100833    0.191418   25.257050 ^ clkbuf_0_clk/X (sky130_fd_sc_hd__clkbuf_16)
                                                         clknet_0_clk (net)
                      0.100929    0.001664   25.258715 ^ clkbuf_3_7__f_clk/A (sky130_fd_sc_hd__clkbuf_16)
     9    0.027056    0.048206    0.152609   25.411324 ^ clkbuf_3_7__f_clk/X (sky130_fd_sc_hd__clkbuf_16)
                                                         clknet_3_7__leaf_clk (net)
                      0.048210    0.000412   25.411736 ^ _445_/CLK (sky130_fd_sc_hd__dfrtp_2)
                                 -0.250000   25.161737   clock uncertainty
                                  0.000000   25.161737   clock reconvergence pessimism
                                 -0.118622   25.043116   library setup time
                                             25.043116   data required time
---------------------------------------------------------------------------------------------
                                             25.043116   data required time
                                             -3.306448   data arrival time
---------------------------------------------------------------------------------------------
                                             21.736668   slack (MET)


Startpoint: _432_ (rising edge-triggered flip-flop clocked by clk)
Endpoint: _439_ (rising edge-triggered flip-flop clocked by clk)
Path Group: clk
Path Type: max

Fanout         Cap        Slew       Delay        Time   Description
---------------------------------------------------------------------------------------------
                                  0.000000    0.000000   clock clk (rise edge)
                                  0.000000    0.000000   clock source latency
     2    0.019867    0.095149    0.065634    0.065634 ^ clk (in)
                                                         clk (net)
                      0.095166    0.000000    0.065634 ^ clkbuf_0_clk/A (sky130_fd_sc_hd__clkbuf_16)
     8    0.083891    0.100833    0.191418    0.257052 ^ clkbuf_0_clk/X (sky130_fd_sc_hd__clkbuf_16)
                                                         clknet_0_clk (net)
                      0.101003    0.002756    0.259808 ^ clkbuf_3_5__f_clk/A (sky130_fd_sc_hd__clkbuf_16)
    10    0.033671    0.054184    0.157491    0.417299 ^ clkbuf_3_5__f_clk/X (sky130_fd_sc_hd__clkbuf_16)
                                                         clknet_3_5__leaf_clk (net)
                      0.054212    0.001157    0.418456 ^ _432_/CLK (sky130_fd_sc_hd__dfstp_2)
     1    0.002803    0.035750    0.510258    0.928715 ^ _432_/Q (sky130_fd_sc_hd__dfstp_2)
                                                         TOP.top_rng_inst.display.datas[0] (net)
                      0.035750    0.000081    0.928796 ^ fanout32/A (sky130_fd_sc_hd__clkdlybuf4s25_1)
     7    0.036708    0.370090    0.472434    1.401230 ^ fanout32/X (sky130_fd_sc_hd__clkdlybuf4s25_1)
                                                         net32 (net)
                      0.370090    0.000963    1.402192 ^ fanout31/A (sky130_fd_sc_hd__clkdlybuf4s25_1)
    10    0.038261    0.385139    0.563700    1.965892 ^ fanout31/X (sky130_fd_sc_hd__clkdlybuf4s25_1)
                                                         net31 (net)
                      0.385141    0.001582    1.967474 ^ _304_/S (sky130_fd_sc_hd__mux2_1)
     2    0.006943    0.077095    0.226476    2.193950 ^ _304_/X (sky130_fd_sc_hd__mux2_1)
                                                         _117_ (net)
                      0.077095    0.000101    2.194051 ^ _319_/C_N (sky130_fd_sc_hd__or3b_2)
     2    0.006195    0.087834    0.461153    2.655204 v _319_/X (sky130_fd_sc_hd__or3b_2)
                                                         _130_ (net)
                      0.087882    0.000175    2.655380 v _321_/A1 (sky130_fd_sc_hd__a21bo_2)
     1    0.010782    0.054929    0.229119    2.884499 v _321_/X (sky130_fd_sc_hd__a21bo_2)
                                                         _132_ (net)
                      0.054932    0.000470    2.884968 v _322_/B (sky130_fd_sc_hd__xnor2_2)
     1    0.002343    0.040975    0.122126    3.007094 v _322_/Y (sky130_fd_sc_hd__xnor2_2)
                                                         _133_ (net)
                      0.040975    0.000065    3.007159 v _323_/A1 (sky130_fd_sc_hd__mux2_1)
     1    0.003074    0.058152    0.288941    3.296100 v _323_/X (sky130_fd_sc_hd__mux2_1)
                                                         _007_ (net)
                      0.058152    0.000095    3.296195 v _439_/D (sky130_fd_sc_hd__dfrtp_2)
                                              3.296195   data arrival time

                                 25.000000   25.000000   clock clk (rise edge)
                                  0.000000   25.000000   clock source latency
     2    0.019867    0.095149    0.065633   25.065632 ^ clk (in)
                                                         clk (net)
                      0.095166    0.000000   25.065632 ^ clkbuf_0_clk/A (sky130_fd_sc_hd__clkbuf_16)
     8    0.083891    0.100833    0.191418   25.257050 ^ clkbuf_0_clk/X (sky130_fd_sc_hd__clkbuf_16)
                                                         clknet_0_clk (net)
                      0.101100    0.003725   25.260775 ^ clkbuf_3_0__f_clk/A (sky130_fd_sc_hd__clkbuf_16)
    10    0.031133    0.052041    0.155755   25.416531 ^ clkbuf_3_0__f_clk/X (sky130_fd_sc_hd__clkbuf_16)
                                                         clknet_3_0__leaf_clk (net)
                      0.052043    0.000579   25.417109 ^ _439_/CLK (sky130_fd_sc_hd__dfrtp_2)
                                 -0.250000   25.167110   clock uncertainty
                                  0.000000   25.167110   clock reconvergence pessimism
                                 -0.119634   25.047476   library setup time
                                             25.047476   data required time
---------------------------------------------------------------------------------------------
                                             25.047476   data required time
                                             -3.296195   data arrival time
---------------------------------------------------------------------------------------------
                                             21.751280   slack (MET)


Startpoint: _432_ (rising edge-triggered flip-flop clocked by clk)
Endpoint: _441_ (rising edge-triggered flip-flop clocked by clk)
Path Group: clk
Path Type: max

Fanout         Cap        Slew       Delay        Time   Description
---------------------------------------------------------------------------------------------
                                  0.000000    0.000000   clock clk (rise edge)
                                  0.000000    0.000000   clock source latency
     2    0.019867    0.095149    0.065634    0.065634 ^ clk (in)
                                                         clk (net)
                      0.095166    0.000000    0.065634 ^ clkbuf_0_clk/A (sky130_fd_sc_hd__clkbuf_16)
     8    0.083891    0.100833    0.191418    0.257052 ^ clkbuf_0_clk/X (sky130_fd_sc_hd__clkbuf_16)
                                                         clknet_0_clk (net)
                      0.101003    0.002756    0.259808 ^ clkbuf_3_5__f_clk/A (sky130_fd_sc_hd__clkbuf_16)
    10    0.033671    0.054184    0.157491    0.417299 ^ clkbuf_3_5__f_clk/X (sky130_fd_sc_hd__clkbuf_16)
                                                         clknet_3_5__leaf_clk (net)
                      0.054212    0.001157    0.418456 ^ _432_/CLK (sky130_fd_sc_hd__dfstp_2)
     1    0.002803    0.035750    0.510258    0.928715 ^ _432_/Q (sky130_fd_sc_hd__dfstp_2)
                                                         TOP.top_rng_inst.display.datas[0] (net)
                      0.035750    0.000081    0.928796 ^ fanout32/A (sky130_fd_sc_hd__clkdlybuf4s25_1)
     7    0.036708    0.370090    0.472434    1.401230 ^ fanout32/X (sky130_fd_sc_hd__clkdlybuf4s25_1)
                                                         net32 (net)
                      0.370090    0.000963    1.402192 ^ fanout31/A (sky130_fd_sc_hd__clkdlybuf4s25_1)
    10    0.038261    0.385139    0.563700    1.965892 ^ fanout31/X (sky130_fd_sc_hd__clkdlybuf4s25_1)
                                                         net31 (net)
                      0.385140    0.001458    1.967350 ^ _277_/S (sky130_fd_sc_hd__mux2_1)
     2    0.007910    0.080942    0.396137    2.363487 v _277_/X (sky130_fd_sc_hd__mux2_1)
                                                         _094_ (net)
                      0.080942    0.000169    2.363655 v _278_/C (sky130_fd_sc_hd__and3_2)
     2    0.010058    0.055288    0.243893    2.607548 v _278_/X (sky130_fd_sc_hd__and3_2)
                                                         _095_ (net)
                      0.055288    0.000232    2.607780 v _333_/B2 (sky130_fd_sc_hd__a32o_2)
     1    0.008806    0.053821    0.251182    2.858962 v _333_/X (sky130_fd_sc_hd__a32o_2)
                                                         _142_ (net)
                      0.053821    0.000211    2.859174 v _334_/B (sky130_fd_sc_hd__xor2_2)
     1    0.002484    0.040013    0.135131    2.994305 v _334_/X (sky130_fd_sc_hd__xor2_2)
                                                         _143_ (net)
                      0.040013    0.000075    2.994380 v _335_/A1 (sky130_fd_sc_hd__mux2_1)
     1    0.002852    0.056723    0.286601    3.280980 v _335_/X (sky130_fd_sc_hd__mux2_1)
                                                         _009_ (net)
                      0.056723    0.000083    3.281064 v _441_/D (sky130_fd_sc_hd__dfrtp_2)
                                              3.281064   data arrival time

                                 25.000000   25.000000   clock clk (rise edge)
                                  0.000000   25.000000   clock source latency
     2    0.019867    0.095149    0.065633   25.065632 ^ clk (in)
                                                         clk (net)
                      0.095166    0.000000   25.065632 ^ clkbuf_0_clk/A (sky130_fd_sc_hd__clkbuf_16)
     8    0.083891    0.100833    0.191418   25.257050 ^ clkbuf_0_clk/X (sky130_fd_sc_hd__clkbuf_16)
                                                         clknet_0_clk (net)
                      0.101087    0.003604   25.260654 ^ clkbuf_3_1__f_clk/A (sky130_fd_sc_hd__clkbuf_16)
    10    0.036358    0.056462    0.159432   25.420086 ^ clkbuf_3_1__f_clk/X (sky130_fd_sc_hd__clkbuf_16)
                                                         clknet_3_1__leaf_clk (net)
                      0.056507    0.000577   25.420664 ^ _441_/CLK (sky130_fd_sc_hd__dfrtp_2)
                                 -0.250000   25.170664   clock uncertainty
                                  0.000000   25.170664   clock reconvergence pessimism
                                 -0.117973   25.052691   library setup time
                                             25.052691   data required time
---------------------------------------------------------------------------------------------
                                             25.052691   data required time
                                             -3.281064   data arrival time
---------------------------------------------------------------------------------------------
                                             21.771627   slack (MET)


Startpoint: _421_ (rising edge-triggered flip-flop clocked by clk)
Endpoint: _468_ (rising edge-triggered flip-flop clocked by clk)
Path Group: clk
Path Type: max

Fanout         Cap        Slew       Delay        Time   Description
---------------------------------------------------------------------------------------------
                                  0.000000    0.000000   clock clk (rise edge)
                                  0.000000    0.000000   clock source latency
     2    0.019867    0.095149    0.065634    0.065634 ^ clk (in)
                                                         clk (net)
                      0.095166    0.000000    0.065634 ^ clkbuf_0_clk/A (sky130_fd_sc_hd__clkbuf_16)
     8    0.083891    0.100833    0.191418    0.257052 ^ clkbuf_0_clk/X (sky130_fd_sc_hd__clkbuf_16)
                                                         clknet_0_clk (net)
                      0.101136    0.004014    0.261066 ^ clkbuf_3_2__f_clk/A (sky130_fd_sc_hd__clkbuf_16)
    10    0.035070    0.055414    0.158654    0.419720 ^ clkbuf_3_2__f_clk/X (sky130_fd_sc_hd__clkbuf_16)
                                                         clknet_3_2__leaf_clk (net)
                      0.055436    0.000651    0.420371 ^ _421_/CLK (sky130_fd_sc_hd__dfrtp_2)
     2    0.013448    0.082528    0.381681    0.802052 ^ _421_/Q (sky130_fd_sc_hd__dfrtp_2)
                                                         TOP.top_rng_inst.ecstate.rollover_flag (net)
                      0.082528    0.000254    0.802306 ^ fanout33/A (sky130_fd_sc_hd__clkdlybuf4s25_1)
    21    0.052970    0.528410    0.599328    1.401634 ^ fanout33/X (sky130_fd_sc_hd__clkdlybuf4s25_1)
                                                         net33 (net)
                      0.528410    0.000595    1.402229 ^ _379_/A_N (sky130_fd_sc_hd__and2b_2)
     2    0.011779    0.057406    0.309017    1.711246 v _379_/X (sky130_fd_sc_hd__and2b_2)
                                                         _173_ (net)
                      0.057406    0.000332    1.711578 v fanout21/A (sky130_fd_sc_hd__clkdlybuf4s25_1)
    21    0.059380    0.435402    0.548767    2.260345 v fanout21/X (sky130_fd_sc_hd__clkdlybuf4s25_1)
                                                         net21 (net)
                      0.435461    0.005027    2.265372 v _406_/B1 (sky130_fd_sc_hd__a221o_2)
     1    0.002892    0.052530    0.454380    2.719752 v _406_/X (sky130_fd_sc_hd__a221o_2)
                                                         _036_ (net)
                      0.052530    0.000087    2.719839 v hold147/A (sky130_fd_sc_hd__dlygate4sd3_1)
     1    0.002871    0.053386    0.551739    3.271578 v hold147/X (sky130_fd_sc_hd__dlygate4sd3_1)
                                                         net147 (net)
                      0.053386    0.000088    3.271666 v _468_/D (sky130_fd_sc_hd__dfrtp_2)
                                              3.271666   data arrival time

                                 25.000000   25.000000   clock clk (rise edge)
                                  0.000000   25.000000   clock source latency
     2    0.019867    0.095149    0.065633   25.065632 ^ clk (in)
                                                         clk (net)
                      0.095166    0.000000   25.065632 ^ clkbuf_0_clk/A (sky130_fd_sc_hd__clkbuf_16)
     8    0.083891    0.100833    0.191418   25.257050 ^ clkbuf_0_clk/X (sky130_fd_sc_hd__clkbuf_16)
                                                         clknet_0_clk (net)
                      0.100933    0.001741   25.258791 ^ clkbuf_3_6__f_clk/A (sky130_fd_sc_hd__clkbuf_16)
    10    0.030024    0.051105    0.154925   25.413715 ^ clkbuf_3_6__f_clk/X (sky130_fd_sc_hd__clkbuf_16)
                                                         clknet_3_6__leaf_clk (net)
                      0.051106    0.000435   25.414152 ^ _468_/CLK (sky130_fd_sc_hd__dfrtp_2)
                                 -0.250000   25.164152   clock uncertainty
                                  0.000000   25.164152   clock reconvergence pessimism
                                 -0.117760   25.046392   library setup time
                                             25.046392   data required time
---------------------------------------------------------------------------------------------
                                             25.046392   data required time
                                             -3.271666   data arrival time
---------------------------------------------------------------------------------------------
                                             21.774727   slack (MET)


Startpoint: _421_ (rising edge-triggered flip-flop clocked by clk)
Endpoint: _465_ (rising edge-triggered flip-flop clocked by clk)
Path Group: clk
Path Type: max

Fanout         Cap        Slew       Delay        Time   Description
---------------------------------------------------------------------------------------------
                                  0.000000    0.000000   clock clk (rise edge)
                                  0.000000    0.000000   clock source latency
     2    0.019867    0.095149    0.065634    0.065634 ^ clk (in)
                                                         clk (net)
                      0.095166    0.000000    0.065634 ^ clkbuf_0_clk/A (sky130_fd_sc_hd__clkbuf_16)
     8    0.083891    0.100833    0.191418    0.257052 ^ clkbuf_0_clk/X (sky130_fd_sc_hd__clkbuf_16)
                                                         clknet_0_clk (net)
                      0.101136    0.004014    0.261066 ^ clkbuf_3_2__f_clk/A (sky130_fd_sc_hd__clkbuf_16)
    10    0.035070    0.055414    0.158654    0.419720 ^ clkbuf_3_2__f_clk/X (sky130_fd_sc_hd__clkbuf_16)
                                                         clknet_3_2__leaf_clk (net)
                      0.055436    0.000651    0.420371 ^ _421_/CLK (sky130_fd_sc_hd__dfrtp_2)
     2    0.013448    0.082528    0.381681    0.802052 ^ _421_/Q (sky130_fd_sc_hd__dfrtp_2)
                                                         TOP.top_rng_inst.ecstate.rollover_flag (net)
                      0.082528    0.000254    0.802306 ^ fanout33/A (sky130_fd_sc_hd__clkdlybuf4s25_1)
    21    0.052970    0.528410    0.599328    1.401634 ^ fanout33/X (sky130_fd_sc_hd__clkdlybuf4s25_1)
                                                         net33 (net)
                      0.528410    0.000595    1.402229 ^ _379_/A_N (sky130_fd_sc_hd__and2b_2)
     2    0.011779    0.057406    0.309017    1.711246 v _379_/X (sky130_fd_sc_hd__and2b_2)
                                                         _173_ (net)
                      0.057406    0.000332    1.711578 v fanout21/A (sky130_fd_sc_hd__clkdlybuf4s25_1)
    21    0.059380    0.435402    0.548767    2.260345 v fanout21/X (sky130_fd_sc_hd__clkdlybuf4s25_1)
                                                         net21 (net)
                      0.435454    0.004775    2.265120 v _400_/B1 (sky130_fd_sc_hd__a221o_2)
     1    0.002366    0.050830    0.450878    2.715998 v _400_/X (sky130_fd_sc_hd__a221o_2)
                                                         _033_ (net)
                      0.050830    0.000071    2.716069 v hold152/A (sky130_fd_sc_hd__dlygate4sd3_1)
     1    0.002793    0.052918    0.550374    3.266443 v hold152/X (sky130_fd_sc_hd__dlygate4sd3_1)
                                                         net152 (net)
                      0.052918    0.000082    3.266525 v _465_/D (sky130_fd_sc_hd__dfrtp_2)
                                              3.266525   data arrival time

                                 25.000000   25.000000   clock clk (rise edge)
                                  0.000000   25.000000   clock source latency
     2    0.019867    0.095149    0.065633   25.065632 ^ clk (in)
                                                         clk (net)
                      0.095166    0.000000   25.065632 ^ clkbuf_0_clk/A (sky130_fd_sc_hd__clkbuf_16)
     8    0.083891    0.100833    0.191418   25.257050 ^ clkbuf_0_clk/X (sky130_fd_sc_hd__clkbuf_16)
                                                         clknet_0_clk (net)
                      0.101100    0.003725   25.260775 ^ clkbuf_3_0__f_clk/A (sky130_fd_sc_hd__clkbuf_16)
    10    0.031133    0.052041    0.155755   25.416531 ^ clkbuf_3_0__f_clk/X (sky130_fd_sc_hd__clkbuf_16)
                                                         clknet_3_0__leaf_clk (net)
                      0.052043    0.000643   25.417173 ^ _465_/CLK (sky130_fd_sc_hd__dfrtp_2)
                                 -0.250000   25.167173   clock uncertainty
                                  0.000000   25.167173   clock reconvergence pessimism
                                 -0.117338   25.049835   library setup time
                                             25.049835   data required time
---------------------------------------------------------------------------------------------
                                             25.049835   data required time
                                             -3.266525   data arrival time
---------------------------------------------------------------------------------------------
                                             21.783310   slack (MET)


Startpoint: _432_ (rising edge-triggered flip-flop clocked by clk)
Endpoint: _443_ (rising edge-triggered flip-flop clocked by clk)
Path Group: clk
Path Type: max

Fanout         Cap        Slew       Delay        Time   Description
---------------------------------------------------------------------------------------------
                                  0.000000    0.000000   clock clk (rise edge)
                                  0.000000    0.000000   clock source latency
     2    0.019867    0.095149    0.065634    0.065634 ^ clk (in)
                                                         clk (net)
                      0.095166    0.000000    0.065634 ^ clkbuf_0_clk/A (sky130_fd_sc_hd__clkbuf_16)
     8    0.083891    0.100833    0.191418    0.257052 ^ clkbuf_0_clk/X (sky130_fd_sc_hd__clkbuf_16)
                                                         clknet_0_clk (net)
                      0.101003    0.002756    0.259808 ^ clkbuf_3_5__f_clk/A (sky130_fd_sc_hd__clkbuf_16)
    10    0.033671    0.054184    0.157491    0.417299 ^ clkbuf_3_5__f_clk/X (sky130_fd_sc_hd__clkbuf_16)
                                                         clknet_3_5__leaf_clk (net)
                      0.054212    0.001157    0.418456 ^ _432_/CLK (sky130_fd_sc_hd__dfstp_2)
     1    0.002803    0.035750    0.510258    0.928715 ^ _432_/Q (sky130_fd_sc_hd__dfstp_2)
                                                         TOP.top_rng_inst.display.datas[0] (net)
                      0.035750    0.000081    0.928796 ^ fanout32/A (sky130_fd_sc_hd__clkdlybuf4s25_1)
     7    0.036708    0.370090    0.472434    1.401230 ^ fanout32/X (sky130_fd_sc_hd__clkdlybuf4s25_1)
                                                         net32 (net)
                      0.370090    0.000963    1.402192 ^ fanout31/A (sky130_fd_sc_hd__clkdlybuf4s25_1)
    10    0.038261    0.385139    0.563700    1.965892 ^ fanout31/X (sky130_fd_sc_hd__clkdlybuf4s25_1)
                                                         net31 (net)
                      0.385140    0.001541    1.967433 ^ _290_/S0 (sky130_fd_sc_hd__mux4_2)
     2    0.012855    0.112776    0.606194    2.573627 v _290_/X (sky130_fd_sc_hd__mux4_2)
                                                         _105_ (net)
                      0.112776    0.000566    2.574193 v _291_/B (sky130_fd_sc_hd__nand2_2)
     2    0.010559    0.074877    0.114933    2.689126 ^ _291_/Y (sky130_fd_sc_hd__nand2_2)
                                                         _106_ (net)
                      0.074877    0.000254    2.689379 ^ _339_/A1 (sky130_fd_sc_hd__o22ai_2)
     1    0.011691    0.080684    0.110011    2.799390 v _339_/Y (sky130_fd_sc_hd__o22ai_2)
                                                         _146_ (net)
                      0.080685    0.000517    2.799907 v _341_/A (sky130_fd_sc_hd__xnor2_2)
     1    0.002723    0.051453    0.138629    2.938536 v _341_/Y (sky130_fd_sc_hd__xnor2_2)
                                                         _148_ (net)
                      0.051453    0.000079    2.938615 v _342_/A1 (sky130_fd_sc_hd__mux2_1)
     1    0.002731    0.055984    0.288490    3.227106 v _342_/X (sky130_fd_sc_hd__mux2_1)
                                                         _011_ (net)
                      0.055984    0.000080    3.227185 v _443_/D (sky130_fd_sc_hd__dfrtp_2)
                                              3.227185   data arrival time

                                 25.000000   25.000000   clock clk (rise edge)
                                  0.000000   25.000000   clock source latency
     2    0.019867    0.095149    0.065633   25.065632 ^ clk (in)
                                                         clk (net)
                      0.095166    0.000000   25.065632 ^ clkbuf_0_clk/A (sky130_fd_sc_hd__clkbuf_16)
     8    0.083891    0.100833    0.191418   25.257050 ^ clkbuf_0_clk/X (sky130_fd_sc_hd__clkbuf_16)
                                                         clknet_0_clk (net)
                      0.101009    0.002826   25.259876 ^ clkbuf_3_4__f_clk/A (sky130_fd_sc_hd__clkbuf_16)
     9    0.031976    0.052761    0.156332   25.416208 ^ clkbuf_3_4__f_clk/X (sky130_fd_sc_hd__clkbuf_16)
                                                         clknet_3_4__leaf_clk (net)
                      0.052763    0.000727   25.416935 ^ _443_/CLK (sky130_fd_sc_hd__dfrtp_2)
                                 -0.250000   25.166935   clock uncertainty
                                  0.000000   25.166935   clock reconvergence pessimism
                                 -0.118516   25.048420   library setup time
                                             25.048420   data required time
---------------------------------------------------------------------------------------------
                                             25.048420   data required time
                                             -3.227185   data arrival time
---------------------------------------------------------------------------------------------
                                             21.821234   slack (MET)


Startpoint: _432_ (rising edge-triggered flip-flop clocked by clk)
Endpoint: _444_ (rising edge-triggered flip-flop clocked by clk)
Path Group: clk
Path Type: max

Fanout         Cap        Slew       Delay        Time   Description
---------------------------------------------------------------------------------------------
                                  0.000000    0.000000   clock clk (rise edge)
                                  0.000000    0.000000   clock source latency
     2    0.019867    0.095149    0.065634    0.065634 ^ clk (in)
                                                         clk (net)
                      0.095166    0.000000    0.065634 ^ clkbuf_0_clk/A (sky130_fd_sc_hd__clkbuf_16)
     8    0.083891    0.100833    0.191418    0.257052 ^ clkbuf_0_clk/X (sky130_fd_sc_hd__clkbuf_16)
                                                         clknet_0_clk (net)
                      0.101003    0.002756    0.259808 ^ clkbuf_3_5__f_clk/A (sky130_fd_sc_hd__clkbuf_16)
    10    0.033671    0.054184    0.157491    0.417299 ^ clkbuf_3_5__f_clk/X (sky130_fd_sc_hd__clkbuf_16)
                                                         clknet_3_5__leaf_clk (net)
                      0.054212    0.001157    0.418456 ^ _432_/CLK (sky130_fd_sc_hd__dfstp_2)
     1    0.002803    0.035750    0.510258    0.928715 ^ _432_/Q (sky130_fd_sc_hd__dfstp_2)
                                                         TOP.top_rng_inst.display.datas[0] (net)
                      0.035750    0.000081    0.928796 ^ fanout32/A (sky130_fd_sc_hd__clkdlybuf4s25_1)
     7    0.036708    0.370090    0.472434    1.401230 ^ fanout32/X (sky130_fd_sc_hd__clkdlybuf4s25_1)
                                                         net32 (net)
                      0.370090    0.000963    1.402192 ^ fanout31/A (sky130_fd_sc_hd__clkdlybuf4s25_1)
    10    0.038261    0.385139    0.563700    1.965892 ^ fanout31/X (sky130_fd_sc_hd__clkdlybuf4s25_1)
                                                         net31 (net)
                      0.385139    0.000804    1.966696 ^ _273_/A (sky130_fd_sc_hd__nor3b_2)
     3    0.013272    0.111420    0.132257    2.098952 v _273_/Y (sky130_fd_sc_hd__nor3b_2)
                                                         _091_ (net)
                      0.111420    0.000360    2.099313 v _299_/A0 (sky130_fd_sc_hd__mux2_1)
     2    0.009091    0.085028    0.344139    2.443452 v _299_/X (sky130_fd_sc_hd__mux2_1)
                                                         _113_ (net)
                      0.085028    0.000251    2.443703 v _343_/B2 (sky130_fd_sc_hd__a32o_2)
     1    0.011833    0.060892    0.272447    2.716150 v _343_/X (sky130_fd_sc_hd__a32o_2)
                                                         _149_ (net)
                      0.060892    0.000536    2.716686 v _345_/A (sky130_fd_sc_hd__xnor2_2)
     1    0.002837    0.043026    0.130289    2.846975 v _345_/Y (sky130_fd_sc_hd__xnor2_2)
                                                         _151_ (net)
                      0.043026    0.000088    2.847063 v _346_/A1 (sky130_fd_sc_hd__mux2_1)
     1    0.002512    0.054699    0.284201    3.131264 v _346_/X (sky130_fd_sc_hd__mux2_1)
                                                         _012_ (net)
                      0.054699    0.000071    3.131336 v _444_/D (sky130_fd_sc_hd__dfrtp_2)
                                              3.131336   data arrival time

                                 25.000000   25.000000   clock clk (rise edge)
                                  0.000000   25.000000   clock source latency
     2    0.019867    0.095149    0.065633   25.065632 ^ clk (in)
                                                         clk (net)
                      0.095166    0.000000   25.065632 ^ clkbuf_0_clk/A (sky130_fd_sc_hd__clkbuf_16)
     8    0.083891    0.100833    0.191418   25.257050 ^ clkbuf_0_clk/X (sky130_fd_sc_hd__clkbuf_16)
                                                         clknet_0_clk (net)
                      0.100933    0.001741   25.258791 ^ clkbuf_3_6__f_clk/A (sky130_fd_sc_hd__clkbuf_16)
    10    0.030024    0.051105    0.154925   25.413715 ^ clkbuf_3_6__f_clk/X (sky130_fd_sc_hd__clkbuf_16)
                                                         clknet_3_6__leaf_clk (net)
                      0.051105    0.000192   25.413908 ^ _444_/CLK (sky130_fd_sc_hd__dfrtp_2)
                                 -0.250000   25.163910   clock uncertainty
                                  0.000000   25.163910   clock reconvergence pessimism
                                 -0.118336   25.045574   library setup time
                                             25.045574   data required time
---------------------------------------------------------------------------------------------
                                             25.045574   data required time
                                             -3.131336   data arrival time
---------------------------------------------------------------------------------------------
                                             21.914238   slack (MET)


Startpoint: _432_ (rising edge-triggered flip-flop clocked by clk)
Endpoint: _434_ (rising edge-triggered flip-flop clocked by clk)
Path Group: clk
Path Type: max

Fanout         Cap        Slew       Delay        Time   Description
---------------------------------------------------------------------------------------------
                                  0.000000    0.000000   clock clk (rise edge)
                                  0.000000    0.000000   clock source latency
     2    0.019867    0.095149    0.065634    0.065634 ^ clk (in)
                                                         clk (net)
                      0.095166    0.000000    0.065634 ^ clkbuf_0_clk/A (sky130_fd_sc_hd__clkbuf_16)
     8    0.083891    0.100833    0.191418    0.257052 ^ clkbuf_0_clk/X (sky130_fd_sc_hd__clkbuf_16)
                                                         clknet_0_clk (net)
                      0.101003    0.002756    0.259808 ^ clkbuf_3_5__f_clk/A (sky130_fd_sc_hd__clkbuf_16)
    10    0.033671    0.054184    0.157491    0.417299 ^ clkbuf_3_5__f_clk/X (sky130_fd_sc_hd__clkbuf_16)
                                                         clknet_3_5__leaf_clk (net)
                      0.054212    0.001157    0.418456 ^ _432_/CLK (sky130_fd_sc_hd__dfstp_2)
     1    0.002803    0.035750    0.510258    0.928715 ^ _432_/Q (sky130_fd_sc_hd__dfstp_2)
                                                         TOP.top_rng_inst.display.datas[0] (net)
                      0.035750    0.000081    0.928796 ^ fanout32/A (sky130_fd_sc_hd__clkdlybuf4s25_1)
     7    0.036708    0.370090    0.472434    1.401230 ^ fanout32/X (sky130_fd_sc_hd__clkdlybuf4s25_1)
                                                         net32 (net)
                      0.370090    0.000963    1.402192 ^ fanout31/A (sky130_fd_sc_hd__clkdlybuf4s25_1)
    10    0.038261    0.385139    0.563700    1.965892 ^ fanout31/X (sky130_fd_sc_hd__clkdlybuf4s25_1)
                                                         net31 (net)
                      0.385140    0.001433    1.967325 ^ _283_/S (sky130_fd_sc_hd__mux2_1)
     2    0.009439    0.095919    0.242920    2.210244 ^ _283_/X (sky130_fd_sc_hd__mux2_1)
                                                         _099_ (net)
                      0.095919    0.000301    2.210546 ^ _285_/A2 (sky130_fd_sc_hd__a21oi_2)
     2    0.008055    0.058327    0.075622    2.286168 v _285_/Y (sky130_fd_sc_hd__a21oi_2)
                                                         _101_ (net)
                      0.058327    0.000250    2.286418 v _286_/C (sky130_fd_sc_hd__or3_2)
     1    0.009724    0.099175    0.447048    2.733467 v _286_/X (sky130_fd_sc_hd__or3_2)
                                                         _102_ (net)
                      0.099175    0.000332    2.733798 v _288_/A (sky130_fd_sc_hd__xnor2_2)
     1    0.002955    0.043498    0.147866    2.881664 v _288_/Y (sky130_fd_sc_hd__xnor2_2)
                                                         _104_ (net)
                      0.043498    0.000093    2.881757 v _289_/A1 (sky130_fd_sc_hd__mux2_1)
     1    0.002839    0.055200    0.287400    3.169157 v _289_/X (sky130_fd_sc_hd__mux2_1)
                                                         _002_ (net)
                      0.055200    0.000082    3.169239 v _434_/D (sky130_fd_sc_hd__dfstp_2)
                                              3.169239   data arrival time

                                 25.000000   25.000000   clock clk (rise edge)
                                  0.000000   25.000000   clock source latency
     2    0.019867    0.095149    0.065633   25.065632 ^ clk (in)
                                                         clk (net)
                      0.095166    0.000000   25.065632 ^ clkbuf_0_clk/A (sky130_fd_sc_hd__clkbuf_16)
     8    0.083891    0.100833    0.191418   25.257050 ^ clkbuf_0_clk/X (sky130_fd_sc_hd__clkbuf_16)
                                                         clknet_0_clk (net)
                      0.101009    0.002826   25.259876 ^ clkbuf_3_4__f_clk/A (sky130_fd_sc_hd__clkbuf_16)
     9    0.031976    0.052761    0.156332   25.416208 ^ clkbuf_3_4__f_clk/X (sky130_fd_sc_hd__clkbuf_16)
                                                         clknet_3_4__leaf_clk (net)
                      0.052764    0.000774   25.416983 ^ _434_/CLK (sky130_fd_sc_hd__dfstp_2)
                                 -0.250000   25.166985   clock uncertainty
                                  0.000000   25.166985   clock reconvergence pessimism
                                 -0.073361   25.093622   library setup time
                                             25.093622   data required time
---------------------------------------------------------------------------------------------
                                             25.093622   data required time
                                             -3.169239   data arrival time
---------------------------------------------------------------------------------------------
                                             21.924383   slack (MET)


Startpoint: _432_ (rising edge-triggered flip-flop clocked by clk)
Endpoint: _442_ (rising edge-triggered flip-flop clocked by clk)
Path Group: clk
Path Type: max

Fanout         Cap        Slew       Delay        Time   Description
---------------------------------------------------------------------------------------------
                                  0.000000    0.000000   clock clk (rise edge)
                                  0.000000    0.000000   clock source latency
     2    0.019867    0.095149    0.065634    0.065634 ^ clk (in)
                                                         clk (net)
                      0.095166    0.000000    0.065634 ^ clkbuf_0_clk/A (sky130_fd_sc_hd__clkbuf_16)
     8    0.083891    0.100833    0.191418    0.257052 ^ clkbuf_0_clk/X (sky130_fd_sc_hd__clkbuf_16)
                                                         clknet_0_clk (net)
                      0.101003    0.002756    0.259808 ^ clkbuf_3_5__f_clk/A (sky130_fd_sc_hd__clkbuf_16)
    10    0.033671    0.054184    0.157491    0.417299 ^ clkbuf_3_5__f_clk/X (sky130_fd_sc_hd__clkbuf_16)
                                                         clknet_3_5__leaf_clk (net)
                      0.054212    0.001157    0.418456 ^ _432_/CLK (sky130_fd_sc_hd__dfstp_2)
     1    0.002803    0.035750    0.510258    0.928715 ^ _432_/Q (sky130_fd_sc_hd__dfstp_2)
                                                         TOP.top_rng_inst.display.datas[0] (net)
                      0.035750    0.000081    0.928796 ^ fanout32/A (sky130_fd_sc_hd__clkdlybuf4s25_1)
     7    0.036708    0.370090    0.472434    1.401230 ^ fanout32/X (sky130_fd_sc_hd__clkdlybuf4s25_1)
                                                         net32 (net)
                      0.370090    0.000963    1.402192 ^ fanout31/A (sky130_fd_sc_hd__clkdlybuf4s25_1)
    10    0.038261    0.385139    0.563700    1.965892 ^ fanout31/X (sky130_fd_sc_hd__clkdlybuf4s25_1)
                                                         net31 (net)
                      0.385140    0.001433    1.967325 ^ _283_/S (sky130_fd_sc_hd__mux2_1)
     2    0.009439    0.095919    0.242920    2.210244 ^ _283_/X (sky130_fd_sc_hd__mux2_1)
                                                         _099_ (net)
                      0.095919    0.000301    2.210546 ^ _285_/A2 (sky130_fd_sc_hd__a21oi_2)
     2    0.008055    0.058327    0.075622    2.286168 v _285_/Y (sky130_fd_sc_hd__a21oi_2)
                                                         _101_ (net)
                      0.058327    0.000322    2.286490 v _336_/A2 (sky130_fd_sc_hd__o32a_2)
     1    0.010609    0.073765    0.394991    2.681481 v _336_/X (sky130_fd_sc_hd__o32a_2)
                                                         _144_ (net)
                      0.073765    0.000452    2.681933 v _337_/B (sky130_fd_sc_hd__xnor2_2)
     1    0.002286    0.040894    0.129825    2.811759 v _337_/Y (sky130_fd_sc_hd__xnor2_2)
                                                         _145_ (net)
                      0.040894    0.000046    2.811805 v _338_/A1 (sky130_fd_sc_hd__mux2_1)
     1    0.002441    0.054422    0.282965    3.094770 v _338_/X (sky130_fd_sc_hd__mux2_1)
                                                         _010_ (net)
                      0.054422    0.000069    3.094839 v _442_/D (sky130_fd_sc_hd__dfrtp_2)
                                              3.094839   data arrival time

                                 25.000000   25.000000   clock clk (rise edge)
                                  0.000000   25.000000   clock source latency
     2    0.019867    0.095149    0.065633   25.065632 ^ clk (in)
                                                         clk (net)
                      0.095166    0.000000   25.065632 ^ clkbuf_0_clk/A (sky130_fd_sc_hd__clkbuf_16)
     8    0.083891    0.100833    0.191418   25.257050 ^ clkbuf_0_clk/X (sky130_fd_sc_hd__clkbuf_16)
                                                         clknet_0_clk (net)
                      0.101087    0.003604   25.260654 ^ clkbuf_3_1__f_clk/A (sky130_fd_sc_hd__clkbuf_16)
    10    0.036358    0.056462    0.159432   25.420086 ^ clkbuf_3_1__f_clk/X (sky130_fd_sc_hd__clkbuf_16)
                                                         clknet_3_1__leaf_clk (net)
                      0.056518    0.000771   25.420856 ^ _442_/CLK (sky130_fd_sc_hd__dfrtp_2)
                                 -0.250000   25.170858   clock uncertainty
                                  0.000000   25.170858   clock reconvergence pessimism
                                 -0.116961   25.053898   library setup time
                                             25.053898   data required time
---------------------------------------------------------------------------------------------
                                             25.053898   data required time
                                             -3.094839   data arrival time
---------------------------------------------------------------------------------------------
                                             21.959057   slack (MET)


Startpoint: _432_ (rising edge-triggered flip-flop clocked by clk)
Endpoint: _433_ (rising edge-triggered flip-flop clocked by clk)
Path Group: clk
Path Type: max

Fanout         Cap        Slew       Delay        Time   Description
---------------------------------------------------------------------------------------------
                                  0.000000    0.000000   clock clk (rise edge)
                                  0.000000    0.000000   clock source latency
     2    0.019867    0.095149    0.065634    0.065634 ^ clk (in)
                                                         clk (net)
                      0.095166    0.000000    0.065634 ^ clkbuf_0_clk/A (sky130_fd_sc_hd__clkbuf_16)
     8    0.083891    0.100833    0.191418    0.257052 ^ clkbuf_0_clk/X (sky130_fd_sc_hd__clkbuf_16)
                                                         clknet_0_clk (net)
                      0.101003    0.002756    0.259808 ^ clkbuf_3_5__f_clk/A (sky130_fd_sc_hd__clkbuf_16)
    10    0.033671    0.054184    0.157491    0.417299 ^ clkbuf_3_5__f_clk/X (sky130_fd_sc_hd__clkbuf_16)
                                                         clknet_3_5__leaf_clk (net)
                      0.054212    0.001157    0.418456 ^ _432_/CLK (sky130_fd_sc_hd__dfstp_2)
     1    0.002803    0.035750    0.510258    0.928715 ^ _432_/Q (sky130_fd_sc_hd__dfstp_2)
                                                         TOP.top_rng_inst.display.datas[0] (net)
                      0.035750    0.000081    0.928796 ^ fanout32/A (sky130_fd_sc_hd__clkdlybuf4s25_1)
     7    0.036708    0.370090    0.472434    1.401230 ^ fanout32/X (sky130_fd_sc_hd__clkdlybuf4s25_1)
                                                         net32 (net)
                      0.370090    0.000963    1.402192 ^ fanout31/A (sky130_fd_sc_hd__clkdlybuf4s25_1)
    10    0.038261    0.385139    0.563700    1.965892 ^ fanout31/X (sky130_fd_sc_hd__clkdlybuf4s25_1)
                                                         net31 (net)
                      0.385140    0.001458    1.967350 ^ _277_/S (sky130_fd_sc_hd__mux2_1)
     2    0.007910    0.080942    0.396137    2.363487 v _277_/X (sky130_fd_sc_hd__mux2_1)
                                                         _094_ (net)
                      0.080942    0.000169    2.363655 v _278_/C (sky130_fd_sc_hd__and3_2)
     2    0.010058    0.055288    0.243893    2.607548 v _278_/X (sky130_fd_sc_hd__and3_2)
                                                         _095_ (net)
                      0.055288    0.000272    2.607819 v _279_/B (sky130_fd_sc_hd__nand2b_2)
     1    0.009816    0.070796    0.086592    2.694411 ^ _279_/Y (sky130_fd_sc_hd__nand2b_2)
                                                         _096_ (net)
                      0.070796    0.000311    2.694722 ^ _281_/A (sky130_fd_sc_hd__xnor2_2)
     1    0.002203    0.040552    0.062554    2.757276 v _281_/Y (sky130_fd_sc_hd__xnor2_2)
                                                         _098_ (net)
                      0.040552    0.000063    2.757339 v _282_/A1 (sky130_fd_sc_hd__mux2_1)
     1    0.003088    0.058245    0.288956    3.046295 v _282_/X (sky130_fd_sc_hd__mux2_1)
                                                         _001_ (net)
                      0.058245    0.000094    3.046389 v _433_/D (sky130_fd_sc_hd__dfstp_2)
                                              3.046389   data arrival time

                                 25.000000   25.000000   clock clk (rise edge)
                                  0.000000   25.000000   clock source latency
     2    0.019867    0.095149    0.065633   25.065632 ^ clk (in)
                                                         clk (net)
                      0.095166    0.000000   25.065632 ^ clkbuf_0_clk/A (sky130_fd_sc_hd__clkbuf_16)
     8    0.083891    0.100833    0.191418   25.257050 ^ clkbuf_0_clk/X (sky130_fd_sc_hd__clkbuf_16)
                                                         clknet_0_clk (net)
                      0.101009    0.002826   25.259876 ^ clkbuf_3_4__f_clk/A (sky130_fd_sc_hd__clkbuf_16)
     9    0.031976    0.052761    0.156332   25.416208 ^ clkbuf_3_4__f_clk/X (sky130_fd_sc_hd__clkbuf_16)
                                                         clknet_3_4__leaf_clk (net)
                      0.052765    0.000879   25.417088 ^ _433_/CLK (sky130_fd_sc_hd__dfstp_2)
                                 -0.250000   25.167089   clock uncertainty
                                  0.000000   25.167089   clock reconvergence pessimism
                                 -0.074459   25.092628   library setup time
                                             25.092628   data required time
---------------------------------------------------------------------------------------------
                                             25.092628   data required time
                                             -3.046389   data arrival time
---------------------------------------------------------------------------------------------
                                             22.046242   slack (MET)


Startpoint: _432_ (rising edge-triggered flip-flop clocked by clk)
Endpoint: _432_ (rising edge-triggered flip-flop clocked by clk)
Path Group: clk
Path Type: max

Fanout         Cap        Slew       Delay        Time   Description
---------------------------------------------------------------------------------------------
                                  0.000000    0.000000   clock clk (rise edge)
                                  0.000000    0.000000   clock source latency
     2    0.019867    0.095149    0.065634    0.065634 ^ clk (in)
                                                         clk (net)
                      0.095166    0.000000    0.065634 ^ clkbuf_0_clk/A (sky130_fd_sc_hd__clkbuf_16)
     8    0.083891    0.100833    0.191418    0.257052 ^ clkbuf_0_clk/X (sky130_fd_sc_hd__clkbuf_16)
                                                         clknet_0_clk (net)
                      0.101003    0.002756    0.259808 ^ clkbuf_3_5__f_clk/A (sky130_fd_sc_hd__clkbuf_16)
    10    0.033671    0.054184    0.157491    0.417299 ^ clkbuf_3_5__f_clk/X (sky130_fd_sc_hd__clkbuf_16)
                                                         clknet_3_5__leaf_clk (net)
                      0.054212    0.001157    0.418456 ^ _432_/CLK (sky130_fd_sc_hd__dfstp_2)
     1    0.002578    0.020818    0.355353    0.773809 v _432_/Q (sky130_fd_sc_hd__dfstp_2)
                                                         TOP.top_rng_inst.display.datas[0] (net)
                      0.020818    0.000074    0.773883 v fanout32/A (sky130_fd_sc_hd__clkdlybuf4s25_1)
     7    0.035208    0.261956    0.408730    1.182614 v fanout32/X (sky130_fd_sc_hd__clkdlybuf4s25_1)
                                                         net32 (net)
                      0.261957    0.000918    1.183532 v fanout31/A (sky130_fd_sc_hd__clkdlybuf4s25_1)
    10    0.035822    0.266443    0.503396    1.686928 v fanout31/X (sky130_fd_sc_hd__clkdlybuf4s25_1)
                                                         net31 (net)
                      0.266443    0.000751    1.687679 v _273_/A (sky130_fd_sc_hd__nor3b_2)
     3    0.013688    0.275499    0.361654    2.049333 ^ _273_/Y (sky130_fd_sc_hd__nor3b_2)
                                                         _091_ (net)
                      0.275499    0.000413    2.049746 ^ _274_/C_N (sky130_fd_sc_hd__or3b_2)
     1    0.009119    0.097422    0.508244    2.557990 v _274_/X (sky130_fd_sc_hd__or3b_2)
                                                         _092_ (net)
                      0.097493    0.000296    2.558286 v _275_/B (sky130_fd_sc_hd__xnor2_2)
     1    0.002326    0.041234    0.139948    2.698235 v _275_/Y (sky130_fd_sc_hd__xnor2_2)
                                                         _093_ (net)
                      0.041234    0.000067    2.698302 v _276_/A1 (sky130_fd_sc_hd__mux2_1)
     1    0.003165    0.058771    0.289869    2.988170 v _276_/X (sky130_fd_sc_hd__mux2_1)
                                                         _000_ (net)
                      0.058771    0.000096    2.988267 v _432_/D (sky130_fd_sc_hd__dfstp_2)
                                              2.988267   data arrival time

                                 25.000000   25.000000   clock clk (rise edge)
                                  0.000000   25.000000   clock source latency
     2    0.019867    0.095149    0.065633   25.065632 ^ clk (in)
                                                         clk (net)
                      0.095166    0.000000   25.065632 ^ clkbuf_0_clk/A (sky130_fd_sc_hd__clkbuf_16)
     8    0.083891    0.100833    0.191418   25.257050 ^ clkbuf_0_clk/X (sky130_fd_sc_hd__clkbuf_16)
                                                         clknet_0_clk (net)
                      0.101003    0.002757   25.259808 ^ clkbuf_3_5__f_clk/A (sky130_fd_sc_hd__clkbuf_16)
    10    0.033671    0.054184    0.157490   25.417297 ^ clkbuf_3_5__f_clk/X (sky130_fd_sc_hd__clkbuf_16)
                                                         clknet_3_5__leaf_clk (net)
                      0.054212    0.001158   25.418455 ^ _432_/CLK (sky130_fd_sc_hd__dfstp_2)
                                 -0.250000   25.168457   clock uncertainty
                                  0.000000   25.168457   clock reconvergence pessimism
                                 -0.074320   25.094137   library setup time
                                             25.094137   data required time
---------------------------------------------------------------------------------------------
                                             25.094137   data required time
                                             -2.988267   data arrival time
---------------------------------------------------------------------------------------------
                                             22.105869   slack (MET)


Startpoint: _432_ (rising edge-triggered flip-flop clocked by clk)
Endpoint: _440_ (rising edge-triggered flip-flop clocked by clk)
Path Group: clk
Path Type: max

Fanout         Cap        Slew       Delay        Time   Description
---------------------------------------------------------------------------------------------
                                  0.000000    0.000000   clock clk (rise edge)
                                  0.000000    0.000000   clock source latency
     2    0.019867    0.095149    0.065634    0.065634 ^ clk (in)
                                                         clk (net)
                      0.095166    0.000000    0.065634 ^ clkbuf_0_clk/A (sky130_fd_sc_hd__clkbuf_16)
     8    0.083891    0.100833    0.191418    0.257052 ^ clkbuf_0_clk/X (sky130_fd_sc_hd__clkbuf_16)
                                                         clknet_0_clk (net)
                      0.101003    0.002756    0.259808 ^ clkbuf_3_5__f_clk/A (sky130_fd_sc_hd__clkbuf_16)
    10    0.033671    0.054184    0.157491    0.417299 ^ clkbuf_3_5__f_clk/X (sky130_fd_sc_hd__clkbuf_16)
                                                         clknet_3_5__leaf_clk (net)
                      0.054212    0.001157    0.418456 ^ _432_/CLK (sky130_fd_sc_hd__dfstp_2)
     1    0.002803    0.035750    0.510258    0.928715 ^ _432_/Q (sky130_fd_sc_hd__dfstp_2)
                                                         TOP.top_rng_inst.display.datas[0] (net)
                      0.035750    0.000081    0.928796 ^ fanout32/A (sky130_fd_sc_hd__clkdlybuf4s25_1)
     7    0.036708    0.370090    0.472434    1.401230 ^ fanout32/X (sky130_fd_sc_hd__clkdlybuf4s25_1)
                                                         net32 (net)
                      0.370091    0.001457    1.402687 ^ _298_/S0 (sky130_fd_sc_hd__mux4_2)
     2    0.004673    0.087319    0.559576    1.962262 v _298_/X (sky130_fd_sc_hd__mux4_2)
                                                         _112_ (net)
                      0.087319    0.000103    1.962366 v _327_/A0 (sky130_fd_sc_hd__mux2_1)
     1    0.002915    0.055713    0.292850    2.255216 v _327_/X (sky130_fd_sc_hd__mux2_1)
                                                         _137_ (net)
                      0.055713    0.000086    2.255302 v _328_/B1 (sky130_fd_sc_hd__a32o_2)
     1    0.012258    0.061680    0.247874    2.503176 v _328_/X (sky130_fd_sc_hd__a32o_2)
                                                         _138_ (net)
                      0.061695    0.000655    2.503831 v _330_/A (sky130_fd_sc_hd__xnor2_2)
     1    0.003088    0.044018    0.131732    2.635563 v _330_/Y (sky130_fd_sc_hd__xnor2_2)
                                                         _140_ (net)
                      0.044019    0.000100    2.635663 v _331_/A1 (sky130_fd_sc_hd__mux2_1)
     1    0.002421    0.054350    0.283614    2.919277 v _331_/X (sky130_fd_sc_hd__mux2_1)
                                                         _008_ (net)
                      0.054350    0.000068    2.919346 v _440_/D (sky130_fd_sc_hd__dfrtp_2)
                                              2.919346   data arrival time

                                 25.000000   25.000000   clock clk (rise edge)
                                  0.000000   25.000000   clock source latency
     2    0.019867    0.095149    0.065633   25.065632 ^ clk (in)
                                                         clk (net)
                      0.095166    0.000000   25.065632 ^ clkbuf_0_clk/A (sky130_fd_sc_hd__clkbuf_16)
     8    0.083891    0.100833    0.191418   25.257050 ^ clkbuf_0_clk/X (sky130_fd_sc_hd__clkbuf_16)
                                                         clknet_0_clk (net)
                      0.101134    0.003997   25.261047 ^ clkbuf_3_3__f_clk/A (sky130_fd_sc_hd__clkbuf_16)
    10    0.029890    0.050956    0.154790   25.415836 ^ clkbuf_3_3__f_clk/X (sky130_fd_sc_hd__clkbuf_16)
                                                         clknet_3_3__leaf_clk (net)
                      0.050958    0.000526   25.416363 ^ _440_/CLK (sky130_fd_sc_hd__dfrtp_2)
                                 -0.250000   25.166365   clock uncertainty
                                  0.000000   25.166365   clock reconvergence pessimism
                                 -0.118217   25.048145   library setup time
                                             25.048145   data required time
---------------------------------------------------------------------------------------------
                                             25.048145   data required time
                                             -2.919346   data arrival time
---------------------------------------------------------------------------------------------
                                             22.128801   slack (MET)


Startpoint: _432_ (rising edge-triggered flip-flop clocked by clk)
Endpoint: _436_ (rising edge-triggered flip-flop clocked by clk)
Path Group: clk
Path Type: max

Fanout         Cap        Slew       Delay        Time   Description
---------------------------------------------------------------------------------------------
                                  0.000000    0.000000   clock clk (rise edge)
                                  0.000000    0.000000   clock source latency
     2    0.019867    0.095149    0.065634    0.065634 ^ clk (in)
                                                         clk (net)
                      0.095166    0.000000    0.065634 ^ clkbuf_0_clk/A (sky130_fd_sc_hd__clkbuf_16)
     8    0.083891    0.100833    0.191418    0.257052 ^ clkbuf_0_clk/X (sky130_fd_sc_hd__clkbuf_16)
                                                         clknet_0_clk (net)
                      0.101003    0.002756    0.259808 ^ clkbuf_3_5__f_clk/A (sky130_fd_sc_hd__clkbuf_16)
    10    0.033671    0.054184    0.157491    0.417299 ^ clkbuf_3_5__f_clk/X (sky130_fd_sc_hd__clkbuf_16)
                                                         clknet_3_5__leaf_clk (net)
                      0.054212    0.001157    0.418456 ^ _432_/CLK (sky130_fd_sc_hd__dfstp_2)
     1    0.002803    0.035750    0.510258    0.928715 ^ _432_/Q (sky130_fd_sc_hd__dfstp_2)
                                                         TOP.top_rng_inst.display.datas[0] (net)
                      0.035750    0.000081    0.928796 ^ fanout32/A (sky130_fd_sc_hd__clkdlybuf4s25_1)
     7    0.036708    0.370090    0.472434    1.401230 ^ fanout32/X (sky130_fd_sc_hd__clkdlybuf4s25_1)
                                                         net32 (net)
                      0.370090    0.000963    1.402192 ^ fanout31/A (sky130_fd_sc_hd__clkdlybuf4s25_1)
    10    0.038261    0.385139    0.563700    1.965892 ^ fanout31/X (sky130_fd_sc_hd__clkdlybuf4s25_1)
                                                         net31 (net)
                      0.385139    0.000804    1.966696 ^ _273_/A (sky130_fd_sc_hd__nor3b_2)
     3    0.013272    0.111420    0.132257    2.098952 v _273_/Y (sky130_fd_sc_hd__nor3b_2)
                                                         _091_ (net)
                      0.111420    0.000360    2.099313 v _299_/A0 (sky130_fd_sc_hd__mux2_1)
     2    0.009091    0.085028    0.344139    2.443452 v _299_/X (sky130_fd_sc_hd__mux2_1)
                                                         _113_ (net)
                      0.085028    0.000295    2.443747 v _300_/B (sky130_fd_sc_hd__nand2_2)
     1    0.014806    0.092609    0.116801    2.560548 ^ _300_/Y (sky130_fd_sc_hd__nand2_2)
                                                         _114_ (net)
                      0.092658    0.000890    2.561438 ^ _301_/B (sky130_fd_sc_hd__xnor2_2)
     1    0.002703    0.045605    0.059491    2.620929 v _301_/Y (sky130_fd_sc_hd__xnor2_2)
                                                         _115_ (net)
                      0.045606    0.000081    2.621010 v _302_/A1 (sky130_fd_sc_hd__mux2_1)
     1    0.002370    0.052492    0.283555    2.904565 v _302_/X (sky130_fd_sc_hd__mux2_1)
                                                         _004_ (net)
                      0.052492    0.000067    2.904632 v _436_/D (sky130_fd_sc_hd__dfrtp_2)
                                              2.904632   data arrival time

                                 25.000000   25.000000   clock clk (rise edge)
                                  0.000000   25.000000   clock source latency
     2    0.019867    0.095149    0.065633   25.065632 ^ clk (in)
                                                         clk (net)
                      0.095166    0.000000   25.065632 ^ clkbuf_0_clk/A (sky130_fd_sc_hd__clkbuf_16)
     8    0.083891    0.100833    0.191418   25.257050 ^ clkbuf_0_clk/X (sky130_fd_sc_hd__clkbuf_16)
                                                         clknet_0_clk (net)
                      0.101003    0.002757   25.259808 ^ clkbuf_3_5__f_clk/A (sky130_fd_sc_hd__clkbuf_16)
    10    0.033671    0.054184    0.157490   25.417297 ^ clkbuf_3_5__f_clk/X (sky130_fd_sc_hd__clkbuf_16)
                                                         clknet_3_5__leaf_clk (net)
                      0.054190    0.000771   25.418068 ^ _436_/CLK (sky130_fd_sc_hd__dfrtp_2)
                                 -0.250000   25.168070   clock uncertainty
                                  0.000000   25.168070   clock reconvergence pessimism
                                 -0.116654   25.051414   library setup time
                                             25.051414   data required time
---------------------------------------------------------------------------------------------
                                             25.051414   data required time
                                             -2.904632   data arrival time
---------------------------------------------------------------------------------------------
                                             22.146782   slack (MET)


Startpoint: _432_ (rising edge-triggered flip-flop clocked by clk)
Endpoint: _435_ (rising edge-triggered flip-flop clocked by clk)
Path Group: clk
Path Type: max

Fanout         Cap        Slew       Delay        Time   Description
---------------------------------------------------------------------------------------------
                                  0.000000    0.000000   clock clk (rise edge)
                                  0.000000    0.000000   clock source latency
     2    0.019867    0.095149    0.065634    0.065634 ^ clk (in)
                                                         clk (net)
                      0.095166    0.000000    0.065634 ^ clkbuf_0_clk/A (sky130_fd_sc_hd__clkbuf_16)
     8    0.083891    0.100833    0.191418    0.257052 ^ clkbuf_0_clk/X (sky130_fd_sc_hd__clkbuf_16)
                                                         clknet_0_clk (net)
                      0.101003    0.002756    0.259808 ^ clkbuf_3_5__f_clk/A (sky130_fd_sc_hd__clkbuf_16)
    10    0.033671    0.054184    0.157491    0.417299 ^ clkbuf_3_5__f_clk/X (sky130_fd_sc_hd__clkbuf_16)
                                                         clknet_3_5__leaf_clk (net)
                      0.054212    0.001157    0.418456 ^ _432_/CLK (sky130_fd_sc_hd__dfstp_2)
     1    0.002803    0.035750    0.510258    0.928715 ^ _432_/Q (sky130_fd_sc_hd__dfstp_2)
                                                         TOP.top_rng_inst.display.datas[0] (net)
                      0.035750    0.000081    0.928796 ^ fanout32/A (sky130_fd_sc_hd__clkdlybuf4s25_1)
     7    0.036708    0.370090    0.472434    1.401230 ^ fanout32/X (sky130_fd_sc_hd__clkdlybuf4s25_1)
                                                         net32 (net)
                      0.370090    0.000963    1.402192 ^ fanout31/A (sky130_fd_sc_hd__clkdlybuf4s25_1)
    10    0.038261    0.385139    0.563700    1.965892 ^ fanout31/X (sky130_fd_sc_hd__clkdlybuf4s25_1)
                                                         net31 (net)
                      0.385140    0.001541    1.967433 ^ _290_/S0 (sky130_fd_sc_hd__mux4_2)
     2    0.012855    0.112776    0.606194    2.573627 v _290_/X (sky130_fd_sc_hd__mux4_2)
                                                         _105_ (net)
                      0.112776    0.000566    2.574193 v _291_/B (sky130_fd_sc_hd__nand2_2)
     2    0.010559    0.074877    0.114933    2.689126 ^ _291_/Y (sky130_fd_sc_hd__nand2_2)
                                                         _106_ (net)
                      0.074877    0.000284    2.689410 ^ _292_/A2 (sky130_fd_sc_hd__a21oi_2)
     1    0.008871    0.146671    0.071593    2.761003 v _292_/Y (sky130_fd_sc_hd__a21oi_2)
                                                         _107_ (net)
                      0.146672    0.000273    2.761276 v _294_/A (sky130_fd_sc_hd__xnor2_2)
     1    0.002857    0.102114    0.172779    2.934055 ^ _294_/Y (sky130_fd_sc_hd__xnor2_2)
                                                         _003_ (net)
                      0.102114    0.000057    2.934112 ^ _435_/D (sky130_fd_sc_hd__dfstp_2)
                                              2.934112   data arrival time

                                 25.000000   25.000000   clock clk (rise edge)
                                  0.000000   25.000000   clock source latency
     2    0.019867    0.095149    0.065633   25.065632 ^ clk (in)
                                                         clk (net)
                      0.095166    0.000000   25.065632 ^ clkbuf_0_clk/A (sky130_fd_sc_hd__clkbuf_16)
     8    0.083891    0.100833    0.191418   25.257050 ^ clkbuf_0_clk/X (sky130_fd_sc_hd__clkbuf_16)
                                                         clknet_0_clk (net)
                      0.101009    0.002826   25.259876 ^ clkbuf_3_4__f_clk/A (sky130_fd_sc_hd__clkbuf_16)
     9    0.031976    0.052761    0.156332   25.416208 ^ clkbuf_3_4__f_clk/X (sky130_fd_sc_hd__clkbuf_16)
                                                         clknet_3_4__leaf_clk (net)
                      0.052762    0.000581   25.416790 ^ _435_/CLK (sky130_fd_sc_hd__dfstp_2)
                                 -0.250000   25.166790   clock uncertainty
                                  0.000000   25.166790   clock reconvergence pessimism
                                 -0.065845   25.100946   library setup time
                                             25.100946   data required time
---------------------------------------------------------------------------------------------
                                             25.100946   data required time
                                             -2.934112   data arrival time
---------------------------------------------------------------------------------------------
                                             22.166834   slack (MET)


Startpoint: _421_ (rising edge-triggered flip-flop clocked by clk)
Endpoint: _463_ (rising edge-triggered flip-flop clocked by clk)
Path Group: clk
Path Type: max

Fanout         Cap        Slew       Delay        Time   Description
---------------------------------------------------------------------------------------------
                                  0.000000    0.000000   clock clk (rise edge)
                                  0.000000    0.000000   clock source latency
     2    0.019867    0.095149    0.065634    0.065634 ^ clk (in)
                                                         clk (net)
                      0.095166    0.000000    0.065634 ^ clkbuf_0_clk/A (sky130_fd_sc_hd__clkbuf_16)
     8    0.083891    0.100833    0.191418    0.257052 ^ clkbuf_0_clk/X (sky130_fd_sc_hd__clkbuf_16)
                                                         clknet_0_clk (net)
                      0.101136    0.004014    0.261066 ^ clkbuf_3_2__f_clk/A (sky130_fd_sc_hd__clkbuf_16)
    10    0.035070    0.055414    0.158654    0.419720 ^ clkbuf_3_2__f_clk/X (sky130_fd_sc_hd__clkbuf_16)
                                                         clknet_3_2__leaf_clk (net)
                      0.055436    0.000651    0.420371 ^ _421_/CLK (sky130_fd_sc_hd__dfrtp_2)
     2    0.013448    0.082528    0.381681    0.802052 ^ _421_/Q (sky130_fd_sc_hd__dfrtp_2)
                                                         TOP.top_rng_inst.ecstate.rollover_flag (net)
                      0.082528    0.000254    0.802306 ^ fanout33/A (sky130_fd_sc_hd__clkdlybuf4s25_1)
    21    0.052970    0.528410    0.599328    1.401634 ^ fanout33/X (sky130_fd_sc_hd__clkdlybuf4s25_1)
                                                         net33 (net)
                      0.528410    0.000595    1.402229 ^ _379_/A_N (sky130_fd_sc_hd__and2b_2)
     2    0.011779    0.057406    0.309017    1.711246 v _379_/X (sky130_fd_sc_hd__and2b_2)
                                                         _173_ (net)
                      0.057406    0.000332    1.711578 v fanout21/A (sky130_fd_sc_hd__clkdlybuf4s25_1)
    21    0.059380    0.435402    0.548767    2.260345 v fanout21/X (sky130_fd_sc_hd__clkdlybuf4s25_1)
                                                         net21 (net)
                      0.435405    0.001882    2.262227 v _396_/B1 (sky130_fd_sc_hd__a221o_2)
     1    0.004098    0.057422    0.462366    2.724593 v _396_/X (sky130_fd_sc_hd__a221o_2)
                                                         _031_ (net)
                      0.057422    0.000148    2.724742 v _463_/D (sky130_fd_sc_hd__dfrtp_2)
                                              2.724742   data arrival time

                                 25.000000   25.000000   clock clk (rise edge)
                                  0.000000   25.000000   clock source latency
     2    0.019867    0.095149    0.065633   25.065632 ^ clk (in)
                                                         clk (net)
                      0.095166    0.000000   25.065632 ^ clkbuf_0_clk/A (sky130_fd_sc_hd__clkbuf_16)
     8    0.083891    0.100833    0.191418   25.257050 ^ clkbuf_0_clk/X (sky130_fd_sc_hd__clkbuf_16)
                                                         clknet_0_clk (net)
                      0.101136    0.004015   25.261065 ^ clkbuf_3_2__f_clk/A (sky130_fd_sc_hd__clkbuf_16)
    10    0.035070    0.055414    0.158654   25.419718 ^ clkbuf_3_2__f_clk/X (sky130_fd_sc_hd__clkbuf_16)
                                                         clknet_3_2__leaf_clk (net)
                      0.055443    0.000805   25.420523 ^ _463_/CLK (sky130_fd_sc_hd__dfrtp_2)
                                 -0.250000   25.170525   clock uncertainty
                                  0.000000   25.170525   clock reconvergence pessimism
                                 -0.118526   25.051998   library setup time
                                             25.051998   data required time
---------------------------------------------------------------------------------------------
                                             25.051998   data required time
                                             -2.724742   data arrival time
---------------------------------------------------------------------------------------------
                                             22.327257   slack (MET)


Startpoint: _421_ (rising edge-triggered flip-flop clocked by clk)
Endpoint: _466_ (rising edge-triggered flip-flop clocked by clk)
Path Group: clk
Path Type: max

Fanout         Cap        Slew       Delay        Time   Description
---------------------------------------------------------------------------------------------
                                  0.000000    0.000000   clock clk (rise edge)
                                  0.000000    0.000000   clock source latency
     2    0.019867    0.095149    0.065634    0.065634 ^ clk (in)
                                                         clk (net)
                      0.095166    0.000000    0.065634 ^ clkbuf_0_clk/A (sky130_fd_sc_hd__clkbuf_16)
     8    0.083891    0.100833    0.191418    0.257052 ^ clkbuf_0_clk/X (sky130_fd_sc_hd__clkbuf_16)
                                                         clknet_0_clk (net)
                      0.101136    0.004014    0.261066 ^ clkbuf_3_2__f_clk/A (sky130_fd_sc_hd__clkbuf_16)
    10    0.035070    0.055414    0.158654    0.419720 ^ clkbuf_3_2__f_clk/X (sky130_fd_sc_hd__clkbuf_16)
                                                         clknet_3_2__leaf_clk (net)
                      0.055436    0.000651    0.420371 ^ _421_/CLK (sky130_fd_sc_hd__dfrtp_2)
     2    0.013448    0.082528    0.381681    0.802052 ^ _421_/Q (sky130_fd_sc_hd__dfrtp_2)
                                                         TOP.top_rng_inst.ecstate.rollover_flag (net)
                      0.082528    0.000254    0.802306 ^ fanout33/A (sky130_fd_sc_hd__clkdlybuf4s25_1)
    21    0.052970    0.528410    0.599328    1.401634 ^ fanout33/X (sky130_fd_sc_hd__clkdlybuf4s25_1)
                                                         net33 (net)
                      0.528410    0.000595    1.402229 ^ _379_/A_N (sky130_fd_sc_hd__and2b_2)
     2    0.011779    0.057406    0.309017    1.711246 v _379_/X (sky130_fd_sc_hd__and2b_2)
                                                         _173_ (net)
                      0.057406    0.000332    1.711578 v fanout21/A (sky130_fd_sc_hd__clkdlybuf4s25_1)
    21    0.059380    0.435402    0.548767    2.260345 v fanout21/X (sky130_fd_sc_hd__clkdlybuf4s25_1)
                                                         net21 (net)
                      0.435453    0.004708    2.265053 v _402_/B1 (sky130_fd_sc_hd__a221o_2)
     1    0.003087    0.053079    0.455671    2.720724 v _402_/X (sky130_fd_sc_hd__a221o_2)
                                                         _034_ (net)
                      0.053079    0.000095    2.720819 v _466_/D (sky130_fd_sc_hd__dfrtp_2)
                                              2.720819   data arrival time

                                 25.000000   25.000000   clock clk (rise edge)
                                  0.000000   25.000000   clock source latency
     2    0.019867    0.095149    0.065633   25.065632 ^ clk (in)
                                                         clk (net)
                      0.095166    0.000000   25.065632 ^ clkbuf_0_clk/A (sky130_fd_sc_hd__clkbuf_16)
     8    0.083891    0.100833    0.191418   25.257050 ^ clkbuf_0_clk/X (sky130_fd_sc_hd__clkbuf_16)
                                                         clknet_0_clk (net)
                      0.101009    0.002826   25.259876 ^ clkbuf_3_4__f_clk/A (sky130_fd_sc_hd__clkbuf_16)
     9    0.031976    0.052761    0.156332   25.416208 ^ clkbuf_3_4__f_clk/X (sky130_fd_sc_hd__clkbuf_16)
                                                         clknet_3_4__leaf_clk (net)
                      0.052763    0.000712   25.416922 ^ _466_/CLK (sky130_fd_sc_hd__dfrtp_2)
                                 -0.250000   25.166922   clock uncertainty
                                  0.000000   25.166922   clock reconvergence pessimism
                                 -0.117242   25.049681   library setup time
                                             25.049681   data required time
---------------------------------------------------------------------------------------------
                                             25.049681   data required time
                                             -2.720819   data arrival time
---------------------------------------------------------------------------------------------
                                             22.328861   slack (MET)


Startpoint: _421_ (rising edge-triggered flip-flop clocked by clk)
Endpoint: _459_ (rising edge-triggered flip-flop clocked by clk)
Path Group: clk
Path Type: max

Fanout         Cap        Slew       Delay        Time   Description
---------------------------------------------------------------------------------------------
                                  0.000000    0.000000   clock clk (rise edge)
                                  0.000000    0.000000   clock source latency
     2    0.019867    0.095149    0.065634    0.065634 ^ clk (in)
                                                         clk (net)
                      0.095166    0.000000    0.065634 ^ clkbuf_0_clk/A (sky130_fd_sc_hd__clkbuf_16)
     8    0.083891    0.100833    0.191418    0.257052 ^ clkbuf_0_clk/X (sky130_fd_sc_hd__clkbuf_16)
                                                         clknet_0_clk (net)
                      0.101136    0.004014    0.261066 ^ clkbuf_3_2__f_clk/A (sky130_fd_sc_hd__clkbuf_16)
    10    0.035070    0.055414    0.158654    0.419720 ^ clkbuf_3_2__f_clk/X (sky130_fd_sc_hd__clkbuf_16)
                                                         clknet_3_2__leaf_clk (net)
                      0.055436    0.000651    0.420371 ^ _421_/CLK (sky130_fd_sc_hd__dfrtp_2)
     2    0.013448    0.082528    0.381681    0.802052 ^ _421_/Q (sky130_fd_sc_hd__dfrtp_2)
                                                         TOP.top_rng_inst.ecstate.rollover_flag (net)
                      0.082528    0.000254    0.802306 ^ fanout33/A (sky130_fd_sc_hd__clkdlybuf4s25_1)
    21    0.052970    0.528410    0.599328    1.401634 ^ fanout33/X (sky130_fd_sc_hd__clkdlybuf4s25_1)
                                                         net33 (net)
                      0.528410    0.000595    1.402229 ^ _379_/A_N (sky130_fd_sc_hd__and2b_2)
     2    0.011779    0.057406    0.309017    1.711246 v _379_/X (sky130_fd_sc_hd__and2b_2)
                                                         _173_ (net)
                      0.057406    0.000332    1.711578 v fanout21/A (sky130_fd_sc_hd__clkdlybuf4s25_1)
    21    0.059380    0.435402    0.548767    2.260345 v fanout21/X (sky130_fd_sc_hd__clkdlybuf4s25_1)
                                                         net21 (net)
                      0.435522    0.006815    2.267160 v _388_/B1 (sky130_fd_sc_hd__a221o_2)
     1    0.002548    0.051001    0.452110    2.719270 v _388_/X (sky130_fd_sc_hd__a221o_2)
                                                         _027_ (net)
                      0.051001    0.000075    2.719345 v _459_/D (sky130_fd_sc_hd__dfrtp_2)
                                              2.719345   data arrival time

                                 25.000000   25.000000   clock clk (rise edge)
                                  0.000000   25.000000   clock source latency
     2    0.019867    0.095149    0.065633   25.065632 ^ clk (in)
                                                         clk (net)
                      0.095166    0.000000   25.065632 ^ clkbuf_0_clk/A (sky130_fd_sc_hd__clkbuf_16)
     8    0.083891    0.100833    0.191418   25.257050 ^ clkbuf_0_clk/X (sky130_fd_sc_hd__clkbuf_16)
                                                         clknet_0_clk (net)
                      0.101009    0.002826   25.259876 ^ clkbuf_3_4__f_clk/A (sky130_fd_sc_hd__clkbuf_16)
     9    0.031976    0.052761    0.156332   25.416208 ^ clkbuf_3_4__f_clk/X (sky130_fd_sc_hd__clkbuf_16)
                                                         clknet_3_4__leaf_clk (net)
                      0.052763    0.000673   25.416882 ^ _459_/CLK (sky130_fd_sc_hd__dfrtp_2)
                                 -0.250000   25.166883   clock uncertainty
                                  0.000000   25.166883   clock reconvergence pessimism
                                 -0.116331   25.050552   library setup time
                                             25.050552   data required time
---------------------------------------------------------------------------------------------
                                             25.050552   data required time
                                             -2.719345   data arrival time
---------------------------------------------------------------------------------------------
                                             22.331207   slack (MET)


Startpoint: _421_ (rising edge-triggered flip-flop clocked by clk)
Endpoint: _467_ (rising edge-triggered flip-flop clocked by clk)
Path Group: clk
Path Type: max

Fanout         Cap        Slew       Delay        Time   Description
---------------------------------------------------------------------------------------------
                                  0.000000    0.000000   clock clk (rise edge)
                                  0.000000    0.000000   clock source latency
     2    0.019867    0.095149    0.065634    0.065634 ^ clk (in)
                                                         clk (net)
                      0.095166    0.000000    0.065634 ^ clkbuf_0_clk/A (sky130_fd_sc_hd__clkbuf_16)
     8    0.083891    0.100833    0.191418    0.257052 ^ clkbuf_0_clk/X (sky130_fd_sc_hd__clkbuf_16)
                                                         clknet_0_clk (net)
                      0.101136    0.004014    0.261066 ^ clkbuf_3_2__f_clk/A (sky130_fd_sc_hd__clkbuf_16)
    10    0.035070    0.055414    0.158654    0.419720 ^ clkbuf_3_2__f_clk/X (sky130_fd_sc_hd__clkbuf_16)
                                                         clknet_3_2__leaf_clk (net)
                      0.055436    0.000651    0.420371 ^ _421_/CLK (sky130_fd_sc_hd__dfrtp_2)
     2    0.013448    0.082528    0.381681    0.802052 ^ _421_/Q (sky130_fd_sc_hd__dfrtp_2)
                                                         TOP.top_rng_inst.ecstate.rollover_flag (net)
                      0.082528    0.000254    0.802306 ^ fanout33/A (sky130_fd_sc_hd__clkdlybuf4s25_1)
    21    0.052970    0.528410    0.599328    1.401634 ^ fanout33/X (sky130_fd_sc_hd__clkdlybuf4s25_1)
                                                         net33 (net)
                      0.528410    0.000595    1.402229 ^ _379_/A_N (sky130_fd_sc_hd__and2b_2)
     2    0.011779    0.057406    0.309017    1.711246 v _379_/X (sky130_fd_sc_hd__and2b_2)
                                                         _173_ (net)
                      0.057406    0.000332    1.711578 v fanout21/A (sky130_fd_sc_hd__clkdlybuf4s25_1)
    21    0.059380    0.435402    0.548767    2.260345 v fanout21/X (sky130_fd_sc_hd__clkdlybuf4s25_1)
                                                         net21 (net)
                      0.435441    0.004213    2.264558 v _404_/B1 (sky130_fd_sc_hd__a221o_2)
     1    0.002674    0.051827    0.452926    2.717484 v _404_/X (sky130_fd_sc_hd__a221o_2)
                                                         _035_ (net)
                      0.051827    0.000075    2.717559 v _467_/D (sky130_fd_sc_hd__dfrtp_2)
                                              2.717559   data arrival time

                                 25.000000   25.000000   clock clk (rise edge)
                                  0.000000   25.000000   clock source latency
     2    0.019867    0.095149    0.065633   25.065632 ^ clk (in)
                                                         clk (net)
                      0.095166    0.000000   25.065632 ^ clkbuf_0_clk/A (sky130_fd_sc_hd__clkbuf_16)
     8    0.083891    0.100833    0.191418   25.257050 ^ clkbuf_0_clk/X (sky130_fd_sc_hd__clkbuf_16)
                                                         clknet_0_clk (net)
                      0.101134    0.003997   25.261047 ^ clkbuf_3_3__f_clk/A (sky130_fd_sc_hd__clkbuf_16)
    10    0.029890    0.050956    0.154790   25.415836 ^ clkbuf_3_3__f_clk/X (sky130_fd_sc_hd__clkbuf_16)
                                                         clknet_3_3__leaf_clk (net)
                      0.050958    0.000504   25.416342 ^ _467_/CLK (sky130_fd_sc_hd__dfrtp_2)
                                 -0.250000   25.166342   clock uncertainty
                                  0.000000   25.166342   clock reconvergence pessimism
                                 -0.117111   25.049231   library setup time
                                             25.049231   data required time
---------------------------------------------------------------------------------------------
                                             25.049231   data required time
                                             -2.717559   data arrival time
---------------------------------------------------------------------------------------------
                                             22.331671   slack (MET)


Startpoint: _421_ (rising edge-triggered flip-flop clocked by clk)
Endpoint: _458_ (rising edge-triggered flip-flop clocked by clk)
Path Group: clk
Path Type: max

Fanout         Cap        Slew       Delay        Time   Description
---------------------------------------------------------------------------------------------
                                  0.000000    0.000000   clock clk (rise edge)
                                  0.000000    0.000000   clock source latency
     2    0.019867    0.095149    0.065634    0.065634 ^ clk (in)
                                                         clk (net)
                      0.095166    0.000000    0.065634 ^ clkbuf_0_clk/A (sky130_fd_sc_hd__clkbuf_16)
     8    0.083891    0.100833    0.191418    0.257052 ^ clkbuf_0_clk/X (sky130_fd_sc_hd__clkbuf_16)
                                                         clknet_0_clk (net)
                      0.101136    0.004014    0.261066 ^ clkbuf_3_2__f_clk/A (sky130_fd_sc_hd__clkbuf_16)
    10    0.035070    0.055414    0.158654    0.419720 ^ clkbuf_3_2__f_clk/X (sky130_fd_sc_hd__clkbuf_16)
                                                         clknet_3_2__leaf_clk (net)
                      0.055436    0.000651    0.420371 ^ _421_/CLK (sky130_fd_sc_hd__dfrtp_2)
     2    0.013448    0.082528    0.381681    0.802052 ^ _421_/Q (sky130_fd_sc_hd__dfrtp_2)
                                                         TOP.top_rng_inst.ecstate.rollover_flag (net)
                      0.082528    0.000254    0.802306 ^ fanout33/A (sky130_fd_sc_hd__clkdlybuf4s25_1)
    21    0.052970    0.528410    0.599328    1.401634 ^ fanout33/X (sky130_fd_sc_hd__clkdlybuf4s25_1)
                                                         net33 (net)
                      0.528410    0.000595    1.402229 ^ _379_/A_N (sky130_fd_sc_hd__and2b_2)
     2    0.011779    0.057406    0.309017    1.711246 v _379_/X (sky130_fd_sc_hd__and2b_2)
                                                         _173_ (net)
                      0.057406    0.000332    1.711578 v fanout21/A (sky130_fd_sc_hd__clkdlybuf4s25_1)
    21    0.059380    0.435402    0.548767    2.260345 v fanout21/X (sky130_fd_sc_hd__clkdlybuf4s25_1)
                                                         net21 (net)
                      0.435505    0.006377    2.266722 v _386_/B1 (sky130_fd_sc_hd__a221o_2)
     1    0.002472    0.051171    0.451607    2.718329 v _386_/X (sky130_fd_sc_hd__a221o_2)
                                                         _026_ (net)
                      0.051171    0.000049    2.718378 v _458_/D (sky130_fd_sc_hd__dfrtp_2)
                                              2.718378   data arrival time

                                 25.000000   25.000000   clock clk (rise edge)
                                  0.000000   25.000000   clock source latency
     2    0.019867    0.095149    0.065633   25.065632 ^ clk (in)
                                                         clk (net)
                      0.095166    0.000000   25.065632 ^ clkbuf_0_clk/A (sky130_fd_sc_hd__clkbuf_16)
     8    0.083891    0.100833    0.191418   25.257050 ^ clkbuf_0_clk/X (sky130_fd_sc_hd__clkbuf_16)
                                                         clknet_0_clk (net)
                      0.101009    0.002826   25.259876 ^ clkbuf_3_4__f_clk/A (sky130_fd_sc_hd__clkbuf_16)
     9    0.031976    0.052761    0.156332   25.416208 ^ clkbuf_3_4__f_clk/X (sky130_fd_sc_hd__clkbuf_16)
                                                         clknet_3_4__leaf_clk (net)
                      0.052763    0.000659   25.416868 ^ _458_/CLK (sky130_fd_sc_hd__dfrtp_2)
                                 -0.250000   25.166868   clock uncertainty
                                  0.000000   25.166868   clock reconvergence pessimism
                                 -0.116405   25.050465   library setup time
                                             25.050465   data required time
---------------------------------------------------------------------------------------------
                                             25.050465   data required time
                                             -2.718378   data arrival time
---------------------------------------------------------------------------------------------
                                             22.332085   slack (MET)


Startpoint: _421_ (rising edge-triggered flip-flop clocked by clk)
Endpoint: _456_ (rising edge-triggered flip-flop clocked by clk)
Path Group: clk
Path Type: max

Fanout         Cap        Slew       Delay        Time   Description
---------------------------------------------------------------------------------------------
                                  0.000000    0.000000   clock clk (rise edge)
                                  0.000000    0.000000   clock source latency
     2    0.019867    0.095149    0.065634    0.065634 ^ clk (in)
                                                         clk (net)
                      0.095166    0.000000    0.065634 ^ clkbuf_0_clk/A (sky130_fd_sc_hd__clkbuf_16)
     8    0.083891    0.100833    0.191418    0.257052 ^ clkbuf_0_clk/X (sky130_fd_sc_hd__clkbuf_16)
                                                         clknet_0_clk (net)
                      0.101136    0.004014    0.261066 ^ clkbuf_3_2__f_clk/A (sky130_fd_sc_hd__clkbuf_16)
    10    0.035070    0.055414    0.158654    0.419720 ^ clkbuf_3_2__f_clk/X (sky130_fd_sc_hd__clkbuf_16)
                                                         clknet_3_2__leaf_clk (net)
                      0.055436    0.000651    0.420371 ^ _421_/CLK (sky130_fd_sc_hd__dfrtp_2)
     2    0.013448    0.082528    0.381681    0.802052 ^ _421_/Q (sky130_fd_sc_hd__dfrtp_2)
                                                         TOP.top_rng_inst.ecstate.rollover_flag (net)
                      0.082528    0.000254    0.802306 ^ fanout33/A (sky130_fd_sc_hd__clkdlybuf4s25_1)
    21    0.052970    0.528410    0.599328    1.401634 ^ fanout33/X (sky130_fd_sc_hd__clkdlybuf4s25_1)
                                                         net33 (net)
                      0.528410    0.000595    1.402229 ^ _379_/A_N (sky130_fd_sc_hd__and2b_2)
     2    0.011779    0.057406    0.309017    1.711246 v _379_/X (sky130_fd_sc_hd__and2b_2)
                                                         _173_ (net)
                      0.057406    0.000332    1.711578 v fanout21/A (sky130_fd_sc_hd__clkdlybuf4s25_1)
    21    0.059380    0.435402    0.548767    2.260345 v fanout21/X (sky130_fd_sc_hd__clkdlybuf4s25_1)
                                                         net21 (net)
                      0.435530    0.007010    2.267355 v _380_/B1 (sky130_fd_sc_hd__o21a_2)
     1    0.002903    0.033458    0.262210    2.529565 v _380_/X (sky130_fd_sc_hd__o21a_2)
                                                         _174_ (net)
                      0.033458    0.000084    2.529649 v _382_/A2 (sky130_fd_sc_hd__a21o_2)
     1    0.002788    0.033314    0.197427    2.727077 v _382_/X (sky130_fd_sc_hd__a21o_2)
                                                         _024_ (net)
                      0.033314    0.000083    2.727160 v _456_/D (sky130_fd_sc_hd__dfrtp_2)
                                              2.727160   data arrival time

                                 25.000000   25.000000   clock clk (rise edge)
                                  0.000000   25.000000   clock source latency
     2    0.019867    0.095149    0.065633   25.065632 ^ clk (in)
                                                         clk (net)
                      0.095166    0.000000   25.065632 ^ clkbuf_0_clk/A (sky130_fd_sc_hd__clkbuf_16)
     8    0.083891    0.100833    0.191418   25.257050 ^ clkbuf_0_clk/X (sky130_fd_sc_hd__clkbuf_16)
                                                         clknet_0_clk (net)
                      0.101003    0.002757   25.259808 ^ clkbuf_3_5__f_clk/A (sky130_fd_sc_hd__clkbuf_16)
    10    0.033671    0.054184    0.157490   25.417297 ^ clkbuf_3_5__f_clk/X (sky130_fd_sc_hd__clkbuf_16)
                                                         clknet_3_5__leaf_clk (net)
                      0.054209    0.001107   25.418404 ^ _456_/CLK (sky130_fd_sc_hd__dfrtp_2)
                                 -0.250000   25.168406   clock uncertainty
                                  0.000000   25.168406   clock reconvergence pessimism
                                 -0.108239   25.060165   library setup time
                                             25.060165   data required time
---------------------------------------------------------------------------------------------
                                             25.060165   data required time
                                             -2.727160   data arrival time
---------------------------------------------------------------------------------------------
                                             22.333008   slack (MET)


Startpoint: _421_ (rising edge-triggered flip-flop clocked by clk)
Endpoint: _457_ (rising edge-triggered flip-flop clocked by clk)
Path Group: clk
Path Type: max

Fanout         Cap        Slew       Delay        Time   Description
---------------------------------------------------------------------------------------------
                                  0.000000    0.000000   clock clk (rise edge)
                                  0.000000    0.000000   clock source latency
     2    0.019867    0.095149    0.065634    0.065634 ^ clk (in)
                                                         clk (net)
                      0.095166    0.000000    0.065634 ^ clkbuf_0_clk/A (sky130_fd_sc_hd__clkbuf_16)
     8    0.083891    0.100833    0.191418    0.257052 ^ clkbuf_0_clk/X (sky130_fd_sc_hd__clkbuf_16)
                                                         clknet_0_clk (net)
                      0.101136    0.004014    0.261066 ^ clkbuf_3_2__f_clk/A (sky130_fd_sc_hd__clkbuf_16)
    10    0.035070    0.055414    0.158654    0.419720 ^ clkbuf_3_2__f_clk/X (sky130_fd_sc_hd__clkbuf_16)
                                                         clknet_3_2__leaf_clk (net)
                      0.055436    0.000651    0.420371 ^ _421_/CLK (sky130_fd_sc_hd__dfrtp_2)
     2    0.013448    0.082528    0.381681    0.802052 ^ _421_/Q (sky130_fd_sc_hd__dfrtp_2)
                                                         TOP.top_rng_inst.ecstate.rollover_flag (net)
                      0.082528    0.000254    0.802306 ^ fanout33/A (sky130_fd_sc_hd__clkdlybuf4s25_1)
    21    0.052970    0.528410    0.599328    1.401634 ^ fanout33/X (sky130_fd_sc_hd__clkdlybuf4s25_1)
                                                         net33 (net)
                      0.528410    0.000595    1.402229 ^ _379_/A_N (sky130_fd_sc_hd__and2b_2)
     2    0.011779    0.057406    0.309017    1.711246 v _379_/X (sky130_fd_sc_hd__and2b_2)
                                                         _173_ (net)
                      0.057406    0.000332    1.711578 v fanout21/A (sky130_fd_sc_hd__clkdlybuf4s25_1)
    21    0.059380    0.435402    0.548767    2.260345 v fanout21/X (sky130_fd_sc_hd__clkdlybuf4s25_1)
                                                         net21 (net)
                      0.435516    0.006658    2.267003 v _384_/B1 (sky130_fd_sc_hd__a221o_2)
     1    0.002361    0.050813    0.450866    2.717868 v _384_/X (sky130_fd_sc_hd__a221o_2)
                                                         _025_ (net)
                      0.050813    0.000067    2.717935 v _457_/D (sky130_fd_sc_hd__dfrtp_2)
                                              2.717935   data arrival time

                                 25.000000   25.000000   clock clk (rise edge)
                                  0.000000   25.000000   clock source latency
     2    0.019867    0.095149    0.065633   25.065632 ^ clk (in)
                                                         clk (net)
                      0.095166    0.000000   25.065632 ^ clkbuf_0_clk/A (sky130_fd_sc_hd__clkbuf_16)
     8    0.083891    0.100833    0.191418   25.257050 ^ clkbuf_0_clk/X (sky130_fd_sc_hd__clkbuf_16)
                                                         clknet_0_clk (net)
                      0.101003    0.002757   25.259808 ^ clkbuf_3_5__f_clk/A (sky130_fd_sc_hd__clkbuf_16)
    10    0.033671    0.054184    0.157490   25.417297 ^ clkbuf_3_5__f_clk/X (sky130_fd_sc_hd__clkbuf_16)
                                                         clknet_3_5__leaf_clk (net)
                      0.054209    0.001103   25.418400 ^ _457_/CLK (sky130_fd_sc_hd__dfrtp_2)
                                 -0.250000   25.168402   clock uncertainty
                                  0.000000   25.168402   clock reconvergence pessimism
                                 -0.115914   25.052486   library setup time
                                             25.052486   data required time
---------------------------------------------------------------------------------------------
                                             25.052486   data required time
                                             -2.717935   data arrival time
---------------------------------------------------------------------------------------------
                                             22.334553   slack (MET)


Startpoint: _421_ (rising edge-triggered flip-flop clocked by clk)
Endpoint: _464_ (rising edge-triggered flip-flop clocked by clk)
Path Group: clk
Path Type: max

Fanout         Cap        Slew       Delay        Time   Description
---------------------------------------------------------------------------------------------
                                  0.000000    0.000000   clock clk (rise edge)
                                  0.000000    0.000000   clock source latency
     2    0.019867    0.095149    0.065634    0.065634 ^ clk (in)
                                                         clk (net)
                      0.095166    0.000000    0.065634 ^ clkbuf_0_clk/A (sky130_fd_sc_hd__clkbuf_16)
     8    0.083891    0.100833    0.191418    0.257052 ^ clkbuf_0_clk/X (sky130_fd_sc_hd__clkbuf_16)
                                                         clknet_0_clk (net)
                      0.101136    0.004014    0.261066 ^ clkbuf_3_2__f_clk/A (sky130_fd_sc_hd__clkbuf_16)
    10    0.035070    0.055414    0.158654    0.419720 ^ clkbuf_3_2__f_clk/X (sky130_fd_sc_hd__clkbuf_16)
                                                         clknet_3_2__leaf_clk (net)
                      0.055436    0.000651    0.420371 ^ _421_/CLK (sky130_fd_sc_hd__dfrtp_2)
     2    0.013448    0.082528    0.381681    0.802052 ^ _421_/Q (sky130_fd_sc_hd__dfrtp_2)
                                                         TOP.top_rng_inst.ecstate.rollover_flag (net)
                      0.082528    0.000254    0.802306 ^ fanout33/A (sky130_fd_sc_hd__clkdlybuf4s25_1)
    21    0.052970    0.528410    0.599328    1.401634 ^ fanout33/X (sky130_fd_sc_hd__clkdlybuf4s25_1)
                                                         net33 (net)
                      0.528410    0.000595    1.402229 ^ _379_/A_N (sky130_fd_sc_hd__and2b_2)
     2    0.011779    0.057406    0.309017    1.711246 v _379_/X (sky130_fd_sc_hd__and2b_2)
                                                         _173_ (net)
                      0.057406    0.000332    1.711578 v fanout21/A (sky130_fd_sc_hd__clkdlybuf4s25_1)
    21    0.059380    0.435402    0.548767    2.260345 v fanout21/X (sky130_fd_sc_hd__clkdlybuf4s25_1)
                                                         net21 (net)
                      0.435402    0.001204    2.261549 v _398_/B1 (sky130_fd_sc_hd__a221o_2)
     1    0.002472    0.051173    0.451563    2.713113 v _398_/X (sky130_fd_sc_hd__a221o_2)
                                                         _032_ (net)
                      0.051173    0.000072    2.713184 v _464_/D (sky130_fd_sc_hd__dfrtp_2)
                                              2.713184   data arrival time

                                 25.000000   25.000000   clock clk (rise edge)
                                  0.000000   25.000000   clock source latency
     2    0.019867    0.095149    0.065633   25.065632 ^ clk (in)
                                                         clk (net)
                      0.095166    0.000000   25.065632 ^ clkbuf_0_clk/A (sky130_fd_sc_hd__clkbuf_16)
     8    0.083891    0.100833    0.191418   25.257050 ^ clkbuf_0_clk/X (sky130_fd_sc_hd__clkbuf_16)
                                                         clknet_0_clk (net)
                      0.101134    0.003997   25.261047 ^ clkbuf_3_3__f_clk/A (sky130_fd_sc_hd__clkbuf_16)
    10    0.029890    0.050956    0.154790   25.415836 ^ clkbuf_3_3__f_clk/X (sky130_fd_sc_hd__clkbuf_16)
                                                         clknet_3_3__leaf_clk (net)
                      0.050957    0.000492   25.416328 ^ _464_/CLK (sky130_fd_sc_hd__dfrtp_2)
                                 -0.250000   25.166330   clock uncertainty
                                  0.000000   25.166330   clock reconvergence pessimism
                                 -0.116824   25.049507   library setup time
                                             25.049507   data required time
---------------------------------------------------------------------------------------------
                                             25.049507   data required time
                                             -2.713184   data arrival time
---------------------------------------------------------------------------------------------
                                             22.336323   slack (MET)


Startpoint: _421_ (rising edge-triggered flip-flop clocked by clk)
Endpoint: _469_ (rising edge-triggered flip-flop clocked by clk)
Path Group: clk
Path Type: max

Fanout         Cap        Slew       Delay        Time   Description
---------------------------------------------------------------------------------------------
                                  0.000000    0.000000   clock clk (rise edge)
                                  0.000000    0.000000   clock source latency
     2    0.019867    0.095149    0.065634    0.065634 ^ clk (in)
                                                         clk (net)
                      0.095166    0.000000    0.065634 ^ clkbuf_0_clk/A (sky130_fd_sc_hd__clkbuf_16)
     8    0.083891    0.100833    0.191418    0.257052 ^ clkbuf_0_clk/X (sky130_fd_sc_hd__clkbuf_16)
                                                         clknet_0_clk (net)
                      0.101136    0.004014    0.261066 ^ clkbuf_3_2__f_clk/A (sky130_fd_sc_hd__clkbuf_16)
    10    0.035070    0.055414    0.158654    0.419720 ^ clkbuf_3_2__f_clk/X (sky130_fd_sc_hd__clkbuf_16)
                                                         clknet_3_2__leaf_clk (net)
                      0.055436    0.000651    0.420371 ^ _421_/CLK (sky130_fd_sc_hd__dfrtp_2)
     2    0.013448    0.082528    0.381681    0.802052 ^ _421_/Q (sky130_fd_sc_hd__dfrtp_2)
                                                         TOP.top_rng_inst.ecstate.rollover_flag (net)
                      0.082528    0.000254    0.802306 ^ fanout33/A (sky130_fd_sc_hd__clkdlybuf4s25_1)
    21    0.052970    0.528410    0.599328    1.401634 ^ fanout33/X (sky130_fd_sc_hd__clkdlybuf4s25_1)
                                                         net33 (net)
                      0.528410    0.000595    1.402229 ^ _379_/A_N (sky130_fd_sc_hd__and2b_2)
     2    0.011779    0.057406    0.309017    1.711246 v _379_/X (sky130_fd_sc_hd__and2b_2)
                                                         _173_ (net)
                      0.057410    0.000557    1.711803 v fanout22/A (sky130_fd_sc_hd__clkdlybuf4s25_1)
     6    0.027531    0.207626    0.383728    2.095531 v fanout22/X (sky130_fd_sc_hd__clkdlybuf4s25_1)
                                                         net22 (net)
                      0.207627    0.000766    2.096297 v _408_/B1 (sky130_fd_sc_hd__a221o_2)
     1    0.002504    0.050854    0.376522    2.472819 v _408_/X (sky130_fd_sc_hd__a221o_2)
                                                         _037_ (net)
                      0.050854    0.000073    2.472892 v _469_/D (sky130_fd_sc_hd__dfrtp_2)
                                              2.472892   data arrival time

                                 25.000000   25.000000   clock clk (rise edge)
                                  0.000000   25.000000   clock source latency
     2    0.019867    0.095149    0.065633   25.065632 ^ clk (in)
                                                         clk (net)
                      0.095166    0.000000   25.065632 ^ clkbuf_0_clk/A (sky130_fd_sc_hd__clkbuf_16)
     8    0.083891    0.100833    0.191418   25.257050 ^ clkbuf_0_clk/X (sky130_fd_sc_hd__clkbuf_16)
                                                         clknet_0_clk (net)
                      0.100929    0.001664   25.258715 ^ clkbuf_3_7__f_clk/A (sky130_fd_sc_hd__clkbuf_16)
     9    0.027056    0.048206    0.152609   25.411324 ^ clkbuf_3_7__f_clk/X (sky130_fd_sc_hd__clkbuf_16)
                                                         clknet_3_7__leaf_clk (net)
                      0.048208    0.000330   25.411654 ^ _469_/CLK (sky130_fd_sc_hd__dfrtp_2)
                                 -0.250000   25.161655   clock uncertainty
                                  0.000000   25.161655   clock reconvergence pessimism
                                 -0.117321   25.044334   library setup time
                                             25.044334   data required time
---------------------------------------------------------------------------------------------
                                             25.044334   data required time
                                             -2.472892   data arrival time
---------------------------------------------------------------------------------------------
                                             22.571442   slack (MET)


Startpoint: _421_ (rising edge-triggered flip-flop clocked by clk)
Endpoint: _470_ (rising edge-triggered flip-flop clocked by clk)
Path Group: clk
Path Type: max

Fanout         Cap        Slew       Delay        Time   Description
---------------------------------------------------------------------------------------------
                                  0.000000    0.000000   clock clk (rise edge)
                                  0.000000    0.000000   clock source latency
     2    0.019867    0.095149    0.065634    0.065634 ^ clk (in)
                                                         clk (net)
                      0.095166    0.000000    0.065634 ^ clkbuf_0_clk/A (sky130_fd_sc_hd__clkbuf_16)
     8    0.083891    0.100833    0.191418    0.257052 ^ clkbuf_0_clk/X (sky130_fd_sc_hd__clkbuf_16)
                                                         clknet_0_clk (net)
                      0.101136    0.004014    0.261066 ^ clkbuf_3_2__f_clk/A (sky130_fd_sc_hd__clkbuf_16)
    10    0.035070    0.055414    0.158654    0.419720 ^ clkbuf_3_2__f_clk/X (sky130_fd_sc_hd__clkbuf_16)
                                                         clknet_3_2__leaf_clk (net)
                      0.055436    0.000651    0.420371 ^ _421_/CLK (sky130_fd_sc_hd__dfrtp_2)
     2    0.013448    0.082528    0.381681    0.802052 ^ _421_/Q (sky130_fd_sc_hd__dfrtp_2)
                                                         TOP.top_rng_inst.ecstate.rollover_flag (net)
                      0.082528    0.000254    0.802306 ^ fanout33/A (sky130_fd_sc_hd__clkdlybuf4s25_1)
    21    0.052970    0.528410    0.599328    1.401634 ^ fanout33/X (sky130_fd_sc_hd__clkdlybuf4s25_1)
                                                         net33 (net)
                      0.528410    0.000595    1.402229 ^ _379_/A_N (sky130_fd_sc_hd__and2b_2)
     2    0.011779    0.057406    0.309017    1.711246 v _379_/X (sky130_fd_sc_hd__and2b_2)
                                                         _173_ (net)
                      0.057410    0.000557    1.711803 v fanout22/A (sky130_fd_sc_hd__clkdlybuf4s25_1)
     6    0.027531    0.207626    0.383728    2.095531 v fanout22/X (sky130_fd_sc_hd__clkdlybuf4s25_1)
                                                         net22 (net)
                      0.207631    0.001234    2.096765 v _410_/B1 (sky130_fd_sc_hd__a221o_2)
     1    0.002378    0.050421    0.375701    2.472466 v _410_/X (sky130_fd_sc_hd__a221o_2)
                                                         _038_ (net)
                      0.050421    0.000049    2.472514 v _470_/D (sky130_fd_sc_hd__dfrtp_2)
                                              2.472514   data arrival time

                                 25.000000   25.000000   clock clk (rise edge)
                                  0.000000   25.000000   clock source latency
     2    0.019867    0.095149    0.065633   25.065632 ^ clk (in)
                                                         clk (net)
                      0.095166    0.000000   25.065632 ^ clkbuf_0_clk/A (sky130_fd_sc_hd__clkbuf_16)
     8    0.083891    0.100833    0.191418   25.257050 ^ clkbuf_0_clk/X (sky130_fd_sc_hd__clkbuf_16)
                                                         clknet_0_clk (net)
                      0.100929    0.001664   25.258715 ^ clkbuf_3_7__f_clk/A (sky130_fd_sc_hd__clkbuf_16)
     9    0.027056    0.048206    0.152609   25.411324 ^ clkbuf_3_7__f_clk/X (sky130_fd_sc_hd__clkbuf_16)
                                                         clknet_3_7__leaf_clk (net)
                      0.048207    0.000233   25.411556 ^ _470_/CLK (sky130_fd_sc_hd__dfrtp_2)
                                 -0.250000   25.161556   clock uncertainty
                                  0.000000   25.161556   clock reconvergence pessimism
                                 -0.117131   25.044426   library setup time
                                             25.044426   data required time
---------------------------------------------------------------------------------------------
                                             25.044426   data required time
                                             -2.472514   data arrival time
---------------------------------------------------------------------------------------------
                                             22.571911   slack (MET)


Startpoint: _425_ (rising edge-triggered flip-flop clocked by clk)
Endpoint: _427_ (rising edge-triggered flip-flop clocked by clk)
Path Group: clk
Path Type: max

Fanout         Cap        Slew       Delay        Time   Description
---------------------------------------------------------------------------------------------
                                  0.000000    0.000000   clock clk (rise edge)
                                  0.000000    0.000000   clock source latency
     2    0.019867    0.095149    0.065634    0.065634 ^ clk (in)
                                                         clk (net)
                      0.095166    0.000000    0.065634 ^ clkbuf_0_clk/A (sky130_fd_sc_hd__clkbuf_16)
     8    0.083891    0.100833    0.191418    0.257052 ^ clkbuf_0_clk/X (sky130_fd_sc_hd__clkbuf_16)
                                                         clknet_0_clk (net)
                      0.101136    0.004014    0.261066 ^ clkbuf_3_2__f_clk/A (sky130_fd_sc_hd__clkbuf_16)
    10    0.035070    0.055414    0.158654    0.419720 ^ clkbuf_3_2__f_clk/X (sky130_fd_sc_hd__clkbuf_16)
                                                         clknet_3_2__leaf_clk (net)
                      0.055435    0.000638    0.420359 ^ _425_/CLK (sky130_fd_sc_hd__dfrtp_2)
     2    0.006640    0.054404    0.353192    0.773551 ^ _425_/Q (sky130_fd_sc_hd__dfrtp_2)
                                                         TOP.top_rng_inst.ecstate.count_out[3] (net)
                      0.054404    0.000135    0.773685 ^ hold144/A (sky130_fd_sc_hd__dlygate4sd3_1)
     1    0.004735    0.069830    0.553771    1.327456 ^ hold144/X (sky130_fd_sc_hd__dlygate4sd3_1)
                                                         net144 (net)
                      0.069830    0.000090    1.327547 ^ _192_/A (sky130_fd_sc_hd__inv_2)
     2    0.010808    0.033798    0.048907    1.376454 v _192_/Y (sky130_fd_sc_hd__inv_2)
                                                         _040_ (net)
                      0.033801    0.000304    1.376758 v _199_/A (sky130_fd_sc_hd__nor2_2)
     6    0.018643    0.218745    0.205735    1.582493 ^ _199_/Y (sky130_fd_sc_hd__nor2_2)
                                                         _047_ (net)
                      0.218746    0.000436    1.582929 ^ _200_/B (sky130_fd_sc_hd__and2_2)
     4    0.022671    0.127583    0.251770    1.834699 ^ _200_/X (sky130_fd_sc_hd__and2_2)
                                                         _048_ (net)
                      0.127583    0.000469    1.835169 ^ _210_/A2 (sky130_fd_sc_hd__o21ai_2)
     1    0.005637    0.053726    0.070192    1.905361 v _210_/Y (sky130_fd_sc_hd__o21ai_2)
                                                         _056_ (net)
                      0.053726    0.000145    1.905506 v _211_/B1 (sky130_fd_sc_hd__a21oi_2)
     1    0.001877    0.070808    0.087207    1.992713 ^ _211_/Y (sky130_fd_sc_hd__a21oi_2)
                                                         TOP.top_rng_inst.ecstate.next_count[5] (net)
                      0.070808    0.000036    1.992749 ^ hold115/A (sky130_fd_sc_hd__dlygate4sd3_1)
     1    0.002652    0.051657    0.541190    2.533939 ^ hold115/X (sky130_fd_sc_hd__dlygate4sd3_1)
                                                         net115 (net)
                      0.051657    0.000075    2.534014 ^ _427_/D (sky130_fd_sc_hd__dfrtp_2)
                                              2.534014   data arrival time

                                 25.000000   25.000000   clock clk (rise edge)
                                  0.000000   25.000000   clock source latency
     2    0.019867    0.095149    0.065633   25.065632 ^ clk (in)
                                                         clk (net)
                      0.095166    0.000000   25.065632 ^ clkbuf_0_clk/A (sky130_fd_sc_hd__clkbuf_16)
     8    0.083891    0.100833    0.191418   25.257050 ^ clkbuf_0_clk/X (sky130_fd_sc_hd__clkbuf_16)
                                                         clknet_0_clk (net)
                      0.101136    0.004015   25.261065 ^ clkbuf_3_2__f_clk/A (sky130_fd_sc_hd__clkbuf_16)
    10    0.035070    0.055414    0.158654   25.419718 ^ clkbuf_3_2__f_clk/X (sky130_fd_sc_hd__clkbuf_16)
                                                         clknet_3_2__leaf_clk (net)
                      0.055439    0.000716   25.420435 ^ _427_/CLK (sky130_fd_sc_hd__dfrtp_2)
                                 -0.250000   25.170435   clock uncertainty
                                  0.000000   25.170435   clock reconvergence pessimism
                                 -0.063456   25.106979   library setup time
                                             25.106979   data required time
---------------------------------------------------------------------------------------------
                                             25.106979   data required time
                                             -2.534014   data arrival time
---------------------------------------------------------------------------------------------
                                             22.572964   slack (MET)


Startpoint: _421_ (rising edge-triggered flip-flop clocked by clk)
Endpoint: _471_ (rising edge-triggered flip-flop clocked by clk)
Path Group: clk
Path Type: max

Fanout         Cap        Slew       Delay        Time   Description
---------------------------------------------------------------------------------------------
                                  0.000000    0.000000   clock clk (rise edge)
                                  0.000000    0.000000   clock source latency
     2    0.019867    0.095149    0.065634    0.065634 ^ clk (in)
                                                         clk (net)
                      0.095166    0.000000    0.065634 ^ clkbuf_0_clk/A (sky130_fd_sc_hd__clkbuf_16)
     8    0.083891    0.100833    0.191418    0.257052 ^ clkbuf_0_clk/X (sky130_fd_sc_hd__clkbuf_16)
                                                         clknet_0_clk (net)
                      0.101136    0.004014    0.261066 ^ clkbuf_3_2__f_clk/A (sky130_fd_sc_hd__clkbuf_16)
    10    0.035070    0.055414    0.158654    0.419720 ^ clkbuf_3_2__f_clk/X (sky130_fd_sc_hd__clkbuf_16)
                                                         clknet_3_2__leaf_clk (net)
                      0.055436    0.000651    0.420371 ^ _421_/CLK (sky130_fd_sc_hd__dfrtp_2)
     2    0.013448    0.082528    0.381681    0.802052 ^ _421_/Q (sky130_fd_sc_hd__dfrtp_2)
                                                         TOP.top_rng_inst.ecstate.rollover_flag (net)
                      0.082528    0.000254    0.802306 ^ fanout33/A (sky130_fd_sc_hd__clkdlybuf4s25_1)
    21    0.052970    0.528410    0.599328    1.401634 ^ fanout33/X (sky130_fd_sc_hd__clkdlybuf4s25_1)
                                                         net33 (net)
                      0.528410    0.000595    1.402229 ^ _379_/A_N (sky130_fd_sc_hd__and2b_2)
     2    0.011779    0.057406    0.309017    1.711246 v _379_/X (sky130_fd_sc_hd__and2b_2)
                                                         _173_ (net)
                      0.057410    0.000557    1.711803 v fanout22/A (sky130_fd_sc_hd__clkdlybuf4s25_1)
     6    0.027531    0.207626    0.383728    2.095531 v fanout22/X (sky130_fd_sc_hd__clkdlybuf4s25_1)
                                                         net22 (net)
                      0.207631    0.001199    2.096730 v _412_/B1 (sky130_fd_sc_hd__a221o_2)
     1    0.002173    0.049727    0.374363    2.471092 v _412_/X (sky130_fd_sc_hd__a221o_2)
                                                         _039_ (net)
                      0.049727    0.000061    2.471153 v _471_/D (sky130_fd_sc_hd__dfrtp_2)
                                              2.471153   data arrival time

                                 25.000000   25.000000   clock clk (rise edge)
                                  0.000000   25.000000   clock source latency
     2    0.019867    0.095149    0.065633   25.065632 ^ clk (in)
                                                         clk (net)
                      0.095166    0.000000   25.065632 ^ clkbuf_0_clk/A (sky130_fd_sc_hd__clkbuf_16)
     8    0.083891    0.100833    0.191418   25.257050 ^ clkbuf_0_clk/X (sky130_fd_sc_hd__clkbuf_16)
                                                         clknet_0_clk (net)
                      0.100929    0.001664   25.258715 ^ clkbuf_3_7__f_clk/A (sky130_fd_sc_hd__clkbuf_16)
     9    0.027056    0.048206    0.152609   25.411324 ^ clkbuf_3_7__f_clk/X (sky130_fd_sc_hd__clkbuf_16)
                                                         clknet_3_7__leaf_clk (net)
                      0.048207    0.000259   25.411583 ^ _471_/CLK (sky130_fd_sc_hd__dfrtp_2)
                                 -0.250000   25.161583   clock uncertainty
                                  0.000000   25.161583   clock reconvergence pessimism
                                 -0.116826   25.044758   library setup time
                                             25.044758   data required time
---------------------------------------------------------------------------------------------
                                             25.044758   data required time
                                             -2.471153   data arrival time
---------------------------------------------------------------------------------------------
                                             22.573605   slack (MET)


Startpoint: _421_ (rising edge-triggered flip-flop clocked by clk)
Endpoint: _462_ (rising edge-triggered flip-flop clocked by clk)
Path Group: clk
Path Type: max

Fanout         Cap        Slew       Delay        Time   Description
---------------------------------------------------------------------------------------------
                                  0.000000    0.000000   clock clk (rise edge)
                                  0.000000    0.000000   clock source latency
     2    0.019867    0.095149    0.065634    0.065634 ^ clk (in)
                                                         clk (net)
                      0.095166    0.000000    0.065634 ^ clkbuf_0_clk/A (sky130_fd_sc_hd__clkbuf_16)
     8    0.083891    0.100833    0.191418    0.257052 ^ clkbuf_0_clk/X (sky130_fd_sc_hd__clkbuf_16)
                                                         clknet_0_clk (net)
                      0.101136    0.004014    0.261066 ^ clkbuf_3_2__f_clk/A (sky130_fd_sc_hd__clkbuf_16)
    10    0.035070    0.055414    0.158654    0.419720 ^ clkbuf_3_2__f_clk/X (sky130_fd_sc_hd__clkbuf_16)
                                                         clknet_3_2__leaf_clk (net)
                      0.055436    0.000651    0.420371 ^ _421_/CLK (sky130_fd_sc_hd__dfrtp_2)
     2    0.013448    0.082528    0.381681    0.802052 ^ _421_/Q (sky130_fd_sc_hd__dfrtp_2)
                                                         TOP.top_rng_inst.ecstate.rollover_flag (net)
                      0.082528    0.000254    0.802306 ^ fanout33/A (sky130_fd_sc_hd__clkdlybuf4s25_1)
    21    0.052970    0.528410    0.599328    1.401634 ^ fanout33/X (sky130_fd_sc_hd__clkdlybuf4s25_1)
                                                         net33 (net)
                      0.528410    0.000595    1.402229 ^ _379_/A_N (sky130_fd_sc_hd__and2b_2)
     2    0.011779    0.057406    0.309017    1.711246 v _379_/X (sky130_fd_sc_hd__and2b_2)
                                                         _173_ (net)
                      0.057410    0.000557    1.711803 v fanout22/A (sky130_fd_sc_hd__clkdlybuf4s25_1)
     6    0.027531    0.207626    0.383728    2.095531 v fanout22/X (sky130_fd_sc_hd__clkdlybuf4s25_1)
                                                         net22 (net)
                      0.207634    0.001446    2.096977 v _394_/B1 (sky130_fd_sc_hd__a221o_2)
     1    0.002875    0.052105    0.378941    2.475918 v _394_/X (sky130_fd_sc_hd__a221o_2)
                                                         _030_ (net)
                      0.052105    0.000084    2.476002 v _462_/D (sky130_fd_sc_hd__dfrtp_2)
                                              2.476002   data arrival time

                                 25.000000   25.000000   clock clk (rise edge)
                                  0.000000   25.000000   clock source latency
     2    0.019867    0.095149    0.065633   25.065632 ^ clk (in)
                                                         clk (net)
                      0.095166    0.000000   25.065632 ^ clkbuf_0_clk/A (sky130_fd_sc_hd__clkbuf_16)
     8    0.083891    0.100833    0.191418   25.257050 ^ clkbuf_0_clk/X (sky130_fd_sc_hd__clkbuf_16)
                                                         clknet_0_clk (net)
                      0.101009    0.002826   25.259876 ^ clkbuf_3_4__f_clk/A (sky130_fd_sc_hd__clkbuf_16)
     9    0.031976    0.052761    0.156332   25.416208 ^ clkbuf_3_4__f_clk/X (sky130_fd_sc_hd__clkbuf_16)
                                                         clknet_3_4__leaf_clk (net)
                      0.052763    0.000604   25.416813 ^ _462_/CLK (sky130_fd_sc_hd__dfrtp_2)
                                 -0.250000   25.166813   clock uncertainty
                                  0.000000   25.166813   clock reconvergence pessimism
                                 -0.116815   25.049999   library setup time
                                             25.049999   data required time
---------------------------------------------------------------------------------------------
                                             25.049999   data required time
                                             -2.476002   data arrival time
---------------------------------------------------------------------------------------------
                                             22.573997   slack (MET)


Startpoint: _421_ (rising edge-triggered flip-flop clocked by clk)
Endpoint: _461_ (rising edge-triggered flip-flop clocked by clk)
Path Group: clk
Path Type: max

Fanout         Cap        Slew       Delay        Time   Description
---------------------------------------------------------------------------------------------
                                  0.000000    0.000000   clock clk (rise edge)
                                  0.000000    0.000000   clock source latency
     2    0.019867    0.095149    0.065634    0.065634 ^ clk (in)
                                                         clk (net)
                      0.095166    0.000000    0.065634 ^ clkbuf_0_clk/A (sky130_fd_sc_hd__clkbuf_16)
     8    0.083891    0.100833    0.191418    0.257052 ^ clkbuf_0_clk/X (sky130_fd_sc_hd__clkbuf_16)
                                                         clknet_0_clk (net)
                      0.101136    0.004014    0.261066 ^ clkbuf_3_2__f_clk/A (sky130_fd_sc_hd__clkbuf_16)
    10    0.035070    0.055414    0.158654    0.419720 ^ clkbuf_3_2__f_clk/X (sky130_fd_sc_hd__clkbuf_16)
                                                         clknet_3_2__leaf_clk (net)
                      0.055436    0.000651    0.420371 ^ _421_/CLK (sky130_fd_sc_hd__dfrtp_2)
     2    0.013448    0.082528    0.381681    0.802052 ^ _421_/Q (sky130_fd_sc_hd__dfrtp_2)
                                                         TOP.top_rng_inst.ecstate.rollover_flag (net)
                      0.082528    0.000254    0.802306 ^ fanout33/A (sky130_fd_sc_hd__clkdlybuf4s25_1)
    21    0.052970    0.528410    0.599328    1.401634 ^ fanout33/X (sky130_fd_sc_hd__clkdlybuf4s25_1)
                                                         net33 (net)
                      0.528410    0.000595    1.402229 ^ _379_/A_N (sky130_fd_sc_hd__and2b_2)
     2    0.011779    0.057406    0.309017    1.711246 v _379_/X (sky130_fd_sc_hd__and2b_2)
                                                         _173_ (net)
                      0.057410    0.000557    1.711803 v fanout22/A (sky130_fd_sc_hd__clkdlybuf4s25_1)
     6    0.027531    0.207626    0.383728    2.095531 v fanout22/X (sky130_fd_sc_hd__clkdlybuf4s25_1)
                                                         net22 (net)
                      0.207635    0.001529    2.097059 v _392_/B1 (sky130_fd_sc_hd__a221o_2)
     1    0.002555    0.051026    0.376859    2.473918 v _392_/X (sky130_fd_sc_hd__a221o_2)
                                                         _029_ (net)
                      0.051026    0.000072    2.473990 v _461_/D (sky130_fd_sc_hd__dfrtp_2)
                                              2.473990   data arrival time

                                 25.000000   25.000000   clock clk (rise edge)
                                  0.000000   25.000000   clock source latency
     2    0.019867    0.095149    0.065633   25.065632 ^ clk (in)
                                                         clk (net)
                      0.095166    0.000000   25.065632 ^ clkbuf_0_clk/A (sky130_fd_sc_hd__clkbuf_16)
     8    0.083891    0.100833    0.191418   25.257050 ^ clkbuf_0_clk/X (sky130_fd_sc_hd__clkbuf_16)
                                                         clknet_0_clk (net)
                      0.101003    0.002757   25.259808 ^ clkbuf_3_5__f_clk/A (sky130_fd_sc_hd__clkbuf_16)
    10    0.033671    0.054184    0.157490   25.417297 ^ clkbuf_3_5__f_clk/X (sky130_fd_sc_hd__clkbuf_16)
                                                         clknet_3_5__leaf_clk (net)
                      0.054188    0.000721   25.418018 ^ _461_/CLK (sky130_fd_sc_hd__dfrtp_2)
                                 -0.250000   25.168020   clock uncertainty
                                  0.000000   25.168020   clock reconvergence pessimism
                                 -0.116012   25.052008   library setup time
                                             25.052008   data required time
---------------------------------------------------------------------------------------------
                                             25.052008   data required time
                                             -2.473990   data arrival time
---------------------------------------------------------------------------------------------
                                             22.578018   slack (MET)


Startpoint: _421_ (rising edge-triggered flip-flop clocked by clk)
Endpoint: _460_ (rising edge-triggered flip-flop clocked by clk)
Path Group: clk
Path Type: max

Fanout         Cap        Slew       Delay        Time   Description
---------------------------------------------------------------------------------------------
                                  0.000000    0.000000   clock clk (rise edge)
                                  0.000000    0.000000   clock source latency
     2    0.019867    0.095149    0.065634    0.065634 ^ clk (in)
                                                         clk (net)
                      0.095166    0.000000    0.065634 ^ clkbuf_0_clk/A (sky130_fd_sc_hd__clkbuf_16)
     8    0.083891    0.100833    0.191418    0.257052 ^ clkbuf_0_clk/X (sky130_fd_sc_hd__clkbuf_16)
                                                         clknet_0_clk (net)
                      0.101136    0.004014    0.261066 ^ clkbuf_3_2__f_clk/A (sky130_fd_sc_hd__clkbuf_16)
    10    0.035070    0.055414    0.158654    0.419720 ^ clkbuf_3_2__f_clk/X (sky130_fd_sc_hd__clkbuf_16)
                                                         clknet_3_2__leaf_clk (net)
                      0.055436    0.000651    0.420371 ^ _421_/CLK (sky130_fd_sc_hd__dfrtp_2)
     2    0.013448    0.082528    0.381681    0.802052 ^ _421_/Q (sky130_fd_sc_hd__dfrtp_2)
                                                         TOP.top_rng_inst.ecstate.rollover_flag (net)
                      0.082528    0.000254    0.802306 ^ fanout33/A (sky130_fd_sc_hd__clkdlybuf4s25_1)
    21    0.052970    0.528410    0.599328    1.401634 ^ fanout33/X (sky130_fd_sc_hd__clkdlybuf4s25_1)
                                                         net33 (net)
                      0.528410    0.000595    1.402229 ^ _379_/A_N (sky130_fd_sc_hd__and2b_2)
     2    0.011779    0.057406    0.309017    1.711246 v _379_/X (sky130_fd_sc_hd__and2b_2)
                                                         _173_ (net)
                      0.057410    0.000557    1.711803 v fanout22/A (sky130_fd_sc_hd__clkdlybuf4s25_1)
     6    0.027531    0.207626    0.383728    2.095531 v fanout22/X (sky130_fd_sc_hd__clkdlybuf4s25_1)
                                                         net22 (net)
                      0.207636    0.001557    2.097088 v _390_/B1 (sky130_fd_sc_hd__a221o_2)
     1    0.002476    0.050758    0.376341    2.473429 v _390_/X (sky130_fd_sc_hd__a221o_2)
                                                         _028_ (net)
                      0.050758    0.000070    2.473499 v _460_/D (sky130_fd_sc_hd__dfrtp_2)
                                              2.473499   data arrival time

                                 25.000000   25.000000   clock clk (rise edge)
                                  0.000000   25.000000   clock source latency
     2    0.019867    0.095149    0.065633   25.065632 ^ clk (in)
                                                         clk (net)
                      0.095166    0.000000   25.065632 ^ clkbuf_0_clk/A (sky130_fd_sc_hd__clkbuf_16)
     8    0.083891    0.100833    0.191418   25.257050 ^ clkbuf_0_clk/X (sky130_fd_sc_hd__clkbuf_16)
                                                         clknet_0_clk (net)
                      0.101003    0.002757   25.259808 ^ clkbuf_3_5__f_clk/A (sky130_fd_sc_hd__clkbuf_16)
    10    0.033671    0.054184    0.157490   25.417297 ^ clkbuf_3_5__f_clk/X (sky130_fd_sc_hd__clkbuf_16)
                                                         clknet_3_5__leaf_clk (net)
                      0.054194    0.000851   25.418148 ^ _460_/CLK (sky130_fd_sc_hd__dfrtp_2)
                                 -0.250000   25.168150   clock uncertainty
                                  0.000000   25.168150   clock reconvergence pessimism
                                 -0.115893   25.052256   library setup time
                                             25.052256   data required time
---------------------------------------------------------------------------------------------
                                             25.052256   data required time
                                             -2.473499   data arrival time
---------------------------------------------------------------------------------------------
                                             22.578756   slack (MET)


Startpoint: _421_ (rising edge-triggered flip-flop clocked by clk)
Endpoint: _455_ (rising edge-triggered flip-flop clocked by clk)
Path Group: clk
Path Type: max

Fanout         Cap        Slew       Delay        Time   Description
---------------------------------------------------------------------------------------------
                                  0.000000    0.000000   clock clk (rise edge)
                                  0.000000    0.000000   clock source latency
     2    0.019867    0.095149    0.065634    0.065634 ^ clk (in)
                                                         clk (net)
                      0.095166    0.000000    0.065634 ^ clkbuf_0_clk/A (sky130_fd_sc_hd__clkbuf_16)
     8    0.083891    0.100833    0.191418    0.257052 ^ clkbuf_0_clk/X (sky130_fd_sc_hd__clkbuf_16)
                                                         clknet_0_clk (net)
                      0.101136    0.004014    0.261066 ^ clkbuf_3_2__f_clk/A (sky130_fd_sc_hd__clkbuf_16)
    10    0.035070    0.055414    0.158654    0.419720 ^ clkbuf_3_2__f_clk/X (sky130_fd_sc_hd__clkbuf_16)
                                                         clknet_3_2__leaf_clk (net)
                      0.055436    0.000651    0.420371 ^ _421_/CLK (sky130_fd_sc_hd__dfrtp_2)
     2    0.012998    0.064030    0.421843    0.842213 v _421_/Q (sky130_fd_sc_hd__dfrtp_2)
                                                         TOP.top_rng_inst.ecstate.rollover_flag (net)
                      0.064030    0.000242    0.842456 v fanout33/A (sky130_fd_sc_hd__clkdlybuf4s25_1)
    21    0.050956    0.374382    0.509677    1.352133 v fanout33/X (sky130_fd_sc_hd__clkdlybuf4s25_1)
                                                         net33 (net)
                      0.374382    0.000983    1.353115 v _374_/B (sky130_fd_sc_hd__nor2_2)
     2    0.013611    0.198880    0.277065    1.630181 ^ _374_/Y (sky130_fd_sc_hd__nor2_2)
                                                         _169_ (net)
                      0.198880    0.000320    1.630501 ^ fanout23/A (sky130_fd_sc_hd__clkdlybuf4s25_1)
    21    0.065170    0.649147    0.713954    2.344455 ^ fanout23/X (sky130_fd_sc_hd__clkdlybuf4s25_1)
                                                         net23 (net)
                      0.649147    0.000117    2.344572 ^ _375_/B1 (sky130_fd_sc_hd__a21oi_2)
     1    0.002351    0.109706    0.037720    2.382291 v _375_/Y (sky130_fd_sc_hd__a21oi_2)
                                                         _023_ (net)
                      0.109706    0.000066    2.382358 v _455_/D (sky130_fd_sc_hd__dfrtp_2)
                                              2.382358   data arrival time

                                 25.000000   25.000000   clock clk (rise edge)
                                  0.000000   25.000000   clock source latency
     2    0.019867    0.095149    0.065633   25.065632 ^ clk (in)
                                                         clk (net)
                      0.095166    0.000000   25.065632 ^ clkbuf_0_clk/A (sky130_fd_sc_hd__clkbuf_16)
     8    0.083891    0.100833    0.191418   25.257050 ^ clkbuf_0_clk/X (sky130_fd_sc_hd__clkbuf_16)
                                                         clknet_0_clk (net)
                      0.101134    0.003997   25.261047 ^ clkbuf_3_3__f_clk/A (sky130_fd_sc_hd__clkbuf_16)
    10    0.029890    0.050956    0.154790   25.415836 ^ clkbuf_3_3__f_clk/X (sky130_fd_sc_hd__clkbuf_16)
                                                         clknet_3_3__leaf_clk (net)
                      0.050960    0.000858   25.416695 ^ _455_/CLK (sky130_fd_sc_hd__dfrtp_2)
                                 -0.250000   25.166697   clock uncertainty
                                  0.000000   25.166697   clock reconvergence pessimism
                                 -0.142499   25.024197   library setup time
                                             25.024197   data required time
---------------------------------------------------------------------------------------------
                                             25.024197   data required time
                                             -2.382358   data arrival time
---------------------------------------------------------------------------------------------
                                             22.641840   slack (MET)


Startpoint: _427_ (rising edge-triggered flip-flop clocked by clk)
Endpoint: _423_ (rising edge-triggered flip-flop clocked by clk)
Path Group: clk
Path Type: max

Fanout         Cap        Slew       Delay        Time   Description
---------------------------------------------------------------------------------------------
                                  0.000000    0.000000   clock clk (rise edge)
                                  0.000000    0.000000   clock source latency
     2    0.019867    0.095149    0.065634    0.065634 ^ clk (in)
                                                         clk (net)
                      0.095166    0.000000    0.065634 ^ clkbuf_0_clk/A (sky130_fd_sc_hd__clkbuf_16)
     8    0.083891    0.100833    0.191418    0.257052 ^ clkbuf_0_clk/X (sky130_fd_sc_hd__clkbuf_16)
                                                         clknet_0_clk (net)
                      0.101136    0.004014    0.261066 ^ clkbuf_3_2__f_clk/A (sky130_fd_sc_hd__clkbuf_16)
    10    0.035070    0.055414    0.158654    0.419720 ^ clkbuf_3_2__f_clk/X (sky130_fd_sc_hd__clkbuf_16)
                                                         clknet_3_2__leaf_clk (net)
                      0.055439    0.000716    0.420436 ^ _427_/CLK (sky130_fd_sc_hd__dfrtp_2)
     5    0.019474    0.078023    0.437450    0.857885 v _427_/Q (sky130_fd_sc_hd__dfrtp_2)
                                                         TOP.top_rng_inst.ecstate.count_out[5] (net)
                      0.078026    0.000573    0.858458 v _202_/B (sky130_fd_sc_hd__and4_2)
     3    0.006664    0.049192    0.228631    1.087089 v _202_/X (sky130_fd_sc_hd__and4_2)
                                                         _050_ (net)
                      0.049192    0.000157    1.087246 v _203_/B (sky130_fd_sc_hd__and2_2)
     3    0.008167    0.048655    0.202967    1.290213 v _203_/X (sky130_fd_sc_hd__and2_2)
                                                         _051_ (net)
                      0.048656    0.000284    1.290497 v _204_/B1 (sky130_fd_sc_hd__o21ai_1)
     4    0.014852    0.305799    0.179534    1.470031 ^ _204_/Y (sky130_fd_sc_hd__o21ai_1)
                                                         _052_ (net)
                      0.305800    0.000377    1.470408 ^ max_cap20/A (sky130_fd_sc_hd__buf_1)
     3    0.016211    0.195513    0.232848    1.703256 ^ max_cap20/X (sky130_fd_sc_hd__buf_1)
                                                         net20 (net)
                      0.195514    0.000742    1.703998 ^ _237_/B1 (sky130_fd_sc_hd__o21ai_2)
     1    0.006003    0.062156    0.088612    1.792611 v _237_/Y (sky130_fd_sc_hd__o21ai_2)
                                                         _069_ (net)
                      0.062156    0.000209    1.792819 v _238_/B1 (sky130_fd_sc_hd__a21oi_2)
     1    0.002122    0.073332    0.092654    1.885474 ^ _238_/Y (sky130_fd_sc_hd__a21oi_2)
                                                         TOP.top_rng_inst.ecstate.next_count[1] (net)
                      0.073332    0.000060    1.885533 ^ hold119/A (sky130_fd_sc_hd__dlygate4sd3_1)
     1    0.003024    0.054863    0.545416    2.430949 ^ hold119/X (sky130_fd_sc_hd__dlygate4sd3_1)
                                                         net119 (net)
                      0.054863    0.000091    2.431039 ^ _423_/D (sky130_fd_sc_hd__dfrtp_2)
                                              2.431039   data arrival time

                                 25.000000   25.000000   clock clk (rise edge)
                                  0.000000   25.000000   clock source latency
     2    0.019867    0.095149    0.065633   25.065632 ^ clk (in)
                                                         clk (net)
                      0.095166    0.000000   25.065632 ^ clkbuf_0_clk/A (sky130_fd_sc_hd__clkbuf_16)
     8    0.083891    0.100833    0.191418   25.257050 ^ clkbuf_0_clk/X (sky130_fd_sc_hd__clkbuf_16)
                                                         clknet_0_clk (net)
                      0.101100    0.003725   25.260775 ^ clkbuf_3_0__f_clk/A (sky130_fd_sc_hd__clkbuf_16)
    10    0.031133    0.052041    0.155755   25.416531 ^ clkbuf_3_0__f_clk/X (sky130_fd_sc_hd__clkbuf_16)
                                                         clknet_3_0__leaf_clk (net)
                      0.052043    0.000595   25.417126 ^ _423_/CLK (sky130_fd_sc_hd__dfrtp_2)
                                 -0.250000   25.167126   clock uncertainty
                                  0.000000   25.167126   clock reconvergence pessimism
                                 -0.064723   25.102402   library setup time
                                             25.102402   data required time
---------------------------------------------------------------------------------------------
                                             25.102402   data required time
                                             -2.431039   data arrival time
---------------------------------------------------------------------------------------------
                                             22.671362   slack (MET)


Startpoint: _414_ (rising edge-triggered flip-flop clocked by clk)
Endpoint: _415_ (rising edge-triggered flip-flop clocked by clk)
Path Group: clk
Path Type: max

Fanout         Cap        Slew       Delay        Time   Description
---------------------------------------------------------------------------------------------
                                  0.000000    0.000000   clock clk (rise edge)
                                  0.000000    0.000000   clock source latency
     2    0.019867    0.095149    0.065634    0.065634 ^ clk (in)
                                                         clk (net)
                      0.095166    0.000000    0.065634 ^ clkbuf_0_clk/A (sky130_fd_sc_hd__clkbuf_16)
     8    0.083891    0.100833    0.191418    0.257052 ^ clkbuf_0_clk/X (sky130_fd_sc_hd__clkbuf_16)
                                                         clknet_0_clk (net)
                      0.101134    0.003997    0.261049 ^ clkbuf_3_3__f_clk/A (sky130_fd_sc_hd__clkbuf_16)
    10    0.029890    0.050956    0.154789    0.415837 ^ clkbuf_3_3__f_clk/X (sky130_fd_sc_hd__clkbuf_16)
                                                         clknet_3_3__leaf_clk (net)
                      0.050958    0.000612    0.416450 ^ _414_/CLK (sky130_fd_sc_hd__dfrtp_2)
     6    0.019486    0.078078    0.435763    0.852213 v _414_/Q (sky130_fd_sc_hd__dfrtp_2)
                                                         TOP.top_rng_inst.lut1.ecstate.count_out[0] (net)
                      0.078080    0.000526    0.852738 v _217_/A1 (sky130_fd_sc_hd__o21a_2)
     1    0.006399    0.042255    0.228206    1.080945 v _217_/X (sky130_fd_sc_hd__o21a_2)
                                                         _059_ (net)
                      0.042255    0.000227    1.081172 v _218_/A3 (sky130_fd_sc_hd__o31ai_2)
     2    0.008192    0.250275    0.232731    1.313904 ^ _218_/Y (sky130_fd_sc_hd__o31ai_2)
                                                         _060_ (net)
                      0.250275    0.000104    1.314008 ^ _219_/B (sky130_fd_sc_hd__and2_2)
     5    0.017562    0.104081    0.241868    1.555876 ^ _219_/X (sky130_fd_sc_hd__and2_2)
                                                         _061_ (net)
                      0.104082    0.000624    1.556500 ^ _230_/B1 (sky130_fd_sc_hd__o21ai_2)
     1    0.004635    0.043673    0.066110    1.622610 v _230_/Y (sky130_fd_sc_hd__o21ai_2)
                                                         _066_ (net)
                      0.043673    0.000138    1.622748 v _231_/B1 (sky130_fd_sc_hd__a21oi_2)
     1    0.003357    0.085519    0.095706    1.718454 ^ _231_/Y (sky130_fd_sc_hd__a21oi_2)
                                                         TOP.top_rng_inst.lut1.ecstate.next_count[1] (net)
                      0.085519    0.000108    1.718562 ^ hold117/A (sky130_fd_sc_hd__dlygate4sd3_1)
     1    0.002356    0.049199    0.542647    2.261209 ^ hold117/X (sky130_fd_sc_hd__dlygate4sd3_1)
                                                         net117 (net)
                      0.049199    0.000066    2.261276 ^ _415_/D (sky130_fd_sc_hd__dfrtp_2)
                                              2.261276   data arrival time

                                 25.000000   25.000000   clock clk (rise edge)
                                  0.000000   25.000000   clock source latency
     2    0.019867    0.095149    0.065633   25.065632 ^ clk (in)
                                                         clk (net)
                      0.095166    0.000000   25.065632 ^ clkbuf_0_clk/A (sky130_fd_sc_hd__clkbuf_16)
     8    0.083891    0.100833    0.191418   25.257050 ^ clkbuf_0_clk/X (sky130_fd_sc_hd__clkbuf_16)
                                                         clknet_0_clk (net)
                      0.100933    0.001741   25.258791 ^ clkbuf_3_6__f_clk/A (sky130_fd_sc_hd__clkbuf_16)
    10    0.030024    0.051105    0.154925   25.413715 ^ clkbuf_3_6__f_clk/X (sky130_fd_sc_hd__clkbuf_16)
                                                         clknet_3_6__leaf_clk (net)
                      0.051108    0.000773   25.414490 ^ _415_/CLK (sky130_fd_sc_hd__dfrtp_2)
                                 -0.250000   25.164490   clock uncertainty
                                  0.000000   25.164490   clock reconvergence pessimism
                                 -0.063544   25.100946   library setup time
                                             25.100946   data required time
---------------------------------------------------------------------------------------------
                                             25.100946   data required time
                                             -2.261276   data arrival time
---------------------------------------------------------------------------------------------
                                             22.839670   slack (MET)


Startpoint: _455_ (rising edge-triggered flip-flop clocked by clk)
Endpoint: _414_ (rising edge-triggered flip-flop clocked by clk)
Path Group: clk
Path Type: max

Fanout         Cap        Slew       Delay        Time   Description
---------------------------------------------------------------------------------------------
                                  0.000000    0.000000   clock clk (rise edge)
                                  0.000000    0.000000   clock source latency
     2    0.019867    0.095149    0.065634    0.065634 ^ clk (in)
                                                         clk (net)
                      0.095166    0.000000    0.065634 ^ clkbuf_0_clk/A (sky130_fd_sc_hd__clkbuf_16)
     8    0.083891    0.100833    0.191418    0.257052 ^ clkbuf_0_clk/X (sky130_fd_sc_hd__clkbuf_16)
                                                         clknet_0_clk (net)
                      0.101134    0.003997    0.261049 ^ clkbuf_3_3__f_clk/A (sky130_fd_sc_hd__clkbuf_16)
    10    0.029890    0.050956    0.154789    0.415837 ^ clkbuf_3_3__f_clk/X (sky130_fd_sc_hd__clkbuf_16)
                                                         clknet_3_3__leaf_clk (net)
                      0.050960    0.000859    0.416697 ^ _455_/CLK (sky130_fd_sc_hd__dfrtp_2)
     4    0.012788    0.063605    0.419729    0.836425 v _455_/Q (sky130_fd_sc_hd__dfrtp_2)
                                                         TOP.top_rng_inst.lut1.started (net)
                      0.063605    0.000225    0.836650 v hold112/A (sky130_fd_sc_hd__dlygate4sd3_1)
     2    0.007597    0.077050    0.588825    1.425475 v hold112/X (sky130_fd_sc_hd__dlygate4sd3_1)
                                                         net112 (net)
                      0.077050    0.000089    1.425563 v _223_/B1_N (sky130_fd_sc_hd__a21boi_2)
     1    0.002817    0.053757    0.159767    1.585330 v _223_/Y (sky130_fd_sc_hd__a21boi_2)
                                                         TOP.top_rng_inst.lut1.ecstate.next_count[0] (net)
                      0.053757    0.000090    1.585420 v hold132/A (sky130_fd_sc_hd__dlygate4sd3_1)
     1    0.002189    0.049774    0.546067    2.131487 v hold132/X (sky130_fd_sc_hd__dlygate4sd3_1)
                                                         net132 (net)
                      0.049774    0.000061    2.131548 v _414_/D (sky130_fd_sc_hd__dfrtp_2)
                                              2.131548   data arrival time

                                 25.000000   25.000000   clock clk (rise edge)
                                  0.000000   25.000000   clock source latency
     2    0.019867    0.095149    0.065633   25.065632 ^ clk (in)
                                                         clk (net)
                      0.095166    0.000000   25.065632 ^ clkbuf_0_clk/A (sky130_fd_sc_hd__clkbuf_16)
     8    0.083891    0.100833    0.191418   25.257050 ^ clkbuf_0_clk/X (sky130_fd_sc_hd__clkbuf_16)
                                                         clknet_0_clk (net)
                      0.101134    0.003997   25.261047 ^ clkbuf_3_3__f_clk/A (sky130_fd_sc_hd__clkbuf_16)
    10    0.029890    0.050956    0.154790   25.415836 ^ clkbuf_3_3__f_clk/X (sky130_fd_sc_hd__clkbuf_16)
                                                         clknet_3_3__leaf_clk (net)
                      0.050958    0.000611   25.416449 ^ _414_/CLK (sky130_fd_sc_hd__dfrtp_2)
                                 -0.250000   25.166449   clock uncertainty
                                  0.000000   25.166449   clock reconvergence pessimism
                                 -0.116210   25.050240   library setup time
                                             25.050240   data required time
---------------------------------------------------------------------------------------------
                                             25.050240   data required time
                                             -2.131548   data arrival time
---------------------------------------------------------------------------------------------
                                             22.918692   slack (MET)


Startpoint: _474_ (rising edge-triggered flip-flop clocked by clk)
Endpoint: _474_ (rising edge-triggered flip-flop clocked by clk)
Path Group: clk
Path Type: max

Fanout         Cap        Slew       Delay        Time   Description
---------------------------------------------------------------------------------------------
                                  0.000000    0.000000   clock clk (rise edge)
                                  0.000000    0.000000   clock source latency
     2    0.019867    0.095149    0.065634    0.065634 ^ clk (in)
                                                         clk (net)
                      0.095166    0.000000    0.065634 ^ clkbuf_0_clk/A (sky130_fd_sc_hd__clkbuf_16)
     8    0.083891    0.100833    0.191418    0.257052 ^ clkbuf_0_clk/X (sky130_fd_sc_hd__clkbuf_16)
                                                         clknet_0_clk (net)
                      0.101087    0.003604    0.260656 ^ clkbuf_3_1__f_clk/A (sky130_fd_sc_hd__clkbuf_16)
    10    0.036358    0.056462    0.159432    0.420088 ^ clkbuf_3_1__f_clk/X (sky130_fd_sc_hd__clkbuf_16)
                                                         clknet_3_1__leaf_clk (net)
                      0.056534    0.001026    0.421114 ^ _474_/CLK (sky130_fd_sc_hd__dfrtp_2)
     4    0.009912    0.057393    0.411215    0.832329 v _474_/Q (sky130_fd_sc_hd__dfrtp_2)
                                                         TOP.top_rng_inst.k1.psc.count_out[2] (net)
                      0.057393    0.000222    0.832551 v hold142/A (sky130_fd_sc_hd__dlygate4sd3_1)
     1    0.004933    0.063445    0.568662    1.401213 v hold142/X (sky130_fd_sc_hd__dlygate4sd3_1)
                                                         net142 (net)
                      0.063445    0.000158    1.401371 v _244_/B1 (sky130_fd_sc_hd__a21oi_2)
     1    0.004920    0.100937    0.115417    1.516787 ^ _244_/Y (sky130_fd_sc_hd__a21oi_2)
                                                         _072_ (net)
                      0.100937    0.000100    1.516887 ^ _246_/A (sky130_fd_sc_hd__nor2_2)
     1    0.003301    0.030900    0.048926    1.565813 v _246_/Y (sky130_fd_sc_hd__nor2_2)
                                                         TOP.top_rng_inst.k1.psc.next_count[2] (net)
                      0.030900    0.000115    1.565928 v hold143/A (sky130_fd_sc_hd__dlygate4sd3_1)
     1    0.002820    0.053252    0.542852    2.108780 v hold143/X (sky130_fd_sc_hd__dlygate4sd3_1)
                                                         net143 (net)
                      0.053252    0.000086    2.108866 v _474_/D (sky130_fd_sc_hd__dfrtp_2)
                                              2.108866   data arrival time

                                 25.000000   25.000000   clock clk (rise edge)
                                  0.000000   25.000000   clock source latency
     2    0.019867    0.095149    0.065633   25.065632 ^ clk (in)
                                                         clk (net)
                      0.095166    0.000000   25.065632 ^ clkbuf_0_clk/A (sky130_fd_sc_hd__clkbuf_16)
     8    0.083891    0.100833    0.191418   25.257050 ^ clkbuf_0_clk/X (sky130_fd_sc_hd__clkbuf_16)
                                                         clknet_0_clk (net)
                      0.101087    0.003604   25.260654 ^ clkbuf_3_1__f_clk/A (sky130_fd_sc_hd__clkbuf_16)
    10    0.036358    0.056462    0.159432   25.420086 ^ clkbuf_3_1__f_clk/X (sky130_fd_sc_hd__clkbuf_16)
                                                         clknet_3_1__leaf_clk (net)
                      0.056534    0.001027   25.421114 ^ _474_/CLK (sky130_fd_sc_hd__dfrtp_2)
                                 -0.250000   25.171114   clock uncertainty
                                  0.000000   25.171114   clock reconvergence pessimism
                                 -0.116445   25.054668   library setup time
                                             25.054668   data required time
---------------------------------------------------------------------------------------------
                                             25.054668   data required time
                                             -2.108866   data arrival time
---------------------------------------------------------------------------------------------
                                             22.945803   slack (MET)


Startpoint: _425_ (rising edge-triggered flip-flop clocked by clk)
Endpoint: _428_ (rising edge-triggered flip-flop clocked by clk)
Path Group: clk
Path Type: max

Fanout         Cap        Slew       Delay        Time   Description
---------------------------------------------------------------------------------------------
                                  0.000000    0.000000   clock clk (rise edge)
                                  0.000000    0.000000   clock source latency
     2    0.019867    0.095149    0.065634    0.065634 ^ clk (in)
                                                         clk (net)
                      0.095166    0.000000    0.065634 ^ clkbuf_0_clk/A (sky130_fd_sc_hd__clkbuf_16)
     8    0.083891    0.100833    0.191418    0.257052 ^ clkbuf_0_clk/X (sky130_fd_sc_hd__clkbuf_16)
                                                         clknet_0_clk (net)
                      0.101136    0.004014    0.261066 ^ clkbuf_3_2__f_clk/A (sky130_fd_sc_hd__clkbuf_16)
    10    0.035070    0.055414    0.158654    0.419720 ^ clkbuf_3_2__f_clk/X (sky130_fd_sc_hd__clkbuf_16)
                                                         clknet_3_2__leaf_clk (net)
                      0.055435    0.000638    0.420359 ^ _425_/CLK (sky130_fd_sc_hd__dfrtp_2)
     2    0.006640    0.054404    0.353192    0.773551 ^ _425_/Q (sky130_fd_sc_hd__dfrtp_2)
                                                         TOP.top_rng_inst.ecstate.count_out[3] (net)
                      0.054404    0.000135    0.773685 ^ hold144/A (sky130_fd_sc_hd__dlygate4sd3_1)
     1    0.004735    0.069830    0.553771    1.327456 ^ hold144/X (sky130_fd_sc_hd__dlygate4sd3_1)
                                                         net144 (net)
                      0.069830    0.000090    1.327547 ^ _192_/A (sky130_fd_sc_hd__inv_2)
     2    0.010808    0.033798    0.048907    1.376454 v _192_/Y (sky130_fd_sc_hd__inv_2)
                                                         _040_ (net)
                      0.033801    0.000304    1.376758 v _199_/A (sky130_fd_sc_hd__nor2_2)
     6    0.018643    0.218745    0.205735    1.582493 ^ _199_/Y (sky130_fd_sc_hd__nor2_2)
                                                         _047_ (net)
                      0.218746    0.000436    1.582929 ^ _200_/B (sky130_fd_sc_hd__and2_2)
     4    0.022671    0.127583    0.251770    1.834699 ^ _200_/X (sky130_fd_sc_hd__and2_2)
                                                         _048_ (net)
                      0.127583    0.000484    1.835183 ^ _201_/C (sky130_fd_sc_hd__nand3_2)
     2    0.008234    0.071240    0.102688    1.937871 v _201_/Y (sky130_fd_sc_hd__nand3_2)
                                                         _049_ (net)
                      0.071240    0.000194    1.938066 v _209_/A (sky130_fd_sc_hd__and3_2)
     1    0.002310    0.035822    0.175838    2.113904 v _209_/X (sky130_fd_sc_hd__and3_2)
                                                         TOP.top_rng_inst.ecstate.next_count[6] (net)
                      0.035822    0.000065    2.113969 v _428_/D (sky130_fd_sc_hd__dfrtp_2)
                                              2.113969   data arrival time

                                 25.000000   25.000000   clock clk (rise edge)
                                  0.000000   25.000000   clock source latency
     2    0.019867    0.095149    0.065633   25.065632 ^ clk (in)
                                                         clk (net)
                      0.095166    0.000000   25.065632 ^ clkbuf_0_clk/A (sky130_fd_sc_hd__clkbuf_16)
     8    0.083891    0.100833    0.191418   25.257050 ^ clkbuf_0_clk/X (sky130_fd_sc_hd__clkbuf_16)
                                                         clknet_0_clk (net)
                      0.101136    0.004015   25.261065 ^ clkbuf_3_2__f_clk/A (sky130_fd_sc_hd__clkbuf_16)
    10    0.035070    0.055414    0.158654   25.419718 ^ clkbuf_3_2__f_clk/X (sky130_fd_sc_hd__clkbuf_16)
                                                         clknet_3_2__leaf_clk (net)
                      0.055449    0.000936   25.420654 ^ _428_/CLK (sky130_fd_sc_hd__dfrtp_2)
                                 -0.250000   25.170656   clock uncertainty
                                  0.000000   25.170656   clock reconvergence pessimism
                                 -0.109052   25.061604   library setup time
                                             25.061604   data required time
---------------------------------------------------------------------------------------------
                                             25.061604   data required time
                                             -2.113969   data arrival time
---------------------------------------------------------------------------------------------
                                             22.947634   slack (MET)


Startpoint: _432_ (rising edge-triggered flip-flop clocked by clk)
Endpoint: _451_ (rising edge-triggered flip-flop clocked by clk)
Path Group: clk
Path Type: max

Fanout         Cap        Slew       Delay        Time   Description
---------------------------------------------------------------------------------------------
                                  0.000000    0.000000   clock clk (rise edge)
                                  0.000000    0.000000   clock source latency
     2    0.019867    0.095149    0.065634    0.065634 ^ clk (in)
                                                         clk (net)
                      0.095166    0.000000    0.065634 ^ clkbuf_0_clk/A (sky130_fd_sc_hd__clkbuf_16)
     8    0.083891    0.100833    0.191418    0.257052 ^ clkbuf_0_clk/X (sky130_fd_sc_hd__clkbuf_16)
                                                         clknet_0_clk (net)
                      0.101003    0.002756    0.259808 ^ clkbuf_3_5__f_clk/A (sky130_fd_sc_hd__clkbuf_16)
    10    0.033671    0.054184    0.157491    0.417299 ^ clkbuf_3_5__f_clk/X (sky130_fd_sc_hd__clkbuf_16)
                                                         clknet_3_5__leaf_clk (net)
                      0.054212    0.001157    0.418456 ^ _432_/CLK (sky130_fd_sc_hd__dfstp_2)
     1    0.002578    0.020818    0.355353    0.773809 v _432_/Q (sky130_fd_sc_hd__dfstp_2)
                                                         TOP.top_rng_inst.display.datas[0] (net)
                      0.020818    0.000074    0.773883 v fanout32/A (sky130_fd_sc_hd__clkdlybuf4s25_1)
     7    0.035208    0.261956    0.408730    1.182614 v fanout32/X (sky130_fd_sc_hd__clkdlybuf4s25_1)
                                                         net32 (net)
                      0.261957    0.000821    1.183435 v _362_/A0 (sky130_fd_sc_hd__mux2_1)
     1    0.004501    0.063710    0.377804    1.561239 v _362_/X (sky130_fd_sc_hd__mux2_1)
                                                         _161_ (net)
                      0.063710    0.000186    1.561425 v _363_/B (sky130_fd_sc_hd__or2_2)
     1    0.003712    0.057301    0.278795    1.840220 v _363_/X (sky130_fd_sc_hd__or2_2)
                                                         _162_ (net)
                      0.057301    0.000125    1.840345 v _367_/A1 (sky130_fd_sc_hd__a32o_2)
     1    0.002635    0.038722    0.236661    2.077006 v _367_/X (sky130_fd_sc_hd__a32o_2)
                                                         _019_ (net)
                      0.038722    0.000079    2.077085 v _451_/D (sky130_fd_sc_hd__dfrtp_2)
                                              2.077085   data arrival time

                                 25.000000   25.000000   clock clk (rise edge)
                                  0.000000   25.000000   clock source latency
     2    0.019867    0.095149    0.065633   25.065632 ^ clk (in)
                                                         clk (net)
                      0.095166    0.000000   25.065632 ^ clkbuf_0_clk/A (sky130_fd_sc_hd__clkbuf_16)
     8    0.083891    0.100833    0.191418   25.257050 ^ clkbuf_0_clk/X (sky130_fd_sc_hd__clkbuf_16)
                                                         clknet_0_clk (net)
                      0.100929    0.001664   25.258715 ^ clkbuf_3_7__f_clk/A (sky130_fd_sc_hd__clkbuf_16)
     9    0.027056    0.048206    0.152609   25.411324 ^ clkbuf_3_7__f_clk/X (sky130_fd_sc_hd__clkbuf_16)
                                                         clknet_3_7__leaf_clk (net)
                      0.048211    0.000458   25.411781 ^ _451_/CLK (sky130_fd_sc_hd__dfrtp_2)
                                 -0.250000   25.161783   clock uncertainty
                                  0.000000   25.161783   clock reconvergence pessimism
                                 -0.111997   25.049786   library setup time
                                             25.049786   data required time
---------------------------------------------------------------------------------------------
                                             25.049786   data required time
                                             -2.077085   data arrival time
---------------------------------------------------------------------------------------------
                                             22.972700   slack (MET)


Startpoint: _472_ (rising edge-triggered flip-flop clocked by clk)
Endpoint: _472_ (rising edge-triggered flip-flop clocked by clk)
Path Group: clk
Path Type: max

Fanout         Cap        Slew       Delay        Time   Description
---------------------------------------------------------------------------------------------
                                  0.000000    0.000000   clock clk (rise edge)
                                  0.000000    0.000000   clock source latency
     2    0.019867    0.095149    0.065634    0.065634 ^ clk (in)
                                                         clk (net)
                      0.095166    0.000000    0.065634 ^ clkbuf_0_clk/A (sky130_fd_sc_hd__clkbuf_16)
     8    0.083891    0.100833    0.191418    0.257052 ^ clkbuf_0_clk/X (sky130_fd_sc_hd__clkbuf_16)
                                                         clknet_0_clk (net)
                      0.101100    0.003724    0.260775 ^ clkbuf_3_0__f_clk/A (sky130_fd_sc_hd__clkbuf_16)
    10    0.031133    0.052041    0.155755    0.416530 ^ clkbuf_3_0__f_clk/X (sky130_fd_sc_hd__clkbuf_16)
                                                         clknet_3_0__leaf_clk (net)
                      0.052043    0.000610    0.417140 ^ _472_/CLK (sky130_fd_sc_hd__dfrtp_2)
     7    0.026809    0.140539    0.426047    0.843187 ^ _472_/Q (sky130_fd_sc_hd__dfrtp_2)
                                                         TOP.top_rng_inst.k1.psc.count_out[0] (net)
                      0.140539    0.000606    0.843793 ^ hold140/A (sky130_fd_sc_hd__dlygate4sd3_1)
     1    0.006102    0.081665    0.587633    1.431426 ^ hold140/X (sky130_fd_sc_hd__dlygate4sd3_1)
                                                         net140 (net)
                      0.081665    0.000200    1.431626 ^ _241_/B (sky130_fd_sc_hd__nand2b_2)
     1    0.001927    0.036977    0.051084    1.482711 v _241_/Y (sky130_fd_sc_hd__nand2b_2)
                                                         TOP.top_rng_inst.k1.psc.next_count[0] (net)
                      0.036977    0.000038    1.482749 v hold141/A (sky130_fd_sc_hd__dlygate4sd3_1)
     1    0.003394    0.057004    0.550410    2.033159 v hold141/X (sky130_fd_sc_hd__dlygate4sd3_1)
                                                         net141 (net)
                      0.057004    0.000105    2.033264 v _472_/D (sky130_fd_sc_hd__dfrtp_2)
                                              2.033264   data arrival time

                                 25.000000   25.000000   clock clk (rise edge)
                                  0.000000   25.000000   clock source latency
     2    0.019867    0.095149    0.065633   25.065632 ^ clk (in)
                                                         clk (net)
                      0.095166    0.000000   25.065632 ^ clkbuf_0_clk/A (sky130_fd_sc_hd__clkbuf_16)
     8    0.083891    0.100833    0.191418   25.257050 ^ clkbuf_0_clk/X (sky130_fd_sc_hd__clkbuf_16)
                                                         clknet_0_clk (net)
                      0.101100    0.003725   25.260775 ^ clkbuf_3_0__f_clk/A (sky130_fd_sc_hd__clkbuf_16)
    10    0.031133    0.052041    0.155755   25.416531 ^ clkbuf_3_0__f_clk/X (sky130_fd_sc_hd__clkbuf_16)
                                                         clknet_3_0__leaf_clk (net)
                      0.052043    0.000609   25.417139 ^ _472_/CLK (sky130_fd_sc_hd__dfrtp_2)
                                 -0.250000   25.167141   clock uncertainty
                                  0.000000   25.167141   clock reconvergence pessimism
                                 -0.119130   25.048010   library setup time
                                             25.048010   data required time
---------------------------------------------------------------------------------------------
                                             25.048010   data required time
                                             -2.033264   data arrival time
---------------------------------------------------------------------------------------------
                                             23.014746   slack (MET)


Startpoint: _425_ (rising edge-triggered flip-flop clocked by clk)
Endpoint: _429_ (rising edge-triggered flip-flop clocked by clk)
Path Group: clk
Path Type: max

Fanout         Cap        Slew       Delay        Time   Description
---------------------------------------------------------------------------------------------
                                  0.000000    0.000000   clock clk (rise edge)
                                  0.000000    0.000000   clock source latency
     2    0.019867    0.095149    0.065634    0.065634 ^ clk (in)
                                                         clk (net)
                      0.095166    0.000000    0.065634 ^ clkbuf_0_clk/A (sky130_fd_sc_hd__clkbuf_16)
     8    0.083891    0.100833    0.191418    0.257052 ^ clkbuf_0_clk/X (sky130_fd_sc_hd__clkbuf_16)
                                                         clknet_0_clk (net)
                      0.101136    0.004014    0.261066 ^ clkbuf_3_2__f_clk/A (sky130_fd_sc_hd__clkbuf_16)
    10    0.035070    0.055414    0.158654    0.419720 ^ clkbuf_3_2__f_clk/X (sky130_fd_sc_hd__clkbuf_16)
                                                         clknet_3_2__leaf_clk (net)
                      0.055435    0.000638    0.420359 ^ _425_/CLK (sky130_fd_sc_hd__dfrtp_2)
     2    0.006640    0.054404    0.353192    0.773551 ^ _425_/Q (sky130_fd_sc_hd__dfrtp_2)
                                                         TOP.top_rng_inst.ecstate.count_out[3] (net)
                      0.054404    0.000135    0.773685 ^ hold144/A (sky130_fd_sc_hd__dlygate4sd3_1)
     1    0.004735    0.069830    0.553771    1.327456 ^ hold144/X (sky130_fd_sc_hd__dlygate4sd3_1)
                                                         net144 (net)
                      0.069830    0.000090    1.327547 ^ _192_/A (sky130_fd_sc_hd__inv_2)
     2    0.010808    0.033798    0.048907    1.376454 v _192_/Y (sky130_fd_sc_hd__inv_2)
                                                         _040_ (net)
                      0.033801    0.000304    1.376758 v _199_/A (sky130_fd_sc_hd__nor2_2)
     6    0.018643    0.218745    0.205735    1.582493 ^ _199_/Y (sky130_fd_sc_hd__nor2_2)
                                                         _047_ (net)
                      0.218746    0.000436    1.582929 ^ _200_/B (sky130_fd_sc_hd__and2_2)
     4    0.022671    0.127583    0.251770    1.834699 ^ _200_/X (sky130_fd_sc_hd__and2_2)
                                                         _048_ (net)
                      0.127583    0.000484    1.835183 ^ _201_/C (sky130_fd_sc_hd__nand3_2)
     2    0.008234    0.071240    0.102688    1.937871 v _201_/Y (sky130_fd_sc_hd__nand3_2)
                                                         _049_ (net)
                      0.071240    0.000276    1.938147 v _207_/A2 (sky130_fd_sc_hd__a21oi_2)
     1    0.002694    0.078939    0.130817    2.068965 ^ _207_/Y (sky130_fd_sc_hd__a21oi_2)
                                                         TOP.top_rng_inst.ecstate.next_count[7] (net)
                      0.078939    0.000075    2.069040 ^ _429_/D (sky130_fd_sc_hd__dfrtp_2)
                                              2.069040   data arrival time

                                 25.000000   25.000000   clock clk (rise edge)
                                  0.000000   25.000000   clock source latency
     2    0.019867    0.095149    0.065633   25.065632 ^ clk (in)
                                                         clk (net)
                      0.095166    0.000000   25.065632 ^ clkbuf_0_clk/A (sky130_fd_sc_hd__clkbuf_16)
     8    0.083891    0.100833    0.191418   25.257050 ^ clkbuf_0_clk/X (sky130_fd_sc_hd__clkbuf_16)
                                                         clknet_0_clk (net)
                      0.101136    0.004015   25.261065 ^ clkbuf_3_2__f_clk/A (sky130_fd_sc_hd__clkbuf_16)
    10    0.035070    0.055414    0.158654   25.419718 ^ clkbuf_3_2__f_clk/X (sky130_fd_sc_hd__clkbuf_16)
                                                         clknet_3_2__leaf_clk (net)
                      0.055449    0.000933   25.420650 ^ _429_/CLK (sky130_fd_sc_hd__dfrtp_2)
                                 -0.250000   25.170652   clock uncertainty
                                  0.000000   25.170652   clock reconvergence pessimism
                                 -0.069814   25.100838   library setup time
                                             25.100838   data required time
---------------------------------------------------------------------------------------------
                                             25.100838   data required time
                                             -2.069040   data arrival time
---------------------------------------------------------------------------------------------
                                             23.031797   slack (MET)


Startpoint: _427_ (rising edge-triggered flip-flop clocked by clk)
Endpoint: _421_ (rising edge-triggered flip-flop clocked by clk)
Path Group: clk
Path Type: max

Fanout         Cap        Slew       Delay        Time   Description
---------------------------------------------------------------------------------------------
                                  0.000000    0.000000   clock clk (rise edge)
                                  0.000000    0.000000   clock source latency
     2    0.019867    0.095149    0.065634    0.065634 ^ clk (in)
                                                         clk (net)
                      0.095166    0.000000    0.065634 ^ clkbuf_0_clk/A (sky130_fd_sc_hd__clkbuf_16)
     8    0.083891    0.100833    0.191418    0.257052 ^ clkbuf_0_clk/X (sky130_fd_sc_hd__clkbuf_16)
                                                         clknet_0_clk (net)
                      0.101136    0.004014    0.261066 ^ clkbuf_3_2__f_clk/A (sky130_fd_sc_hd__clkbuf_16)
    10    0.035070    0.055414    0.158654    0.419720 ^ clkbuf_3_2__f_clk/X (sky130_fd_sc_hd__clkbuf_16)
                                                         clknet_3_2__leaf_clk (net)
                      0.055439    0.000716    0.420436 ^ _427_/CLK (sky130_fd_sc_hd__dfrtp_2)
     5    0.019474    0.078023    0.437450    0.857885 v _427_/Q (sky130_fd_sc_hd__dfrtp_2)
                                                         TOP.top_rng_inst.ecstate.count_out[5] (net)
                      0.078026    0.000573    0.858458 v _202_/B (sky130_fd_sc_hd__and4_2)
     3    0.006664    0.049192    0.228631    1.087089 v _202_/X (sky130_fd_sc_hd__and4_2)
                                                         _050_ (net)
                      0.049192    0.000157    1.087246 v _203_/B (sky130_fd_sc_hd__and2_2)
     3    0.008167    0.048655    0.202967    1.290213 v _203_/X (sky130_fd_sc_hd__and2_2)
                                                         _051_ (net)
                      0.048656    0.000284    1.290497 v _204_/B1 (sky130_fd_sc_hd__o21ai_1)
     4    0.014852    0.305799    0.179534    1.470031 ^ _204_/Y (sky130_fd_sc_hd__o21ai_1)
                                                         _052_ (net)
                      0.305800    0.000377    1.470408 ^ max_cap20/A (sky130_fd_sc_hd__buf_1)
     3    0.016211    0.195513    0.232848    1.703256 ^ max_cap20/X (sky130_fd_sc_hd__buf_1)
                                                         net20 (net)
                      0.195513    0.000665    1.703921 ^ _215_/B (sky130_fd_sc_hd__and3_2)
     2    0.006780    0.060581    0.223225    1.927147 ^ _215_/X (sky130_fd_sc_hd__and3_2)
                                                         TOP.top_rng_inst.ecstate.next_count[2] (net)
                      0.060581    0.000244    1.927390 ^ _248_/B1 (sky130_fd_sc_hd__o21a_2)
     1    0.002776    0.031362    0.118177    2.045567 ^ _248_/X (sky130_fd_sc_hd__o21a_2)
                                                         TOP.top_rng_inst.ecstate.next_flag (net)
                      0.031372    0.000082    2.045650 ^ _421_/D (sky130_fd_sc_hd__dfrtp_2)
                                              2.045650   data arrival time

                                 25.000000   25.000000   clock clk (rise edge)
                                  0.000000   25.000000   clock source latency
     2    0.019867    0.095149    0.065633   25.065632 ^ clk (in)
                                                         clk (net)
                      0.095166    0.000000   25.065632 ^ clkbuf_0_clk/A (sky130_fd_sc_hd__clkbuf_16)
     8    0.083891    0.100833    0.191418   25.257050 ^ clkbuf_0_clk/X (sky130_fd_sc_hd__clkbuf_16)
                                                         clknet_0_clk (net)
                      0.101136    0.004015   25.261065 ^ clkbuf_3_2__f_clk/A (sky130_fd_sc_hd__clkbuf_16)
    10    0.035070    0.055414    0.158654   25.419718 ^ clkbuf_3_2__f_clk/X (sky130_fd_sc_hd__clkbuf_16)
                                                         clknet_3_2__leaf_clk (net)
                      0.055436    0.000652   25.420370 ^ _421_/CLK (sky130_fd_sc_hd__dfrtp_2)
                                 -0.250000   25.170372   clock uncertainty
                                  0.000000   25.170372   clock reconvergence pessimism
                                 -0.058728   25.111643   library setup time
                                             25.111643   data required time
---------------------------------------------------------------------------------------------
                                             25.111643   data required time
                                             -2.045650   data arrival time
---------------------------------------------------------------------------------------------
                                             23.065994   slack (MET)


Startpoint: _425_ (rising edge-triggered flip-flop clocked by clk)
Endpoint: _426_ (rising edge-triggered flip-flop clocked by clk)
Path Group: clk
Path Type: max

Fanout         Cap        Slew       Delay        Time   Description
---------------------------------------------------------------------------------------------
                                  0.000000    0.000000   clock clk (rise edge)
                                  0.000000    0.000000   clock source latency
     2    0.019867    0.095149    0.065634    0.065634 ^ clk (in)
                                                         clk (net)
                      0.095166    0.000000    0.065634 ^ clkbuf_0_clk/A (sky130_fd_sc_hd__clkbuf_16)
     8    0.083891    0.100833    0.191418    0.257052 ^ clkbuf_0_clk/X (sky130_fd_sc_hd__clkbuf_16)
                                                         clknet_0_clk (net)
                      0.101136    0.004014    0.261066 ^ clkbuf_3_2__f_clk/A (sky130_fd_sc_hd__clkbuf_16)
    10    0.035070    0.055414    0.158654    0.419720 ^ clkbuf_3_2__f_clk/X (sky130_fd_sc_hd__clkbuf_16)
                                                         clknet_3_2__leaf_clk (net)
                      0.055435    0.000638    0.420359 ^ _425_/CLK (sky130_fd_sc_hd__dfrtp_2)
     2    0.006640    0.054404    0.353192    0.773551 ^ _425_/Q (sky130_fd_sc_hd__dfrtp_2)
                                                         TOP.top_rng_inst.ecstate.count_out[3] (net)
                      0.054404    0.000135    0.773685 ^ hold144/A (sky130_fd_sc_hd__dlygate4sd3_1)
     1    0.004735    0.069830    0.553771    1.327456 ^ hold144/X (sky130_fd_sc_hd__dlygate4sd3_1)
                                                         net144 (net)
                      0.069830    0.000090    1.327547 ^ _192_/A (sky130_fd_sc_hd__inv_2)
     2    0.010808    0.033798    0.048907    1.376454 v _192_/Y (sky130_fd_sc_hd__inv_2)
                                                         _040_ (net)
                      0.033801    0.000304    1.376758 v _199_/A (sky130_fd_sc_hd__nor2_2)
     6    0.018643    0.218745    0.205735    1.582493 ^ _199_/Y (sky130_fd_sc_hd__nor2_2)
                                                         _047_ (net)
                      0.218746    0.000436    1.582929 ^ _200_/B (sky130_fd_sc_hd__and2_2)
     4    0.022671    0.127583    0.251770    1.834699 ^ _200_/X (sky130_fd_sc_hd__and2_2)
                                                         _048_ (net)
                      0.127583    0.000486    1.835186 ^ _213_/A (sky130_fd_sc_hd__nor2_2)
     1    0.002933    0.034604    0.052996    1.888181 v _213_/Y (sky130_fd_sc_hd__nor2_2)
                                                         TOP.top_rng_inst.ecstate.next_count[4] (net)
                      0.034604    0.000086    1.888268 v _426_/D (sky130_fd_sc_hd__dfrtp_2)
                                              1.888268   data arrival time

                                 25.000000   25.000000   clock clk (rise edge)
                                  0.000000   25.000000   clock source latency
     2    0.019867    0.095149    0.065633   25.065632 ^ clk (in)
                                                         clk (net)
                      0.095166    0.000000   25.065632 ^ clkbuf_0_clk/A (sky130_fd_sc_hd__clkbuf_16)
     8    0.083891    0.100833    0.191418   25.257050 ^ clkbuf_0_clk/X (sky130_fd_sc_hd__clkbuf_16)
                                                         clknet_0_clk (net)
                      0.101134    0.003997   25.261047 ^ clkbuf_3_3__f_clk/A (sky130_fd_sc_hd__clkbuf_16)
    10    0.029890    0.050956    0.154790   25.415836 ^ clkbuf_3_3__f_clk/X (sky130_fd_sc_hd__clkbuf_16)
                                                         clknet_3_3__leaf_clk (net)
                      0.050962    0.001020   25.416857 ^ _426_/CLK (sky130_fd_sc_hd__dfrtp_2)
                                 -0.250000   25.166859   clock uncertainty
                                  0.000000   25.166859   clock reconvergence pessimism
                                 -0.109555   25.057302   library setup time
                                             25.057302   data required time
---------------------------------------------------------------------------------------------
                                             25.057302   data required time
                                             -1.888268   data arrival time
---------------------------------------------------------------------------------------------
                                             23.169035   slack (MET)


Startpoint: _427_ (rising edge-triggered flip-flop clocked by clk)
Endpoint: _424_ (rising edge-triggered flip-flop clocked by clk)
Path Group: clk
Path Type: max

Fanout         Cap        Slew       Delay        Time   Description
---------------------------------------------------------------------------------------------
                                  0.000000    0.000000   clock clk (rise edge)
                                  0.000000    0.000000   clock source latency
     2    0.019867    0.095149    0.065634    0.065634 ^ clk (in)
                                                         clk (net)
                      0.095166    0.000000    0.065634 ^ clkbuf_0_clk/A (sky130_fd_sc_hd__clkbuf_16)
     8    0.083891    0.100833    0.191418    0.257052 ^ clkbuf_0_clk/X (sky130_fd_sc_hd__clkbuf_16)
                                                         clknet_0_clk (net)
                      0.101136    0.004014    0.261066 ^ clkbuf_3_2__f_clk/A (sky130_fd_sc_hd__clkbuf_16)
    10    0.035070    0.055414    0.158654    0.419720 ^ clkbuf_3_2__f_clk/X (sky130_fd_sc_hd__clkbuf_16)
                                                         clknet_3_2__leaf_clk (net)
                      0.055439    0.000716    0.420436 ^ _427_/CLK (sky130_fd_sc_hd__dfrtp_2)
     5    0.019474    0.078023    0.437450    0.857885 v _427_/Q (sky130_fd_sc_hd__dfrtp_2)
                                                         TOP.top_rng_inst.ecstate.count_out[5] (net)
                      0.078026    0.000573    0.858458 v _202_/B (sky130_fd_sc_hd__and4_2)
     3    0.006664    0.049192    0.228631    1.087089 v _202_/X (sky130_fd_sc_hd__and4_2)
                                                         _050_ (net)
                      0.049192    0.000157    1.087246 v _203_/B (sky130_fd_sc_hd__and2_2)
     3    0.008167    0.048655    0.202967    1.290213 v _203_/X (sky130_fd_sc_hd__and2_2)
                                                         _051_ (net)
                      0.048656    0.000284    1.290497 v _204_/B1 (sky130_fd_sc_hd__o21ai_1)
     4    0.014852    0.305799    0.179534    1.470031 ^ _204_/Y (sky130_fd_sc_hd__o21ai_1)
                                                         _052_ (net)
                      0.305800    0.000377    1.470408 ^ max_cap20/A (sky130_fd_sc_hd__buf_1)
     3    0.016211    0.195513    0.232848    1.703256 ^ max_cap20/X (sky130_fd_sc_hd__buf_1)
                                                         net20 (net)
                      0.195513    0.000665    1.703921 ^ _215_/B (sky130_fd_sc_hd__and3_2)
     2    0.006780    0.060581    0.223225    1.927147 ^ _215_/X (sky130_fd_sc_hd__and3_2)
                                                         TOP.top_rng_inst.ecstate.next_count[2] (net)
                      0.060581    0.000168    1.927315 ^ _424_/D (sky130_fd_sc_hd__dfrtp_2)
                                              1.927315   data arrival time

                                 25.000000   25.000000   clock clk (rise edge)
                                  0.000000   25.000000   clock source latency
     2    0.019867    0.095149    0.065633   25.065632 ^ clk (in)
                                                         clk (net)
                      0.095166    0.000000   25.065632 ^ clkbuf_0_clk/A (sky130_fd_sc_hd__clkbuf_16)
     8    0.083891    0.100833    0.191418   25.257050 ^ clkbuf_0_clk/X (sky130_fd_sc_hd__clkbuf_16)
                                                         clknet_0_clk (net)
                      0.101134    0.003997   25.261047 ^ clkbuf_3_3__f_clk/A (sky130_fd_sc_hd__clkbuf_16)
    10    0.029890    0.050956    0.154790   25.415836 ^ clkbuf_3_3__f_clk/X (sky130_fd_sc_hd__clkbuf_16)
                                                         clknet_3_3__leaf_clk (net)
                      0.050961    0.000959   25.416796 ^ _424_/CLK (sky130_fd_sc_hd__dfrtp_2)
                                 -0.250000   25.166798   clock uncertainty
                                  0.000000   25.166798   clock reconvergence pessimism
                                 -0.066222   25.100574   library setup time
                                             25.100574   data required time
---------------------------------------------------------------------------------------------
                                             25.100574   data required time
                                             -1.927315   data arrival time
---------------------------------------------------------------------------------------------
                                             23.173260   slack (MET)


Startpoint: _425_ (rising edge-triggered flip-flop clocked by clk)
Endpoint: _430_ (rising edge-triggered flip-flop clocked by clk)
Path Group: clk
Path Type: max

Fanout         Cap        Slew       Delay        Time   Description
---------------------------------------------------------------------------------------------
                                  0.000000    0.000000   clock clk (rise edge)
                                  0.000000    0.000000   clock source latency
     2    0.019867    0.095149    0.065634    0.065634 ^ clk (in)
                                                         clk (net)
                      0.095166    0.000000    0.065634 ^ clkbuf_0_clk/A (sky130_fd_sc_hd__clkbuf_16)
     8    0.083891    0.100833    0.191418    0.257052 ^ clkbuf_0_clk/X (sky130_fd_sc_hd__clkbuf_16)
                                                         clknet_0_clk (net)
                      0.101136    0.004014    0.261066 ^ clkbuf_3_2__f_clk/A (sky130_fd_sc_hd__clkbuf_16)
    10    0.035070    0.055414    0.158654    0.419720 ^ clkbuf_3_2__f_clk/X (sky130_fd_sc_hd__clkbuf_16)
                                                         clknet_3_2__leaf_clk (net)
                      0.055435    0.000638    0.420359 ^ _425_/CLK (sky130_fd_sc_hd__dfrtp_2)
     2    0.006271    0.047702    0.397440    0.817799 v _425_/Q (sky130_fd_sc_hd__dfrtp_2)
                                                         TOP.top_rng_inst.ecstate.count_out[3] (net)
                      0.047702    0.000125    0.817924 v hold144/A (sky130_fd_sc_hd__dlygate4sd3_1)
     1    0.004369    0.060316    0.560969    1.378893 v hold144/X (sky130_fd_sc_hd__dlygate4sd3_1)
                                                         net144 (net)
                      0.060316    0.000083    1.378976 v _192_/A (sky130_fd_sc_hd__inv_2)
     2    0.011556    0.059247    0.074861    1.453837 ^ _192_/Y (sky130_fd_sc_hd__inv_2)
                                                         _040_ (net)
                      0.059269    0.000328    1.454165 ^ _199_/A (sky130_fd_sc_hd__nor2_2)
     6    0.017246    0.052398    0.064077    1.518242 v _199_/Y (sky130_fd_sc_hd__nor2_2)
                                                         _047_ (net)
                      0.052400    0.000344    1.518586 v _205_/A (sky130_fd_sc_hd__and2_2)
     2    0.005775    0.043759    0.176387    1.694972 v _205_/X (sky130_fd_sc_hd__and2_2)
                                                         _053_ (net)
                      0.043759    0.000134    1.695106 v _216_/A2 (sky130_fd_sc_hd__o21a_2)
     1    0.002334    0.031902    0.182966    1.878072 v _216_/X (sky130_fd_sc_hd__o21a_2)
                                                         TOP.top_rng_inst.ecstate.next_count[8] (net)
                      0.031902    0.000066    1.878138 v _430_/D (sky130_fd_sc_hd__dfrtp_2)
                                              1.878138   data arrival time

                                 25.000000   25.000000   clock clk (rise edge)
                                  0.000000   25.000000   clock source latency
     2    0.019867    0.095149    0.065633   25.065632 ^ clk (in)
                                                         clk (net)
                      0.095166    0.000000   25.065632 ^ clkbuf_0_clk/A (sky130_fd_sc_hd__clkbuf_16)
     8    0.083891    0.100833    0.191418   25.257050 ^ clkbuf_0_clk/X (sky130_fd_sc_hd__clkbuf_16)
                                                         clknet_0_clk (net)
                      0.101136    0.004015   25.261065 ^ clkbuf_3_2__f_clk/A (sky130_fd_sc_hd__clkbuf_16)
    10    0.035070    0.055414    0.158654   25.419718 ^ clkbuf_3_2__f_clk/X (sky130_fd_sc_hd__clkbuf_16)
                                                         clknet_3_2__leaf_clk (net)
                      0.055433    0.000592   25.420311 ^ _430_/CLK (sky130_fd_sc_hd__dfrtp_2)
                                 -0.250000   25.170311   clock uncertainty
                                  0.000000   25.170311   clock reconvergence pessimism
                                 -0.107337   25.062975   library setup time
                                             25.062975   data required time
---------------------------------------------------------------------------------------------
                                             25.062975   data required time
                                             -1.878138   data arrival time
---------------------------------------------------------------------------------------------
                                             23.184835   slack (MET)


Startpoint: _425_ (rising edge-triggered flip-flop clocked by clk)
Endpoint: _425_ (rising edge-triggered flip-flop clocked by clk)
Path Group: clk
Path Type: max

Fanout         Cap        Slew       Delay        Time   Description
---------------------------------------------------------------------------------------------
                                  0.000000    0.000000   clock clk (rise edge)
                                  0.000000    0.000000   clock source latency
     2    0.019867    0.095149    0.065634    0.065634 ^ clk (in)
                                                         clk (net)
                      0.095166    0.000000    0.065634 ^ clkbuf_0_clk/A (sky130_fd_sc_hd__clkbuf_16)
     8    0.083891    0.100833    0.191418    0.257052 ^ clkbuf_0_clk/X (sky130_fd_sc_hd__clkbuf_16)
                                                         clknet_0_clk (net)
                      0.101136    0.004014    0.261066 ^ clkbuf_3_2__f_clk/A (sky130_fd_sc_hd__clkbuf_16)
    10    0.035070    0.055414    0.158654    0.419720 ^ clkbuf_3_2__f_clk/X (sky130_fd_sc_hd__clkbuf_16)
                                                         clknet_3_2__leaf_clk (net)
                      0.055435    0.000638    0.420359 ^ _425_/CLK (sky130_fd_sc_hd__dfrtp_2)
     2    0.006271    0.047702    0.397440    0.817799 v _425_/Q (sky130_fd_sc_hd__dfrtp_2)
                                                         TOP.top_rng_inst.ecstate.count_out[3] (net)
                      0.047702    0.000125    0.817924 v hold144/A (sky130_fd_sc_hd__dlygate4sd3_1)
     1    0.004369    0.060316    0.560969    1.378893 v hold144/X (sky130_fd_sc_hd__dlygate4sd3_1)
                                                         net144 (net)
                      0.060316    0.000083    1.378976 v _192_/A (sky130_fd_sc_hd__inv_2)
     2    0.011556    0.059247    0.074861    1.453837 ^ _192_/Y (sky130_fd_sc_hd__inv_2)
                                                         _040_ (net)
                      0.059269    0.000328    1.454165 ^ _199_/A (sky130_fd_sc_hd__nor2_2)
     6    0.017246    0.052398    0.064077    1.518242 v _199_/Y (sky130_fd_sc_hd__nor2_2)
                                                         _047_ (net)
                      0.052398    0.000204    1.518446 v _239_/A (sky130_fd_sc_hd__or2_2)
     1    0.004608    0.060667    0.299742    1.818188 v _239_/X (sky130_fd_sc_hd__or2_2)
                                                         _070_ (net)
                      0.060667    0.000136    1.818324 v _240_/B1 (sky130_fd_sc_hd__a21oi_2)
     1    0.002471    0.076814    0.094871    1.913195 ^ _240_/Y (sky130_fd_sc_hd__a21oi_2)
                                                         TOP.top_rng_inst.ecstate.next_count[3] (net)
                      0.076814    0.000070    1.913265 ^ _425_/D (sky130_fd_sc_hd__dfrtp_2)
                                              1.913265   data arrival time

                                 25.000000   25.000000   clock clk (rise edge)
                                  0.000000   25.000000   clock source latency
     2    0.019867    0.095149    0.065633   25.065632 ^ clk (in)
                                                         clk (net)
                      0.095166    0.000000   25.065632 ^ clkbuf_0_clk/A (sky130_fd_sc_hd__clkbuf_16)
     8    0.083891    0.100833    0.191418   25.257050 ^ clkbuf_0_clk/X (sky130_fd_sc_hd__clkbuf_16)
                                                         clknet_0_clk (net)
                      0.101136    0.004015   25.261065 ^ clkbuf_3_2__f_clk/A (sky130_fd_sc_hd__clkbuf_16)
    10    0.035070    0.055414    0.158654   25.419718 ^ clkbuf_3_2__f_clk/X (sky130_fd_sc_hd__clkbuf_16)
                                                         clknet_3_2__leaf_clk (net)
                      0.055435    0.000639   25.420359 ^ _425_/CLK (sky130_fd_sc_hd__dfrtp_2)
                                 -0.250000   25.170359   clock uncertainty
                                  0.000000   25.170359   clock reconvergence pessimism
                                 -0.069320   25.101038   library setup time
                                             25.101038   data required time
---------------------------------------------------------------------------------------------
                                             25.101038   data required time
                                             -1.913265   data arrival time
---------------------------------------------------------------------------------------------
                                             23.187773   slack (MET)


Startpoint: _414_ (rising edge-triggered flip-flop clocked by clk)
Endpoint: _420_ (rising edge-triggered flip-flop clocked by clk)
Path Group: clk
Path Type: max

Fanout         Cap        Slew       Delay        Time   Description
---------------------------------------------------------------------------------------------
                                  0.000000    0.000000   clock clk (rise edge)
                                  0.000000    0.000000   clock source latency
     2    0.019867    0.095149    0.065634    0.065634 ^ clk (in)
                                                         clk (net)
                      0.095166    0.000000    0.065634 ^ clkbuf_0_clk/A (sky130_fd_sc_hd__clkbuf_16)
     8    0.083891    0.100833    0.191418    0.257052 ^ clkbuf_0_clk/X (sky130_fd_sc_hd__clkbuf_16)
                                                         clknet_0_clk (net)
                      0.101134    0.003997    0.261049 ^ clkbuf_3_3__f_clk/A (sky130_fd_sc_hd__clkbuf_16)
    10    0.029890    0.050956    0.154789    0.415837 ^ clkbuf_3_3__f_clk/X (sky130_fd_sc_hd__clkbuf_16)
                                                         clknet_3_3__leaf_clk (net)
                      0.050958    0.000612    0.416450 ^ _414_/CLK (sky130_fd_sc_hd__dfrtp_2)
     6    0.019486    0.078078    0.435763    0.852213 v _414_/Q (sky130_fd_sc_hd__dfrtp_2)
                                                         TOP.top_rng_inst.lut1.ecstate.count_out[0] (net)
                      0.078080    0.000526    0.852738 v _217_/A1 (sky130_fd_sc_hd__o21a_2)
     1    0.006399    0.042255    0.228206    1.080945 v _217_/X (sky130_fd_sc_hd__o21a_2)
                                                         _059_ (net)
                      0.042255    0.000227    1.081172 v _218_/A3 (sky130_fd_sc_hd__o31ai_2)
     2    0.008192    0.250275    0.232731    1.313904 ^ _218_/Y (sky130_fd_sc_hd__o31ai_2)
                                                         _060_ (net)
                      0.250275    0.000104    1.314008 ^ _219_/B (sky130_fd_sc_hd__and2_2)
     5    0.017562    0.104081    0.241868    1.555876 ^ _219_/X (sky130_fd_sc_hd__and2_2)
                                                         _061_ (net)
                      0.104081    0.000421    1.556297 ^ _226_/B1 (sky130_fd_sc_hd__o21a_2)
     2    0.006348    0.047803    0.149369    1.705666 ^ _226_/X (sky130_fd_sc_hd__o21a_2)
                                                         TOP.top_rng_inst.lut1.ecstate.next_count[5] (net)
                      0.047803    0.000116    1.705782 ^ _247_/B (sky130_fd_sc_hd__and3b_2)
     1    0.003235    0.044239    0.166047    1.871829 ^ _247_/X (sky130_fd_sc_hd__and3b_2)
                                                         TOP.top_rng_inst.lut1.ecstate.next_flag (net)
                      0.044239    0.000102    1.871931 ^ _420_/D (sky130_fd_sc_hd__dfrtp_2)
                                              1.871931   data arrival time

                                 25.000000   25.000000   clock clk (rise edge)
                                  0.000000   25.000000   clock source latency
     2    0.019867    0.095149    0.065633   25.065632 ^ clk (in)
                                                         clk (net)
                      0.095166    0.000000   25.065632 ^ clkbuf_0_clk/A (sky130_fd_sc_hd__clkbuf_16)
     8    0.083891    0.100833    0.191418   25.257050 ^ clkbuf_0_clk/X (sky130_fd_sc_hd__clkbuf_16)
                                                         clknet_0_clk (net)
                      0.100933    0.001741   25.258791 ^ clkbuf_3_6__f_clk/A (sky130_fd_sc_hd__clkbuf_16)
    10    0.030024    0.051105    0.154925   25.413715 ^ clkbuf_3_6__f_clk/X (sky130_fd_sc_hd__clkbuf_16)
                                                         clknet_3_6__leaf_clk (net)
                      0.051105    0.000211   25.413927 ^ _420_/CLK (sky130_fd_sc_hd__dfrtp_2)
                                 -0.250000   25.163929   clock uncertainty
                                  0.000000   25.163929   clock reconvergence pessimism
                                 -0.062388   25.101542   library setup time
                                             25.101542   data required time
---------------------------------------------------------------------------------------------
                                             25.101542   data required time
                                             -1.871931   data arrival time
---------------------------------------------------------------------------------------------
                                             23.229609   slack (MET)


Startpoint: _427_ (rising edge-triggered flip-flop clocked by clk)
Endpoint: _422_ (rising edge-triggered flip-flop clocked by clk)
Path Group: clk
Path Type: max

Fanout         Cap        Slew       Delay        Time   Description
---------------------------------------------------------------------------------------------
                                  0.000000    0.000000   clock clk (rise edge)
                                  0.000000    0.000000   clock source latency
     2    0.019867    0.095149    0.065634    0.065634 ^ clk (in)
                                                         clk (net)
                      0.095166    0.000000    0.065634 ^ clkbuf_0_clk/A (sky130_fd_sc_hd__clkbuf_16)
     8    0.083891    0.100833    0.191418    0.257052 ^ clkbuf_0_clk/X (sky130_fd_sc_hd__clkbuf_16)
                                                         clknet_0_clk (net)
                      0.101136    0.004014    0.261066 ^ clkbuf_3_2__f_clk/A (sky130_fd_sc_hd__clkbuf_16)
    10    0.035070    0.055414    0.158654    0.419720 ^ clkbuf_3_2__f_clk/X (sky130_fd_sc_hd__clkbuf_16)
                                                         clknet_3_2__leaf_clk (net)
                      0.055439    0.000716    0.420436 ^ _427_/CLK (sky130_fd_sc_hd__dfrtp_2)
     5    0.019474    0.078023    0.437450    0.857885 v _427_/Q (sky130_fd_sc_hd__dfrtp_2)
                                                         TOP.top_rng_inst.ecstate.count_out[5] (net)
                      0.078026    0.000573    0.858458 v _202_/B (sky130_fd_sc_hd__and4_2)
     3    0.006664    0.049192    0.228631    1.087089 v _202_/X (sky130_fd_sc_hd__and4_2)
                                                         _050_ (net)
                      0.049192    0.000157    1.087246 v _203_/B (sky130_fd_sc_hd__and2_2)
     3    0.008167    0.048655    0.202967    1.290213 v _203_/X (sky130_fd_sc_hd__and2_2)
                                                         _051_ (net)
                      0.048656    0.000284    1.290497 v _204_/B1 (sky130_fd_sc_hd__o21ai_1)
     4    0.014852    0.305799    0.179534    1.470031 ^ _204_/Y (sky130_fd_sc_hd__o21ai_1)
                                                         _052_ (net)
                      0.305800    0.000377    1.470408 ^ max_cap20/A (sky130_fd_sc_hd__buf_1)
     3    0.016211    0.195513    0.232848    1.703256 ^ max_cap20/X (sky130_fd_sc_hd__buf_1)
                                                         net20 (net)
                      0.195513    0.000646    1.703902 ^ _236_/B (sky130_fd_sc_hd__nand2_2)
     1    0.002574    0.040272    0.065326    1.769228 v _236_/Y (sky130_fd_sc_hd__nand2_2)
                                                         TOP.top_rng_inst.ecstate.next_count[0] (net)
                      0.040272    0.000074    1.769302 v _422_/D (sky130_fd_sc_hd__dfrtp_2)
                                              1.769302   data arrival time

                                 25.000000   25.000000   clock clk (rise edge)
                                  0.000000   25.000000   clock source latency
     2    0.019867    0.095149    0.065633   25.065632 ^ clk (in)
                                                         clk (net)
                      0.095166    0.000000   25.065632 ^ clkbuf_0_clk/A (sky130_fd_sc_hd__clkbuf_16)
     8    0.083891    0.100833    0.191418   25.257050 ^ clkbuf_0_clk/X (sky130_fd_sc_hd__clkbuf_16)
                                                         clknet_0_clk (net)
                      0.101136    0.004015   25.261065 ^ clkbuf_3_2__f_clk/A (sky130_fd_sc_hd__clkbuf_16)
    10    0.035070    0.055414    0.158654   25.419718 ^ clkbuf_3_2__f_clk/X (sky130_fd_sc_hd__clkbuf_16)
                                                         clknet_3_2__leaf_clk (net)
                      0.055445    0.000853   25.420570 ^ _422_/CLK (sky130_fd_sc_hd__dfrtp_2)
                                 -0.250000   25.170572   clock uncertainty
                                  0.000000   25.170572   clock reconvergence pessimism
                                 -0.111005   25.059568   library setup time
                                             25.059568   data required time
---------------------------------------------------------------------------------------------
                                             25.059568   data required time
                                             -1.769302   data arrival time
---------------------------------------------------------------------------------------------
                                             23.290264   slack (MET)


Startpoint: _448_ (rising edge-triggered flip-flop clocked by clk)
Endpoint: _452_ (rising edge-triggered flip-flop clocked by clk)
Path Group: clk
Path Type: max

Fanout         Cap        Slew       Delay        Time   Description
---------------------------------------------------------------------------------------------
                                  0.000000    0.000000   clock clk (rise edge)
                                  0.000000    0.000000   clock source latency
     2    0.019867    0.095149    0.065634    0.065634 ^ clk (in)
                                                         clk (net)
                      0.095166    0.000000    0.065634 ^ clkbuf_0_clk/A (sky130_fd_sc_hd__clkbuf_16)
     8    0.083891    0.100833    0.191418    0.257052 ^ clkbuf_0_clk/X (sky130_fd_sc_hd__clkbuf_16)
                                                         clknet_0_clk (net)
                      0.100933    0.001741    0.258792 ^ clkbuf_3_6__f_clk/A (sky130_fd_sc_hd__clkbuf_16)
    10    0.030024    0.051105    0.154925    0.413718 ^ clkbuf_3_6__f_clk/X (sky130_fd_sc_hd__clkbuf_16)
                                                         clknet_3_6__leaf_clk (net)
                      0.051108    0.000769    0.414487 ^ _448_/CLK (sky130_fd_sc_hd__dfrtp_2)
     9    0.053632    0.258992    0.513081    0.927569 ^ _448_/Q (sky130_fd_sc_hd__dfrtp_2)
                                                         net14 (net)
                      0.259023    0.002918    0.930486 ^ _368_/S0 (sky130_fd_sc_hd__mux4_2)
     1    0.006938    0.093644    0.557218    1.487705 v _368_/X (sky130_fd_sc_hd__mux4_2)
                                                         _166_ (net)
                      0.093644    0.000270    1.487975 v _369_/B2 (sky130_fd_sc_hd__a22o_2)
     1    0.003055    0.039420    0.236917    1.724892 v _369_/X (sky130_fd_sc_hd__a22o_2)
                                                         _020_ (net)
                      0.039420    0.000090    1.724982 v _452_/D (sky130_fd_sc_hd__dfrtp_2)
                                              1.724982   data arrival time

                                 25.000000   25.000000   clock clk (rise edge)
                                  0.000000   25.000000   clock source latency
     2    0.019867    0.095149    0.065633   25.065632 ^ clk (in)
                                                         clk (net)
                      0.095166    0.000000   25.065632 ^ clkbuf_0_clk/A (sky130_fd_sc_hd__clkbuf_16)
     8    0.083891    0.100833    0.191418   25.257050 ^ clkbuf_0_clk/X (sky130_fd_sc_hd__clkbuf_16)
                                                         clknet_0_clk (net)
                      0.100929    0.001664   25.258715 ^ clkbuf_3_7__f_clk/A (sky130_fd_sc_hd__clkbuf_16)
     9    0.027056    0.048206    0.152609   25.411324 ^ clkbuf_3_7__f_clk/X (sky130_fd_sc_hd__clkbuf_16)
                                                         clknet_3_7__leaf_clk (net)
                      0.048207    0.000218   25.411543 ^ _452_/CLK (sky130_fd_sc_hd__dfrtp_2)
                                 -0.250000   25.161543   clock uncertainty
                                  0.000000   25.161543   clock reconvergence pessimism
                                 -0.112305   25.049238   library setup time
                                             25.049238   data required time
---------------------------------------------------------------------------------------------
                                             25.049238   data required time
                                             -1.724982   data arrival time
---------------------------------------------------------------------------------------------
                                             23.324255   slack (MET)


Startpoint: _448_ (rising edge-triggered flip-flop clocked by clk)
Endpoint: _453_ (rising edge-triggered flip-flop clocked by clk)
Path Group: clk
Path Type: max

Fanout         Cap        Slew       Delay        Time   Description
---------------------------------------------------------------------------------------------
                                  0.000000    0.000000   clock clk (rise edge)
                                  0.000000    0.000000   clock source latency
     2    0.019867    0.095149    0.065634    0.065634 ^ clk (in)
                                                         clk (net)
                      0.095166    0.000000    0.065634 ^ clkbuf_0_clk/A (sky130_fd_sc_hd__clkbuf_16)
     8    0.083891    0.100833    0.191418    0.257052 ^ clkbuf_0_clk/X (sky130_fd_sc_hd__clkbuf_16)
                                                         clknet_0_clk (net)
                      0.100933    0.001741    0.258792 ^ clkbuf_3_6__f_clk/A (sky130_fd_sc_hd__clkbuf_16)
    10    0.030024    0.051105    0.154925    0.413718 ^ clkbuf_3_6__f_clk/X (sky130_fd_sc_hd__clkbuf_16)
                                                         clknet_3_6__leaf_clk (net)
                      0.051108    0.000769    0.414487 ^ _448_/CLK (sky130_fd_sc_hd__dfrtp_2)
     9    0.053632    0.258992    0.513081    0.927569 ^ _448_/Q (sky130_fd_sc_hd__dfrtp_2)
                                                         net14 (net)
                      0.259022    0.002887    0.930456 ^ _370_/S0 (sky130_fd_sc_hd__mux4_2)
     1    0.006299    0.091813    0.553619    1.484074 v _370_/X (sky130_fd_sc_hd__mux4_2)
                                                         _167_ (net)
                      0.091916    0.000250    1.484325 v _371_/B2 (sky130_fd_sc_hd__a22o_2)
     1    0.002580    0.038220    0.233734    1.718059 v _371_/X (sky130_fd_sc_hd__a22o_2)
                                                         _021_ (net)
                      0.038220    0.000074    1.718133 v _453_/D (sky130_fd_sc_hd__dfrtp_2)
                                              1.718133   data arrival time

                                 25.000000   25.000000   clock clk (rise edge)
                                  0.000000   25.000000   clock source latency
     2    0.019867    0.095149    0.065633   25.065632 ^ clk (in)
                                                         clk (net)
                      0.095166    0.000000   25.065632 ^ clkbuf_0_clk/A (sky130_fd_sc_hd__clkbuf_16)
     8    0.083891    0.100833    0.191418   25.257050 ^ clkbuf_0_clk/X (sky130_fd_sc_hd__clkbuf_16)
                                                         clknet_0_clk (net)
                      0.100929    0.001664   25.258715 ^ clkbuf_3_7__f_clk/A (sky130_fd_sc_hd__clkbuf_16)
     9    0.027056    0.048206    0.152609   25.411324 ^ clkbuf_3_7__f_clk/X (sky130_fd_sc_hd__clkbuf_16)
                                                         clknet_3_7__leaf_clk (net)
                      0.048209    0.000350   25.411673 ^ _453_/CLK (sky130_fd_sc_hd__dfrtp_2)
                                 -0.250000   25.161674   clock uncertainty
                                  0.000000   25.161674   clock reconvergence pessimism
                                 -0.111778   25.049896   library setup time
                                             25.049896   data required time
---------------------------------------------------------------------------------------------
                                             25.049896   data required time
                                             -1.718133   data arrival time
---------------------------------------------------------------------------------------------
                                             23.331764   slack (MET)


Startpoint: _448_ (rising edge-triggered flip-flop clocked by clk)
Endpoint: _454_ (rising edge-triggered flip-flop clocked by clk)
Path Group: clk
Path Type: max

Fanout         Cap        Slew       Delay        Time   Description
---------------------------------------------------------------------------------------------
                                  0.000000    0.000000   clock clk (rise edge)
                                  0.000000    0.000000   clock source latency
     2    0.019867    0.095149    0.065634    0.065634 ^ clk (in)
                                                         clk (net)
                      0.095166    0.000000    0.065634 ^ clkbuf_0_clk/A (sky130_fd_sc_hd__clkbuf_16)
     8    0.083891    0.100833    0.191418    0.257052 ^ clkbuf_0_clk/X (sky130_fd_sc_hd__clkbuf_16)
                                                         clknet_0_clk (net)
                      0.100933    0.001741    0.258792 ^ clkbuf_3_6__f_clk/A (sky130_fd_sc_hd__clkbuf_16)
    10    0.030024    0.051105    0.154925    0.413718 ^ clkbuf_3_6__f_clk/X (sky130_fd_sc_hd__clkbuf_16)
                                                         clknet_3_6__leaf_clk (net)
                      0.051108    0.000769    0.414487 ^ _448_/CLK (sky130_fd_sc_hd__dfrtp_2)
     9    0.053632    0.258992    0.513081    0.927569 ^ _448_/Q (sky130_fd_sc_hd__dfrtp_2)
                                                         net14 (net)
                      0.259017    0.002700    0.930268 ^ _372_/S0 (sky130_fd_sc_hd__mux4_2)
     1    0.005805    0.090528    0.550826    1.481094 v _372_/X (sky130_fd_sc_hd__mux4_2)
                                                         _168_ (net)
                      0.090528    0.000245    1.481339 v _373_/B2 (sky130_fd_sc_hd__a22o_2)
     1    0.002247    0.037377    0.231442    1.712781 v _373_/X (sky130_fd_sc_hd__a22o_2)
                                                         _022_ (net)
                      0.037377    0.000063    1.712844 v _454_/D (sky130_fd_sc_hd__dfrtp_2)
                                              1.712844   data arrival time

                                 25.000000   25.000000   clock clk (rise edge)
                                  0.000000   25.000000   clock source latency
     2    0.019867    0.095149    0.065633   25.065632 ^ clk (in)
                                                         clk (net)
                      0.095166    0.000000   25.065632 ^ clkbuf_0_clk/A (sky130_fd_sc_hd__clkbuf_16)
     8    0.083891    0.100833    0.191418   25.257050 ^ clkbuf_0_clk/X (sky130_fd_sc_hd__clkbuf_16)
                                                         clknet_0_clk (net)
                      0.100929    0.001664   25.258715 ^ clkbuf_3_7__f_clk/A (sky130_fd_sc_hd__clkbuf_16)
     9    0.027056    0.048206    0.152609   25.411324 ^ clkbuf_3_7__f_clk/X (sky130_fd_sc_hd__clkbuf_16)
                                                         clknet_3_7__leaf_clk (net)
                      0.048211    0.000451   25.411776 ^ _454_/CLK (sky130_fd_sc_hd__dfrtp_2)
                                 -0.250000   25.161776   clock uncertainty
                                  0.000000   25.161776   clock reconvergence pessimism
                                 -0.111407   25.050367   library setup time
                                             25.050367   data required time
---------------------------------------------------------------------------------------------
                                             25.050367   data required time
                                             -1.712844   data arrival time
---------------------------------------------------------------------------------------------
                                             23.337524   slack (MET)


Startpoint: _414_ (rising edge-triggered flip-flop clocked by clk)
Endpoint: _418_ (rising edge-triggered flip-flop clocked by clk)
Path Group: clk
Path Type: max

Fanout         Cap        Slew       Delay        Time   Description
---------------------------------------------------------------------------------------------
                                  0.000000    0.000000   clock clk (rise edge)
                                  0.000000    0.000000   clock source latency
     2    0.019867    0.095149    0.065634    0.065634 ^ clk (in)
                                                         clk (net)
                      0.095166    0.000000    0.065634 ^ clkbuf_0_clk/A (sky130_fd_sc_hd__clkbuf_16)
     8    0.083891    0.100833    0.191418    0.257052 ^ clkbuf_0_clk/X (sky130_fd_sc_hd__clkbuf_16)
                                                         clknet_0_clk (net)
                      0.101134    0.003997    0.261049 ^ clkbuf_3_3__f_clk/A (sky130_fd_sc_hd__clkbuf_16)
    10    0.029890    0.050956    0.154789    0.415837 ^ clkbuf_3_3__f_clk/X (sky130_fd_sc_hd__clkbuf_16)
                                                         clknet_3_3__leaf_clk (net)
                      0.050958    0.000612    0.416450 ^ _414_/CLK (sky130_fd_sc_hd__dfrtp_2)
     6    0.019486    0.078078    0.435763    0.852213 v _414_/Q (sky130_fd_sc_hd__dfrtp_2)
                                                         TOP.top_rng_inst.lut1.ecstate.count_out[0] (net)
                      0.078080    0.000505    0.852718 v _220_/A (sky130_fd_sc_hd__and3_2)
     4    0.009463    0.053715    0.204783    1.057501 v _220_/X (sky130_fd_sc_hd__and3_2)
                                                         _062_ (net)
                      0.053716    0.000371    1.057872 v _224_/B (sky130_fd_sc_hd__and2_2)
     2    0.003831    0.039455    0.190734    1.248606 v _224_/X (sky130_fd_sc_hd__and2_2)
                                                         _064_ (net)
                      0.039455    0.000087    1.248693 v _234_/B (sky130_fd_sc_hd__or2_2)
     1    0.001868    0.050710    0.258756    1.507449 v _234_/X (sky130_fd_sc_hd__or2_2)
                                                         _068_ (net)
                      0.050710    0.000052    1.507501 v _235_/B (sky130_fd_sc_hd__and3b_2)
     1    0.003538    0.039507    0.192948    1.700449 v _235_/X (sky130_fd_sc_hd__and3b_2)
                                                         TOP.top_rng_inst.lut1.ecstate.next_count[4] (net)
                      0.039507    0.000115    1.700565 v _418_/D (sky130_fd_sc_hd__dfrtp_2)
                                              1.700565   data arrival time

                                 25.000000   25.000000   clock clk (rise edge)
                                  0.000000   25.000000   clock source latency
     2    0.019867    0.095149    0.065633   25.065632 ^ clk (in)
                                                         clk (net)
                      0.095166    0.000000   25.065632 ^ clkbuf_0_clk/A (sky130_fd_sc_hd__clkbuf_16)
     8    0.083891    0.100833    0.191418   25.257050 ^ clkbuf_0_clk/X (sky130_fd_sc_hd__clkbuf_16)
                                                         clknet_0_clk (net)
                      0.101136    0.004015   25.261065 ^ clkbuf_3_2__f_clk/A (sky130_fd_sc_hd__clkbuf_16)
    10    0.035070    0.055414    0.158654   25.419718 ^ clkbuf_3_2__f_clk/X (sky130_fd_sc_hd__clkbuf_16)
                                                         clknet_3_2__leaf_clk (net)
                      0.055438    0.000693   25.420412 ^ _418_/CLK (sky130_fd_sc_hd__dfrtp_2)
                                 -0.250000   25.170412   clock uncertainty
                                  0.000000   25.170412   clock reconvergence pessimism
                                 -0.110671   25.059742   library setup time
                                             25.059742   data required time
---------------------------------------------------------------------------------------------
                                             25.059742   data required time
                                             -1.700565   data arrival time
---------------------------------------------------------------------------------------------
                                             23.359177   slack (MET)


Startpoint: _414_ (rising edge-triggered flip-flop clocked by clk)
Endpoint: _416_ (rising edge-triggered flip-flop clocked by clk)
Path Group: clk
Path Type: max

Fanout         Cap        Slew       Delay        Time   Description
---------------------------------------------------------------------------------------------
                                  0.000000    0.000000   clock clk (rise edge)
                                  0.000000    0.000000   clock source latency
     2    0.019867    0.095149    0.065634    0.065634 ^ clk (in)
                                                         clk (net)
                      0.095166    0.000000    0.065634 ^ clkbuf_0_clk/A (sky130_fd_sc_hd__clkbuf_16)
     8    0.083891    0.100833    0.191418    0.257052 ^ clkbuf_0_clk/X (sky130_fd_sc_hd__clkbuf_16)
                                                         clknet_0_clk (net)
                      0.101134    0.003997    0.261049 ^ clkbuf_3_3__f_clk/A (sky130_fd_sc_hd__clkbuf_16)
    10    0.029890    0.050956    0.154789    0.415837 ^ clkbuf_3_3__f_clk/X (sky130_fd_sc_hd__clkbuf_16)
                                                         clknet_3_3__leaf_clk (net)
                      0.050958    0.000612    0.416450 ^ _414_/CLK (sky130_fd_sc_hd__dfrtp_2)
     6    0.019486    0.078078    0.435763    0.852213 v _414_/Q (sky130_fd_sc_hd__dfrtp_2)
                                                         TOP.top_rng_inst.lut1.ecstate.count_out[0] (net)
                      0.078080    0.000526    0.852738 v _217_/A1 (sky130_fd_sc_hd__o21a_2)
     1    0.006399    0.042255    0.228206    1.080945 v _217_/X (sky130_fd_sc_hd__o21a_2)
                                                         _059_ (net)
                      0.042255    0.000227    1.081172 v _218_/A3 (sky130_fd_sc_hd__o31ai_2)
     2    0.008192    0.250275    0.232731    1.313904 ^ _218_/Y (sky130_fd_sc_hd__o31ai_2)
                                                         _060_ (net)
                      0.250275    0.000104    1.314008 ^ _219_/B (sky130_fd_sc_hd__and2_2)
     5    0.017562    0.104081    0.241868    1.555876 ^ _219_/X (sky130_fd_sc_hd__and2_2)
                                                         _061_ (net)
                      0.104082    0.000579    1.556455 ^ _222_/C (sky130_fd_sc_hd__and3b_2)
     1    0.002924    0.042723    0.183782    1.740237 ^ _222_/X (sky130_fd_sc_hd__and3b_2)
                                                         TOP.top_rng_inst.lut1.ecstate.next_count[2] (net)
                      0.042723    0.000084    1.740321 ^ _416_/D (sky130_fd_sc_hd__dfrtp_2)
                                              1.740321   data arrival time

                                 25.000000   25.000000   clock clk (rise edge)
                                  0.000000   25.000000   clock source latency
     2    0.019867    0.095149    0.065633   25.065632 ^ clk (in)
                                                         clk (net)
                      0.095166    0.000000   25.065632 ^ clkbuf_0_clk/A (sky130_fd_sc_hd__clkbuf_16)
     8    0.083891    0.100833    0.191418   25.257050 ^ clkbuf_0_clk/X (sky130_fd_sc_hd__clkbuf_16)
                                                         clknet_0_clk (net)
                      0.100933    0.001741   25.258791 ^ clkbuf_3_6__f_clk/A (sky130_fd_sc_hd__clkbuf_16)
    10    0.030024    0.051105    0.154925   25.413715 ^ clkbuf_3_6__f_clk/X (sky130_fd_sc_hd__clkbuf_16)
                                                         clknet_3_6__leaf_clk (net)
                      0.051109    0.000837   25.414553 ^ _416_/CLK (sky130_fd_sc_hd__dfrtp_2)
                                 -0.250000   25.164555   clock uncertainty
                                  0.000000   25.164555   clock reconvergence pessimism
                                 -0.062033   25.102520   library setup time
                                             25.102520   data required time
---------------------------------------------------------------------------------------------
                                             25.102520   data required time
                                             -1.740321   data arrival time
---------------------------------------------------------------------------------------------
                                             23.362200   slack (MET)


Startpoint: _414_ (rising edge-triggered flip-flop clocked by clk)
Endpoint: _417_ (rising edge-triggered flip-flop clocked by clk)
Path Group: clk
Path Type: max

Fanout         Cap        Slew       Delay        Time   Description
---------------------------------------------------------------------------------------------
                                  0.000000    0.000000   clock clk (rise edge)
                                  0.000000    0.000000   clock source latency
     2    0.019867    0.095149    0.065634    0.065634 ^ clk (in)
                                                         clk (net)
                      0.095166    0.000000    0.065634 ^ clkbuf_0_clk/A (sky130_fd_sc_hd__clkbuf_16)
     8    0.083891    0.100833    0.191418    0.257052 ^ clkbuf_0_clk/X (sky130_fd_sc_hd__clkbuf_16)
                                                         clknet_0_clk (net)
                      0.101134    0.003997    0.261049 ^ clkbuf_3_3__f_clk/A (sky130_fd_sc_hd__clkbuf_16)
    10    0.029890    0.050956    0.154789    0.415837 ^ clkbuf_3_3__f_clk/X (sky130_fd_sc_hd__clkbuf_16)
                                                         clknet_3_3__leaf_clk (net)
                      0.050958    0.000612    0.416450 ^ _414_/CLK (sky130_fd_sc_hd__dfrtp_2)
     6    0.019486    0.078078    0.435763    0.852213 v _414_/Q (sky130_fd_sc_hd__dfrtp_2)
                                                         TOP.top_rng_inst.lut1.ecstate.count_out[0] (net)
                      0.078080    0.000526    0.852738 v _217_/A1 (sky130_fd_sc_hd__o21a_2)
     1    0.006399    0.042255    0.228206    1.080945 v _217_/X (sky130_fd_sc_hd__o21a_2)
                                                         _059_ (net)
                      0.042255    0.000227    1.081172 v _218_/A3 (sky130_fd_sc_hd__o31ai_2)
     2    0.008192    0.250275    0.232731    1.313904 ^ _218_/Y (sky130_fd_sc_hd__o31ai_2)
                                                         _060_ (net)
                      0.250275    0.000104    1.314008 ^ _219_/B (sky130_fd_sc_hd__and2_2)
     5    0.017562    0.104081    0.241868    1.555876 ^ _219_/X (sky130_fd_sc_hd__and2_2)
                                                         _061_ (net)
                      0.104081    0.000533    1.556409 ^ _233_/C (sky130_fd_sc_hd__and3b_2)
     1    0.002386    0.040332    0.180422    1.736831 ^ _233_/X (sky130_fd_sc_hd__and3b_2)
                                                         TOP.top_rng_inst.lut1.ecstate.next_count[3] (net)
                      0.040332    0.000048    1.736879 ^ _417_/D (sky130_fd_sc_hd__dfrtp_2)
                                              1.736879   data arrival time

                                 25.000000   25.000000   clock clk (rise edge)
                                  0.000000   25.000000   clock source latency
     2    0.019867    0.095149    0.065633   25.065632 ^ clk (in)
                                                         clk (net)
                      0.095166    0.000000   25.065632 ^ clkbuf_0_clk/A (sky130_fd_sc_hd__clkbuf_16)
     8    0.083891    0.100833    0.191418   25.257050 ^ clkbuf_0_clk/X (sky130_fd_sc_hd__clkbuf_16)
                                                         clknet_0_clk (net)
                      0.101134    0.003997   25.261047 ^ clkbuf_3_3__f_clk/A (sky130_fd_sc_hd__clkbuf_16)
    10    0.029890    0.050956    0.154790   25.415836 ^ clkbuf_3_3__f_clk/X (sky130_fd_sc_hd__clkbuf_16)
                                                         clknet_3_3__leaf_clk (net)
                      0.050963    0.001076   25.416914 ^ _417_/CLK (sky130_fd_sc_hd__dfrtp_2)
                                 -0.250000   25.166914   clock uncertainty
                                  0.000000   25.166914   clock reconvergence pessimism
                                 -0.061498   25.105417   library setup time
                                             25.105417   data required time
---------------------------------------------------------------------------------------------
                                             25.105417   data required time
                                             -1.736879   data arrival time
---------------------------------------------------------------------------------------------
                                             23.368538   slack (MET)


Startpoint: _414_ (rising edge-triggered flip-flop clocked by clk)
Endpoint: _419_ (rising edge-triggered flip-flop clocked by clk)
Path Group: clk
Path Type: max

Fanout         Cap        Slew       Delay        Time   Description
---------------------------------------------------------------------------------------------
                                  0.000000    0.000000   clock clk (rise edge)
                                  0.000000    0.000000   clock source latency
     2    0.019867    0.095149    0.065634    0.065634 ^ clk (in)
                                                         clk (net)
                      0.095166    0.000000    0.065634 ^ clkbuf_0_clk/A (sky130_fd_sc_hd__clkbuf_16)
     8    0.083891    0.100833    0.191418    0.257052 ^ clkbuf_0_clk/X (sky130_fd_sc_hd__clkbuf_16)
                                                         clknet_0_clk (net)
                      0.101134    0.003997    0.261049 ^ clkbuf_3_3__f_clk/A (sky130_fd_sc_hd__clkbuf_16)
    10    0.029890    0.050956    0.154789    0.415837 ^ clkbuf_3_3__f_clk/X (sky130_fd_sc_hd__clkbuf_16)
                                                         clknet_3_3__leaf_clk (net)
                      0.050958    0.000612    0.416450 ^ _414_/CLK (sky130_fd_sc_hd__dfrtp_2)
     6    0.019486    0.078078    0.435763    0.852213 v _414_/Q (sky130_fd_sc_hd__dfrtp_2)
                                                         TOP.top_rng_inst.lut1.ecstate.count_out[0] (net)
                      0.078080    0.000526    0.852738 v _217_/A1 (sky130_fd_sc_hd__o21a_2)
     1    0.006399    0.042255    0.228206    1.080945 v _217_/X (sky130_fd_sc_hd__o21a_2)
                                                         _059_ (net)
                      0.042255    0.000227    1.081172 v _218_/A3 (sky130_fd_sc_hd__o31ai_2)
     2    0.008192    0.250275    0.232731    1.313904 ^ _218_/Y (sky130_fd_sc_hd__o31ai_2)
                                                         _060_ (net)
                      0.250275    0.000104    1.314008 ^ _219_/B (sky130_fd_sc_hd__and2_2)
     5    0.017562    0.104081    0.241868    1.555876 ^ _219_/X (sky130_fd_sc_hd__and2_2)
                                                         _061_ (net)
                      0.104081    0.000421    1.556297 ^ _226_/B1 (sky130_fd_sc_hd__o21a_2)
     2    0.006348    0.047803    0.149369    1.705666 ^ _226_/X (sky130_fd_sc_hd__o21a_2)
                                                         TOP.top_rng_inst.lut1.ecstate.next_count[5] (net)
                      0.047803    0.000113    1.705779 ^ _419_/D (sky130_fd_sc_hd__dfrtp_2)
                                              1.705779   data arrival time

                                 25.000000   25.000000   clock clk (rise edge)
                                  0.000000   25.000000   clock source latency
     2    0.019867    0.095149    0.065633   25.065632 ^ clk (in)
                                                         clk (net)
                      0.095166    0.000000   25.065632 ^ clkbuf_0_clk/A (sky130_fd_sc_hd__clkbuf_16)
     8    0.083891    0.100833    0.191418   25.257050 ^ clkbuf_0_clk/X (sky130_fd_sc_hd__clkbuf_16)
                                                         clknet_0_clk (net)
                      0.101134    0.003997   25.261047 ^ clkbuf_3_3__f_clk/A (sky130_fd_sc_hd__clkbuf_16)
    10    0.029890    0.050956    0.154790   25.415836 ^ clkbuf_3_3__f_clk/X (sky130_fd_sc_hd__clkbuf_16)
                                                         clknet_3_3__leaf_clk (net)
                      0.050962    0.001021   25.416859 ^ _419_/CLK (sky130_fd_sc_hd__dfrtp_2)
                                 -0.250000   25.166859   clock uncertainty
                                  0.000000   25.166859   clock reconvergence pessimism
                                 -0.063241   25.103619   library setup time
                                             25.103619   data required time
---------------------------------------------------------------------------------------------
                                             25.103619   data required time
                                             -1.705779   data arrival time
---------------------------------------------------------------------------------------------
                                             23.397840   slack (MET)


Startpoint: _450_ (rising edge-triggered flip-flop clocked by clk)
Endpoint: _450_ (rising edge-triggered flip-flop clocked by clk)
Path Group: clk
Path Type: max

Fanout         Cap        Slew       Delay        Time   Description
---------------------------------------------------------------------------------------------
                                  0.000000    0.000000   clock clk (rise edge)
                                  0.000000    0.000000   clock source latency
     2    0.019867    0.095149    0.065634    0.065634 ^ clk (in)
                                                         clk (net)
                      0.095166    0.000000    0.065634 ^ clkbuf_0_clk/A (sky130_fd_sc_hd__clkbuf_16)
     8    0.083891    0.100833    0.191418    0.257052 ^ clkbuf_0_clk/X (sky130_fd_sc_hd__clkbuf_16)
                                                         clknet_0_clk (net)
                      0.100933    0.001741    0.258792 ^ clkbuf_3_6__f_clk/A (sky130_fd_sc_hd__clkbuf_16)
    10    0.030024    0.051105    0.154925    0.413718 ^ clkbuf_3_6__f_clk/X (sky130_fd_sc_hd__clkbuf_16)
                                                         clknet_3_6__leaf_clk (net)
                      0.051108    0.000719    0.414437 ^ _450_/CLK (sky130_fd_sc_hd__dfrtp_2)
     3    0.009938    0.057452    0.409338    0.823775 v _450_/Q (sky130_fd_sc_hd__dfrtp_2)
                                                         net16 (net)
                      0.057452    0.000172    0.823947 v hold133/A (sky130_fd_sc_hd__dlygate4sd3_1)
     1    0.008977    0.082237    0.594749    1.418696 v hold133/X (sky130_fd_sc_hd__dlygate4sd3_1)
                                                         net133 (net)
                      0.082237    0.000188    1.418884 v _361_/A (sky130_fd_sc_hd__xor2_2)
     1    0.002417    0.042298    0.173905    1.592789 v _361_/X (sky130_fd_sc_hd__xor2_2)
                                                         _018_ (net)
                      0.042298    0.000069    1.592858 v _450_/D (sky130_fd_sc_hd__dfrtp_2)
                                              1.592858   data arrival time

                                 25.000000   25.000000   clock clk (rise edge)
                                  0.000000   25.000000   clock source latency
     2    0.019867    0.095149    0.065633   25.065632 ^ clk (in)
                                                         clk (net)
                      0.095166    0.000000   25.065632 ^ clkbuf_0_clk/A (sky130_fd_sc_hd__clkbuf_16)
     8    0.083891    0.100833    0.191418   25.257050 ^ clkbuf_0_clk/X (sky130_fd_sc_hd__clkbuf_16)
                                                         clknet_0_clk (net)
                      0.100933    0.001741   25.258791 ^ clkbuf_3_6__f_clk/A (sky130_fd_sc_hd__clkbuf_16)
    10    0.030024    0.051105    0.154925   25.413715 ^ clkbuf_3_6__f_clk/X (sky130_fd_sc_hd__clkbuf_16)
                                                         clknet_3_6__leaf_clk (net)
                      0.051108    0.000719   25.414436 ^ _450_/CLK (sky130_fd_sc_hd__dfrtp_2)
                                 -0.250000   25.164436   clock uncertainty
                                  0.000000   25.164436   clock reconvergence pessimism
                                 -0.112896   25.051540   library setup time
                                             25.051540   data required time
---------------------------------------------------------------------------------------------
                                             25.051540   data required time
                                             -1.592858   data arrival time
---------------------------------------------------------------------------------------------
                                             23.458683   slack (MET)


Startpoint: _475_ (rising edge-triggered flip-flop clocked by clk)
Endpoint: _473_ (rising edge-triggered flip-flop clocked by clk)
Path Group: clk
Path Type: max

Fanout         Cap        Slew       Delay        Time   Description
---------------------------------------------------------------------------------------------
                                  0.000000    0.000000   clock clk (rise edge)
                                  0.000000    0.000000   clock source latency
     2    0.019867    0.095149    0.065634    0.065634 ^ clk (in)
                                                         clk (net)
                      0.095166    0.000000    0.065634 ^ clkbuf_0_clk/A (sky130_fd_sc_hd__clkbuf_16)
     8    0.083891    0.100833    0.191418    0.257052 ^ clkbuf_0_clk/X (sky130_fd_sc_hd__clkbuf_16)
                                                         clknet_0_clk (net)
                      0.101100    0.003724    0.260775 ^ clkbuf_3_0__f_clk/A (sky130_fd_sc_hd__clkbuf_16)
    10    0.031133    0.052041    0.155755    0.416530 ^ clkbuf_3_0__f_clk/X (sky130_fd_sc_hd__clkbuf_16)
                                                         clknet_3_0__leaf_clk (net)
                      0.052042    0.000529    0.417059 ^ _475_/CLK (sky130_fd_sc_hd__dfrtp_2)
     5    0.012682    0.063359    0.419752    0.836811 v _475_/Q (sky130_fd_sc_hd__dfrtp_2)
                                                         TOP.top_rng_inst.k1.psc.count_out[3] (net)
                      0.063359    0.000253    0.837064 v hold153/A (sky130_fd_sc_hd__dlygate4sd3_1)
     1    0.005582    0.066568    0.575566    1.412630 v hold153/X (sky130_fd_sc_hd__dlygate4sd3_1)
                                                         net153 (net)
                      0.066568    0.000190    1.412820 v _242_/B1 (sky130_fd_sc_hd__a21oi_2)
     1    0.003112    0.083117    0.102446    1.515267 ^ _242_/Y (sky130_fd_sc_hd__a21oi_2)
                                                         _071_ (net)
                      0.083117    0.000093    1.515359 ^ _243_/B1 (sky130_fd_sc_hd__o21a_2)
     1    0.002718    0.031139    0.125804    1.641163 ^ _243_/X (sky130_fd_sc_hd__o21a_2)
                                                         TOP.top_rng_inst.k1.psc.next_count[1] (net)
                      0.031139    0.000080    1.641243 ^ _473_/D (sky130_fd_sc_hd__dfrtp_2)
                                              1.641243   data arrival time

                                 25.000000   25.000000   clock clk (rise edge)
                                  0.000000   25.000000   clock source latency
     2    0.019867    0.095149    0.065633   25.065632 ^ clk (in)
                                                         clk (net)
                      0.095166    0.000000   25.065632 ^ clkbuf_0_clk/A (sky130_fd_sc_hd__clkbuf_16)
     8    0.083891    0.100833    0.191418   25.257050 ^ clkbuf_0_clk/X (sky130_fd_sc_hd__clkbuf_16)
                                                         clknet_0_clk (net)
                      0.101100    0.003725   25.260775 ^ clkbuf_3_0__f_clk/A (sky130_fd_sc_hd__clkbuf_16)
    10    0.031133    0.052041    0.155755   25.416531 ^ clkbuf_3_0__f_clk/X (sky130_fd_sc_hd__clkbuf_16)
                                                         clknet_3_0__leaf_clk (net)
                      0.052043    0.000595   25.417126 ^ _473_/CLK (sky130_fd_sc_hd__dfrtp_2)
                                 -0.250000   25.167126   clock uncertainty
                                  0.000000   25.167126   clock reconvergence pessimism
                                 -0.059189   25.107937   library setup time
                                             25.107937   data required time
---------------------------------------------------------------------------------------------
                                             25.107937   data required time
                                             -1.641243   data arrival time
---------------------------------------------------------------------------------------------
                                             23.466694   slack (MET)


Startpoint: _431_ (rising edge-triggered flip-flop clocked by clk)
Endpoint: _449_ (rising edge-triggered flip-flop clocked by clk)
Path Group: clk
Path Type: max

Fanout         Cap        Slew       Delay        Time   Description
---------------------------------------------------------------------------------------------
                                  0.000000    0.000000   clock clk (rise edge)
                                  0.000000    0.000000   clock source latency
     2    0.019867    0.095149    0.065634    0.065634 ^ clk (in)
                                                         clk (net)
                      0.095166    0.000000    0.065634 ^ clkbuf_0_clk/A (sky130_fd_sc_hd__clkbuf_16)
     8    0.083891    0.100833    0.191418    0.257052 ^ clkbuf_0_clk/X (sky130_fd_sc_hd__clkbuf_16)
                                                         clknet_0_clk (net)
                      0.100933    0.001741    0.258792 ^ clkbuf_3_6__f_clk/A (sky130_fd_sc_hd__clkbuf_16)
    10    0.030024    0.051105    0.154925    0.413718 ^ clkbuf_3_6__f_clk/X (sky130_fd_sc_hd__clkbuf_16)
                                                         clknet_3_6__leaf_clk (net)
                      0.051105    0.000226    0.413944 ^ _431_/CLK (sky130_fd_sc_hd__dfrtp_2)
     4    0.011990    0.062514    0.416874    0.830817 v _431_/Q (sky130_fd_sc_hd__dfrtp_2)
                                                         TOP.top_rng_inst.display.psc.rollover_flag (net)
                      0.062514    0.000233    0.831050 v hold159/A (sky130_fd_sc_hd__dlygate4sd3_1)
     1    0.004833    0.063009    0.570352    1.401402 v hold159/X (sky130_fd_sc_hd__dlygate4sd3_1)
                                                         net159 (net)
                      0.063009    0.000094    1.401496 v _359_/A2 (sky130_fd_sc_hd__a21oi_2)
     1    0.005790    0.109618    0.151869    1.553365 ^ _359_/Y (sky130_fd_sc_hd__a21oi_2)
                                                         _160_ (net)
                      0.109618    0.000138    1.553504 ^ _360_/B (sky130_fd_sc_hd__nor2_2)
     1    0.002249    0.027955    0.037167    1.590671 v _360_/Y (sky130_fd_sc_hd__nor2_2)
                                                         _017_ (net)
                      0.027955    0.000063    1.590734 v _449_/D (sky130_fd_sc_hd__dfrtp_2)
                                              1.590734   data arrival time

                                 25.000000   25.000000   clock clk (rise edge)
                                  0.000000   25.000000   clock source latency
     2    0.019867    0.095149    0.065633   25.065632 ^ clk (in)
                                                         clk (net)
                      0.095166    0.000000   25.065632 ^ clkbuf_0_clk/A (sky130_fd_sc_hd__clkbuf_16)
     8    0.083891    0.100833    0.191418   25.257050 ^ clkbuf_0_clk/X (sky130_fd_sc_hd__clkbuf_16)
                                                         clknet_0_clk (net)
                      0.100933    0.001741   25.258791 ^ clkbuf_3_6__f_clk/A (sky130_fd_sc_hd__clkbuf_16)
    10    0.030024    0.051105    0.154925   25.413715 ^ clkbuf_3_6__f_clk/X (sky130_fd_sc_hd__clkbuf_16)
                                                         clknet_3_6__leaf_clk (net)
                      0.051107    0.000602   25.414318 ^ _449_/CLK (sky130_fd_sc_hd__dfrtp_2)
                                 -0.250000   25.164320   clock uncertainty
                                  0.000000   25.164320   clock reconvergence pessimism
                                 -0.106605   25.057714   library setup time
                                             25.057714   data required time
---------------------------------------------------------------------------------------------
                                             25.057714   data required time
                                             -1.590734   data arrival time
---------------------------------------------------------------------------------------------
                                             23.466980   slack (MET)


Startpoint: _431_ (rising edge-triggered flip-flop clocked by clk)
Endpoint: _448_ (rising edge-triggered flip-flop clocked by clk)
Path Group: clk
Path Type: max

Fanout         Cap        Slew       Delay        Time   Description
---------------------------------------------------------------------------------------------
                                  0.000000    0.000000   clock clk (rise edge)
                                  0.000000    0.000000   clock source latency
     2    0.019867    0.095149    0.065634    0.065634 ^ clk (in)
                                                         clk (net)
                      0.095166    0.000000    0.065634 ^ clkbuf_0_clk/A (sky130_fd_sc_hd__clkbuf_16)
     8    0.083891    0.100833    0.191418    0.257052 ^ clkbuf_0_clk/X (sky130_fd_sc_hd__clkbuf_16)
                                                         clknet_0_clk (net)
                      0.100933    0.001741    0.258792 ^ clkbuf_3_6__f_clk/A (sky130_fd_sc_hd__clkbuf_16)
    10    0.030024    0.051105    0.154925    0.413718 ^ clkbuf_3_6__f_clk/X (sky130_fd_sc_hd__clkbuf_16)
                                                         clknet_3_6__leaf_clk (net)
                      0.051105    0.000226    0.413944 ^ _431_/CLK (sky130_fd_sc_hd__dfrtp_2)
     4    0.011990    0.062514    0.416874    0.830817 v _431_/Q (sky130_fd_sc_hd__dfrtp_2)
                                                         TOP.top_rng_inst.display.psc.rollover_flag (net)
                      0.062514    0.000201    0.831018 v hold134/A (sky130_fd_sc_hd__dlygate4sd3_1)
     1    0.008043    0.078751    0.591237    1.422255 v hold134/X (sky130_fd_sc_hd__dlygate4sd3_1)
                                                         net134 (net)
                      0.078751    0.000159    1.422414 v _357_/B (sky130_fd_sc_hd__xor2_2)
     1    0.002619    0.059036    0.145563    1.567977 v _357_/X (sky130_fd_sc_hd__xor2_2)
                                                         _016_ (net)
                      0.059036    0.000078    1.568055 v _448_/D (sky130_fd_sc_hd__dfrtp_2)
                                              1.568055   data arrival time

                                 25.000000   25.000000   clock clk (rise edge)
                                  0.000000   25.000000   clock source latency
     2    0.019867    0.095149    0.065633   25.065632 ^ clk (in)
                                                         clk (net)
                      0.095166    0.000000   25.065632 ^ clkbuf_0_clk/A (sky130_fd_sc_hd__clkbuf_16)
     8    0.083891    0.100833    0.191418   25.257050 ^ clkbuf_0_clk/X (sky130_fd_sc_hd__clkbuf_16)
                                                         clknet_0_clk (net)
                      0.100933    0.001741   25.258791 ^ clkbuf_3_6__f_clk/A (sky130_fd_sc_hd__clkbuf_16)
    10    0.030024    0.051105    0.154925   25.413715 ^ clkbuf_3_6__f_clk/X (sky130_fd_sc_hd__clkbuf_16)
                                                         clknet_3_6__leaf_clk (net)
                      0.051108    0.000771   25.414488 ^ _448_/CLK (sky130_fd_sc_hd__dfrtp_2)
                                 -0.250000   25.164488   clock uncertainty
                                  0.000000   25.164488   clock reconvergence pessimism
                                 -0.120238   25.044250   library setup time
                                             25.044250   data required time
---------------------------------------------------------------------------------------------
                                             25.044250   data required time
                                             -1.568055   data arrival time
---------------------------------------------------------------------------------------------
                                             23.476196   slack (MET)


Startpoint: _483_ (rising edge-triggered flip-flop clocked by clk)
Endpoint: _484_ (rising edge-triggered flip-flop clocked by clk)
Path Group: clk
Path Type: max

Fanout         Cap        Slew       Delay        Time   Description
---------------------------------------------------------------------------------------------
                                  0.000000    0.000000   clock clk (rise edge)
                                  0.000000    0.000000   clock source latency
     2    0.019867    0.095149    0.065634    0.065634 ^ clk (in)
                                                         clk (net)
                      0.095166    0.000000    0.065634 ^ clkbuf_0_clk/A (sky130_fd_sc_hd__clkbuf_16)
     8    0.083891    0.100833    0.191418    0.257052 ^ clkbuf_0_clk/X (sky130_fd_sc_hd__clkbuf_16)
                                                         clknet_0_clk (net)
                      0.101087    0.003604    0.260656 ^ clkbuf_3_1__f_clk/A (sky130_fd_sc_hd__clkbuf_16)
    10    0.036358    0.056462    0.159432    0.420088 ^ clkbuf_3_1__f_clk/X (sky130_fd_sc_hd__clkbuf_16)
                                                         clknet_3_1__leaf_clk (net)
                      0.056567    0.001498    0.421586 ^ _483_/CLK (sky130_fd_sc_hd__dfrtp_2)
     1    0.002981    0.038438    0.383233    0.804819 v _483_/Q (sky130_fd_sc_hd__dfrtp_2)
                                                         TOP.top_rng_inst.k1.sync_r0.n_sr[1] (net)
                      0.038438    0.000096    0.804915 v hold111/A (sky130_fd_sc_hd__dlygate4sd3_1)
     1    0.002304    0.050326    0.541120    1.346035 v hold111/X (sky130_fd_sc_hd__dlygate4sd3_1)
                                                         net111 (net)
                      0.050326    0.000046    1.346081 v _484_/D (sky130_fd_sc_hd__dfrtp_2)
                                              1.346081   data arrival time

                                 25.000000   25.000000   clock clk (rise edge)
                                  0.000000   25.000000   clock source latency
     2    0.019867    0.095149    0.065633   25.065632 ^ clk (in)
                                                         clk (net)
                      0.095166    0.000000   25.065632 ^ clkbuf_0_clk/A (sky130_fd_sc_hd__clkbuf_16)
     8    0.083891    0.100833    0.191418   25.257050 ^ clkbuf_0_clk/X (sky130_fd_sc_hd__clkbuf_16)
                                                         clknet_0_clk (net)
                      0.101087    0.003604   25.260654 ^ clkbuf_3_1__f_clk/A (sky130_fd_sc_hd__clkbuf_16)
    10    0.036358    0.056462    0.159432   25.420086 ^ clkbuf_3_1__f_clk/X (sky130_fd_sc_hd__clkbuf_16)
                                                         clknet_3_1__leaf_clk (net)
                      0.056563    0.001446   25.421532 ^ _484_/CLK (sky130_fd_sc_hd__dfrtp_2)
                                 -0.250000   25.171534   clock uncertainty
                                  0.000000   25.171534   clock reconvergence pessimism
                                 -0.115155   25.056379   library setup time
                                             25.056379   data required time
---------------------------------------------------------------------------------------------
                                             25.056379   data required time
                                             -1.346081   data arrival time
---------------------------------------------------------------------------------------------
                                             23.710299   slack (MET)


Startpoint: _477_ (rising edge-triggered flip-flop clocked by clk)
Endpoint: _478_ (rising edge-triggered flip-flop clocked by clk)
Path Group: clk
Path Type: max

Fanout         Cap        Slew       Delay        Time   Description
---------------------------------------------------------------------------------------------
                                  0.000000    0.000000   clock clk (rise edge)
                                  0.000000    0.000000   clock source latency
     2    0.019867    0.095149    0.065634    0.065634 ^ clk (in)
                                                         clk (net)
                      0.095166    0.000000    0.065634 ^ clkbuf_0_clk/A (sky130_fd_sc_hd__clkbuf_16)
     8    0.083891    0.100833    0.191418    0.257052 ^ clkbuf_0_clk/X (sky130_fd_sc_hd__clkbuf_16)
                                                         clknet_0_clk (net)
                      0.101100    0.003724    0.260775 ^ clkbuf_3_0__f_clk/A (sky130_fd_sc_hd__clkbuf_16)
    10    0.031133    0.052041    0.155755    0.416530 ^ clkbuf_3_0__f_clk/X (sky130_fd_sc_hd__clkbuf_16)
                                                         clknet_3_0__leaf_clk (net)
                      0.052045    0.000821    0.417351 ^ _477_/CLK (sky130_fd_sc_hd__dfrtp_2)
     1    0.002510    0.037405    0.378967    0.796318 v _477_/Q (sky130_fd_sc_hd__dfrtp_2)
                                                         TOP.top_rng_inst.k1.sync_r3.n_sr[1] (net)
                      0.037405    0.000054    0.796372 v hold108/A (sky130_fd_sc_hd__dlygate4sd3_1)
     1    0.002487    0.051219    0.542368    1.338740 v hold108/X (sky130_fd_sc_hd__dlygate4sd3_1)
                                                         net108 (net)
                      0.051219    0.000071    1.338811 v _478_/D (sky130_fd_sc_hd__dfrtp_2)
                                              1.338811   data arrival time

                                 25.000000   25.000000   clock clk (rise edge)
                                  0.000000   25.000000   clock source latency
     2    0.019867    0.095149    0.065633   25.065632 ^ clk (in)
                                                         clk (net)
                      0.095166    0.000000   25.065632 ^ clkbuf_0_clk/A (sky130_fd_sc_hd__clkbuf_16)
     8    0.083891    0.100833    0.191418   25.257050 ^ clkbuf_0_clk/X (sky130_fd_sc_hd__clkbuf_16)
                                                         clknet_0_clk (net)
                      0.101100    0.003725   25.260775 ^ clkbuf_3_0__f_clk/A (sky130_fd_sc_hd__clkbuf_16)
    10    0.031133    0.052041    0.155755   25.416531 ^ clkbuf_3_0__f_clk/X (sky130_fd_sc_hd__clkbuf_16)
                                                         clknet_3_0__leaf_clk (net)
                      0.052045    0.000838   25.417368 ^ _478_/CLK (sky130_fd_sc_hd__dfrtp_2)
                                 -0.250000   25.167370   clock uncertainty
                                  0.000000   25.167370   clock reconvergence pessimism
                                 -0.116592   25.050776   library setup time
                                             25.050776   data required time
---------------------------------------------------------------------------------------------
                                             25.050776   data required time
                                             -1.338811   data arrival time
---------------------------------------------------------------------------------------------
                                             23.711966   slack (MET)


Startpoint: _481_ (rising edge-triggered flip-flop clocked by clk)
Endpoint: _482_ (rising edge-triggered flip-flop clocked by clk)
Path Group: clk
Path Type: max

Fanout         Cap        Slew       Delay        Time   Description
---------------------------------------------------------------------------------------------
                                  0.000000    0.000000   clock clk (rise edge)
                                  0.000000    0.000000   clock source latency
     2    0.019867    0.095149    0.065634    0.065634 ^ clk (in)
                                                         clk (net)
                      0.095166    0.000000    0.065634 ^ clkbuf_0_clk/A (sky130_fd_sc_hd__clkbuf_16)
     8    0.083891    0.100833    0.191418    0.257052 ^ clkbuf_0_clk/X (sky130_fd_sc_hd__clkbuf_16)
                                                         clknet_0_clk (net)
                      0.101087    0.003604    0.260656 ^ clkbuf_3_1__f_clk/A (sky130_fd_sc_hd__clkbuf_16)
    10    0.036358    0.056462    0.159432    0.420088 ^ clkbuf_3_1__f_clk/X (sky130_fd_sc_hd__clkbuf_16)
                                                         clknet_3_1__leaf_clk (net)
                      0.056564    0.001459    0.421547 ^ _481_/CLK (sky130_fd_sc_hd__dfrtp_2)
     1    0.002137    0.036331    0.378567    0.800114 v _481_/Q (sky130_fd_sc_hd__dfrtp_2)
                                                         TOP.top_rng_inst.k1.sync_r1.n_sr[1] (net)
                      0.036331    0.000058    0.800172 v hold109/A (sky130_fd_sc_hd__dlygate4sd3_1)
     1    0.002453    0.051034    0.541642    1.341815 v hold109/X (sky130_fd_sc_hd__dlygate4sd3_1)
                                                         net109 (net)
                      0.051034    0.000068    1.341883 v _482_/D (sky130_fd_sc_hd__dfrtp_2)
                                              1.341883   data arrival time

                                 25.000000   25.000000   clock clk (rise edge)
                                  0.000000   25.000000   clock source latency
     2    0.019867    0.095149    0.065633   25.065632 ^ clk (in)
                                                         clk (net)
                      0.095166    0.000000   25.065632 ^ clkbuf_0_clk/A (sky130_fd_sc_hd__clkbuf_16)
     8    0.083891    0.100833    0.191418   25.257050 ^ clkbuf_0_clk/X (sky130_fd_sc_hd__clkbuf_16)
                                                         clknet_0_clk (net)
                      0.101087    0.003604   25.260654 ^ clkbuf_3_1__f_clk/A (sky130_fd_sc_hd__clkbuf_16)
    10    0.036358    0.056462    0.159432   25.420086 ^ clkbuf_3_1__f_clk/X (sky130_fd_sc_hd__clkbuf_16)
                                                         clknet_3_1__leaf_clk (net)
                      0.056561    0.001428   25.421515 ^ _482_/CLK (sky130_fd_sc_hd__dfrtp_2)
                                 -0.250000   25.171515   clock uncertainty
                                  0.000000   25.171515   clock reconvergence pessimism
                                 -0.115466   25.056049   library setup time
                                             25.056049   data required time
---------------------------------------------------------------------------------------------
                                             25.056049   data required time
                                             -1.341883   data arrival time
---------------------------------------------------------------------------------------------
                                             23.714165   slack (MET)


Startpoint: _479_ (rising edge-triggered flip-flop clocked by clk)
Endpoint: _480_ (rising edge-triggered flip-flop clocked by clk)
Path Group: clk
Path Type: max

Fanout         Cap        Slew       Delay        Time   Description
---------------------------------------------------------------------------------------------
                                  0.000000    0.000000   clock clk (rise edge)
                                  0.000000    0.000000   clock source latency
     2    0.019867    0.095149    0.065634    0.065634 ^ clk (in)
                                                         clk (net)
                      0.095166    0.000000    0.065634 ^ clkbuf_0_clk/A (sky130_fd_sc_hd__clkbuf_16)
     8    0.083891    0.100833    0.191418    0.257052 ^ clkbuf_0_clk/X (sky130_fd_sc_hd__clkbuf_16)
                                                         clknet_0_clk (net)
                      0.101087    0.003604    0.260656 ^ clkbuf_3_1__f_clk/A (sky130_fd_sc_hd__clkbuf_16)
    10    0.036358    0.056462    0.159432    0.420088 ^ clkbuf_3_1__f_clk/X (sky130_fd_sc_hd__clkbuf_16)
                                                         clknet_3_1__leaf_clk (net)
                      0.056558    0.001380    0.421468 ^ _479_/CLK (sky130_fd_sc_hd__dfrtp_2)
     1    0.001975    0.035868    0.377669    0.799136 v _479_/Q (sky130_fd_sc_hd__dfrtp_2)
                                                         TOP.top_rng_inst.k1.sync_r2.n_sr[1] (net)
                      0.035868    0.000055    0.799191 v hold110/A (sky130_fd_sc_hd__dlygate4sd3_1)
     1    0.002449    0.051020    0.541432    1.340623 v hold110/X (sky130_fd_sc_hd__dlygate4sd3_1)
                                                         net110 (net)
                      0.051020    0.000069    1.340693 v _480_/D (sky130_fd_sc_hd__dfrtp_2)
                                              1.340693   data arrival time

                                 25.000000   25.000000   clock clk (rise edge)
                                  0.000000   25.000000   clock source latency
     2    0.019867    0.095149    0.065633   25.065632 ^ clk (in)
                                                         clk (net)
                      0.095166    0.000000   25.065632 ^ clkbuf_0_clk/A (sky130_fd_sc_hd__clkbuf_16)
     8    0.083891    0.100833    0.191418   25.257050 ^ clkbuf_0_clk/X (sky130_fd_sc_hd__clkbuf_16)
                                                         clknet_0_clk (net)
                      0.101087    0.003604   25.260654 ^ clkbuf_3_1__f_clk/A (sky130_fd_sc_hd__clkbuf_16)
    10    0.036358    0.056462    0.159432   25.420086 ^ clkbuf_3_1__f_clk/X (sky130_fd_sc_hd__clkbuf_16)
                                                         clknet_3_1__leaf_clk (net)
                      0.056556    0.001352   25.421438 ^ _480_/CLK (sky130_fd_sc_hd__dfrtp_2)
                                 -0.250000   25.171438   clock uncertainty
                                  0.000000   25.171438   clock reconvergence pessimism
                                 -0.115461   25.055977   library setup time
                                             25.055977   data required time
---------------------------------------------------------------------------------------------
                                             25.055977   data required time
                                             -1.340693   data arrival time
---------------------------------------------------------------------------------------------
                                             23.715284   slack (MET)


Startpoint: _472_ (rising edge-triggered flip-flop clocked by clk)
Endpoint: _476_ (rising edge-triggered flip-flop clocked by clk)
Path Group: clk
Path Type: max

Fanout         Cap        Slew       Delay        Time   Description
---------------------------------------------------------------------------------------------
                                  0.000000    0.000000   clock clk (rise edge)
                                  0.000000    0.000000   clock source latency
     2    0.019867    0.095149    0.065634    0.065634 ^ clk (in)
                                                         clk (net)
                      0.095166    0.000000    0.065634 ^ clkbuf_0_clk/A (sky130_fd_sc_hd__clkbuf_16)
     8    0.083891    0.100833    0.191418    0.257052 ^ clkbuf_0_clk/X (sky130_fd_sc_hd__clkbuf_16)
                                                         clknet_0_clk (net)
                      0.101100    0.003724    0.260775 ^ clkbuf_3_0__f_clk/A (sky130_fd_sc_hd__clkbuf_16)
    10    0.031133    0.052041    0.155755    0.416530 ^ clkbuf_3_0__f_clk/X (sky130_fd_sc_hd__clkbuf_16)
                                                         clknet_3_0__leaf_clk (net)
                      0.052043    0.000610    0.417140 ^ _472_/CLK (sky130_fd_sc_hd__dfrtp_2)
     7    0.024918    0.090708    0.449289    0.866429 v _472_/Q (sky130_fd_sc_hd__dfrtp_2)
                                                         TOP.top_rng_inst.k1.psc.count_out[0] (net)
                      0.090713    0.000752    0.867181 v _413_/D (sky130_fd_sc_hd__and4b_2)
     1    0.003068    0.042460    0.251275    1.118456 v _413_/X (sky130_fd_sc_hd__and4b_2)
                                                         TOP.top_rng_inst.k1.psc.next_flag (net)
                      0.042460    0.000094    1.118550 v _476_/D (sky130_fd_sc_hd__dfrtp_2)
                                              1.118550   data arrival time

                                 25.000000   25.000000   clock clk (rise edge)
                                  0.000000   25.000000   clock source latency
     2    0.019867    0.095149    0.065633   25.065632 ^ clk (in)
                                                         clk (net)
                      0.095166    0.000000   25.065632 ^ clkbuf_0_clk/A (sky130_fd_sc_hd__clkbuf_16)
     8    0.083891    0.100833    0.191418   25.257050 ^ clkbuf_0_clk/X (sky130_fd_sc_hd__clkbuf_16)
                                                         clknet_0_clk (net)
                      0.101100    0.003725   25.260775 ^ clkbuf_3_0__f_clk/A (sky130_fd_sc_hd__clkbuf_16)
    10    0.031133    0.052041    0.155755   25.416531 ^ clkbuf_3_0__f_clk/X (sky130_fd_sc_hd__clkbuf_16)
                                                         clknet_3_0__leaf_clk (net)
                      0.052044    0.000735   25.417265 ^ _476_/CLK (sky130_fd_sc_hd__dfrtp_2)
                                 -0.250000   25.167267   clock uncertainty
                                  0.000000   25.167267   clock reconvergence pessimism
                                 -0.112751   25.054516   library setup time
                                             25.054516   data required time
---------------------------------------------------------------------------------------------
                                             25.054516   data required time
                                             -1.118550   data arrival time
---------------------------------------------------------------------------------------------
                                             23.935965   slack (MET)


Startpoint: _472_ (rising edge-triggered flip-flop clocked by clk)
Endpoint: _475_ (rising edge-triggered flip-flop clocked by clk)
Path Group: clk
Path Type: max

Fanout         Cap        Slew       Delay        Time   Description
---------------------------------------------------------------------------------------------
                                  0.000000    0.000000   clock clk (rise edge)
                                  0.000000    0.000000   clock source latency
     2    0.019867    0.095149    0.065634    0.065634 ^ clk (in)
                                                         clk (net)
                      0.095166    0.000000    0.065634 ^ clkbuf_0_clk/A (sky130_fd_sc_hd__clkbuf_16)
     8    0.083891    0.100833    0.191418    0.257052 ^ clkbuf_0_clk/X (sky130_fd_sc_hd__clkbuf_16)
                                                         clknet_0_clk (net)
                      0.101100    0.003724    0.260775 ^ clkbuf_3_0__f_clk/A (sky130_fd_sc_hd__clkbuf_16)
    10    0.031133    0.052041    0.155755    0.416530 ^ clkbuf_3_0__f_clk/X (sky130_fd_sc_hd__clkbuf_16)
                                                         clknet_3_0__leaf_clk (net)
                      0.052043    0.000610    0.417140 ^ _472_/CLK (sky130_fd_sc_hd__dfrtp_2)
     7    0.024918    0.090708    0.449289    0.866429 v _472_/Q (sky130_fd_sc_hd__dfrtp_2)
                                                         TOP.top_rng_inst.k1.psc.count_out[0] (net)
                      0.090713    0.000738    0.867167 v _227_/D (sky130_fd_sc_hd__and4b_2)
     1    0.002262    0.040174    0.246987    1.114154 v _227_/X (sky130_fd_sc_hd__and4b_2)
                                                         TOP.top_rng_inst.k1.psc.next_count[3] (net)
                      0.040174    0.000044    1.114198 v _475_/D (sky130_fd_sc_hd__dfrtp_2)
                                              1.114198   data arrival time

                                 25.000000   25.000000   clock clk (rise edge)
                                  0.000000   25.000000   clock source latency
     2    0.019867    0.095149    0.065633   25.065632 ^ clk (in)
                                                         clk (net)
                      0.095166    0.000000   25.065632 ^ clkbuf_0_clk/A (sky130_fd_sc_hd__clkbuf_16)
     8    0.083891    0.100833    0.191418   25.257050 ^ clkbuf_0_clk/X (sky130_fd_sc_hd__clkbuf_16)
                                                         clknet_0_clk (net)
                      0.101100    0.003725   25.260775 ^ clkbuf_3_0__f_clk/A (sky130_fd_sc_hd__clkbuf_16)
    10    0.031133    0.052041    0.155755   25.416531 ^ clkbuf_3_0__f_clk/X (sky130_fd_sc_hd__clkbuf_16)
                                                         clknet_3_0__leaf_clk (net)
                      0.052042    0.000528   25.417057 ^ _475_/CLK (sky130_fd_sc_hd__dfrtp_2)
                                 -0.250000   25.167059   clock uncertainty
                                  0.000000   25.167059   clock reconvergence pessimism
                                 -0.111749   25.055309   library setup time
                                             25.055309   data required time
---------------------------------------------------------------------------------------------
                                             25.055309   data required time
                                             -1.114198   data arrival time
---------------------------------------------------------------------------------------------
                                             23.941111   slack (MET)



