
===========================================================================
report_checks -path_delay max (Setup)
============================================================================
======================= min_ff_n40C_1v95 Corner ===================================

Startpoint: _454_ (rising edge-triggered flip-flop clocked by clk)
Endpoint: gpio_out[10] (output port clocked by clk)
Path Group: clk
Path Type: max

Fanout         Cap        Slew       Delay        Time   Description
---------------------------------------------------------------------------------------------
                                  0.000000    0.000000   clock clk (rise edge)
                                  0.000000    0.000000   clock source latency
     2    0.019028    0.068483    0.046759    0.046759 ^ clk (in)
                                                         clk (net)
                      0.068490    0.000000    0.046759 ^ clkbuf_0_clk/A (sky130_fd_sc_hd__clkbuf_16)
     8    0.082689    0.076027    0.130394    0.177154 ^ clkbuf_0_clk/X (sky130_fd_sc_hd__clkbuf_16)
                                                         clknet_0_clk (net)
                      0.076034    0.000588    0.177742 ^ clkbuf_3_7__f_clk/A (sky130_fd_sc_hd__clkbuf_16)
     9    0.026754    0.036150    0.101655    0.279397 ^ clkbuf_3_7__f_clk/X (sky130_fd_sc_hd__clkbuf_16)
                                                         clknet_3_7__leaf_clk (net)
                      0.036151    0.000174    0.279570 ^ _454_/CLK (sky130_fd_sc_hd__dfrtp_2)
     2    0.006478    0.034851    0.247887    0.527457 v _454_/Q (sky130_fd_sc_hd__dfrtp_2)
                                                         TOP.top_rng_inst.display.current_data[3] (net)
                      0.034851    0.000059    0.527517 v fanout28/A (sky130_fd_sc_hd__clkdlybuf4s25_1)
    10    0.037571    0.190976    0.290329    0.817846 v fanout28/X (sky130_fd_sc_hd__clkdlybuf4s25_1)
                                                         net28 (net)
                      0.190976    0.000517    0.818363 v _262_/B (sky130_fd_sc_hd__or3b_2)
     2    0.006858    0.060228    0.312948    1.131311 v _262_/X (sky130_fd_sc_hd__or3b_2)
                                                         _085_ (net)
                      0.060228    0.000031    1.131342 v _263_/B1 (sky130_fd_sc_hd__o2bb2a_2)
     1    0.002338    0.029548    0.158054    1.289396 v _263_/X (sky130_fd_sc_hd__o2bb2a_2)
                                                         net7 (net)
                      0.029548    0.000020    1.289415 v output7/A (sky130_fd_sc_hd__clkdlybuf4s25_1)
     1    0.034541    0.176401    0.277123    1.566538 v output7/X (sky130_fd_sc_hd__clkdlybuf4s25_1)
                                                         gpio_out[10] (net)
                      0.176401    0.000320    1.566858 v gpio_out[10] (out)
                                              1.566858   data arrival time

                                 25.000000   25.000000   clock clk (rise edge)
                                  0.000000   25.000000   clock network delay (propagated)
                                 -0.250000   24.750000   clock uncertainty
                                  0.000000   24.750000   clock reconvergence pessimism
                                 -5.000000   19.750000   output external delay
                                             19.750000   data required time
---------------------------------------------------------------------------------------------
                                             19.750000   data required time
                                             -1.566858   data arrival time
---------------------------------------------------------------------------------------------
                                             18.183142   slack (MET)


Startpoint: _454_ (rising edge-triggered flip-flop clocked by clk)
Endpoint: gpio_out[14] (output port clocked by clk)
Path Group: clk
Path Type: max

Fanout         Cap        Slew       Delay        Time   Description
---------------------------------------------------------------------------------------------
                                  0.000000    0.000000   clock clk (rise edge)
                                  0.000000    0.000000   clock source latency
     2    0.019028    0.068483    0.046759    0.046759 ^ clk (in)
                                                         clk (net)
                      0.068490    0.000000    0.046759 ^ clkbuf_0_clk/A (sky130_fd_sc_hd__clkbuf_16)
     8    0.082689    0.076027    0.130394    0.177154 ^ clkbuf_0_clk/X (sky130_fd_sc_hd__clkbuf_16)
                                                         clknet_0_clk (net)
                      0.076034    0.000588    0.177742 ^ clkbuf_3_7__f_clk/A (sky130_fd_sc_hd__clkbuf_16)
     9    0.026754    0.036150    0.101655    0.279397 ^ clkbuf_3_7__f_clk/X (sky130_fd_sc_hd__clkbuf_16)
                                                         clknet_3_7__leaf_clk (net)
                      0.036151    0.000174    0.279570 ^ _454_/CLK (sky130_fd_sc_hd__dfrtp_2)
     2    0.006478    0.034851    0.247887    0.527457 v _454_/Q (sky130_fd_sc_hd__dfrtp_2)
                                                         TOP.top_rng_inst.display.current_data[3] (net)
                      0.034851    0.000059    0.527517 v fanout28/A (sky130_fd_sc_hd__clkdlybuf4s25_1)
    10    0.037571    0.190976    0.290329    0.817846 v fanout28/X (sky130_fd_sc_hd__clkdlybuf4s25_1)
                                                         net28 (net)
                      0.190976    0.000517    0.818363 v _262_/B (sky130_fd_sc_hd__or3b_2)
     2    0.006858    0.060228    0.312948    1.131311 v _262_/X (sky130_fd_sc_hd__or3b_2)
                                                         _085_ (net)
                      0.060228    0.000025    1.131336 v _270_/B1 (sky130_fd_sc_hd__o21ai_2)
     1    0.003118    0.074909    0.044947    1.176283 ^ _270_/Y (sky130_fd_sc_hd__o21ai_2)
                                                         _089_ (net)
                      0.074909    0.000031    1.176314 ^ _271_/B1 (sky130_fd_sc_hd__a21o_2)
     1    0.002838    0.020681    0.056294    1.232607 ^ _271_/X (sky130_fd_sc_hd__a21o_2)
                                                         net11 (net)
                      0.020681    0.000027    1.232634 ^ output11/A (sky130_fd_sc_hd__clkdlybuf4s25_1)
     1    0.034582    0.261751    0.317090    1.549724 ^ output11/X (sky130_fd_sc_hd__clkdlybuf4s25_1)
                                                         gpio_out[14] (net)
                      0.261751    0.000456    1.550180 ^ gpio_out[14] (out)
                                              1.550180   data arrival time

                                 25.000000   25.000000   clock clk (rise edge)
                                  0.000000   25.000000   clock network delay (propagated)
                                 -0.250000   24.750000   clock uncertainty
                                  0.000000   24.750000   clock reconvergence pessimism
                                 -5.000000   19.750000   output external delay
                                             19.750000   data required time
---------------------------------------------------------------------------------------------
                                             19.750000   data required time
                                             -1.550180   data arrival time
---------------------------------------------------------------------------------------------
                                             18.199820   slack (MET)


Startpoint: _454_ (rising edge-triggered flip-flop clocked by clk)
Endpoint: gpio_out[11] (output port clocked by clk)
Path Group: clk
Path Type: max

Fanout         Cap        Slew       Delay        Time   Description
---------------------------------------------------------------------------------------------
                                  0.000000    0.000000   clock clk (rise edge)
                                  0.000000    0.000000   clock source latency
     2    0.019028    0.068483    0.046759    0.046759 ^ clk (in)
                                                         clk (net)
                      0.068490    0.000000    0.046759 ^ clkbuf_0_clk/A (sky130_fd_sc_hd__clkbuf_16)
     8    0.082689    0.076027    0.130394    0.177154 ^ clkbuf_0_clk/X (sky130_fd_sc_hd__clkbuf_16)
                                                         clknet_0_clk (net)
                      0.076034    0.000588    0.177742 ^ clkbuf_3_7__f_clk/A (sky130_fd_sc_hd__clkbuf_16)
     9    0.026754    0.036150    0.101655    0.279397 ^ clkbuf_3_7__f_clk/X (sky130_fd_sc_hd__clkbuf_16)
                                                         clknet_3_7__leaf_clk (net)
                      0.036151    0.000174    0.279570 ^ _454_/CLK (sky130_fd_sc_hd__dfrtp_2)
     2    0.006478    0.034851    0.247887    0.527457 v _454_/Q (sky130_fd_sc_hd__dfrtp_2)
                                                         TOP.top_rng_inst.display.current_data[3] (net)
                      0.034851    0.000059    0.527517 v fanout28/A (sky130_fd_sc_hd__clkdlybuf4s25_1)
    10    0.037571    0.190976    0.290329    0.817846 v fanout28/X (sky130_fd_sc_hd__clkdlybuf4s25_1)
                                                         net28 (net)
                      0.190976    0.000339    0.818185 v _265_/A2 (sky130_fd_sc_hd__o22a_2)
     1    0.008222    0.036139    0.201578    1.019763 v _265_/X (sky130_fd_sc_hd__o22a_2)
                                                         _087_ (net)
                      0.036139    0.000036    1.019798 v _266_/B (sky130_fd_sc_hd__xnor2_2)
     1    0.003070    0.077597    0.078142    1.097940 ^ _266_/Y (sky130_fd_sc_hd__xnor2_2)
                                                         net8 (net)
                      0.077597    0.000031    1.097971 ^ output8/A (sky130_fd_sc_hd__clkdlybuf4s25_1)
     1    0.034234    0.258857    0.329661    1.427632 ^ output8/X (sky130_fd_sc_hd__clkdlybuf4s25_1)
                                                         gpio_out[11] (net)
                      0.258857    0.000211    1.427844 ^ gpio_out[11] (out)
                                              1.427844   data arrival time

                                 25.000000   25.000000   clock clk (rise edge)
                                  0.000000   25.000000   clock network delay (propagated)
                                 -0.250000   24.750000   clock uncertainty
                                  0.000000   24.750000   clock reconvergence pessimism
                                 -5.000000   19.750000   output external delay
                                             19.750000   data required time
---------------------------------------------------------------------------------------------
                                             19.750000   data required time
                                             -1.427844   data arrival time
---------------------------------------------------------------------------------------------
                                             18.322157   slack (MET)


Startpoint: _454_ (rising edge-triggered flip-flop clocked by clk)
Endpoint: gpio_out[9] (output port clocked by clk)
Path Group: clk
Path Type: max

Fanout         Cap        Slew       Delay        Time   Description
---------------------------------------------------------------------------------------------
                                  0.000000    0.000000   clock clk (rise edge)
                                  0.000000    0.000000   clock source latency
     2    0.019028    0.068483    0.046759    0.046759 ^ clk (in)
                                                         clk (net)
                      0.068490    0.000000    0.046759 ^ clkbuf_0_clk/A (sky130_fd_sc_hd__clkbuf_16)
     8    0.082689    0.076027    0.130394    0.177154 ^ clkbuf_0_clk/X (sky130_fd_sc_hd__clkbuf_16)
                                                         clknet_0_clk (net)
                      0.076034    0.000588    0.177742 ^ clkbuf_3_7__f_clk/A (sky130_fd_sc_hd__clkbuf_16)
     9    0.026754    0.036150    0.101655    0.279397 ^ clkbuf_3_7__f_clk/X (sky130_fd_sc_hd__clkbuf_16)
                                                         clknet_3_7__leaf_clk (net)
                      0.036151    0.000174    0.279570 ^ _454_/CLK (sky130_fd_sc_hd__dfrtp_2)
     2    0.006478    0.034851    0.247887    0.527457 v _454_/Q (sky130_fd_sc_hd__dfrtp_2)
                                                         TOP.top_rng_inst.display.current_data[3] (net)
                      0.034851    0.000059    0.527517 v fanout28/A (sky130_fd_sc_hd__clkdlybuf4s25_1)
    10    0.037571    0.190976    0.290329    0.817846 v fanout28/X (sky130_fd_sc_hd__clkdlybuf4s25_1)
                                                         net28 (net)
                      0.190976    0.000281    0.818127 v _260_/A1 (sky130_fd_sc_hd__o32a_2)
     1    0.003043    0.037294    0.267375    1.085502 v _260_/X (sky130_fd_sc_hd__o32a_2)
                                                         net18 (net)
                      0.037294    0.000033    1.085535 v output18/A (sky130_fd_sc_hd__clkdlybuf4s25_1)
     1    0.035462    0.180758    0.283378    1.368913 v output18/X (sky130_fd_sc_hd__clkdlybuf4s25_1)
                                                         gpio_out[9] (net)
                      0.180759    0.000651    1.369564 v gpio_out[9] (out)
                                              1.369564   data arrival time

                                 25.000000   25.000000   clock clk (rise edge)
                                  0.000000   25.000000   clock network delay (propagated)
                                 -0.250000   24.750000   clock uncertainty
                                  0.000000   24.750000   clock reconvergence pessimism
                                 -5.000000   19.750000   output external delay
                                             19.750000   data required time
---------------------------------------------------------------------------------------------
                                             19.750000   data required time
                                             -1.369564   data arrival time
---------------------------------------------------------------------------------------------
                                             18.380436   slack (MET)


Startpoint: _454_ (rising edge-triggered flip-flop clocked by clk)
Endpoint: gpio_out[13] (output port clocked by clk)
Path Group: clk
Path Type: max

Fanout         Cap        Slew       Delay        Time   Description
---------------------------------------------------------------------------------------------
                                  0.000000    0.000000   clock clk (rise edge)
                                  0.000000    0.000000   clock source latency
     2    0.019028    0.068483    0.046759    0.046759 ^ clk (in)
                                                         clk (net)
                      0.068490    0.000000    0.046759 ^ clkbuf_0_clk/A (sky130_fd_sc_hd__clkbuf_16)
     8    0.082689    0.076027    0.130394    0.177154 ^ clkbuf_0_clk/X (sky130_fd_sc_hd__clkbuf_16)
                                                         clknet_0_clk (net)
                      0.076034    0.000588    0.177742 ^ clkbuf_3_7__f_clk/A (sky130_fd_sc_hd__clkbuf_16)
     9    0.026754    0.036150    0.101655    0.279397 ^ clkbuf_3_7__f_clk/X (sky130_fd_sc_hd__clkbuf_16)
                                                         clknet_3_7__leaf_clk (net)
                      0.036151    0.000174    0.279570 ^ _454_/CLK (sky130_fd_sc_hd__dfrtp_2)
     2    0.006887    0.038711    0.221107    0.500677 ^ _454_/Q (sky130_fd_sc_hd__dfrtp_2)
                                                         TOP.top_rng_inst.display.current_data[3] (net)
                      0.038711    0.000064    0.500741 ^ fanout28/A (sky130_fd_sc_hd__clkdlybuf4s25_1)
    10    0.040257    0.303087    0.351253    0.851994 ^ fanout28/X (sky130_fd_sc_hd__clkdlybuf4s25_1)
                                                         net28 (net)
                      0.303087    0.000338    0.852332 ^ _268_/A1_N (sky130_fd_sc_hd__a2bb2o_2)
     1    0.005152    0.035638    0.145418    0.997750 v _268_/X (sky130_fd_sc_hd__a2bb2o_2)
                                                         _088_ (net)
                      0.035638    0.000055    0.997804 v _269_/B1 (sky130_fd_sc_hd__o21ai_2)
     1    0.003264    0.075861    0.035933    1.033737 ^ _269_/Y (sky130_fd_sc_hd__o21ai_2)
                                                         net10 (net)
                      0.075861    0.000035    1.033772 ^ output10/A (sky130_fd_sc_hd__clkdlybuf4s25_1)
     1    0.035426    0.267649    0.335124    1.368896 ^ output10/X (sky130_fd_sc_hd__clkdlybuf4s25_1)
                                                         gpio_out[13] (net)
                      0.267649    0.000604    1.369500 ^ gpio_out[13] (out)
                                              1.369500   data arrival time

                                 25.000000   25.000000   clock clk (rise edge)
                                  0.000000   25.000000   clock network delay (propagated)
                                 -0.250000   24.750000   clock uncertainty
                                  0.000000   24.750000   clock reconvergence pessimism
                                 -5.000000   19.750000   output external delay
                                             19.750000   data required time
---------------------------------------------------------------------------------------------
                                             19.750000   data required time
                                             -1.369500   data arrival time
---------------------------------------------------------------------------------------------
                                             18.380499   slack (MET)


Startpoint: _454_ (rising edge-triggered flip-flop clocked by clk)
Endpoint: gpio_out[8] (output port clocked by clk)
Path Group: clk
Path Type: max

Fanout         Cap        Slew       Delay        Time   Description
---------------------------------------------------------------------------------------------
                                  0.000000    0.000000   clock clk (rise edge)
                                  0.000000    0.000000   clock source latency
     2    0.019028    0.068483    0.046759    0.046759 ^ clk (in)
                                                         clk (net)
                      0.068490    0.000000    0.046759 ^ clkbuf_0_clk/A (sky130_fd_sc_hd__clkbuf_16)
     8    0.082689    0.076027    0.130394    0.177154 ^ clkbuf_0_clk/X (sky130_fd_sc_hd__clkbuf_16)
                                                         clknet_0_clk (net)
                      0.076034    0.000588    0.177742 ^ clkbuf_3_7__f_clk/A (sky130_fd_sc_hd__clkbuf_16)
     9    0.026754    0.036150    0.101655    0.279397 ^ clkbuf_3_7__f_clk/X (sky130_fd_sc_hd__clkbuf_16)
                                                         clknet_3_7__leaf_clk (net)
                      0.036151    0.000174    0.279570 ^ _454_/CLK (sky130_fd_sc_hd__dfrtp_2)
     2    0.006478    0.034851    0.247887    0.527457 v _454_/Q (sky130_fd_sc_hd__dfrtp_2)
                                                         TOP.top_rng_inst.display.current_data[3] (net)
                      0.034851    0.000059    0.527517 v fanout28/A (sky130_fd_sc_hd__clkdlybuf4s25_1)
    10    0.037571    0.190976    0.290329    0.817846 v fanout28/X (sky130_fd_sc_hd__clkdlybuf4s25_1)
                                                         net28 (net)
                      0.190976    0.000293    0.818139 v _253_/A (sky130_fd_sc_hd__nand2_2)
     3    0.013857    0.082277    0.124039    0.942178 ^ _253_/Y (sky130_fd_sc_hd__nand2_2)
                                                         _078_ (net)
                      0.082277    0.000109    0.942287 ^ _258_/A2 (sky130_fd_sc_hd__o22a_2)
     1    0.003735    0.028329    0.079625    1.021912 ^ _258_/X (sky130_fd_sc_hd__o22a_2)
                                                         net17 (net)
                      0.028329    0.000047    1.021959 ^ output17/A (sky130_fd_sc_hd__clkdlybuf4s25_1)
     1    0.034240    0.259138    0.317668    1.339627 ^ output17/X (sky130_fd_sc_hd__clkdlybuf4s25_1)
                                                         gpio_out[8] (net)
                      0.259138    0.000211    1.339838 ^ gpio_out[8] (out)
                                              1.339838   data arrival time

                                 25.000000   25.000000   clock clk (rise edge)
                                  0.000000   25.000000   clock network delay (propagated)
                                 -0.250000   24.750000   clock uncertainty
                                  0.000000   24.750000   clock reconvergence pessimism
                                 -5.000000   19.750000   output external delay
                                             19.750000   data required time
---------------------------------------------------------------------------------------------
                                             19.750000   data required time
                                             -1.339838   data arrival time
---------------------------------------------------------------------------------------------
                                             18.410162   slack (MET)


Startpoint: _454_ (rising edge-triggered flip-flop clocked by clk)
Endpoint: gpio_out[12] (output port clocked by clk)
Path Group: clk
Path Type: max

Fanout         Cap        Slew       Delay        Time   Description
---------------------------------------------------------------------------------------------
                                  0.000000    0.000000   clock clk (rise edge)
                                  0.000000    0.000000   clock source latency
     2    0.019028    0.068483    0.046759    0.046759 ^ clk (in)
                                                         clk (net)
                      0.068490    0.000000    0.046759 ^ clkbuf_0_clk/A (sky130_fd_sc_hd__clkbuf_16)
     8    0.082689    0.076027    0.130394    0.177154 ^ clkbuf_0_clk/X (sky130_fd_sc_hd__clkbuf_16)
                                                         clknet_0_clk (net)
                      0.076034    0.000588    0.177742 ^ clkbuf_3_7__f_clk/A (sky130_fd_sc_hd__clkbuf_16)
     9    0.026754    0.036150    0.101655    0.279397 ^ clkbuf_3_7__f_clk/X (sky130_fd_sc_hd__clkbuf_16)
                                                         clknet_3_7__leaf_clk (net)
                      0.036151    0.000174    0.279570 ^ _454_/CLK (sky130_fd_sc_hd__dfrtp_2)
     2    0.006887    0.038711    0.221107    0.500677 ^ _454_/Q (sky130_fd_sc_hd__dfrtp_2)
                                                         TOP.top_rng_inst.display.current_data[3] (net)
                      0.038711    0.000064    0.500741 ^ fanout28/A (sky130_fd_sc_hd__clkdlybuf4s25_1)
    10    0.040257    0.303087    0.351253    0.851994 ^ fanout28/X (sky130_fd_sc_hd__clkdlybuf4s25_1)
                                                         net28 (net)
                      0.303087    0.000313    0.852306 ^ _253_/A (sky130_fd_sc_hd__nand2_2)
     3    0.012975    0.087512    0.060846    0.913152 v _253_/Y (sky130_fd_sc_hd__nand2_2)
                                                         _078_ (net)
                      0.087512    0.000051    0.913204 v _267_/A (sky130_fd_sc_hd__nand2_2)
     1    0.002552    0.030847    0.050223    0.963426 ^ _267_/Y (sky130_fd_sc_hd__nand2_2)
                                                         net9 (net)
                      0.030847    0.000012    0.963438 ^ output9/A (sky130_fd_sc_hd__clkdlybuf4s25_1)
     1    0.034106    0.258120    0.317738    1.281176 ^ output9/X (sky130_fd_sc_hd__clkdlybuf4s25_1)
                                                         gpio_out[12] (net)
                      0.258120    0.000176    1.281353 ^ gpio_out[12] (out)
                                              1.281353   data arrival time

                                 25.000000   25.000000   clock clk (rise edge)
                                  0.000000   25.000000   clock network delay (propagated)
                                 -0.250000   24.750000   clock uncertainty
                                  0.000000   24.750000   clock reconvergence pessimism
                                 -5.000000   19.750000   output external delay
                                             19.750000   data required time
---------------------------------------------------------------------------------------------
                                             19.750000   data required time
                                             -1.281353   data arrival time
---------------------------------------------------------------------------------------------
                                             18.468647   slack (MET)


Startpoint: _448_ (rising edge-triggered flip-flop clocked by clk)
Endpoint: gpio_out[18] (output port clocked by clk)
Path Group: clk
Path Type: max

Fanout         Cap        Slew       Delay        Time   Description
---------------------------------------------------------------------------------------------
                                  0.000000    0.000000   clock clk (rise edge)
                                  0.000000    0.000000   clock source latency
     2    0.019028    0.068483    0.046759    0.046759 ^ clk (in)
                                                         clk (net)
                      0.068490    0.000000    0.046759 ^ clkbuf_0_clk/A (sky130_fd_sc_hd__clkbuf_16)
     8    0.082689    0.076027    0.130394    0.177154 ^ clkbuf_0_clk/X (sky130_fd_sc_hd__clkbuf_16)
                                                         clknet_0_clk (net)
                      0.076035    0.000651    0.177804 ^ clkbuf_3_6__f_clk/A (sky130_fd_sc_hd__clkbuf_16)
    10    0.029771    0.038256    0.103675    0.281480 ^ clkbuf_3_6__f_clk/X (sky130_fd_sc_hd__clkbuf_16)
                                                         clknet_3_6__leaf_clk (net)
                      0.038260    0.000405    0.281885 ^ _448_/CLK (sky130_fd_sc_hd__dfrtp_2)
     9    0.053893    0.195094    0.339671    0.621556 ^ _448_/Q (sky130_fd_sc_hd__dfrtp_2)
                                                         net14 (net)
                      0.195094    0.000224    0.621779 ^ output14/A (sky130_fd_sc_hd__clkdlybuf4s25_1)
     1    0.035040    0.265136    0.348662    0.970441 ^ output14/X (sky130_fd_sc_hd__clkdlybuf4s25_1)
                                                         gpio_out[18] (net)
                      0.265136    0.000542    0.970983 ^ gpio_out[18] (out)
                                              0.970983   data arrival time

                                 25.000000   25.000000   clock clk (rise edge)
                                  0.000000   25.000000   clock network delay (propagated)
                                 -0.250000   24.750000   clock uncertainty
                                  0.000000   24.750000   clock reconvergence pessimism
                                 -5.000000   19.750000   output external delay
                                             19.750000   data required time
---------------------------------------------------------------------------------------------
                                             19.750000   data required time
                                             -0.970983   data arrival time
---------------------------------------------------------------------------------------------
                                             18.779016   slack (MET)


Startpoint: en (input port clocked by clk)
Endpoint: _461_ (recovery check against rising-edge clock clk)
Path Group: asynchronous
Path Type: max

Fanout         Cap        Slew       Delay        Time   Description
---------------------------------------------------------------------------------------------
                                  0.000000    0.000000   clock clk (rise edge)
                                  0.000000    0.000000   clock network delay (propagated)
                                  5.000000    5.000000 ^ input external delay
     2    0.004586    0.020287    0.011902    5.011902 ^ en (in)
                                                         en (net)
                      0.020287    0.000000    5.011902 ^ input1/A (sky130_fd_sc_hd__clkdlybuf4s25_1)
     1    0.001981    0.026400    0.150218    5.162120 ^ input1/X (sky130_fd_sc_hd__clkdlybuf4s25_1)
                                                         net1 (net)
                      0.026400    0.000017    5.162137 ^ _229_/B (sky130_fd_sc_hd__and2_2)
     1    0.004023    0.028716    0.081385    5.243522 ^ _229_/X (sky130_fd_sc_hd__and2_2)
                                                         TOP.n_rst (net)
                      0.028716    0.000043    5.243565 ^ fanout51/A (sky130_fd_sc_hd__clkdlybuf4s25_1)
     5    0.025327    0.193895    0.272316    5.515881 ^ fanout51/X (sky130_fd_sc_hd__clkdlybuf4s25_1)
                                                         net51 (net)
                      0.193895    0.000474    5.516356 ^ fanout47/A (sky130_fd_sc_hd__clkdlybuf4s25_1)
     8    0.038258    0.288730    0.364901    5.881257 ^ fanout47/X (sky130_fd_sc_hd__clkdlybuf4s25_1)
                                                         net47 (net)
                      0.288730    0.000758    5.882014 ^ fanout45/A (sky130_fd_sc_hd__clkdlybuf4s25_1)
     6    0.026178    0.200160    0.311174    6.193188 ^ fanout45/X (sky130_fd_sc_hd__clkdlybuf4s25_1)
                                                         net45 (net)
                      0.200160    0.000171    6.193360 ^ load_slew46/A (sky130_fd_sc_hd__clkbuf_2)
     5    0.022690    0.099494    0.143622    6.336982 ^ load_slew46/X (sky130_fd_sc_hd__clkbuf_2)
                                                         net46 (net)
                      0.099494    0.000254    6.337237 ^ _461_/RESET_B (sky130_fd_sc_hd__dfrtp_2)
                                              6.337237   data arrival time

                                 25.000000   25.000000   clock clk (rise edge)
                                  0.000000   25.000000   clock source latency
     2    0.019028    0.068483    0.046759   25.046759 ^ clk (in)
                                                         clk (net)
                      0.068490    0.000000   25.046759 ^ clkbuf_0_clk/A (sky130_fd_sc_hd__clkbuf_16)
     8    0.082689    0.076027    0.130395   25.177153 ^ clkbuf_0_clk/X (sky130_fd_sc_hd__clkbuf_16)
                                                         clknet_0_clk (net)
                      0.076071    0.001471   25.178625 ^ clkbuf_3_5__f_clk/A (sky130_fd_sc_hd__clkbuf_16)
    10    0.033004    0.040634    0.105622   25.284246 ^ clkbuf_3_5__f_clk/X (sky130_fd_sc_hd__clkbuf_16)
                                                         clknet_3_5__leaf_clk (net)
                      0.040634    0.000318   25.284565 ^ _461_/CLK (sky130_fd_sc_hd__dfrtp_2)
                                 -0.250000   25.034565   clock uncertainty
                                  0.000000   25.034565   clock reconvergence pessimism
                                  0.117622   25.152187   library recovery time
                                             25.152187   data required time
---------------------------------------------------------------------------------------------
                                             25.152187   data required time
                                             -6.337237   data arrival time
---------------------------------------------------------------------------------------------
                                             18.814951   slack (MET)


Startpoint: en (input port clocked by clk)
Endpoint: _460_ (recovery check against rising-edge clock clk)
Path Group: asynchronous
Path Type: max

Fanout         Cap        Slew       Delay        Time   Description
---------------------------------------------------------------------------------------------
                                  0.000000    0.000000   clock clk (rise edge)
                                  0.000000    0.000000   clock network delay (propagated)
                                  5.000000    5.000000 ^ input external delay
     2    0.004586    0.020287    0.011902    5.011902 ^ en (in)
                                                         en (net)
                      0.020287    0.000000    5.011902 ^ input1/A (sky130_fd_sc_hd__clkdlybuf4s25_1)
     1    0.001981    0.026400    0.150218    5.162120 ^ input1/X (sky130_fd_sc_hd__clkdlybuf4s25_1)
                                                         net1 (net)
                      0.026400    0.000017    5.162137 ^ _229_/B (sky130_fd_sc_hd__and2_2)
     1    0.004023    0.028716    0.081385    5.243522 ^ _229_/X (sky130_fd_sc_hd__and2_2)
                                                         TOP.n_rst (net)
                      0.028716    0.000043    5.243565 ^ fanout51/A (sky130_fd_sc_hd__clkdlybuf4s25_1)
     5    0.025327    0.193895    0.272316    5.515881 ^ fanout51/X (sky130_fd_sc_hd__clkdlybuf4s25_1)
                                                         net51 (net)
                      0.193895    0.000474    5.516356 ^ fanout47/A (sky130_fd_sc_hd__clkdlybuf4s25_1)
     8    0.038258    0.288730    0.364901    5.881257 ^ fanout47/X (sky130_fd_sc_hd__clkdlybuf4s25_1)
                                                         net47 (net)
                      0.288730    0.000758    5.882014 ^ fanout45/A (sky130_fd_sc_hd__clkdlybuf4s25_1)
     6    0.026178    0.200160    0.311174    6.193188 ^ fanout45/X (sky130_fd_sc_hd__clkdlybuf4s25_1)
                                                         net45 (net)
                      0.200160    0.000171    6.193360 ^ load_slew46/A (sky130_fd_sc_hd__clkbuf_2)
     5    0.022690    0.099494    0.143622    6.336982 ^ load_slew46/X (sky130_fd_sc_hd__clkbuf_2)
                                                         net46 (net)
                      0.099494    0.000293    6.337276 ^ _460_/RESET_B (sky130_fd_sc_hd__dfrtp_2)
                                              6.337276   data arrival time

                                 25.000000   25.000000   clock clk (rise edge)
                                  0.000000   25.000000   clock source latency
     2    0.019028    0.068483    0.046759   25.046759 ^ clk (in)
                                                         clk (net)
                      0.068490    0.000000   25.046759 ^ clkbuf_0_clk/A (sky130_fd_sc_hd__clkbuf_16)
     8    0.082689    0.076027    0.130395   25.177153 ^ clkbuf_0_clk/X (sky130_fd_sc_hd__clkbuf_16)
                                                         clknet_0_clk (net)
                      0.076071    0.001471   25.178625 ^ clkbuf_3_5__f_clk/A (sky130_fd_sc_hd__clkbuf_16)
    10    0.033004    0.040634    0.105622   25.284246 ^ clkbuf_3_5__f_clk/X (sky130_fd_sc_hd__clkbuf_16)
                                                         clknet_3_5__leaf_clk (net)
                      0.040635    0.000401   25.284649 ^ _460_/CLK (sky130_fd_sc_hd__dfrtp_2)
                                 -0.250000   25.034649   clock uncertainty
                                  0.000000   25.034649   clock reconvergence pessimism
                                  0.117622   25.152269   library recovery time
                                             25.152269   data required time
---------------------------------------------------------------------------------------------
                                             25.152269   data required time
                                             -6.337276   data arrival time
---------------------------------------------------------------------------------------------
                                             18.814995   slack (MET)


Startpoint: en (input port clocked by clk)
Endpoint: _436_ (recovery check against rising-edge clock clk)
Path Group: asynchronous
Path Type: max

Fanout         Cap        Slew       Delay        Time   Description
---------------------------------------------------------------------------------------------
                                  0.000000    0.000000   clock clk (rise edge)
                                  0.000000    0.000000   clock network delay (propagated)
                                  5.000000    5.000000 ^ input external delay
     2    0.004586    0.020287    0.011902    5.011902 ^ en (in)
                                                         en (net)
                      0.020287    0.000000    5.011902 ^ input1/A (sky130_fd_sc_hd__clkdlybuf4s25_1)
     1    0.001981    0.026400    0.150218    5.162120 ^ input1/X (sky130_fd_sc_hd__clkdlybuf4s25_1)
                                                         net1 (net)
                      0.026400    0.000017    5.162137 ^ _229_/B (sky130_fd_sc_hd__and2_2)
     1    0.004023    0.028716    0.081385    5.243522 ^ _229_/X (sky130_fd_sc_hd__and2_2)
                                                         TOP.n_rst (net)
                      0.028716    0.000043    5.243565 ^ fanout51/A (sky130_fd_sc_hd__clkdlybuf4s25_1)
     5    0.025327    0.193895    0.272316    5.515881 ^ fanout51/X (sky130_fd_sc_hd__clkdlybuf4s25_1)
                                                         net51 (net)
                      0.193895    0.000474    5.516356 ^ fanout47/A (sky130_fd_sc_hd__clkdlybuf4s25_1)
     8    0.038258    0.288730    0.364901    5.881257 ^ fanout47/X (sky130_fd_sc_hd__clkdlybuf4s25_1)
                                                         net47 (net)
                      0.288730    0.000758    5.882014 ^ fanout45/A (sky130_fd_sc_hd__clkdlybuf4s25_1)
     6    0.026178    0.200160    0.311174    6.193188 ^ fanout45/X (sky130_fd_sc_hd__clkdlybuf4s25_1)
                                                         net45 (net)
                      0.200160    0.000171    6.193360 ^ load_slew46/A (sky130_fd_sc_hd__clkbuf_2)
     5    0.022690    0.099494    0.143622    6.336982 ^ load_slew46/X (sky130_fd_sc_hd__clkbuf_2)
                                                         net46 (net)
                      0.099494    0.000198    6.337180 ^ _436_/RESET_B (sky130_fd_sc_hd__dfrtp_2)
                                              6.337180   data arrival time

                                 25.000000   25.000000   clock clk (rise edge)
                                  0.000000   25.000000   clock source latency
     2    0.019028    0.068483    0.046759   25.046759 ^ clk (in)
                                                         clk (net)
                      0.068490    0.000000   25.046759 ^ clkbuf_0_clk/A (sky130_fd_sc_hd__clkbuf_16)
     8    0.082689    0.076027    0.130395   25.177153 ^ clkbuf_0_clk/X (sky130_fd_sc_hd__clkbuf_16)
                                                         clknet_0_clk (net)
                      0.076071    0.001471   25.178625 ^ clkbuf_3_5__f_clk/A (sky130_fd_sc_hd__clkbuf_16)
    10    0.033004    0.040634    0.105622   25.284246 ^ clkbuf_3_5__f_clk/X (sky130_fd_sc_hd__clkbuf_16)
                                                         clknet_3_5__leaf_clk (net)
                      0.040634    0.000341   25.284588 ^ _436_/CLK (sky130_fd_sc_hd__dfrtp_2)
                                 -0.250000   25.034588   clock uncertainty
                                  0.000000   25.034588   clock reconvergence pessimism
                                  0.117622   25.152210   library recovery time
                                             25.152210   data required time
---------------------------------------------------------------------------------------------
                                             25.152210   data required time
                                             -6.337180   data arrival time
---------------------------------------------------------------------------------------------
                                             18.815029   slack (MET)


Startpoint: en (input port clocked by clk)
Endpoint: _447_ (recovery check against rising-edge clock clk)
Path Group: asynchronous
Path Type: max

Fanout         Cap        Slew       Delay        Time   Description
---------------------------------------------------------------------------------------------
                                  0.000000    0.000000   clock clk (rise edge)
                                  0.000000    0.000000   clock network delay (propagated)
                                  5.000000    5.000000 ^ input external delay
     2    0.004586    0.020287    0.011902    5.011902 ^ en (in)
                                                         en (net)
                      0.020287    0.000000    5.011902 ^ input1/A (sky130_fd_sc_hd__clkdlybuf4s25_1)
     1    0.001981    0.026400    0.150218    5.162120 ^ input1/X (sky130_fd_sc_hd__clkdlybuf4s25_1)
                                                         net1 (net)
                      0.026400    0.000017    5.162137 ^ _229_/B (sky130_fd_sc_hd__and2_2)
     1    0.004023    0.028716    0.081385    5.243522 ^ _229_/X (sky130_fd_sc_hd__and2_2)
                                                         TOP.n_rst (net)
                      0.028716    0.000043    5.243565 ^ fanout51/A (sky130_fd_sc_hd__clkdlybuf4s25_1)
     5    0.025327    0.193895    0.272316    5.515881 ^ fanout51/X (sky130_fd_sc_hd__clkdlybuf4s25_1)
                                                         net51 (net)
                      0.193895    0.000474    5.516356 ^ fanout47/A (sky130_fd_sc_hd__clkdlybuf4s25_1)
     8    0.038258    0.288730    0.364901    5.881257 ^ fanout47/X (sky130_fd_sc_hd__clkdlybuf4s25_1)
                                                         net47 (net)
                      0.288730    0.000758    5.882014 ^ fanout45/A (sky130_fd_sc_hd__clkdlybuf4s25_1)
     6    0.026178    0.200160    0.311174    6.193188 ^ fanout45/X (sky130_fd_sc_hd__clkdlybuf4s25_1)
                                                         net45 (net)
                      0.200160    0.000171    6.193360 ^ load_slew46/A (sky130_fd_sc_hd__clkbuf_2)
     5    0.022690    0.099494    0.143622    6.336982 ^ load_slew46/X (sky130_fd_sc_hd__clkbuf_2)
                                                         net46 (net)
                      0.099494    0.000159    6.337142 ^ _447_/RESET_B (sky130_fd_sc_hd__dfrtp_2)
                                              6.337142   data arrival time

                                 25.000000   25.000000   clock clk (rise edge)
                                  0.000000   25.000000   clock source latency
     2    0.019028    0.068483    0.046759   25.046759 ^ clk (in)
                                                         clk (net)
                      0.068490    0.000000   25.046759 ^ clkbuf_0_clk/A (sky130_fd_sc_hd__clkbuf_16)
     8    0.082689    0.076027    0.130395   25.177153 ^ clkbuf_0_clk/X (sky130_fd_sc_hd__clkbuf_16)
                                                         clknet_0_clk (net)
                      0.076071    0.001471   25.178625 ^ clkbuf_3_5__f_clk/A (sky130_fd_sc_hd__clkbuf_16)
    10    0.033004    0.040634    0.105622   25.284246 ^ clkbuf_3_5__f_clk/X (sky130_fd_sc_hd__clkbuf_16)
                                                         clknet_3_5__leaf_clk (net)
                      0.040634    0.000348   25.284595 ^ _447_/CLK (sky130_fd_sc_hd__dfrtp_2)
                                 -0.250000   25.034595   clock uncertainty
                                  0.000000   25.034595   clock reconvergence pessimism
                                  0.117622   25.152218   library recovery time
                                             25.152218   data required time
---------------------------------------------------------------------------------------------
                                             25.152218   data required time
                                             -6.337142   data arrival time
---------------------------------------------------------------------------------------------
                                             18.815077   slack (MET)


Startpoint: en (input port clocked by clk)
Endpoint: _456_ (recovery check against rising-edge clock clk)
Path Group: asynchronous
Path Type: max

Fanout         Cap        Slew       Delay        Time   Description
---------------------------------------------------------------------------------------------
                                  0.000000    0.000000   clock clk (rise edge)
                                  0.000000    0.000000   clock network delay (propagated)
                                  5.000000    5.000000 ^ input external delay
     2    0.004586    0.020287    0.011902    5.011902 ^ en (in)
                                                         en (net)
                      0.020287    0.000000    5.011902 ^ input1/A (sky130_fd_sc_hd__clkdlybuf4s25_1)
     1    0.001981    0.026400    0.150218    5.162120 ^ input1/X (sky130_fd_sc_hd__clkdlybuf4s25_1)
                                                         net1 (net)
                      0.026400    0.000017    5.162137 ^ _229_/B (sky130_fd_sc_hd__and2_2)
     1    0.004023    0.028716    0.081385    5.243522 ^ _229_/X (sky130_fd_sc_hd__and2_2)
                                                         TOP.n_rst (net)
                      0.028716    0.000043    5.243565 ^ fanout51/A (sky130_fd_sc_hd__clkdlybuf4s25_1)
     5    0.025327    0.193895    0.272316    5.515881 ^ fanout51/X (sky130_fd_sc_hd__clkdlybuf4s25_1)
                                                         net51 (net)
                      0.193895    0.000474    5.516356 ^ fanout47/A (sky130_fd_sc_hd__clkdlybuf4s25_1)
     8    0.038258    0.288730    0.364901    5.881257 ^ fanout47/X (sky130_fd_sc_hd__clkdlybuf4s25_1)
                                                         net47 (net)
                      0.288730    0.000758    5.882014 ^ fanout45/A (sky130_fd_sc_hd__clkdlybuf4s25_1)
     6    0.026178    0.200160    0.311174    6.193188 ^ fanout45/X (sky130_fd_sc_hd__clkdlybuf4s25_1)
                                                         net45 (net)
                      0.200160    0.000171    6.193360 ^ load_slew46/A (sky130_fd_sc_hd__clkbuf_2)
     5    0.022690    0.099494    0.143622    6.336982 ^ load_slew46/X (sky130_fd_sc_hd__clkbuf_2)
                                                         net46 (net)
                      0.099494    0.000336    6.337318 ^ _456_/RESET_B (sky130_fd_sc_hd__dfrtp_2)
                                              6.337318   data arrival time

                                 25.000000   25.000000   clock clk (rise edge)
                                  0.000000   25.000000   clock source latency
     2    0.019028    0.068483    0.046759   25.046759 ^ clk (in)
                                                         clk (net)
                      0.068490    0.000000   25.046759 ^ clkbuf_0_clk/A (sky130_fd_sc_hd__clkbuf_16)
     8    0.082689    0.076027    0.130395   25.177153 ^ clkbuf_0_clk/X (sky130_fd_sc_hd__clkbuf_16)
                                                         clknet_0_clk (net)
                      0.076071    0.001471   25.178625 ^ clkbuf_3_5__f_clk/A (sky130_fd_sc_hd__clkbuf_16)
    10    0.033004    0.040634    0.105622   25.284246 ^ clkbuf_3_5__f_clk/X (sky130_fd_sc_hd__clkbuf_16)
                                                         clknet_3_5__leaf_clk (net)
                      0.040636    0.000576   25.284822 ^ _456_/CLK (sky130_fd_sc_hd__dfrtp_2)
                                 -0.250000   25.034822   clock uncertainty
                                  0.000000   25.034822   clock reconvergence pessimism
                                  0.117622   25.152445   library recovery time
                                             25.152445   data required time
---------------------------------------------------------------------------------------------
                                             25.152445   data required time
                                             -6.337318   data arrival time
---------------------------------------------------------------------------------------------
                                             18.815126   slack (MET)


Startpoint: _449_ (rising edge-triggered flip-flop clocked by clk)
Endpoint: gpio_out[19] (output port clocked by clk)
Path Group: clk
Path Type: max

Fanout         Cap        Slew       Delay        Time   Description
---------------------------------------------------------------------------------------------
                                  0.000000    0.000000   clock clk (rise edge)
                                  0.000000    0.000000   clock source latency
     2    0.019028    0.068483    0.046759    0.046759 ^ clk (in)
                                                         clk (net)
                      0.068490    0.000000    0.046759 ^ clkbuf_0_clk/A (sky130_fd_sc_hd__clkbuf_16)
     8    0.082689    0.076027    0.130394    0.177154 ^ clkbuf_0_clk/X (sky130_fd_sc_hd__clkbuf_16)
                                                         clknet_0_clk (net)
                      0.076035    0.000651    0.177804 ^ clkbuf_3_6__f_clk/A (sky130_fd_sc_hd__clkbuf_16)
    10    0.029771    0.038256    0.103675    0.281480 ^ clkbuf_3_6__f_clk/X (sky130_fd_sc_hd__clkbuf_16)
                                                         clknet_3_6__leaf_clk (net)
                      0.038257    0.000292    0.281772 ^ _449_/CLK (sky130_fd_sc_hd__dfrtp_2)
     8    0.037306    0.138857    0.299707    0.581479 ^ _449_/Q (sky130_fd_sc_hd__dfrtp_2)
                                                         net15 (net)
                      0.138866    0.001249    0.582728 ^ output15/A (sky130_fd_sc_hd__clkdlybuf4s25_1)
     1    0.034505    0.261008    0.341325    0.924052 ^ output15/X (sky130_fd_sc_hd__clkdlybuf4s25_1)
                                                         gpio_out[19] (net)
                      0.261008    0.000265    0.924317 ^ gpio_out[19] (out)
                                              0.924317   data arrival time

                                 25.000000   25.000000   clock clk (rise edge)
                                  0.000000   25.000000   clock network delay (propagated)
                                 -0.250000   24.750000   clock uncertainty
                                  0.000000   24.750000   clock reconvergence pessimism
                                 -5.000000   19.750000   output external delay
                                             19.750000   data required time
---------------------------------------------------------------------------------------------
                                             19.750000   data required time
                                             -0.924317   data arrival time
---------------------------------------------------------------------------------------------
                                             18.825684   slack (MET)


Startpoint: en (input port clocked by clk)
Endpoint: _431_ (recovery check against rising-edge clock clk)
Path Group: asynchronous
Path Type: max

Fanout         Cap        Slew       Delay        Time   Description
---------------------------------------------------------------------------------------------
                                  0.000000    0.000000   clock clk (rise edge)
                                  0.000000    0.000000   clock network delay (propagated)
                                  5.000000    5.000000 ^ input external delay
     2    0.004586    0.020287    0.011902    5.011902 ^ en (in)
                                                         en (net)
                      0.020287    0.000000    5.011902 ^ input1/A (sky130_fd_sc_hd__clkdlybuf4s25_1)
     1    0.001981    0.026400    0.150218    5.162120 ^ input1/X (sky130_fd_sc_hd__clkdlybuf4s25_1)
                                                         net1 (net)
                      0.026400    0.000017    5.162137 ^ _229_/B (sky130_fd_sc_hd__and2_2)
     1    0.004023    0.028716    0.081385    5.243522 ^ _229_/X (sky130_fd_sc_hd__and2_2)
                                                         TOP.n_rst (net)
                      0.028716    0.000043    5.243565 ^ fanout51/A (sky130_fd_sc_hd__clkdlybuf4s25_1)
     5    0.025327    0.193895    0.272316    5.515881 ^ fanout51/X (sky130_fd_sc_hd__clkdlybuf4s25_1)
                                                         net51 (net)
                      0.193895    0.000404    5.516285 ^ fanout50/A (sky130_fd_sc_hd__clkdlybuf4s25_1)
     9    0.043173    0.324847    0.389658    5.905943 ^ fanout50/X (sky130_fd_sc_hd__clkdlybuf4s25_1)
                                                         net50 (net)
                      0.324847    0.000235    5.906178 ^ fanout48/A (sky130_fd_sc_hd__clkdlybuf4s25_1)
     4    0.017268    0.135211    0.266644    6.172822 ^ fanout48/X (sky130_fd_sc_hd__clkdlybuf4s25_1)
                                                         net48 (net)
                      0.135211    0.000083    6.172906 ^ load_slew49/A (sky130_fd_sc_hd__buf_4)
     7    0.031312    0.071419    0.124342    6.297248 ^ load_slew49/X (sky130_fd_sc_hd__buf_4)
                                                         net49 (net)
                      0.071421    0.000487    6.297735 ^ _431_/RESET_B (sky130_fd_sc_hd__dfrtp_2)
                                              6.297735   data arrival time

                                 25.000000   25.000000   clock clk (rise edge)
                                  0.000000   25.000000   clock source latency
     2    0.019028    0.068483    0.046759   25.046759 ^ clk (in)
                                                         clk (net)
                      0.068490    0.000000   25.046759 ^ clkbuf_0_clk/A (sky130_fd_sc_hd__clkbuf_16)
     8    0.082689    0.076027    0.130395   25.177153 ^ clkbuf_0_clk/X (sky130_fd_sc_hd__clkbuf_16)
                                                         clknet_0_clk (net)
                      0.076035    0.000650   25.177803 ^ clkbuf_3_6__f_clk/A (sky130_fd_sc_hd__clkbuf_16)
    10    0.029771    0.038256    0.103675   25.281479 ^ clkbuf_3_6__f_clk/X (sky130_fd_sc_hd__clkbuf_16)
                                                         clknet_3_6__leaf_clk (net)
                      0.038256    0.000105   25.281584 ^ _431_/CLK (sky130_fd_sc_hd__dfrtp_2)
                                 -0.250000   25.031584   clock uncertainty
                                  0.000000   25.031584   clock reconvergence pessimism
                                  0.124450   25.156034   library recovery time
                                             25.156034   data required time
---------------------------------------------------------------------------------------------
                                             25.156034   data required time
                                             -6.297735   data arrival time
---------------------------------------------------------------------------------------------
                                             18.858299   slack (MET)


Startpoint: en (input port clocked by clk)
Endpoint: _420_ (recovery check against rising-edge clock clk)
Path Group: asynchronous
Path Type: max

Fanout         Cap        Slew       Delay        Time   Description
---------------------------------------------------------------------------------------------
                                  0.000000    0.000000   clock clk (rise edge)
                                  0.000000    0.000000   clock network delay (propagated)
                                  5.000000    5.000000 ^ input external delay
     2    0.004586    0.020287    0.011902    5.011902 ^ en (in)
                                                         en (net)
                      0.020287    0.000000    5.011902 ^ input1/A (sky130_fd_sc_hd__clkdlybuf4s25_1)
     1    0.001981    0.026400    0.150218    5.162120 ^ input1/X (sky130_fd_sc_hd__clkdlybuf4s25_1)
                                                         net1 (net)
                      0.026400    0.000017    5.162137 ^ _229_/B (sky130_fd_sc_hd__and2_2)
     1    0.004023    0.028716    0.081385    5.243522 ^ _229_/X (sky130_fd_sc_hd__and2_2)
                                                         TOP.n_rst (net)
                      0.028716    0.000043    5.243565 ^ fanout51/A (sky130_fd_sc_hd__clkdlybuf4s25_1)
     5    0.025327    0.193895    0.272316    5.515881 ^ fanout51/X (sky130_fd_sc_hd__clkdlybuf4s25_1)
                                                         net51 (net)
                      0.193895    0.000404    5.516285 ^ fanout50/A (sky130_fd_sc_hd__clkdlybuf4s25_1)
     9    0.043173    0.324847    0.389658    5.905943 ^ fanout50/X (sky130_fd_sc_hd__clkdlybuf4s25_1)
                                                         net50 (net)
                      0.324847    0.000235    5.906178 ^ fanout48/A (sky130_fd_sc_hd__clkdlybuf4s25_1)
     4    0.017268    0.135211    0.266644    6.172822 ^ fanout48/X (sky130_fd_sc_hd__clkdlybuf4s25_1)
                                                         net48 (net)
                      0.135211    0.000083    6.172906 ^ load_slew49/A (sky130_fd_sc_hd__buf_4)
     7    0.031312    0.071419    0.124342    6.297248 ^ load_slew49/X (sky130_fd_sc_hd__buf_4)
                                                         net49 (net)
                      0.071420    0.000433    6.297682 ^ _420_/RESET_B (sky130_fd_sc_hd__dfrtp_2)
                                              6.297682   data arrival time

                                 25.000000   25.000000   clock clk (rise edge)
                                  0.000000   25.000000   clock source latency
     2    0.019028    0.068483    0.046759   25.046759 ^ clk (in)
                                                         clk (net)
                      0.068490    0.000000   25.046759 ^ clkbuf_0_clk/A (sky130_fd_sc_hd__clkbuf_16)
     8    0.082689    0.076027    0.130395   25.177153 ^ clkbuf_0_clk/X (sky130_fd_sc_hd__clkbuf_16)
                                                         clknet_0_clk (net)
                      0.076035    0.000650   25.177803 ^ clkbuf_3_6__f_clk/A (sky130_fd_sc_hd__clkbuf_16)
    10    0.029771    0.038256    0.103675   25.281479 ^ clkbuf_3_6__f_clk/X (sky130_fd_sc_hd__clkbuf_16)
                                                         clknet_3_6__leaf_clk (net)
                      0.038256    0.000094   25.281572 ^ _420_/CLK (sky130_fd_sc_hd__dfrtp_2)
                                 -0.250000   25.031574   clock uncertainty
                                  0.000000   25.031574   clock reconvergence pessimism
                                  0.124450   25.156023   library recovery time
                                             25.156023   data required time
---------------------------------------------------------------------------------------------
                                             25.156023   data required time
                                             -6.297682   data arrival time
---------------------------------------------------------------------------------------------
                                             18.858341   slack (MET)


Startpoint: en (input port clocked by clk)
Endpoint: _444_ (recovery check against rising-edge clock clk)
Path Group: asynchronous
Path Type: max

Fanout         Cap        Slew       Delay        Time   Description
---------------------------------------------------------------------------------------------
                                  0.000000    0.000000   clock clk (rise edge)
                                  0.000000    0.000000   clock network delay (propagated)
                                  5.000000    5.000000 ^ input external delay
     2    0.004586    0.020287    0.011902    5.011902 ^ en (in)
                                                         en (net)
                      0.020287    0.000000    5.011902 ^ input1/A (sky130_fd_sc_hd__clkdlybuf4s25_1)
     1    0.001981    0.026400    0.150218    5.162120 ^ input1/X (sky130_fd_sc_hd__clkdlybuf4s25_1)
                                                         net1 (net)
                      0.026400    0.000017    5.162137 ^ _229_/B (sky130_fd_sc_hd__and2_2)
     1    0.004023    0.028716    0.081385    5.243522 ^ _229_/X (sky130_fd_sc_hd__and2_2)
                                                         TOP.n_rst (net)
                      0.028716    0.000043    5.243565 ^ fanout51/A (sky130_fd_sc_hd__clkdlybuf4s25_1)
     5    0.025327    0.193895    0.272316    5.515881 ^ fanout51/X (sky130_fd_sc_hd__clkdlybuf4s25_1)
                                                         net51 (net)
                      0.193895    0.000404    5.516285 ^ fanout50/A (sky130_fd_sc_hd__clkdlybuf4s25_1)
     9    0.043173    0.324847    0.389658    5.905943 ^ fanout50/X (sky130_fd_sc_hd__clkdlybuf4s25_1)
                                                         net50 (net)
                      0.324847    0.000235    5.906178 ^ fanout48/A (sky130_fd_sc_hd__clkdlybuf4s25_1)
     4    0.017268    0.135211    0.266644    6.172822 ^ fanout48/X (sky130_fd_sc_hd__clkdlybuf4s25_1)
                                                         net48 (net)
                      0.135211    0.000083    6.172906 ^ load_slew49/A (sky130_fd_sc_hd__buf_4)
     7    0.031312    0.071419    0.124342    6.297248 ^ load_slew49/X (sky130_fd_sc_hd__buf_4)
                                                         net49 (net)
                      0.071419    0.000265    6.297513 ^ _444_/RESET_B (sky130_fd_sc_hd__dfrtp_2)
                                              6.297513   data arrival time

                                 25.000000   25.000000   clock clk (rise edge)
                                  0.000000   25.000000   clock source latency
     2    0.019028    0.068483    0.046759   25.046759 ^ clk (in)
                                                         clk (net)
                      0.068490    0.000000   25.046759 ^ clkbuf_0_clk/A (sky130_fd_sc_hd__clkbuf_16)
     8    0.082689    0.076027    0.130395   25.177153 ^ clkbuf_0_clk/X (sky130_fd_sc_hd__clkbuf_16)
                                                         clknet_0_clk (net)
                      0.076035    0.000650   25.177803 ^ clkbuf_3_6__f_clk/A (sky130_fd_sc_hd__clkbuf_16)
    10    0.029771    0.038256    0.103675   25.281479 ^ clkbuf_3_6__f_clk/X (sky130_fd_sc_hd__clkbuf_16)
                                                         clknet_3_6__leaf_clk (net)
                      0.038256    0.000078   25.281557 ^ _444_/CLK (sky130_fd_sc_hd__dfrtp_2)
                                 -0.250000   25.031557   clock uncertainty
                                  0.000000   25.031557   clock reconvergence pessimism
                                  0.124451   25.156008   library recovery time
                                             25.156008   data required time
---------------------------------------------------------------------------------------------
                                             25.156008   data required time
                                             -6.297513   data arrival time
---------------------------------------------------------------------------------------------
                                             18.858494   slack (MET)


Startpoint: en (input port clocked by clk)
Endpoint: _448_ (recovery check against rising-edge clock clk)
Path Group: asynchronous
Path Type: max

Fanout         Cap        Slew       Delay        Time   Description
---------------------------------------------------------------------------------------------
                                  0.000000    0.000000   clock clk (rise edge)
                                  0.000000    0.000000   clock network delay (propagated)
                                  5.000000    5.000000 ^ input external delay
     2    0.004586    0.020287    0.011902    5.011902 ^ en (in)
                                                         en (net)
                      0.020287    0.000000    5.011902 ^ input1/A (sky130_fd_sc_hd__clkdlybuf4s25_1)
     1    0.001981    0.026400    0.150218    5.162120 ^ input1/X (sky130_fd_sc_hd__clkdlybuf4s25_1)
                                                         net1 (net)
                      0.026400    0.000017    5.162137 ^ _229_/B (sky130_fd_sc_hd__and2_2)
     1    0.004023    0.028716    0.081385    5.243522 ^ _229_/X (sky130_fd_sc_hd__and2_2)
                                                         TOP.n_rst (net)
                      0.028716    0.000043    5.243565 ^ fanout51/A (sky130_fd_sc_hd__clkdlybuf4s25_1)
     5    0.025327    0.193895    0.272316    5.515881 ^ fanout51/X (sky130_fd_sc_hd__clkdlybuf4s25_1)
                                                         net51 (net)
                      0.193895    0.000404    5.516285 ^ fanout50/A (sky130_fd_sc_hd__clkdlybuf4s25_1)
     9    0.043173    0.324847    0.389658    5.905943 ^ fanout50/X (sky130_fd_sc_hd__clkdlybuf4s25_1)
                                                         net50 (net)
                      0.324847    0.000235    5.906178 ^ fanout48/A (sky130_fd_sc_hd__clkdlybuf4s25_1)
     4    0.017268    0.135211    0.266644    6.172822 ^ fanout48/X (sky130_fd_sc_hd__clkdlybuf4s25_1)
                                                         net48 (net)
                      0.135211    0.000083    6.172906 ^ load_slew49/A (sky130_fd_sc_hd__buf_4)
     7    0.031312    0.071419    0.124342    6.297248 ^ load_slew49/X (sky130_fd_sc_hd__buf_4)
                                                         net49 (net)
                      0.071422    0.000588    6.297836 ^ _448_/RESET_B (sky130_fd_sc_hd__dfrtp_2)
                                              6.297836   data arrival time

                                 25.000000   25.000000   clock clk (rise edge)
                                  0.000000   25.000000   clock source latency
     2    0.019028    0.068483    0.046759   25.046759 ^ clk (in)
                                                         clk (net)
                      0.068490    0.000000   25.046759 ^ clkbuf_0_clk/A (sky130_fd_sc_hd__clkbuf_16)
     8    0.082689    0.076027    0.130395   25.177153 ^ clkbuf_0_clk/X (sky130_fd_sc_hd__clkbuf_16)
                                                         clknet_0_clk (net)
                      0.076035    0.000650   25.177803 ^ clkbuf_3_6__f_clk/A (sky130_fd_sc_hd__clkbuf_16)
    10    0.029771    0.038256    0.103675   25.281479 ^ clkbuf_3_6__f_clk/X (sky130_fd_sc_hd__clkbuf_16)
                                                         clknet_3_6__leaf_clk (net)
                      0.038260    0.000405   25.281883 ^ _448_/CLK (sky130_fd_sc_hd__dfrtp_2)
                                 -0.250000   25.031885   clock uncertainty
                                  0.000000   25.031885   clock reconvergence pessimism
                                  0.124450   25.156334   library recovery time
                                             25.156334   data required time
---------------------------------------------------------------------------------------------
                                             25.156334   data required time
                                             -6.297836   data arrival time
---------------------------------------------------------------------------------------------
                                             18.858498   slack (MET)


Startpoint: en (input port clocked by clk)
Endpoint: _449_ (recovery check against rising-edge clock clk)
Path Group: asynchronous
Path Type: max

Fanout         Cap        Slew       Delay        Time   Description
---------------------------------------------------------------------------------------------
                                  0.000000    0.000000   clock clk (rise edge)
                                  0.000000    0.000000   clock network delay (propagated)
                                  5.000000    5.000000 ^ input external delay
     2    0.004586    0.020287    0.011902    5.011902 ^ en (in)
                                                         en (net)
                      0.020287    0.000000    5.011902 ^ input1/A (sky130_fd_sc_hd__clkdlybuf4s25_1)
     1    0.001981    0.026400    0.150218    5.162120 ^ input1/X (sky130_fd_sc_hd__clkdlybuf4s25_1)
                                                         net1 (net)
                      0.026400    0.000017    5.162137 ^ _229_/B (sky130_fd_sc_hd__and2_2)
     1    0.004023    0.028716    0.081385    5.243522 ^ _229_/X (sky130_fd_sc_hd__and2_2)
                                                         TOP.n_rst (net)
                      0.028716    0.000043    5.243565 ^ fanout51/A (sky130_fd_sc_hd__clkdlybuf4s25_1)
     5    0.025327    0.193895    0.272316    5.515881 ^ fanout51/X (sky130_fd_sc_hd__clkdlybuf4s25_1)
                                                         net51 (net)
                      0.193895    0.000404    5.516285 ^ fanout50/A (sky130_fd_sc_hd__clkdlybuf4s25_1)
     9    0.043173    0.324847    0.389658    5.905943 ^ fanout50/X (sky130_fd_sc_hd__clkdlybuf4s25_1)
                                                         net50 (net)
                      0.324847    0.000235    5.906178 ^ fanout48/A (sky130_fd_sc_hd__clkdlybuf4s25_1)
     4    0.017268    0.135211    0.266644    6.172822 ^ fanout48/X (sky130_fd_sc_hd__clkdlybuf4s25_1)
                                                         net48 (net)
                      0.135211    0.000083    6.172906 ^ load_slew49/A (sky130_fd_sc_hd__buf_4)
     7    0.031312    0.071419    0.124342    6.297248 ^ load_slew49/X (sky130_fd_sc_hd__buf_4)
                                                         net49 (net)
                      0.071421    0.000492    6.297741 ^ _449_/RESET_B (sky130_fd_sc_hd__dfrtp_2)
                                              6.297741   data arrival time

                                 25.000000   25.000000   clock clk (rise edge)
                                  0.000000   25.000000   clock source latency
     2    0.019028    0.068483    0.046759   25.046759 ^ clk (in)
                                                         clk (net)
                      0.068490    0.000000   25.046759 ^ clkbuf_0_clk/A (sky130_fd_sc_hd__clkbuf_16)
     8    0.082689    0.076027    0.130395   25.177153 ^ clkbuf_0_clk/X (sky130_fd_sc_hd__clkbuf_16)
                                                         clknet_0_clk (net)
                      0.076035    0.000650   25.177803 ^ clkbuf_3_6__f_clk/A (sky130_fd_sc_hd__clkbuf_16)
    10    0.029771    0.038256    0.103675   25.281479 ^ clkbuf_3_6__f_clk/X (sky130_fd_sc_hd__clkbuf_16)
                                                         clknet_3_6__leaf_clk (net)
                      0.038257    0.000291   25.281771 ^ _449_/CLK (sky130_fd_sc_hd__dfrtp_2)
                                 -0.250000   25.031771   clock uncertainty
                                  0.000000   25.031771   clock reconvergence pessimism
                                  0.124450   25.156221   library recovery time
                                             25.156221   data required time
---------------------------------------------------------------------------------------------
                                             25.156221   data required time
                                             -6.297741   data arrival time
---------------------------------------------------------------------------------------------
                                             18.858480   slack (MET)


Startpoint: en (input port clocked by clk)
Endpoint: _415_ (recovery check against rising-edge clock clk)
Path Group: asynchronous
Path Type: max

Fanout         Cap        Slew       Delay        Time   Description
---------------------------------------------------------------------------------------------
                                  0.000000    0.000000   clock clk (rise edge)
                                  0.000000    0.000000   clock network delay (propagated)
                                  5.000000    5.000000 ^ input external delay
     2    0.004586    0.020287    0.011902    5.011902 ^ en (in)
                                                         en (net)
                      0.020287    0.000000    5.011902 ^ input1/A (sky130_fd_sc_hd__clkdlybuf4s25_1)
     1    0.001981    0.026400    0.150218    5.162120 ^ input1/X (sky130_fd_sc_hd__clkdlybuf4s25_1)
                                                         net1 (net)
                      0.026400    0.000017    5.162137 ^ _229_/B (sky130_fd_sc_hd__and2_2)
     1    0.004023    0.028716    0.081385    5.243522 ^ _229_/X (sky130_fd_sc_hd__and2_2)
                                                         TOP.n_rst (net)
                      0.028716    0.000043    5.243565 ^ fanout51/A (sky130_fd_sc_hd__clkdlybuf4s25_1)
     5    0.025327    0.193895    0.272316    5.515881 ^ fanout51/X (sky130_fd_sc_hd__clkdlybuf4s25_1)
                                                         net51 (net)
                      0.193895    0.000404    5.516285 ^ fanout50/A (sky130_fd_sc_hd__clkdlybuf4s25_1)
     9    0.043173    0.324847    0.389658    5.905943 ^ fanout50/X (sky130_fd_sc_hd__clkdlybuf4s25_1)
                                                         net50 (net)
                      0.324847    0.000235    5.906178 ^ fanout48/A (sky130_fd_sc_hd__clkdlybuf4s25_1)
     4    0.017268    0.135211    0.266644    6.172822 ^ fanout48/X (sky130_fd_sc_hd__clkdlybuf4s25_1)
                                                         net48 (net)
                      0.135211    0.000083    6.172906 ^ load_slew49/A (sky130_fd_sc_hd__buf_4)
     7    0.031312    0.071419    0.124342    6.297248 ^ load_slew49/X (sky130_fd_sc_hd__buf_4)
                                                         net49 (net)
                      0.071422    0.000560    6.297808 ^ _415_/RESET_B (sky130_fd_sc_hd__dfrtp_2)
                                              6.297808   data arrival time

                                 25.000000   25.000000   clock clk (rise edge)
                                  0.000000   25.000000   clock source latency
     2    0.019028    0.068483    0.046759   25.046759 ^ clk (in)
                                                         clk (net)
                      0.068490    0.000000   25.046759 ^ clkbuf_0_clk/A (sky130_fd_sc_hd__clkbuf_16)
     8    0.082689    0.076027    0.130395   25.177153 ^ clkbuf_0_clk/X (sky130_fd_sc_hd__clkbuf_16)
                                                         clknet_0_clk (net)
                      0.076035    0.000650   25.177803 ^ clkbuf_3_6__f_clk/A (sky130_fd_sc_hd__clkbuf_16)
    10    0.029771    0.038256    0.103675   25.281479 ^ clkbuf_3_6__f_clk/X (sky130_fd_sc_hd__clkbuf_16)
                                                         clknet_3_6__leaf_clk (net)
                      0.038260    0.000407   25.281885 ^ _415_/CLK (sky130_fd_sc_hd__dfrtp_2)
                                 -0.250000   25.031887   clock uncertainty
                                  0.000000   25.031887   clock reconvergence pessimism
                                  0.124450   25.156336   library recovery time
                                             25.156336   data required time
---------------------------------------------------------------------------------------------
                                             25.156336   data required time
                                             -6.297808   data arrival time
---------------------------------------------------------------------------------------------
                                             18.858530   slack (MET)


Startpoint: en (input port clocked by clk)
Endpoint: _467_ (recovery check against rising-edge clock clk)
Path Group: asynchronous
Path Type: max

Fanout         Cap        Slew       Delay        Time   Description
---------------------------------------------------------------------------------------------
                                  0.000000    0.000000   clock clk (rise edge)
                                  0.000000    0.000000   clock network delay (propagated)
                                  5.000000    5.000000 ^ input external delay
     2    0.004586    0.020287    0.011902    5.011902 ^ en (in)
                                                         en (net)
                      0.020287    0.000000    5.011902 ^ input1/A (sky130_fd_sc_hd__clkdlybuf4s25_1)
     1    0.001981    0.026400    0.150218    5.162120 ^ input1/X (sky130_fd_sc_hd__clkdlybuf4s25_1)
                                                         net1 (net)
                      0.026400    0.000017    5.162137 ^ _229_/B (sky130_fd_sc_hd__and2_2)
     1    0.004023    0.028716    0.081385    5.243522 ^ _229_/X (sky130_fd_sc_hd__and2_2)
                                                         TOP.n_rst (net)
                      0.028716    0.000043    5.243565 ^ fanout51/A (sky130_fd_sc_hd__clkdlybuf4s25_1)
     5    0.025327    0.193895    0.272316    5.515881 ^ fanout51/X (sky130_fd_sc_hd__clkdlybuf4s25_1)
                                                         net51 (net)
                      0.193895    0.000404    5.516285 ^ fanout50/A (sky130_fd_sc_hd__clkdlybuf4s25_1)
     9    0.043173    0.324847    0.389658    5.905943 ^ fanout50/X (sky130_fd_sc_hd__clkdlybuf4s25_1)
                                                         net50 (net)
                      0.324847    0.000235    5.906178 ^ fanout48/A (sky130_fd_sc_hd__clkdlybuf4s25_1)
     4    0.017268    0.135211    0.266644    6.172822 ^ fanout48/X (sky130_fd_sc_hd__clkdlybuf4s25_1)
                                                         net48 (net)
                      0.135211    0.000083    6.172906 ^ load_slew49/A (sky130_fd_sc_hd__buf_4)
     7    0.031312    0.071419    0.124342    6.297248 ^ load_slew49/X (sky130_fd_sc_hd__buf_4)
                                                         net49 (net)
                      0.071419    0.000142    6.297390 ^ _467_/RESET_B (sky130_fd_sc_hd__dfrtp_2)
                                              6.297390   data arrival time

                                 25.000000   25.000000   clock clk (rise edge)
                                  0.000000   25.000000   clock source latency
     2    0.019028    0.068483    0.046759   25.046759 ^ clk (in)
                                                         clk (net)
                      0.068490    0.000000   25.046759 ^ clkbuf_0_clk/A (sky130_fd_sc_hd__clkbuf_16)
     8    0.082689    0.076027    0.130395   25.177153 ^ clkbuf_0_clk/X (sky130_fd_sc_hd__clkbuf_16)
                                                         clknet_0_clk (net)
                      0.076148    0.002421   25.179575 ^ clkbuf_3_3__f_clk/A (sky130_fd_sc_hd__clkbuf_16)
    10    0.029599    0.038144    0.103519   25.283094 ^ clkbuf_3_3__f_clk/X (sky130_fd_sc_hd__clkbuf_16)
                                                         clknet_3_3__leaf_clk (net)
                      0.038144    0.000165   25.283258 ^ _467_/CLK (sky130_fd_sc_hd__dfrtp_2)
                                 -0.250000   25.033260   clock uncertainty
                                  0.000000   25.033260   clock reconvergence pessimism
                                  0.124433   25.157694   library recovery time
                                             25.157694   data required time
---------------------------------------------------------------------------------------------
                                             25.157694   data required time
                                             -6.297390   data arrival time
---------------------------------------------------------------------------------------------
                                             18.860302   slack (MET)


Startpoint: _450_ (rising edge-triggered flip-flop clocked by clk)
Endpoint: gpio_out[20] (output port clocked by clk)
Path Group: clk
Path Type: max

Fanout         Cap        Slew       Delay        Time   Description
---------------------------------------------------------------------------------------------
                                  0.000000    0.000000   clock clk (rise edge)
                                  0.000000    0.000000   clock source latency
     2    0.019028    0.068483    0.046759    0.046759 ^ clk (in)
                                                         clk (net)
                      0.068490    0.000000    0.046759 ^ clkbuf_0_clk/A (sky130_fd_sc_hd__clkbuf_16)
     8    0.082689    0.076027    0.130394    0.177154 ^ clkbuf_0_clk/X (sky130_fd_sc_hd__clkbuf_16)
                                                         clknet_0_clk (net)
                      0.076035    0.000651    0.177804 ^ clkbuf_3_6__f_clk/A (sky130_fd_sc_hd__clkbuf_16)
    10    0.029771    0.038256    0.103675    0.281480 ^ clkbuf_3_6__f_clk/X (sky130_fd_sc_hd__clkbuf_16)
                                                         clknet_3_6__leaf_clk (net)
                      0.038259    0.000372    0.281851 ^ _450_/CLK (sky130_fd_sc_hd__dfrtp_2)
     3    0.010730    0.050939    0.232889    0.514740 ^ _450_/Q (sky130_fd_sc_hd__dfrtp_2)
                                                         net16 (net)
                      0.050939    0.000066    0.514806 ^ output16/A (sky130_fd_sc_hd__clkdlybuf4s25_1)
     1    0.035469    0.267946    0.330169    0.844975 ^ output16/X (sky130_fd_sc_hd__clkdlybuf4s25_1)
                                                         gpio_out[20] (net)
                      0.267946    0.000641    0.845616 ^ gpio_out[20] (out)
                                              0.845616   data arrival time

                                 25.000000   25.000000   clock clk (rise edge)
                                  0.000000   25.000000   clock network delay (propagated)
                                 -0.250000   24.750000   clock uncertainty
                                  0.000000   24.750000   clock reconvergence pessimism
                                 -5.000000   19.750000   output external delay
                                             19.750000   data required time
---------------------------------------------------------------------------------------------
                                             19.750000   data required time
                                             -0.845616   data arrival time
---------------------------------------------------------------------------------------------
                                             18.904385   slack (MET)


Startpoint: en (input port clocked by clk)
Endpoint: _478_ (recovery check against rising-edge clock clk)
Path Group: asynchronous
Path Type: max

Fanout         Cap        Slew       Delay        Time   Description
---------------------------------------------------------------------------------------------
                                  0.000000    0.000000   clock clk (rise edge)
                                  0.000000    0.000000   clock network delay (propagated)
                                  5.000000    5.000000 ^ input external delay
     2    0.004586    0.020287    0.011902    5.011902 ^ en (in)
                                                         en (net)
                      0.020287    0.000000    5.011902 ^ input1/A (sky130_fd_sc_hd__clkdlybuf4s25_1)
     1    0.001981    0.026400    0.150218    5.162120 ^ input1/X (sky130_fd_sc_hd__clkdlybuf4s25_1)
                                                         net1 (net)
                      0.026400    0.000017    5.162137 ^ _229_/B (sky130_fd_sc_hd__and2_2)
     1    0.004023    0.028716    0.081385    5.243522 ^ _229_/X (sky130_fd_sc_hd__and2_2)
                                                         TOP.n_rst (net)
                      0.028716    0.000043    5.243565 ^ fanout51/A (sky130_fd_sc_hd__clkdlybuf4s25_1)
     5    0.025327    0.193895    0.272316    5.515881 ^ fanout51/X (sky130_fd_sc_hd__clkdlybuf4s25_1)
                                                         net51 (net)
                      0.193895    0.000099    5.515980 ^ fanout40/A (sky130_fd_sc_hd__clkdlybuf4s25_1)
     5    0.023665    0.181844    0.290555    5.806535 ^ fanout40/X (sky130_fd_sc_hd__clkdlybuf4s25_1)
                                                         net40 (net)
                      0.181844    0.000451    5.806986 ^ fanout37/A (sky130_fd_sc_hd__clkdlybuf4s25_1)
     5    0.019985    0.154977    0.271070    6.078055 ^ fanout37/X (sky130_fd_sc_hd__clkdlybuf4s25_1)
                                                         net37 (net)
                      0.154977    0.000159    6.078215 ^ load_slew38/A (sky130_fd_sc_hd__clkbuf_2)
     6    0.026175    0.113014    0.148697    6.226911 ^ load_slew38/X (sky130_fd_sc_hd__clkbuf_2)
                                                         net38 (net)
                      0.113014    0.000355    6.227266 ^ _478_/RESET_B (sky130_fd_sc_hd__dfrtp_2)
                                              6.227266   data arrival time

                                 25.000000   25.000000   clock clk (rise edge)
                                  0.000000   25.000000   clock source latency
     2    0.019028    0.068483    0.046759   25.046759 ^ clk (in)
                                                         clk (net)
                      0.068490    0.000000   25.046759 ^ clkbuf_0_clk/A (sky130_fd_sc_hd__clkbuf_16)
     8    0.082689    0.076027    0.130395   25.177153 ^ clkbuf_0_clk/X (sky130_fd_sc_hd__clkbuf_16)
                                                         clknet_0_clk (net)
                      0.076122    0.002149   25.179302 ^ clkbuf_3_0__f_clk/A (sky130_fd_sc_hd__clkbuf_16)
    10    0.030821    0.039003    0.104421   25.283724 ^ clkbuf_3_0__f_clk/X (sky130_fd_sc_hd__clkbuf_16)
                                                         clknet_3_0__leaf_clk (net)
                      0.039007    0.000357   25.284081 ^ _478_/CLK (sky130_fd_sc_hd__dfrtp_2)
                                 -0.250000   25.034082   clock uncertainty
                                  0.000000   25.034082   clock reconvergence pessimism
                                  0.113903   25.147985   library recovery time
                                             25.147985   data required time
---------------------------------------------------------------------------------------------
                                             25.147985   data required time
                                             -6.227266   data arrival time
---------------------------------------------------------------------------------------------
                                             18.920719   slack (MET)


Startpoint: en (input port clocked by clk)
Endpoint: _482_ (recovery check against rising-edge clock clk)
Path Group: asynchronous
Path Type: max

Fanout         Cap        Slew       Delay        Time   Description
---------------------------------------------------------------------------------------------
                                  0.000000    0.000000   clock clk (rise edge)
                                  0.000000    0.000000   clock network delay (propagated)
                                  5.000000    5.000000 ^ input external delay
     2    0.004586    0.020287    0.011902    5.011902 ^ en (in)
                                                         en (net)
                      0.020287    0.000000    5.011902 ^ input1/A (sky130_fd_sc_hd__clkdlybuf4s25_1)
     1    0.001981    0.026400    0.150218    5.162120 ^ input1/X (sky130_fd_sc_hd__clkdlybuf4s25_1)
                                                         net1 (net)
                      0.026400    0.000017    5.162137 ^ _229_/B (sky130_fd_sc_hd__and2_2)
     1    0.004023    0.028716    0.081385    5.243522 ^ _229_/X (sky130_fd_sc_hd__and2_2)
                                                         TOP.n_rst (net)
                      0.028716    0.000043    5.243565 ^ fanout51/A (sky130_fd_sc_hd__clkdlybuf4s25_1)
     5    0.025327    0.193895    0.272316    5.515881 ^ fanout51/X (sky130_fd_sc_hd__clkdlybuf4s25_1)
                                                         net51 (net)
                      0.193895    0.000099    5.515980 ^ fanout40/A (sky130_fd_sc_hd__clkdlybuf4s25_1)
     5    0.023665    0.181844    0.290555    5.806535 ^ fanout40/X (sky130_fd_sc_hd__clkdlybuf4s25_1)
                                                         net40 (net)
                      0.181844    0.000451    5.806986 ^ fanout37/A (sky130_fd_sc_hd__clkdlybuf4s25_1)
     5    0.019985    0.154977    0.271070    6.078055 ^ fanout37/X (sky130_fd_sc_hd__clkdlybuf4s25_1)
                                                         net37 (net)
                      0.154977    0.000159    6.078215 ^ load_slew38/A (sky130_fd_sc_hd__clkbuf_2)
     6    0.026175    0.113014    0.148697    6.226911 ^ load_slew38/X (sky130_fd_sc_hd__clkbuf_2)
                                                         net38 (net)
                      0.113015    0.000488    6.227400 ^ _482_/RESET_B (sky130_fd_sc_hd__dfrtp_2)
                                              6.227400   data arrival time

                                 25.000000   25.000000   clock clk (rise edge)
                                  0.000000   25.000000   clock source latency
     2    0.019028    0.068483    0.046759   25.046759 ^ clk (in)
                                                         clk (net)
                      0.068490    0.000000   25.046759 ^ clkbuf_0_clk/A (sky130_fd_sc_hd__clkbuf_16)
     8    0.082689    0.076027    0.130395   25.177153 ^ clkbuf_0_clk/X (sky130_fd_sc_hd__clkbuf_16)
                                                         clknet_0_clk (net)
                      0.076116    0.002077   25.179230 ^ clkbuf_3_1__f_clk/A (sky130_fd_sc_hd__clkbuf_16)
    10    0.035455    0.042282    0.106940   25.286171 ^ clkbuf_3_1__f_clk/X (sky130_fd_sc_hd__clkbuf_16)
                                                         clknet_3_1__leaf_clk (net)
                      0.042293    0.000801   25.286972 ^ _482_/CLK (sky130_fd_sc_hd__dfrtp_2)
                                 -0.250000   25.036972   clock uncertainty
                                  0.000000   25.036972   clock reconvergence pessimism
                                  0.114415   25.151388   library recovery time
                                             25.151388   data required time
---------------------------------------------------------------------------------------------
                                             25.151388   data required time
                                             -6.227400   data arrival time
---------------------------------------------------------------------------------------------
                                             18.923988   slack (MET)


Startpoint: en (input port clocked by clk)
Endpoint: _480_ (recovery check against rising-edge clock clk)
Path Group: asynchronous
Path Type: max

Fanout         Cap        Slew       Delay        Time   Description
---------------------------------------------------------------------------------------------
                                  0.000000    0.000000   clock clk (rise edge)
                                  0.000000    0.000000   clock network delay (propagated)
                                  5.000000    5.000000 ^ input external delay
     2    0.004586    0.020287    0.011902    5.011902 ^ en (in)
                                                         en (net)
                      0.020287    0.000000    5.011902 ^ input1/A (sky130_fd_sc_hd__clkdlybuf4s25_1)
     1    0.001981    0.026400    0.150218    5.162120 ^ input1/X (sky130_fd_sc_hd__clkdlybuf4s25_1)
                                                         net1 (net)
                      0.026400    0.000017    5.162137 ^ _229_/B (sky130_fd_sc_hd__and2_2)
     1    0.004023    0.028716    0.081385    5.243522 ^ _229_/X (sky130_fd_sc_hd__and2_2)
                                                         TOP.n_rst (net)
                      0.028716    0.000043    5.243565 ^ fanout51/A (sky130_fd_sc_hd__clkdlybuf4s25_1)
     5    0.025327    0.193895    0.272316    5.515881 ^ fanout51/X (sky130_fd_sc_hd__clkdlybuf4s25_1)
                                                         net51 (net)
                      0.193895    0.000099    5.515980 ^ fanout40/A (sky130_fd_sc_hd__clkdlybuf4s25_1)
     5    0.023665    0.181844    0.290555    5.806535 ^ fanout40/X (sky130_fd_sc_hd__clkdlybuf4s25_1)
                                                         net40 (net)
                      0.181844    0.000451    5.806986 ^ fanout37/A (sky130_fd_sc_hd__clkdlybuf4s25_1)
     5    0.019985    0.154977    0.271070    6.078055 ^ fanout37/X (sky130_fd_sc_hd__clkdlybuf4s25_1)
                                                         net37 (net)
                      0.154977    0.000159    6.078215 ^ load_slew38/A (sky130_fd_sc_hd__clkbuf_2)
     6    0.026175    0.113014    0.148697    6.226911 ^ load_slew38/X (sky130_fd_sc_hd__clkbuf_2)
                                                         net38 (net)
                      0.113014    0.000402    6.227313 ^ _480_/RESET_B (sky130_fd_sc_hd__dfrtp_2)
                                              6.227313   data arrival time

                                 25.000000   25.000000   clock clk (rise edge)
                                  0.000000   25.000000   clock source latency
     2    0.019028    0.068483    0.046759   25.046759 ^ clk (in)
                                                         clk (net)
                      0.068490    0.000000   25.046759 ^ clkbuf_0_clk/A (sky130_fd_sc_hd__clkbuf_16)
     8    0.082689    0.076027    0.130395   25.177153 ^ clkbuf_0_clk/X (sky130_fd_sc_hd__clkbuf_16)
                                                         clknet_0_clk (net)
                      0.076116    0.002077   25.179230 ^ clkbuf_3_1__f_clk/A (sky130_fd_sc_hd__clkbuf_16)
    10    0.035455    0.042282    0.106940   25.286171 ^ clkbuf_3_1__f_clk/X (sky130_fd_sc_hd__clkbuf_16)
                                                         clknet_3_1__leaf_clk (net)
                      0.042290    0.000737   25.286907 ^ _480_/CLK (sky130_fd_sc_hd__dfrtp_2)
                                 -0.250000   25.036909   clock uncertainty
                                  0.000000   25.036909   clock reconvergence pessimism
                                  0.114415   25.151323   library recovery time
                                             25.151323   data required time
---------------------------------------------------------------------------------------------
                                             25.151323   data required time
                                             -6.227313   data arrival time
---------------------------------------------------------------------------------------------
                                             18.924009   slack (MET)


Startpoint: en (input port clocked by clk)
Endpoint: _483_ (recovery check against rising-edge clock clk)
Path Group: asynchronous
Path Type: max

Fanout         Cap        Slew       Delay        Time   Description
---------------------------------------------------------------------------------------------
                                  0.000000    0.000000   clock clk (rise edge)
                                  0.000000    0.000000   clock network delay (propagated)
                                  5.000000    5.000000 ^ input external delay
     2    0.004586    0.020287    0.011902    5.011902 ^ en (in)
                                                         en (net)
                      0.020287    0.000000    5.011902 ^ input1/A (sky130_fd_sc_hd__clkdlybuf4s25_1)
     1    0.001981    0.026400    0.150218    5.162120 ^ input1/X (sky130_fd_sc_hd__clkdlybuf4s25_1)
                                                         net1 (net)
                      0.026400    0.000017    5.162137 ^ _229_/B (sky130_fd_sc_hd__and2_2)
     1    0.004023    0.028716    0.081385    5.243522 ^ _229_/X (sky130_fd_sc_hd__and2_2)
                                                         TOP.n_rst (net)
                      0.028716    0.000043    5.243565 ^ fanout51/A (sky130_fd_sc_hd__clkdlybuf4s25_1)
     5    0.025327    0.193895    0.272316    5.515881 ^ fanout51/X (sky130_fd_sc_hd__clkdlybuf4s25_1)
                                                         net51 (net)
                      0.193895    0.000099    5.515980 ^ fanout40/A (sky130_fd_sc_hd__clkdlybuf4s25_1)
     5    0.023665    0.181844    0.290555    5.806535 ^ fanout40/X (sky130_fd_sc_hd__clkdlybuf4s25_1)
                                                         net40 (net)
                      0.181844    0.000451    5.806986 ^ fanout37/A (sky130_fd_sc_hd__clkdlybuf4s25_1)
     5    0.019985    0.154977    0.271070    6.078055 ^ fanout37/X (sky130_fd_sc_hd__clkdlybuf4s25_1)
                                                         net37 (net)
                      0.154977    0.000159    6.078215 ^ load_slew38/A (sky130_fd_sc_hd__clkbuf_2)
     6    0.026175    0.113014    0.148697    6.226911 ^ load_slew38/X (sky130_fd_sc_hd__clkbuf_2)
                                                         net38 (net)
                      0.113015    0.000515    6.227427 ^ _483_/RESET_B (sky130_fd_sc_hd__dfrtp_2)
                                              6.227427   data arrival time

                                 25.000000   25.000000   clock clk (rise edge)
                                  0.000000   25.000000   clock source latency
     2    0.019028    0.068483    0.046759   25.046759 ^ clk (in)
                                                         clk (net)
                      0.068490    0.000000   25.046759 ^ clkbuf_0_clk/A (sky130_fd_sc_hd__clkbuf_16)
     8    0.082689    0.076027    0.130395   25.177153 ^ clkbuf_0_clk/X (sky130_fd_sc_hd__clkbuf_16)
                                                         clknet_0_clk (net)
                      0.076116    0.002077   25.179230 ^ clkbuf_3_1__f_clk/A (sky130_fd_sc_hd__clkbuf_16)
    10    0.035455    0.042282    0.106940   25.286171 ^ clkbuf_3_1__f_clk/X (sky130_fd_sc_hd__clkbuf_16)
                                                         clknet_3_1__leaf_clk (net)
                      0.042295    0.000846   25.287016 ^ _483_/CLK (sky130_fd_sc_hd__dfrtp_2)
                                 -0.250000   25.037016   clock uncertainty
                                  0.000000   25.037016   clock reconvergence pessimism
                                  0.114416   25.151432   library recovery time
                                             25.151432   data required time
---------------------------------------------------------------------------------------------
                                             25.151432   data required time
                                             -6.227427   data arrival time
---------------------------------------------------------------------------------------------
                                             18.924006   slack (MET)


Startpoint: en (input port clocked by clk)
Endpoint: _484_ (recovery check against rising-edge clock clk)
Path Group: asynchronous
Path Type: max

Fanout         Cap        Slew       Delay        Time   Description
---------------------------------------------------------------------------------------------
                                  0.000000    0.000000   clock clk (rise edge)
                                  0.000000    0.000000   clock network delay (propagated)
                                  5.000000    5.000000 ^ input external delay
     2    0.004586    0.020287    0.011902    5.011902 ^ en (in)
                                                         en (net)
                      0.020287    0.000000    5.011902 ^ input1/A (sky130_fd_sc_hd__clkdlybuf4s25_1)
     1    0.001981    0.026400    0.150218    5.162120 ^ input1/X (sky130_fd_sc_hd__clkdlybuf4s25_1)
                                                         net1 (net)
                      0.026400    0.000017    5.162137 ^ _229_/B (sky130_fd_sc_hd__and2_2)
     1    0.004023    0.028716    0.081385    5.243522 ^ _229_/X (sky130_fd_sc_hd__and2_2)
                                                         TOP.n_rst (net)
                      0.028716    0.000043    5.243565 ^ fanout51/A (sky130_fd_sc_hd__clkdlybuf4s25_1)
     5    0.025327    0.193895    0.272316    5.515881 ^ fanout51/X (sky130_fd_sc_hd__clkdlybuf4s25_1)
                                                         net51 (net)
                      0.193895    0.000099    5.515980 ^ fanout40/A (sky130_fd_sc_hd__clkdlybuf4s25_1)
     5    0.023665    0.181844    0.290555    5.806535 ^ fanout40/X (sky130_fd_sc_hd__clkdlybuf4s25_1)
                                                         net40 (net)
                      0.181844    0.000451    5.806986 ^ fanout37/A (sky130_fd_sc_hd__clkdlybuf4s25_1)
     5    0.019985    0.154977    0.271070    6.078055 ^ fanout37/X (sky130_fd_sc_hd__clkdlybuf4s25_1)
                                                         net37 (net)
                      0.154977    0.000159    6.078215 ^ load_slew38/A (sky130_fd_sc_hd__clkbuf_2)
     6    0.026175    0.113014    0.148697    6.226911 ^ load_slew38/X (sky130_fd_sc_hd__clkbuf_2)
                                                         net38 (net)
                      0.113015    0.000481    6.227392 ^ _484_/RESET_B (sky130_fd_sc_hd__dfrtp_2)
                                              6.227392   data arrival time

                                 25.000000   25.000000   clock clk (rise edge)
                                  0.000000   25.000000   clock source latency
     2    0.019028    0.068483    0.046759   25.046759 ^ clk (in)
                                                         clk (net)
                      0.068490    0.000000   25.046759 ^ clkbuf_0_clk/A (sky130_fd_sc_hd__clkbuf_16)
     8    0.082689    0.076027    0.130395   25.177153 ^ clkbuf_0_clk/X (sky130_fd_sc_hd__clkbuf_16)
                                                         clknet_0_clk (net)
                      0.076116    0.002077   25.179230 ^ clkbuf_3_1__f_clk/A (sky130_fd_sc_hd__clkbuf_16)
    10    0.035455    0.042282    0.106940   25.286171 ^ clkbuf_3_1__f_clk/X (sky130_fd_sc_hd__clkbuf_16)
                                                         clknet_3_1__leaf_clk (net)
                      0.042294    0.000815   25.286985 ^ _484_/CLK (sky130_fd_sc_hd__dfrtp_2)
                                 -0.250000   25.036987   clock uncertainty
                                  0.000000   25.036987   clock reconvergence pessimism
                                  0.114416   25.151402   library recovery time
                                             25.151402   data required time
---------------------------------------------------------------------------------------------
                                             25.151402   data required time
                                             -6.227392   data arrival time
---------------------------------------------------------------------------------------------
                                             18.924009   slack (MET)


Startpoint: en (input port clocked by clk)
Endpoint: _432_ (recovery check against rising-edge clock clk)
Path Group: asynchronous
Path Type: max

Fanout         Cap        Slew       Delay        Time   Description
---------------------------------------------------------------------------------------------
                                  0.000000    0.000000   clock clk (rise edge)
                                  0.000000    0.000000   clock network delay (propagated)
                                  5.000000    5.000000 ^ input external delay
     2    0.004586    0.020287    0.011902    5.011902 ^ en (in)
                                                         en (net)
                      0.020287    0.000000    5.011902 ^ input1/A (sky130_fd_sc_hd__clkdlybuf4s25_1)
     1    0.001981    0.026400    0.150218    5.162120 ^ input1/X (sky130_fd_sc_hd__clkdlybuf4s25_1)
                                                         net1 (net)
                      0.026400    0.000017    5.162137 ^ _229_/B (sky130_fd_sc_hd__and2_2)
     1    0.004023    0.028716    0.081385    5.243522 ^ _229_/X (sky130_fd_sc_hd__and2_2)
                                                         TOP.n_rst (net)
                      0.028716    0.000043    5.243565 ^ fanout51/A (sky130_fd_sc_hd__clkdlybuf4s25_1)
     5    0.025327    0.193895    0.272316    5.515881 ^ fanout51/X (sky130_fd_sc_hd__clkdlybuf4s25_1)
                                                         net51 (net)
                      0.193895    0.000474    5.516356 ^ fanout47/A (sky130_fd_sc_hd__clkdlybuf4s25_1)
     8    0.038258    0.288730    0.364901    5.881257 ^ fanout47/X (sky130_fd_sc_hd__clkdlybuf4s25_1)
                                                         net47 (net)
                      0.288730    0.000758    5.882014 ^ fanout45/A (sky130_fd_sc_hd__clkdlybuf4s25_1)
     6    0.026178    0.200160    0.311174    6.193188 ^ fanout45/X (sky130_fd_sc_hd__clkdlybuf4s25_1)
                                                         net45 (net)
                      0.200160    0.000407    6.193595 ^ _432_/SET_B (sky130_fd_sc_hd__dfstp_2)
                                              6.193595   data arrival time

                                 25.000000   25.000000   clock clk (rise edge)
                                  0.000000   25.000000   clock source latency
     2    0.019028    0.068483    0.046759   25.046759 ^ clk (in)
                                                         clk (net)
                      0.068490    0.000000   25.046759 ^ clkbuf_0_clk/A (sky130_fd_sc_hd__clkbuf_16)
     8    0.082689    0.076027    0.130395   25.177153 ^ clkbuf_0_clk/X (sky130_fd_sc_hd__clkbuf_16)
                                                         clknet_0_clk (net)
                      0.076071    0.001471   25.178625 ^ clkbuf_3_5__f_clk/A (sky130_fd_sc_hd__clkbuf_16)
    10    0.033004    0.040634    0.105622   25.284246 ^ clkbuf_3_5__f_clk/X (sky130_fd_sc_hd__clkbuf_16)
                                                         clknet_3_5__leaf_clk (net)
                      0.040636    0.000606   25.284853 ^ _432_/CLK (sky130_fd_sc_hd__dfstp_2)
                                 -0.250000   25.034853   clock uncertainty
                                  0.000000   25.034853   clock reconvergence pessimism
                                  0.088143   25.122995   library recovery time
                                             25.122995   data required time
---------------------------------------------------------------------------------------------
                                             25.122995   data required time
                                             -6.193595   data arrival time
---------------------------------------------------------------------------------------------
                                             18.929401   slack (MET)


Startpoint: en (input port clocked by clk)
Endpoint: _459_ (recovery check against rising-edge clock clk)
Path Group: asynchronous
Path Type: max

Fanout         Cap        Slew       Delay        Time   Description
---------------------------------------------------------------------------------------------
                                  0.000000    0.000000   clock clk (rise edge)
                                  0.000000    0.000000   clock network delay (propagated)
                                  5.000000    5.000000 ^ input external delay
     2    0.004586    0.020287    0.011902    5.011902 ^ en (in)
                                                         en (net)
                      0.020287    0.000000    5.011902 ^ input1/A (sky130_fd_sc_hd__clkdlybuf4s25_1)
     1    0.001981    0.026400    0.150218    5.162120 ^ input1/X (sky130_fd_sc_hd__clkdlybuf4s25_1)
                                                         net1 (net)
                      0.026400    0.000017    5.162137 ^ _229_/B (sky130_fd_sc_hd__and2_2)
     1    0.004023    0.028716    0.081385    5.243522 ^ _229_/X (sky130_fd_sc_hd__and2_2)
                                                         TOP.n_rst (net)
                      0.028716    0.000043    5.243565 ^ fanout51/A (sky130_fd_sc_hd__clkdlybuf4s25_1)
     5    0.025327    0.193895    0.272316    5.515881 ^ fanout51/X (sky130_fd_sc_hd__clkdlybuf4s25_1)
                                                         net51 (net)
                      0.193895    0.000474    5.516356 ^ fanout47/A (sky130_fd_sc_hd__clkdlybuf4s25_1)
     8    0.038258    0.288730    0.364901    5.881257 ^ fanout47/X (sky130_fd_sc_hd__clkdlybuf4s25_1)
                                                         net47 (net)
                      0.288730    0.000758    5.882014 ^ fanout45/A (sky130_fd_sc_hd__clkdlybuf4s25_1)
     6    0.026178    0.200160    0.311174    6.193188 ^ fanout45/X (sky130_fd_sc_hd__clkdlybuf4s25_1)
                                                         net45 (net)
                      0.200160    0.000270    6.193459 ^ _459_/RESET_B (sky130_fd_sc_hd__dfrtp_2)
                                              6.193459   data arrival time

                                 25.000000   25.000000   clock clk (rise edge)
                                  0.000000   25.000000   clock source latency
     2    0.019028    0.068483    0.046759   25.046759 ^ clk (in)
                                                         clk (net)
                      0.068490    0.000000   25.046759 ^ clkbuf_0_clk/A (sky130_fd_sc_hd__clkbuf_16)
     8    0.082689    0.076027    0.130395   25.177153 ^ clkbuf_0_clk/X (sky130_fd_sc_hd__clkbuf_16)
                                                         clknet_0_clk (net)
                      0.076073    0.001503   25.178656 ^ clkbuf_3_4__f_clk/A (sky130_fd_sc_hd__clkbuf_16)
     9    0.031098    0.039291    0.104588   25.283245 ^ clkbuf_3_4__f_clk/X (sky130_fd_sc_hd__clkbuf_16)
                                                         clknet_3_4__leaf_clk (net)
                      0.039292    0.000259   25.283504 ^ _459_/CLK (sky130_fd_sc_hd__dfrtp_2)
                                 -0.250000   25.033504   clock uncertainty
                                  0.000000   25.033504   clock reconvergence pessimism
                                  0.091609   25.125113   library recovery time
                                             25.125113   data required time
---------------------------------------------------------------------------------------------
                                             25.125113   data required time
                                             -6.193459   data arrival time
---------------------------------------------------------------------------------------------
                                             18.931656   slack (MET)


Startpoint: en (input port clocked by clk)
Endpoint: _457_ (recovery check against rising-edge clock clk)
Path Group: asynchronous
Path Type: max

Fanout         Cap        Slew       Delay        Time   Description
---------------------------------------------------------------------------------------------
                                  0.000000    0.000000   clock clk (rise edge)
                                  0.000000    0.000000   clock network delay (propagated)
                                  5.000000    5.000000 ^ input external delay
     2    0.004586    0.020287    0.011902    5.011902 ^ en (in)
                                                         en (net)
                      0.020287    0.000000    5.011902 ^ input1/A (sky130_fd_sc_hd__clkdlybuf4s25_1)
     1    0.001981    0.026400    0.150218    5.162120 ^ input1/X (sky130_fd_sc_hd__clkdlybuf4s25_1)
                                                         net1 (net)
                      0.026400    0.000017    5.162137 ^ _229_/B (sky130_fd_sc_hd__and2_2)
     1    0.004023    0.028716    0.081385    5.243522 ^ _229_/X (sky130_fd_sc_hd__and2_2)
                                                         TOP.n_rst (net)
                      0.028716    0.000043    5.243565 ^ fanout51/A (sky130_fd_sc_hd__clkdlybuf4s25_1)
     5    0.025327    0.193895    0.272316    5.515881 ^ fanout51/X (sky130_fd_sc_hd__clkdlybuf4s25_1)
                                                         net51 (net)
                      0.193895    0.000474    5.516356 ^ fanout47/A (sky130_fd_sc_hd__clkdlybuf4s25_1)
     8    0.038258    0.288730    0.364901    5.881257 ^ fanout47/X (sky130_fd_sc_hd__clkdlybuf4s25_1)
                                                         net47 (net)
                      0.288730    0.000758    5.882014 ^ fanout45/A (sky130_fd_sc_hd__clkdlybuf4s25_1)
     6    0.026178    0.200160    0.311174    6.193188 ^ fanout45/X (sky130_fd_sc_hd__clkdlybuf4s25_1)
                                                         net45 (net)
                      0.200160    0.000373    6.193562 ^ _457_/RESET_B (sky130_fd_sc_hd__dfrtp_2)
                                              6.193562   data arrival time

                                 25.000000   25.000000   clock clk (rise edge)
                                  0.000000   25.000000   clock source latency
     2    0.019028    0.068483    0.046759   25.046759 ^ clk (in)
                                                         clk (net)
                      0.068490    0.000000   25.046759 ^ clkbuf_0_clk/A (sky130_fd_sc_hd__clkbuf_16)
     8    0.082689    0.076027    0.130395   25.177153 ^ clkbuf_0_clk/X (sky130_fd_sc_hd__clkbuf_16)
                                                         clknet_0_clk (net)
                      0.076071    0.001471   25.178625 ^ clkbuf_3_5__f_clk/A (sky130_fd_sc_hd__clkbuf_16)
    10    0.033004    0.040634    0.105622   25.284246 ^ clkbuf_3_5__f_clk/X (sky130_fd_sc_hd__clkbuf_16)
                                                         clknet_3_5__leaf_clk (net)
                      0.040636    0.000576   25.284822 ^ _457_/CLK (sky130_fd_sc_hd__dfrtp_2)
                                 -0.250000   25.034822   clock uncertainty
                                  0.000000   25.034822   clock reconvergence pessimism
                                  0.091824   25.126648   library recovery time
                                             25.126648   data required time
---------------------------------------------------------------------------------------------
                                             25.126648   data required time
                                             -6.193562   data arrival time
---------------------------------------------------------------------------------------------
                                             18.933086   slack (MET)


Startpoint: en (input port clocked by clk)
Endpoint: _437_ (recovery check against rising-edge clock clk)
Path Group: asynchronous
Path Type: max

Fanout         Cap        Slew       Delay        Time   Description
---------------------------------------------------------------------------------------------
                                  0.000000    0.000000   clock clk (rise edge)
                                  0.000000    0.000000   clock network delay (propagated)
                                  5.000000    5.000000 ^ input external delay
     2    0.004586    0.020287    0.011902    5.011902 ^ en (in)
                                                         en (net)
                      0.020287    0.000000    5.011902 ^ input1/A (sky130_fd_sc_hd__clkdlybuf4s25_1)
     1    0.001981    0.026400    0.150218    5.162120 ^ input1/X (sky130_fd_sc_hd__clkdlybuf4s25_1)
                                                         net1 (net)
                      0.026400    0.000017    5.162137 ^ _229_/B (sky130_fd_sc_hd__and2_2)
     1    0.004023    0.028716    0.081385    5.243522 ^ _229_/X (sky130_fd_sc_hd__and2_2)
                                                         TOP.n_rst (net)
                      0.028716    0.000043    5.243565 ^ fanout51/A (sky130_fd_sc_hd__clkdlybuf4s25_1)
     5    0.025327    0.193895    0.272316    5.515881 ^ fanout51/X (sky130_fd_sc_hd__clkdlybuf4s25_1)
                                                         net51 (net)
                      0.193895    0.000474    5.516356 ^ fanout47/A (sky130_fd_sc_hd__clkdlybuf4s25_1)
     8    0.038258    0.288730    0.364901    5.881257 ^ fanout47/X (sky130_fd_sc_hd__clkdlybuf4s25_1)
                                                         net47 (net)
                      0.288730    0.000758    5.882014 ^ fanout45/A (sky130_fd_sc_hd__clkdlybuf4s25_1)
     6    0.026178    0.200160    0.311174    6.193188 ^ fanout45/X (sky130_fd_sc_hd__clkdlybuf4s25_1)
                                                         net45 (net)
                      0.200160    0.000162    6.193350 ^ _437_/RESET_B (sky130_fd_sc_hd__dfrtp_2)
                                              6.193350   data arrival time

                                 25.000000   25.000000   clock clk (rise edge)
                                  0.000000   25.000000   clock source latency
     2    0.019028    0.068483    0.046759   25.046759 ^ clk (in)
                                                         clk (net)
                      0.068490    0.000000   25.046759 ^ clkbuf_0_clk/A (sky130_fd_sc_hd__clkbuf_16)
     8    0.082689    0.076027    0.130395   25.177153 ^ clkbuf_0_clk/X (sky130_fd_sc_hd__clkbuf_16)
                                                         clknet_0_clk (net)
                      0.076071    0.001471   25.178625 ^ clkbuf_3_5__f_clk/A (sky130_fd_sc_hd__clkbuf_16)
    10    0.033004    0.040634    0.105622   25.284246 ^ clkbuf_3_5__f_clk/X (sky130_fd_sc_hd__clkbuf_16)
                                                         clknet_3_5__leaf_clk (net)
                      0.040635    0.000451   25.284698 ^ _437_/CLK (sky130_fd_sc_hd__dfrtp_2)
                                 -0.250000   25.034698   clock uncertainty
                                  0.000000   25.034698   clock reconvergence pessimism
                                  0.091824   25.126522   library recovery time
                                             25.126522   data required time
---------------------------------------------------------------------------------------------
                                             25.126522   data required time
                                             -6.193350   data arrival time
---------------------------------------------------------------------------------------------
                                             18.933172   slack (MET)


Startpoint: en (input port clocked by clk)
Endpoint: _446_ (recovery check against rising-edge clock clk)
Path Group: asynchronous
Path Type: max

Fanout         Cap        Slew       Delay        Time   Description
---------------------------------------------------------------------------------------------
                                  0.000000    0.000000   clock clk (rise edge)
                                  0.000000    0.000000   clock network delay (propagated)
                                  5.000000    5.000000 ^ input external delay
     2    0.004586    0.020287    0.011902    5.011902 ^ en (in)
                                                         en (net)
                      0.020287    0.000000    5.011902 ^ input1/A (sky130_fd_sc_hd__clkdlybuf4s25_1)
     1    0.001981    0.026400    0.150218    5.162120 ^ input1/X (sky130_fd_sc_hd__clkdlybuf4s25_1)
                                                         net1 (net)
                      0.026400    0.000017    5.162137 ^ _229_/B (sky130_fd_sc_hd__and2_2)
     1    0.004023    0.028716    0.081385    5.243522 ^ _229_/X (sky130_fd_sc_hd__and2_2)
                                                         TOP.n_rst (net)
                      0.028716    0.000043    5.243565 ^ fanout51/A (sky130_fd_sc_hd__clkdlybuf4s25_1)
     5    0.025327    0.193895    0.272316    5.515881 ^ fanout51/X (sky130_fd_sc_hd__clkdlybuf4s25_1)
                                                         net51 (net)
                      0.193895    0.000474    5.516356 ^ fanout47/A (sky130_fd_sc_hd__clkdlybuf4s25_1)
     8    0.038258    0.288730    0.364901    5.881257 ^ fanout47/X (sky130_fd_sc_hd__clkdlybuf4s25_1)
                                                         net47 (net)
                      0.288730    0.000758    5.882014 ^ fanout45/A (sky130_fd_sc_hd__clkdlybuf4s25_1)
     6    0.026178    0.200160    0.311174    6.193188 ^ fanout45/X (sky130_fd_sc_hd__clkdlybuf4s25_1)
                                                         net45 (net)
                      0.200160    0.000173    6.193362 ^ _446_/RESET_B (sky130_fd_sc_hd__dfrtp_2)
                                              6.193362   data arrival time

                                 25.000000   25.000000   clock clk (rise edge)
                                  0.000000   25.000000   clock source latency
     2    0.019028    0.068483    0.046759   25.046759 ^ clk (in)
                                                         clk (net)
                      0.068490    0.000000   25.046759 ^ clkbuf_0_clk/A (sky130_fd_sc_hd__clkbuf_16)
     8    0.082689    0.076027    0.130395   25.177153 ^ clkbuf_0_clk/X (sky130_fd_sc_hd__clkbuf_16)
                                                         clknet_0_clk (net)
                      0.076071    0.001471   25.178625 ^ clkbuf_3_5__f_clk/A (sky130_fd_sc_hd__clkbuf_16)
    10    0.033004    0.040634    0.105622   25.284246 ^ clkbuf_3_5__f_clk/X (sky130_fd_sc_hd__clkbuf_16)
                                                         clknet_3_5__leaf_clk (net)
                      0.040635    0.000464   25.284710 ^ _446_/CLK (sky130_fd_sc_hd__dfrtp_2)
                                 -0.250000   25.034712   clock uncertainty
                                  0.000000   25.034712   clock reconvergence pessimism
                                  0.091824   25.126534   library recovery time
                                             25.126534   data required time
---------------------------------------------------------------------------------------------
                                             25.126534   data required time
                                             -6.193362   data arrival time
---------------------------------------------------------------------------------------------
                                             18.933172   slack (MET)


Startpoint: en (input port clocked by clk)
Endpoint: _445_ (recovery check against rising-edge clock clk)
Path Group: asynchronous
Path Type: max

Fanout         Cap        Slew       Delay        Time   Description
---------------------------------------------------------------------------------------------
                                  0.000000    0.000000   clock clk (rise edge)
                                  0.000000    0.000000   clock network delay (propagated)
                                  5.000000    5.000000 ^ input external delay
     2    0.004586    0.020287    0.011902    5.011902 ^ en (in)
                                                         en (net)
                      0.020287    0.000000    5.011902 ^ input1/A (sky130_fd_sc_hd__clkdlybuf4s25_1)
     1    0.001981    0.026400    0.150218    5.162120 ^ input1/X (sky130_fd_sc_hd__clkdlybuf4s25_1)
                                                         net1 (net)
                      0.026400    0.000017    5.162137 ^ _229_/B (sky130_fd_sc_hd__and2_2)
     1    0.004023    0.028716    0.081385    5.243522 ^ _229_/X (sky130_fd_sc_hd__and2_2)
                                                         TOP.n_rst (net)
                      0.028716    0.000043    5.243565 ^ fanout51/A (sky130_fd_sc_hd__clkdlybuf4s25_1)
     5    0.025327    0.193895    0.272316    5.515881 ^ fanout51/X (sky130_fd_sc_hd__clkdlybuf4s25_1)
                                                         net51 (net)
                      0.193895    0.000404    5.516285 ^ fanout50/A (sky130_fd_sc_hd__clkdlybuf4s25_1)
     9    0.043173    0.324847    0.389658    5.905943 ^ fanout50/X (sky130_fd_sc_hd__clkdlybuf4s25_1)
                                                         net50 (net)
                      0.324847    0.000235    5.906178 ^ fanout48/A (sky130_fd_sc_hd__clkdlybuf4s25_1)
     4    0.017268    0.135211    0.266644    6.172822 ^ fanout48/X (sky130_fd_sc_hd__clkdlybuf4s25_1)
                                                         net48 (net)
                      0.135211    0.000085    6.172907 ^ _445_/RESET_B (sky130_fd_sc_hd__dfrtp_2)
                                              6.172907   data arrival time

                                 25.000000   25.000000   clock clk (rise edge)
                                  0.000000   25.000000   clock source latency
     2    0.019028    0.068483    0.046759   25.046759 ^ clk (in)
                                                         clk (net)
                      0.068490    0.000000   25.046759 ^ clkbuf_0_clk/A (sky130_fd_sc_hd__clkbuf_16)
     8    0.082689    0.076027    0.130395   25.177153 ^ clkbuf_0_clk/X (sky130_fd_sc_hd__clkbuf_16)
                                                         clknet_0_clk (net)
                      0.076034    0.000588   25.177742 ^ clkbuf_3_7__f_clk/A (sky130_fd_sc_hd__clkbuf_16)
     9    0.026754    0.036150    0.101654   25.279396 ^ clkbuf_3_7__f_clk/X (sky130_fd_sc_hd__clkbuf_16)
                                                         clknet_3_7__leaf_clk (net)
                      0.036150    0.000156   25.279552 ^ _445_/CLK (sky130_fd_sc_hd__dfrtp_2)
                                 -0.250000   25.029552   clock uncertainty
                                  0.000000   25.029552   clock reconvergence pessimism
                                  0.107764   25.137318   library recovery time
                                             25.137318   data required time
---------------------------------------------------------------------------------------------
                                             25.137318   data required time
                                             -6.172907   data arrival time
---------------------------------------------------------------------------------------------
                                             18.964409   slack (MET)


Startpoint: en (input port clocked by clk)
Endpoint: _468_ (recovery check against rising-edge clock clk)
Path Group: asynchronous
Path Type: max

Fanout         Cap        Slew       Delay        Time   Description
---------------------------------------------------------------------------------------------
                                  0.000000    0.000000   clock clk (rise edge)
                                  0.000000    0.000000   clock network delay (propagated)
                                  5.000000    5.000000 ^ input external delay
     2    0.004586    0.020287    0.011902    5.011902 ^ en (in)
                                                         en (net)
                      0.020287    0.000000    5.011902 ^ input1/A (sky130_fd_sc_hd__clkdlybuf4s25_1)
     1    0.001981    0.026400    0.150218    5.162120 ^ input1/X (sky130_fd_sc_hd__clkdlybuf4s25_1)
                                                         net1 (net)
                      0.026400    0.000017    5.162137 ^ _229_/B (sky130_fd_sc_hd__and2_2)
     1    0.004023    0.028716    0.081385    5.243522 ^ _229_/X (sky130_fd_sc_hd__and2_2)
                                                         TOP.n_rst (net)
                      0.028716    0.000043    5.243565 ^ fanout51/A (sky130_fd_sc_hd__clkdlybuf4s25_1)
     5    0.025327    0.193895    0.272316    5.515881 ^ fanout51/X (sky130_fd_sc_hd__clkdlybuf4s25_1)
                                                         net51 (net)
                      0.193895    0.000404    5.516285 ^ fanout50/A (sky130_fd_sc_hd__clkdlybuf4s25_1)
     9    0.043173    0.324847    0.389658    5.905943 ^ fanout50/X (sky130_fd_sc_hd__clkdlybuf4s25_1)
                                                         net50 (net)
                      0.324847    0.000235    5.906178 ^ fanout48/A (sky130_fd_sc_hd__clkdlybuf4s25_1)
     4    0.017268    0.135211    0.266644    6.172822 ^ fanout48/X (sky130_fd_sc_hd__clkdlybuf4s25_1)
                                                         net48 (net)
                      0.135211    0.000073    6.172895 ^ _468_/RESET_B (sky130_fd_sc_hd__dfrtp_2)
                                              6.172895   data arrival time

                                 25.000000   25.000000   clock clk (rise edge)
                                  0.000000   25.000000   clock source latency
     2    0.019028    0.068483    0.046759   25.046759 ^ clk (in)
                                                         clk (net)
                      0.068490    0.000000   25.046759 ^ clkbuf_0_clk/A (sky130_fd_sc_hd__clkbuf_16)
     8    0.082689    0.076027    0.130395   25.177153 ^ clkbuf_0_clk/X (sky130_fd_sc_hd__clkbuf_16)
                                                         clknet_0_clk (net)
                      0.076035    0.000650   25.177803 ^ clkbuf_3_6__f_clk/A (sky130_fd_sc_hd__clkbuf_16)
    10    0.029771    0.038256    0.103675   25.281479 ^ clkbuf_3_6__f_clk/X (sky130_fd_sc_hd__clkbuf_16)
                                                         clknet_3_6__leaf_clk (net)
                      0.038256    0.000171   25.281649 ^ _468_/CLK (sky130_fd_sc_hd__dfrtp_2)
                                 -0.250000   25.031651   clock uncertainty
                                  0.000000   25.031651   clock reconvergence pessimism
                                  0.108095   25.139746   library recovery time
                                             25.139746   data required time
---------------------------------------------------------------------------------------------
                                             25.139746   data required time
                                             -6.172895   data arrival time
---------------------------------------------------------------------------------------------
                                             18.966850   slack (MET)


Startpoint: en (input port clocked by clk)
Endpoint: _443_ (recovery check against rising-edge clock clk)
Path Group: asynchronous
Path Type: max

Fanout         Cap        Slew       Delay        Time   Description
---------------------------------------------------------------------------------------------
                                  0.000000    0.000000   clock clk (rise edge)
                                  0.000000    0.000000   clock network delay (propagated)
                                  5.000000    5.000000 ^ input external delay
     2    0.004586    0.020287    0.011902    5.011902 ^ en (in)
                                                         en (net)
                      0.020287    0.000000    5.011902 ^ input1/A (sky130_fd_sc_hd__clkdlybuf4s25_1)
     1    0.001981    0.026400    0.150218    5.162120 ^ input1/X (sky130_fd_sc_hd__clkdlybuf4s25_1)
                                                         net1 (net)
                      0.026400    0.000017    5.162137 ^ _229_/B (sky130_fd_sc_hd__and2_2)
     1    0.004023    0.028716    0.081385    5.243522 ^ _229_/X (sky130_fd_sc_hd__and2_2)
                                                         TOP.n_rst (net)
                      0.028716    0.000043    5.243565 ^ fanout51/A (sky130_fd_sc_hd__clkdlybuf4s25_1)
     5    0.025327    0.193895    0.272316    5.515881 ^ fanout51/X (sky130_fd_sc_hd__clkdlybuf4s25_1)
                                                         net51 (net)
                      0.193895    0.000404    5.516285 ^ fanout50/A (sky130_fd_sc_hd__clkdlybuf4s25_1)
     9    0.043173    0.324847    0.389658    5.905943 ^ fanout50/X (sky130_fd_sc_hd__clkdlybuf4s25_1)
                                                         net50 (net)
                      0.324847    0.000235    5.906178 ^ fanout48/A (sky130_fd_sc_hd__clkdlybuf4s25_1)
     4    0.017268    0.135211    0.266644    6.172822 ^ fanout48/X (sky130_fd_sc_hd__clkdlybuf4s25_1)
                                                         net48 (net)
                      0.135211    0.000118    6.172940 ^ _443_/RESET_B (sky130_fd_sc_hd__dfrtp_2)
                                              6.172940   data arrival time

                                 25.000000   25.000000   clock clk (rise edge)
                                  0.000000   25.000000   clock source latency
     2    0.019028    0.068483    0.046759   25.046759 ^ clk (in)
                                                         clk (net)
                      0.068490    0.000000   25.046759 ^ clkbuf_0_clk/A (sky130_fd_sc_hd__clkbuf_16)
     8    0.082689    0.076027    0.130395   25.177153 ^ clkbuf_0_clk/X (sky130_fd_sc_hd__clkbuf_16)
                                                         clknet_0_clk (net)
                      0.076073    0.001503   25.178656 ^ clkbuf_3_4__f_clk/A (sky130_fd_sc_hd__clkbuf_16)
     9    0.031098    0.039291    0.104588   25.283245 ^ clkbuf_3_4__f_clk/X (sky130_fd_sc_hd__clkbuf_16)
                                                         clknet_3_4__leaf_clk (net)
                      0.039292    0.000297   25.283541 ^ _443_/CLK (sky130_fd_sc_hd__dfrtp_2)
                                 -0.250000   25.033543   clock uncertainty
                                  0.000000   25.033543   clock reconvergence pessimism
                                  0.108258   25.141800   library recovery time
                                             25.141800   data required time
---------------------------------------------------------------------------------------------
                                             25.141800   data required time
                                             -6.172940   data arrival time
---------------------------------------------------------------------------------------------
                                             18.968861   slack (MET)


Startpoint: en (input port clocked by clk)
Endpoint: _475_ (recovery check against rising-edge clock clk)
Path Group: asynchronous
Path Type: max

Fanout         Cap        Slew       Delay        Time   Description
---------------------------------------------------------------------------------------------
                                  0.000000    0.000000   clock clk (rise edge)
                                  0.000000    0.000000   clock network delay (propagated)
                                  5.000000    5.000000 ^ input external delay
     2    0.004586    0.020287    0.011902    5.011902 ^ en (in)
                                                         en (net)
                      0.020287    0.000000    5.011902 ^ input1/A (sky130_fd_sc_hd__clkdlybuf4s25_1)
     1    0.001981    0.026400    0.150218    5.162120 ^ input1/X (sky130_fd_sc_hd__clkdlybuf4s25_1)
                                                         net1 (net)
                      0.026400    0.000017    5.162137 ^ _229_/B (sky130_fd_sc_hd__and2_2)
     1    0.004023    0.028716    0.081385    5.243522 ^ _229_/X (sky130_fd_sc_hd__and2_2)
                                                         TOP.n_rst (net)
                      0.028716    0.000043    5.243565 ^ fanout51/A (sky130_fd_sc_hd__clkdlybuf4s25_1)
     5    0.025327    0.193895    0.272316    5.515881 ^ fanout51/X (sky130_fd_sc_hd__clkdlybuf4s25_1)
                                                         net51 (net)
                      0.193895    0.000099    5.515980 ^ fanout40/A (sky130_fd_sc_hd__clkdlybuf4s25_1)
     5    0.023665    0.181844    0.290555    5.806535 ^ fanout40/X (sky130_fd_sc_hd__clkdlybuf4s25_1)
                                                         net40 (net)
                      0.181844    0.000226    5.806761 ^ fanout39/A (sky130_fd_sc_hd__clkdlybuf4s25_1)
     5    0.023422    0.180008    0.288543    6.095304 ^ fanout39/X (sky130_fd_sc_hd__clkdlybuf4s25_1)
                                                         net39 (net)
                      0.180008    0.000185    6.095489 ^ _475_/RESET_B (sky130_fd_sc_hd__dfrtp_2)
                                              6.095489   data arrival time

                                 25.000000   25.000000   clock clk (rise edge)
                                  0.000000   25.000000   clock source latency
     2    0.019028    0.068483    0.046759   25.046759 ^ clk (in)
                                                         clk (net)
                      0.068490    0.000000   25.046759 ^ clkbuf_0_clk/A (sky130_fd_sc_hd__clkbuf_16)
     8    0.082689    0.076027    0.130395   25.177153 ^ clkbuf_0_clk/X (sky130_fd_sc_hd__clkbuf_16)
                                                         clknet_0_clk (net)
                      0.076122    0.002149   25.179302 ^ clkbuf_3_0__f_clk/A (sky130_fd_sc_hd__clkbuf_16)
    10    0.030821    0.039003    0.104421   25.283724 ^ clkbuf_3_0__f_clk/X (sky130_fd_sc_hd__clkbuf_16)
                                                         clknet_3_0__leaf_clk (net)
                      0.039003    0.000162   25.283886 ^ _475_/CLK (sky130_fd_sc_hd__dfrtp_2)
                                 -0.250000   25.033886   clock uncertainty
                                  0.000000   25.033886   clock reconvergence pessimism
                                  0.096729   25.130615   library recovery time
                                             25.130615   data required time
---------------------------------------------------------------------------------------------
                                             25.130615   data required time
                                             -6.095489   data arrival time
---------------------------------------------------------------------------------------------
                                             19.035126   slack (MET)


Startpoint: en (input port clocked by clk)
Endpoint: _473_ (recovery check against rising-edge clock clk)
Path Group: asynchronous
Path Type: max

Fanout         Cap        Slew       Delay        Time   Description
---------------------------------------------------------------------------------------------
                                  0.000000    0.000000   clock clk (rise edge)
                                  0.000000    0.000000   clock network delay (propagated)
                                  5.000000    5.000000 ^ input external delay
     2    0.004586    0.020287    0.011902    5.011902 ^ en (in)
                                                         en (net)
                      0.020287    0.000000    5.011902 ^ input1/A (sky130_fd_sc_hd__clkdlybuf4s25_1)
     1    0.001981    0.026400    0.150218    5.162120 ^ input1/X (sky130_fd_sc_hd__clkdlybuf4s25_1)
                                                         net1 (net)
                      0.026400    0.000017    5.162137 ^ _229_/B (sky130_fd_sc_hd__and2_2)
     1    0.004023    0.028716    0.081385    5.243522 ^ _229_/X (sky130_fd_sc_hd__and2_2)
                                                         TOP.n_rst (net)
                      0.028716    0.000043    5.243565 ^ fanout51/A (sky130_fd_sc_hd__clkdlybuf4s25_1)
     5    0.025327    0.193895    0.272316    5.515881 ^ fanout51/X (sky130_fd_sc_hd__clkdlybuf4s25_1)
                                                         net51 (net)
                      0.193895    0.000099    5.515980 ^ fanout40/A (sky130_fd_sc_hd__clkdlybuf4s25_1)
     5    0.023665    0.181844    0.290555    5.806535 ^ fanout40/X (sky130_fd_sc_hd__clkdlybuf4s25_1)
                                                         net40 (net)
                      0.181844    0.000226    5.806761 ^ fanout39/A (sky130_fd_sc_hd__clkdlybuf4s25_1)
     5    0.023422    0.180008    0.288543    6.095304 ^ fanout39/X (sky130_fd_sc_hd__clkdlybuf4s25_1)
                                                         net39 (net)
                      0.180008    0.000136    6.095440 ^ _473_/RESET_B (sky130_fd_sc_hd__dfrtp_2)
                                              6.095440   data arrival time

                                 25.000000   25.000000   clock clk (rise edge)
                                  0.000000   25.000000   clock source latency
     2    0.019028    0.068483    0.046759   25.046759 ^ clk (in)
                                                         clk (net)
                      0.068490    0.000000   25.046759 ^ clkbuf_0_clk/A (sky130_fd_sc_hd__clkbuf_16)
     8    0.082689    0.076027    0.130395   25.177153 ^ clkbuf_0_clk/X (sky130_fd_sc_hd__clkbuf_16)
                                                         clknet_0_clk (net)
                      0.076122    0.002149   25.179302 ^ clkbuf_3_0__f_clk/A (sky130_fd_sc_hd__clkbuf_16)
    10    0.030821    0.039003    0.104421   25.283724 ^ clkbuf_3_0__f_clk/X (sky130_fd_sc_hd__clkbuf_16)
                                                         clknet_3_0__leaf_clk (net)
                      0.039004    0.000224   25.283949 ^ _473_/CLK (sky130_fd_sc_hd__dfrtp_2)
                                 -0.250000   25.033949   clock uncertainty
                                  0.000000   25.033949   clock reconvergence pessimism
                                  0.096729   25.130676   library recovery time
                                             25.130676   data required time
---------------------------------------------------------------------------------------------
                                             25.130676   data required time
                                             -6.095440   data arrival time
---------------------------------------------------------------------------------------------
                                             19.035238   slack (MET)


Startpoint: en (input port clocked by clk)
Endpoint: _472_ (recovery check against rising-edge clock clk)
Path Group: asynchronous
Path Type: max

Fanout         Cap        Slew       Delay        Time   Description
---------------------------------------------------------------------------------------------
                                  0.000000    0.000000   clock clk (rise edge)
                                  0.000000    0.000000   clock network delay (propagated)
                                  5.000000    5.000000 ^ input external delay
     2    0.004586    0.020287    0.011902    5.011902 ^ en (in)
                                                         en (net)
                      0.020287    0.000000    5.011902 ^ input1/A (sky130_fd_sc_hd__clkdlybuf4s25_1)
     1    0.001981    0.026400    0.150218    5.162120 ^ input1/X (sky130_fd_sc_hd__clkdlybuf4s25_1)
                                                         net1 (net)
                      0.026400    0.000017    5.162137 ^ _229_/B (sky130_fd_sc_hd__and2_2)
     1    0.004023    0.028716    0.081385    5.243522 ^ _229_/X (sky130_fd_sc_hd__and2_2)
                                                         TOP.n_rst (net)
                      0.028716    0.000043    5.243565 ^ fanout51/A (sky130_fd_sc_hd__clkdlybuf4s25_1)
     5    0.025327    0.193895    0.272316    5.515881 ^ fanout51/X (sky130_fd_sc_hd__clkdlybuf4s25_1)
                                                         net51 (net)
                      0.193895    0.000099    5.515980 ^ fanout40/A (sky130_fd_sc_hd__clkdlybuf4s25_1)
     5    0.023665    0.181844    0.290555    5.806535 ^ fanout40/X (sky130_fd_sc_hd__clkdlybuf4s25_1)
                                                         net40 (net)
                      0.181844    0.000226    5.806761 ^ fanout39/A (sky130_fd_sc_hd__clkdlybuf4s25_1)
     5    0.023422    0.180008    0.288543    6.095304 ^ fanout39/X (sky130_fd_sc_hd__clkdlybuf4s25_1)
                                                         net39 (net)
                      0.180008    0.000079    6.095383 ^ _472_/RESET_B (sky130_fd_sc_hd__dfrtp_2)
                                              6.095383   data arrival time

                                 25.000000   25.000000   clock clk (rise edge)
                                  0.000000   25.000000   clock source latency
     2    0.019028    0.068483    0.046759   25.046759 ^ clk (in)
                                                         clk (net)
                      0.068490    0.000000   25.046759 ^ clkbuf_0_clk/A (sky130_fd_sc_hd__clkbuf_16)
     8    0.082689    0.076027    0.130395   25.177153 ^ clkbuf_0_clk/X (sky130_fd_sc_hd__clkbuf_16)
                                                         clknet_0_clk (net)
                      0.076122    0.002149   25.179302 ^ clkbuf_3_0__f_clk/A (sky130_fd_sc_hd__clkbuf_16)
    10    0.030821    0.039003    0.104421   25.283724 ^ clkbuf_3_0__f_clk/X (sky130_fd_sc_hd__clkbuf_16)
                                                         clknet_3_0__leaf_clk (net)
                      0.039004    0.000238   25.283962 ^ _472_/CLK (sky130_fd_sc_hd__dfrtp_2)
                                 -0.250000   25.033962   clock uncertainty
                                  0.000000   25.033962   clock reconvergence pessimism
                                  0.096729   25.130692   library recovery time
                                             25.130692   data required time
---------------------------------------------------------------------------------------------
                                             25.130692   data required time
                                             -6.095383   data arrival time
---------------------------------------------------------------------------------------------
                                             19.035309   slack (MET)


Startpoint: en (input port clocked by clk)
Endpoint: _474_ (recovery check against rising-edge clock clk)
Path Group: asynchronous
Path Type: max

Fanout         Cap        Slew       Delay        Time   Description
---------------------------------------------------------------------------------------------
                                  0.000000    0.000000   clock clk (rise edge)
                                  0.000000    0.000000   clock network delay (propagated)
                                  5.000000    5.000000 ^ input external delay
     2    0.004586    0.020287    0.011902    5.011902 ^ en (in)
                                                         en (net)
                      0.020287    0.000000    5.011902 ^ input1/A (sky130_fd_sc_hd__clkdlybuf4s25_1)
     1    0.001981    0.026400    0.150218    5.162120 ^ input1/X (sky130_fd_sc_hd__clkdlybuf4s25_1)
                                                         net1 (net)
                      0.026400    0.000017    5.162137 ^ _229_/B (sky130_fd_sc_hd__and2_2)
     1    0.004023    0.028716    0.081385    5.243522 ^ _229_/X (sky130_fd_sc_hd__and2_2)
                                                         TOP.n_rst (net)
                      0.028716    0.000043    5.243565 ^ fanout51/A (sky130_fd_sc_hd__clkdlybuf4s25_1)
     5    0.025327    0.193895    0.272316    5.515881 ^ fanout51/X (sky130_fd_sc_hd__clkdlybuf4s25_1)
                                                         net51 (net)
                      0.193895    0.000099    5.515980 ^ fanout40/A (sky130_fd_sc_hd__clkdlybuf4s25_1)
     5    0.023665    0.181844    0.290555    5.806535 ^ fanout40/X (sky130_fd_sc_hd__clkdlybuf4s25_1)
                                                         net40 (net)
                      0.181844    0.000226    5.806761 ^ fanout39/A (sky130_fd_sc_hd__clkdlybuf4s25_1)
     5    0.023422    0.180008    0.288543    6.095304 ^ fanout39/X (sky130_fd_sc_hd__clkdlybuf4s25_1)
                                                         net39 (net)
                      0.180008    0.000268    6.095572 ^ _474_/RESET_B (sky130_fd_sc_hd__dfrtp_2)
                                              6.095572   data arrival time

                                 25.000000   25.000000   clock clk (rise edge)
                                  0.000000   25.000000   clock source latency
     2    0.019028    0.068483    0.046759   25.046759 ^ clk (in)
                                                         clk (net)
                      0.068490    0.000000   25.046759 ^ clkbuf_0_clk/A (sky130_fd_sc_hd__clkbuf_16)
     8    0.082689    0.076027    0.130395   25.177153 ^ clkbuf_0_clk/X (sky130_fd_sc_hd__clkbuf_16)
                                                         clknet_0_clk (net)
                      0.076116    0.002077   25.179230 ^ clkbuf_3_1__f_clk/A (sky130_fd_sc_hd__clkbuf_16)
    10    0.035455    0.042282    0.106940   25.286171 ^ clkbuf_3_1__f_clk/X (sky130_fd_sc_hd__clkbuf_16)
                                                         clknet_3_1__leaf_clk (net)
                      0.042284    0.000506   25.286676 ^ _474_/CLK (sky130_fd_sc_hd__dfrtp_2)
                                 -0.250000   25.036678   clock uncertainty
                                  0.000000   25.036678   clock reconvergence pessimism
                                  0.097251   25.133930   library recovery time
                                             25.133930   data required time
---------------------------------------------------------------------------------------------
                                             25.133930   data required time
                                             -6.095572   data arrival time
---------------------------------------------------------------------------------------------
                                             19.038357   slack (MET)


Startpoint: en (input port clocked by clk)
Endpoint: _476_ (recovery check against rising-edge clock clk)
Path Group: asynchronous
Path Type: max

Fanout         Cap        Slew       Delay        Time   Description
---------------------------------------------------------------------------------------------
                                  0.000000    0.000000   clock clk (rise edge)
                                  0.000000    0.000000   clock network delay (propagated)
                                  5.000000    5.000000 ^ input external delay
     2    0.004586    0.020287    0.011902    5.011902 ^ en (in)
                                                         en (net)
                      0.020287    0.000000    5.011902 ^ input1/A (sky130_fd_sc_hd__clkdlybuf4s25_1)
     1    0.001981    0.026400    0.150218    5.162120 ^ input1/X (sky130_fd_sc_hd__clkdlybuf4s25_1)
                                                         net1 (net)
                      0.026400    0.000017    5.162137 ^ _229_/B (sky130_fd_sc_hd__and2_2)
     1    0.004023    0.028716    0.081385    5.243522 ^ _229_/X (sky130_fd_sc_hd__and2_2)
                                                         TOP.n_rst (net)
                      0.028716    0.000043    5.243565 ^ fanout51/A (sky130_fd_sc_hd__clkdlybuf4s25_1)
     5    0.025327    0.193895    0.272316    5.515881 ^ fanout51/X (sky130_fd_sc_hd__clkdlybuf4s25_1)
                                                         net51 (net)
                      0.193895    0.000099    5.515980 ^ fanout40/A (sky130_fd_sc_hd__clkdlybuf4s25_1)
     5    0.023665    0.181844    0.290555    5.806535 ^ fanout40/X (sky130_fd_sc_hd__clkdlybuf4s25_1)
                                                         net40 (net)
                      0.181844    0.000451    5.806986 ^ fanout37/A (sky130_fd_sc_hd__clkdlybuf4s25_1)
     5    0.019985    0.154977    0.271070    6.078055 ^ fanout37/X (sky130_fd_sc_hd__clkdlybuf4s25_1)
                                                         net37 (net)
                      0.154977    0.000126    6.078181 ^ _476_/RESET_B (sky130_fd_sc_hd__dfrtp_2)
                                              6.078181   data arrival time

                                 25.000000   25.000000   clock clk (rise edge)
                                  0.000000   25.000000   clock source latency
     2    0.019028    0.068483    0.046759   25.046759 ^ clk (in)
                                                         clk (net)
                      0.068490    0.000000   25.046759 ^ clkbuf_0_clk/A (sky130_fd_sc_hd__clkbuf_16)
     8    0.082689    0.076027    0.130395   25.177153 ^ clkbuf_0_clk/X (sky130_fd_sc_hd__clkbuf_16)
                                                         clknet_0_clk (net)
                      0.076122    0.002149   25.179302 ^ clkbuf_3_0__f_clk/A (sky130_fd_sc_hd__clkbuf_16)
    10    0.030821    0.039003    0.104421   25.283724 ^ clkbuf_3_0__f_clk/X (sky130_fd_sc_hd__clkbuf_16)
                                                         clknet_3_0__leaf_clk (net)
                      0.039006    0.000300   25.284025 ^ _476_/CLK (sky130_fd_sc_hd__dfrtp_2)
                                 -0.250000   25.034025   clock uncertainty
                                  0.000000   25.034025   clock reconvergence pessimism
                                  0.103146   25.137171   library recovery time
                                             25.137171   data required time
---------------------------------------------------------------------------------------------
                                             25.137171   data required time
                                             -6.078181   data arrival time
---------------------------------------------------------------------------------------------
                                             19.058990   slack (MET)


Startpoint: en (input port clocked by clk)
Endpoint: _477_ (recovery check against rising-edge clock clk)
Path Group: asynchronous
Path Type: max

Fanout         Cap        Slew       Delay        Time   Description
---------------------------------------------------------------------------------------------
                                  0.000000    0.000000   clock clk (rise edge)
                                  0.000000    0.000000   clock network delay (propagated)
                                  5.000000    5.000000 ^ input external delay
     2    0.004586    0.020287    0.011902    5.011902 ^ en (in)
                                                         en (net)
                      0.020287    0.000000    5.011902 ^ input1/A (sky130_fd_sc_hd__clkdlybuf4s25_1)
     1    0.001981    0.026400    0.150218    5.162120 ^ input1/X (sky130_fd_sc_hd__clkdlybuf4s25_1)
                                                         net1 (net)
                      0.026400    0.000017    5.162137 ^ _229_/B (sky130_fd_sc_hd__and2_2)
     1    0.004023    0.028716    0.081385    5.243522 ^ _229_/X (sky130_fd_sc_hd__and2_2)
                                                         TOP.n_rst (net)
                      0.028716    0.000043    5.243565 ^ fanout51/A (sky130_fd_sc_hd__clkdlybuf4s25_1)
     5    0.025327    0.193895    0.272316    5.515881 ^ fanout51/X (sky130_fd_sc_hd__clkdlybuf4s25_1)
                                                         net51 (net)
                      0.193895    0.000099    5.515980 ^ fanout40/A (sky130_fd_sc_hd__clkdlybuf4s25_1)
     5    0.023665    0.181844    0.290555    5.806535 ^ fanout40/X (sky130_fd_sc_hd__clkdlybuf4s25_1)
                                                         net40 (net)
                      0.181844    0.000451    5.806986 ^ fanout37/A (sky130_fd_sc_hd__clkdlybuf4s25_1)
     5    0.019985    0.154977    0.271070    6.078055 ^ fanout37/X (sky130_fd_sc_hd__clkdlybuf4s25_1)
                                                         net37 (net)
                      0.154977    0.000128    6.078184 ^ _477_/RESET_B (sky130_fd_sc_hd__dfrtp_2)
                                              6.078184   data arrival time

                                 25.000000   25.000000   clock clk (rise edge)
                                  0.000000   25.000000   clock source latency
     2    0.019028    0.068483    0.046759   25.046759 ^ clk (in)
                                                         clk (net)
                      0.068490    0.000000   25.046759 ^ clkbuf_0_clk/A (sky130_fd_sc_hd__clkbuf_16)
     8    0.082689    0.076027    0.130395   25.177153 ^ clkbuf_0_clk/X (sky130_fd_sc_hd__clkbuf_16)
                                                         clknet_0_clk (net)
                      0.076122    0.002149   25.179302 ^ clkbuf_3_0__f_clk/A (sky130_fd_sc_hd__clkbuf_16)
    10    0.030821    0.039003    0.104421   25.283724 ^ clkbuf_3_0__f_clk/X (sky130_fd_sc_hd__clkbuf_16)
                                                         clknet_3_0__leaf_clk (net)
                      0.039007    0.000350   25.284075 ^ _477_/CLK (sky130_fd_sc_hd__dfrtp_2)
                                 -0.250000   25.034075   clock uncertainty
                                  0.000000   25.034075   clock reconvergence pessimism
                                  0.103146   25.137220   library recovery time
                                             25.137220   data required time
---------------------------------------------------------------------------------------------
                                             25.137220   data required time
                                             -6.078184   data arrival time
---------------------------------------------------------------------------------------------
                                             19.059038   slack (MET)


Startpoint: en (input port clocked by clk)
Endpoint: _479_ (recovery check against rising-edge clock clk)
Path Group: asynchronous
Path Type: max

Fanout         Cap        Slew       Delay        Time   Description
---------------------------------------------------------------------------------------------
                                  0.000000    0.000000   clock clk (rise edge)
                                  0.000000    0.000000   clock network delay (propagated)
                                  5.000000    5.000000 ^ input external delay
     2    0.004586    0.020287    0.011902    5.011902 ^ en (in)
                                                         en (net)
                      0.020287    0.000000    5.011902 ^ input1/A (sky130_fd_sc_hd__clkdlybuf4s25_1)
     1    0.001981    0.026400    0.150218    5.162120 ^ input1/X (sky130_fd_sc_hd__clkdlybuf4s25_1)
                                                         net1 (net)
                      0.026400    0.000017    5.162137 ^ _229_/B (sky130_fd_sc_hd__and2_2)
     1    0.004023    0.028716    0.081385    5.243522 ^ _229_/X (sky130_fd_sc_hd__and2_2)
                                                         TOP.n_rst (net)
                      0.028716    0.000043    5.243565 ^ fanout51/A (sky130_fd_sc_hd__clkdlybuf4s25_1)
     5    0.025327    0.193895    0.272316    5.515881 ^ fanout51/X (sky130_fd_sc_hd__clkdlybuf4s25_1)
                                                         net51 (net)
                      0.193895    0.000099    5.515980 ^ fanout40/A (sky130_fd_sc_hd__clkdlybuf4s25_1)
     5    0.023665    0.181844    0.290555    5.806535 ^ fanout40/X (sky130_fd_sc_hd__clkdlybuf4s25_1)
                                                         net40 (net)
                      0.181844    0.000451    5.806986 ^ fanout37/A (sky130_fd_sc_hd__clkdlybuf4s25_1)
     5    0.019985    0.154977    0.271070    6.078055 ^ fanout37/X (sky130_fd_sc_hd__clkdlybuf4s25_1)
                                                         net37 (net)
                      0.154977    0.000158    6.078213 ^ _479_/RESET_B (sky130_fd_sc_hd__dfrtp_2)
                                              6.078213   data arrival time

                                 25.000000   25.000000   clock clk (rise edge)
                                  0.000000   25.000000   clock source latency
     2    0.019028    0.068483    0.046759   25.046759 ^ clk (in)
                                                         clk (net)
                      0.068490    0.000000   25.046759 ^ clkbuf_0_clk/A (sky130_fd_sc_hd__clkbuf_16)
     8    0.082689    0.076027    0.130395   25.177153 ^ clkbuf_0_clk/X (sky130_fd_sc_hd__clkbuf_16)
                                                         clknet_0_clk (net)
                      0.076116    0.002077   25.179230 ^ clkbuf_3_1__f_clk/A (sky130_fd_sc_hd__clkbuf_16)
    10    0.035455    0.042282    0.106940   25.286171 ^ clkbuf_3_1__f_clk/X (sky130_fd_sc_hd__clkbuf_16)
                                                         clknet_3_1__leaf_clk (net)
                      0.042291    0.000759   25.286928 ^ _479_/CLK (sky130_fd_sc_hd__dfrtp_2)
                                 -0.250000   25.036930   clock uncertainty
                                  0.000000   25.036930   clock reconvergence pessimism
                                  0.103665   25.140594   library recovery time
                                             25.140594   data required time
---------------------------------------------------------------------------------------------
                                             25.140594   data required time
                                             -6.078213   data arrival time
---------------------------------------------------------------------------------------------
                                             19.062380   slack (MET)


Startpoint: en (input port clocked by clk)
Endpoint: _481_ (recovery check against rising-edge clock clk)
Path Group: asynchronous
Path Type: max

Fanout         Cap        Slew       Delay        Time   Description
---------------------------------------------------------------------------------------------
                                  0.000000    0.000000   clock clk (rise edge)
                                  0.000000    0.000000   clock network delay (propagated)
                                  5.000000    5.000000 ^ input external delay
     2    0.004586    0.020287    0.011902    5.011902 ^ en (in)
                                                         en (net)
                      0.020287    0.000000    5.011902 ^ input1/A (sky130_fd_sc_hd__clkdlybuf4s25_1)
     1    0.001981    0.026400    0.150218    5.162120 ^ input1/X (sky130_fd_sc_hd__clkdlybuf4s25_1)
                                                         net1 (net)
                      0.026400    0.000017    5.162137 ^ _229_/B (sky130_fd_sc_hd__and2_2)
     1    0.004023    0.028716    0.081385    5.243522 ^ _229_/X (sky130_fd_sc_hd__and2_2)
                                                         TOP.n_rst (net)
                      0.028716    0.000043    5.243565 ^ fanout51/A (sky130_fd_sc_hd__clkdlybuf4s25_1)
     5    0.025327    0.193895    0.272316    5.515881 ^ fanout51/X (sky130_fd_sc_hd__clkdlybuf4s25_1)
                                                         net51 (net)
                      0.193895    0.000099    5.515980 ^ fanout40/A (sky130_fd_sc_hd__clkdlybuf4s25_1)
     5    0.023665    0.181844    0.290555    5.806535 ^ fanout40/X (sky130_fd_sc_hd__clkdlybuf4s25_1)
                                                         net40 (net)
                      0.181844    0.000451    5.806986 ^ fanout37/A (sky130_fd_sc_hd__clkdlybuf4s25_1)
     5    0.019985    0.154977    0.271070    6.078055 ^ fanout37/X (sky130_fd_sc_hd__clkdlybuf4s25_1)
                                                         net37 (net)
                      0.154977    0.000181    6.078236 ^ _481_/RESET_B (sky130_fd_sc_hd__dfrtp_2)
                                              6.078236   data arrival time

                                 25.000000   25.000000   clock clk (rise edge)
                                  0.000000   25.000000   clock source latency
     2    0.019028    0.068483    0.046759   25.046759 ^ clk (in)
                                                         clk (net)
                      0.068490    0.000000   25.046759 ^ clkbuf_0_clk/A (sky130_fd_sc_hd__clkbuf_16)
     8    0.082689    0.076027    0.130395   25.177153 ^ clkbuf_0_clk/X (sky130_fd_sc_hd__clkbuf_16)
                                                         clknet_0_clk (net)
                      0.076116    0.002077   25.179230 ^ clkbuf_3_1__f_clk/A (sky130_fd_sc_hd__clkbuf_16)
    10    0.035455    0.042282    0.106940   25.286171 ^ clkbuf_3_1__f_clk/X (sky130_fd_sc_hd__clkbuf_16)
                                                         clknet_3_1__leaf_clk (net)
                      0.042294    0.000821   25.286991 ^ _481_/CLK (sky130_fd_sc_hd__dfrtp_2)
                                 -0.250000   25.036991   clock uncertainty
                                  0.000000   25.036991   clock reconvergence pessimism
                                  0.103665   25.140657   library recovery time
                                             25.140657   data required time
---------------------------------------------------------------------------------------------
                                             25.140657   data required time
                                             -6.078236   data arrival time
---------------------------------------------------------------------------------------------
                                             19.062420   slack (MET)


Startpoint: en (input port clocked by clk)
Endpoint: _426_ (recovery check against rising-edge clock clk)
Path Group: asynchronous
Path Type: max

Fanout         Cap        Slew       Delay        Time   Description
---------------------------------------------------------------------------------------------
                                  0.000000    0.000000   clock clk (rise edge)
                                  0.000000    0.000000   clock network delay (propagated)
                                  5.000000    5.000000 ^ input external delay
     2    0.004586    0.020287    0.011902    5.011902 ^ en (in)
                                                         en (net)
                      0.020287    0.000000    5.011902 ^ input1/A (sky130_fd_sc_hd__clkdlybuf4s25_1)
     1    0.001981    0.026400    0.150218    5.162120 ^ input1/X (sky130_fd_sc_hd__clkdlybuf4s25_1)
                                                         net1 (net)
                      0.026400    0.000017    5.162137 ^ _229_/B (sky130_fd_sc_hd__and2_2)
     1    0.004023    0.028716    0.081385    5.243522 ^ _229_/X (sky130_fd_sc_hd__and2_2)
                                                         TOP.n_rst (net)
                      0.028716    0.000043    5.243565 ^ fanout51/A (sky130_fd_sc_hd__clkdlybuf4s25_1)
     5    0.025327    0.193895    0.272316    5.515881 ^ fanout51/X (sky130_fd_sc_hd__clkdlybuf4s25_1)
                                                         net51 (net)
                      0.193895    0.000112    5.515993 ^ fanout43/A (sky130_fd_sc_hd__clkdlybuf4s25_1)
     2    0.006411    0.056913    0.202747    5.718740 ^ fanout43/X (sky130_fd_sc_hd__clkdlybuf4s25_1)
                                                         net43 (net)
                      0.056913    0.000048    5.718788 ^ fanout41/A (sky130_fd_sc_hd__clkdlybuf4s25_1)
     3    0.011157    0.090748    0.208010    5.926797 ^ fanout41/X (sky130_fd_sc_hd__clkdlybuf4s25_1)
                                                         net41 (net)
                      0.090748    0.000071    5.926869 ^ load_slew42/A (sky130_fd_sc_hd__buf_4)
     8    0.039788    0.087465    0.127740    6.054609 ^ load_slew42/X (sky130_fd_sc_hd__buf_4)
                                                         net42 (net)
                      0.087531    0.001398    6.056008 ^ _426_/RESET_B (sky130_fd_sc_hd__dfrtp_2)
                                              6.056008   data arrival time

                                 25.000000   25.000000   clock clk (rise edge)
                                  0.000000   25.000000   clock source latency
     2    0.019028    0.068483    0.046759   25.046759 ^ clk (in)
                                                         clk (net)
                      0.068490    0.000000   25.046759 ^ clkbuf_0_clk/A (sky130_fd_sc_hd__clkbuf_16)
     8    0.082689    0.076027    0.130395   25.177153 ^ clkbuf_0_clk/X (sky130_fd_sc_hd__clkbuf_16)
                                                         clknet_0_clk (net)
                      0.076148    0.002421   25.179575 ^ clkbuf_3_3__f_clk/A (sky130_fd_sc_hd__clkbuf_16)
    10    0.029599    0.038144    0.103519   25.283094 ^ clkbuf_3_3__f_clk/X (sky130_fd_sc_hd__clkbuf_16)
                                                         clknet_3_3__leaf_clk (net)
                      0.038153    0.000551   25.283644 ^ _426_/CLK (sky130_fd_sc_hd__dfrtp_2)
                                 -0.250000   25.033646   clock uncertainty
                                  0.000000   25.033646   clock reconvergence pessimism
                                  0.120304   25.153950   library recovery time
                                             25.153950   data required time
---------------------------------------------------------------------------------------------
                                             25.153950   data required time
                                             -6.056008   data arrival time
---------------------------------------------------------------------------------------------
                                             19.097942   slack (MET)


Startpoint: en (input port clocked by clk)
Endpoint: _424_ (recovery check against rising-edge clock clk)
Path Group: asynchronous
Path Type: max

Fanout         Cap        Slew       Delay        Time   Description
---------------------------------------------------------------------------------------------
                                  0.000000    0.000000   clock clk (rise edge)
                                  0.000000    0.000000   clock network delay (propagated)
                                  5.000000    5.000000 ^ input external delay
     2    0.004586    0.020287    0.011902    5.011902 ^ en (in)
                                                         en (net)
                      0.020287    0.000000    5.011902 ^ input1/A (sky130_fd_sc_hd__clkdlybuf4s25_1)
     1    0.001981    0.026400    0.150218    5.162120 ^ input1/X (sky130_fd_sc_hd__clkdlybuf4s25_1)
                                                         net1 (net)
                      0.026400    0.000017    5.162137 ^ _229_/B (sky130_fd_sc_hd__and2_2)
     1    0.004023    0.028716    0.081385    5.243522 ^ _229_/X (sky130_fd_sc_hd__and2_2)
                                                         TOP.n_rst (net)
                      0.028716    0.000043    5.243565 ^ fanout51/A (sky130_fd_sc_hd__clkdlybuf4s25_1)
     5    0.025327    0.193895    0.272316    5.515881 ^ fanout51/X (sky130_fd_sc_hd__clkdlybuf4s25_1)
                                                         net51 (net)
                      0.193895    0.000112    5.515993 ^ fanout43/A (sky130_fd_sc_hd__clkdlybuf4s25_1)
     2    0.006411    0.056913    0.202747    5.718740 ^ fanout43/X (sky130_fd_sc_hd__clkdlybuf4s25_1)
                                                         net43 (net)
                      0.056913    0.000048    5.718788 ^ fanout41/A (sky130_fd_sc_hd__clkdlybuf4s25_1)
     3    0.011157    0.090748    0.208010    5.926797 ^ fanout41/X (sky130_fd_sc_hd__clkdlybuf4s25_1)
                                                         net41 (net)
                      0.090748    0.000071    5.926869 ^ load_slew42/A (sky130_fd_sc_hd__buf_4)
     8    0.039788    0.087465    0.127740    6.054609 ^ load_slew42/X (sky130_fd_sc_hd__buf_4)
                                                         net42 (net)
                      0.087521    0.001164    6.055773 ^ _424_/RESET_B (sky130_fd_sc_hd__dfrtp_2)
                                              6.055773   data arrival time

                                 25.000000   25.000000   clock clk (rise edge)
                                  0.000000   25.000000   clock source latency
     2    0.019028    0.068483    0.046759   25.046759 ^ clk (in)
                                                         clk (net)
                      0.068490    0.000000   25.046759 ^ clkbuf_0_clk/A (sky130_fd_sc_hd__clkbuf_16)
     8    0.082689    0.076027    0.130395   25.177153 ^ clkbuf_0_clk/X (sky130_fd_sc_hd__clkbuf_16)
                                                         clknet_0_clk (net)
                      0.076148    0.002421   25.179575 ^ clkbuf_3_3__f_clk/A (sky130_fd_sc_hd__clkbuf_16)
    10    0.029599    0.038144    0.103519   25.283094 ^ clkbuf_3_3__f_clk/X (sky130_fd_sc_hd__clkbuf_16)
                                                         clknet_3_3__leaf_clk (net)
                      0.038151    0.000508   25.283602 ^ _424_/CLK (sky130_fd_sc_hd__dfrtp_2)
                                 -0.250000   25.033602   clock uncertainty
                                  0.000000   25.033602   clock reconvergence pessimism
                                  0.120306   25.153908   library recovery time
                                             25.153908   data required time
---------------------------------------------------------------------------------------------
                                             25.153908   data required time
                                             -6.055773   data arrival time
---------------------------------------------------------------------------------------------
                                             19.098135   slack (MET)


Startpoint: en (input port clocked by clk)
Endpoint: _439_ (recovery check against rising-edge clock clk)
Path Group: asynchronous
Path Type: max

Fanout         Cap        Slew       Delay        Time   Description
---------------------------------------------------------------------------------------------
                                  0.000000    0.000000   clock clk (rise edge)
                                  0.000000    0.000000   clock network delay (propagated)
                                  5.000000    5.000000 ^ input external delay
     2    0.004586    0.020287    0.011902    5.011902 ^ en (in)
                                                         en (net)
                      0.020287    0.000000    5.011902 ^ input1/A (sky130_fd_sc_hd__clkdlybuf4s25_1)
     1    0.001981    0.026400    0.150218    5.162120 ^ input1/X (sky130_fd_sc_hd__clkdlybuf4s25_1)
                                                         net1 (net)
                      0.026400    0.000017    5.162137 ^ _229_/B (sky130_fd_sc_hd__and2_2)
     1    0.004023    0.028716    0.081385    5.243522 ^ _229_/X (sky130_fd_sc_hd__and2_2)
                                                         TOP.n_rst (net)
                      0.028716    0.000043    5.243565 ^ fanout51/A (sky130_fd_sc_hd__clkdlybuf4s25_1)
     5    0.025327    0.193895    0.272316    5.515881 ^ fanout51/X (sky130_fd_sc_hd__clkdlybuf4s25_1)
                                                         net51 (net)
                      0.193895    0.000112    5.515993 ^ fanout43/A (sky130_fd_sc_hd__clkdlybuf4s25_1)
     2    0.006411    0.056913    0.202747    5.718740 ^ fanout43/X (sky130_fd_sc_hd__clkdlybuf4s25_1)
                                                         net43 (net)
                      0.056913    0.000048    5.718788 ^ fanout41/A (sky130_fd_sc_hd__clkdlybuf4s25_1)
     3    0.011157    0.090748    0.208010    5.926797 ^ fanout41/X (sky130_fd_sc_hd__clkdlybuf4s25_1)
                                                         net41 (net)
                      0.090748    0.000071    5.926869 ^ load_slew42/A (sky130_fd_sc_hd__buf_4)
     8    0.039788    0.087465    0.127740    6.054609 ^ load_slew42/X (sky130_fd_sc_hd__buf_4)
                                                         net42 (net)
                      0.087514    0.000971    6.055581 ^ _439_/RESET_B (sky130_fd_sc_hd__dfrtp_2)
                                              6.055581   data arrival time

                                 25.000000   25.000000   clock clk (rise edge)
                                  0.000000   25.000000   clock source latency
     2    0.019028    0.068483    0.046759   25.046759 ^ clk (in)
                                                         clk (net)
                      0.068490    0.000000   25.046759 ^ clkbuf_0_clk/A (sky130_fd_sc_hd__clkbuf_16)
     8    0.082689    0.076027    0.130395   25.177153 ^ clkbuf_0_clk/X (sky130_fd_sc_hd__clkbuf_16)
                                                         clknet_0_clk (net)
                      0.076122    0.002149   25.179302 ^ clkbuf_3_0__f_clk/A (sky130_fd_sc_hd__clkbuf_16)
    10    0.030821    0.039003    0.104421   25.283724 ^ clkbuf_3_0__f_clk/X (sky130_fd_sc_hd__clkbuf_16)
                                                         clknet_3_0__leaf_clk (net)
                      0.039004    0.000213   25.283937 ^ _439_/CLK (sky130_fd_sc_hd__dfrtp_2)
                                 -0.250000   25.033937   clock uncertainty
                                  0.000000   25.033937   clock reconvergence pessimism
                                  0.120440   25.154377   library recovery time
                                             25.154377   data required time
---------------------------------------------------------------------------------------------
                                             25.154377   data required time
                                             -6.055581   data arrival time
---------------------------------------------------------------------------------------------
                                             19.098797   slack (MET)


Startpoint: en (input port clocked by clk)
Endpoint: _423_ (recovery check against rising-edge clock clk)
Path Group: asynchronous
Path Type: max

Fanout         Cap        Slew       Delay        Time   Description
---------------------------------------------------------------------------------------------
                                  0.000000    0.000000   clock clk (rise edge)
                                  0.000000    0.000000   clock network delay (propagated)
                                  5.000000    5.000000 ^ input external delay
     2    0.004586    0.020287    0.011902    5.011902 ^ en (in)
                                                         en (net)
                      0.020287    0.000000    5.011902 ^ input1/A (sky130_fd_sc_hd__clkdlybuf4s25_1)
     1    0.001981    0.026400    0.150218    5.162120 ^ input1/X (sky130_fd_sc_hd__clkdlybuf4s25_1)
                                                         net1 (net)
                      0.026400    0.000017    5.162137 ^ _229_/B (sky130_fd_sc_hd__and2_2)
     1    0.004023    0.028716    0.081385    5.243522 ^ _229_/X (sky130_fd_sc_hd__and2_2)
                                                         TOP.n_rst (net)
                      0.028716    0.000043    5.243565 ^ fanout51/A (sky130_fd_sc_hd__clkdlybuf4s25_1)
     5    0.025327    0.193895    0.272316    5.515881 ^ fanout51/X (sky130_fd_sc_hd__clkdlybuf4s25_1)
                                                         net51 (net)
                      0.193895    0.000112    5.515993 ^ fanout43/A (sky130_fd_sc_hd__clkdlybuf4s25_1)
     2    0.006411    0.056913    0.202747    5.718740 ^ fanout43/X (sky130_fd_sc_hd__clkdlybuf4s25_1)
                                                         net43 (net)
                      0.056913    0.000048    5.718788 ^ fanout41/A (sky130_fd_sc_hd__clkdlybuf4s25_1)
     3    0.011157    0.090748    0.208010    5.926797 ^ fanout41/X (sky130_fd_sc_hd__clkdlybuf4s25_1)
                                                         net41 (net)
                      0.090748    0.000071    5.926869 ^ load_slew42/A (sky130_fd_sc_hd__buf_4)
     8    0.039788    0.087465    0.127740    6.054609 ^ load_slew42/X (sky130_fd_sc_hd__buf_4)
                                                         net42 (net)
                      0.087469    0.000686    6.055295 ^ _423_/RESET_B (sky130_fd_sc_hd__dfrtp_2)
                                              6.055295   data arrival time

                                 25.000000   25.000000   clock clk (rise edge)
                                  0.000000   25.000000   clock source latency
     2    0.019028    0.068483    0.046759   25.046759 ^ clk (in)
                                                         clk (net)
                      0.068490    0.000000   25.046759 ^ clkbuf_0_clk/A (sky130_fd_sc_hd__clkbuf_16)
     8    0.082689    0.076027    0.130395   25.177153 ^ clkbuf_0_clk/X (sky130_fd_sc_hd__clkbuf_16)
                                                         clknet_0_clk (net)
                      0.076122    0.002149   25.179302 ^ clkbuf_3_0__f_clk/A (sky130_fd_sc_hd__clkbuf_16)
    10    0.030821    0.039003    0.104421   25.283724 ^ clkbuf_3_0__f_clk/X (sky130_fd_sc_hd__clkbuf_16)
                                                         clknet_3_0__leaf_clk (net)
                      0.039004    0.000229   25.283953 ^ _423_/CLK (sky130_fd_sc_hd__dfrtp_2)
                                 -0.250000   25.033955   clock uncertainty
                                  0.000000   25.033955   clock reconvergence pessimism
                                  0.120451   25.154406   library recovery time
                                             25.154406   data required time
---------------------------------------------------------------------------------------------
                                             25.154406   data required time
                                             -6.055295   data arrival time
---------------------------------------------------------------------------------------------
                                             19.099110   slack (MET)


Startpoint: en (input port clocked by clk)
Endpoint: _427_ (recovery check against rising-edge clock clk)
Path Group: asynchronous
Path Type: max

Fanout         Cap        Slew       Delay        Time   Description
---------------------------------------------------------------------------------------------
                                  0.000000    0.000000   clock clk (rise edge)
                                  0.000000    0.000000   clock network delay (propagated)
                                  5.000000    5.000000 ^ input external delay
     2    0.004586    0.020287    0.011902    5.011902 ^ en (in)
                                                         en (net)
                      0.020287    0.000000    5.011902 ^ input1/A (sky130_fd_sc_hd__clkdlybuf4s25_1)
     1    0.001981    0.026400    0.150218    5.162120 ^ input1/X (sky130_fd_sc_hd__clkdlybuf4s25_1)
                                                         net1 (net)
                      0.026400    0.000017    5.162137 ^ _229_/B (sky130_fd_sc_hd__and2_2)
     1    0.004023    0.028716    0.081385    5.243522 ^ _229_/X (sky130_fd_sc_hd__and2_2)
                                                         TOP.n_rst (net)
                      0.028716    0.000043    5.243565 ^ fanout51/A (sky130_fd_sc_hd__clkdlybuf4s25_1)
     5    0.025327    0.193895    0.272316    5.515881 ^ fanout51/X (sky130_fd_sc_hd__clkdlybuf4s25_1)
                                                         net51 (net)
                      0.193895    0.000112    5.515993 ^ fanout43/A (sky130_fd_sc_hd__clkdlybuf4s25_1)
     2    0.006411    0.056913    0.202747    5.718740 ^ fanout43/X (sky130_fd_sc_hd__clkdlybuf4s25_1)
                                                         net43 (net)
                      0.056913    0.000048    5.718788 ^ fanout41/A (sky130_fd_sc_hd__clkdlybuf4s25_1)
     3    0.011157    0.090748    0.208010    5.926797 ^ fanout41/X (sky130_fd_sc_hd__clkdlybuf4s25_1)
                                                         net41 (net)
                      0.090748    0.000071    5.926869 ^ load_slew42/A (sky130_fd_sc_hd__buf_4)
     8    0.039788    0.087465    0.127740    6.054609 ^ load_slew42/X (sky130_fd_sc_hd__buf_4)
                                                         net42 (net)
                      0.087537    0.001513    6.056122 ^ _427_/RESET_B (sky130_fd_sc_hd__dfrtp_2)
                                              6.056122   data arrival time

                                 25.000000   25.000000   clock clk (rise edge)
                                  0.000000   25.000000   clock source latency
     2    0.019028    0.068483    0.046759   25.046759 ^ clk (in)
                                                         clk (net)
                      0.068490    0.000000   25.046759 ^ clkbuf_0_clk/A (sky130_fd_sc_hd__clkbuf_16)
     8    0.082689    0.076027    0.130395   25.177153 ^ clkbuf_0_clk/X (sky130_fd_sc_hd__clkbuf_16)
                                                         clknet_0_clk (net)
                      0.076150    0.002435   25.179588 ^ clkbuf_3_2__f_clk/A (sky130_fd_sc_hd__clkbuf_16)
    10    0.034239    0.041502    0.106388   25.285976 ^ clkbuf_3_2__f_clk/X (sky130_fd_sc_hd__clkbuf_16)
                                                         clknet_3_2__leaf_clk (net)
                      0.041502    0.000297   25.286274 ^ _427_/CLK (sky130_fd_sc_hd__dfrtp_2)
                                 -0.250000   25.036274   clock uncertainty
                                  0.000000   25.036274   clock reconvergence pessimism
                                  0.120820   25.157095   library recovery time
                                             25.157095   data required time
---------------------------------------------------------------------------------------------
                                             25.157095   data required time
                                             -6.056122   data arrival time
---------------------------------------------------------------------------------------------
                                             19.100973   slack (MET)


Startpoint: en (input port clocked by clk)
Endpoint: _418_ (recovery check against rising-edge clock clk)
Path Group: asynchronous
Path Type: max

Fanout         Cap        Slew       Delay        Time   Description
---------------------------------------------------------------------------------------------
                                  0.000000    0.000000   clock clk (rise edge)
                                  0.000000    0.000000   clock network delay (propagated)
                                  5.000000    5.000000 ^ input external delay
     2    0.004586    0.020287    0.011902    5.011902 ^ en (in)
                                                         en (net)
                      0.020287    0.000000    5.011902 ^ input1/A (sky130_fd_sc_hd__clkdlybuf4s25_1)
     1    0.001981    0.026400    0.150218    5.162120 ^ input1/X (sky130_fd_sc_hd__clkdlybuf4s25_1)
                                                         net1 (net)
                      0.026400    0.000017    5.162137 ^ _229_/B (sky130_fd_sc_hd__and2_2)
     1    0.004023    0.028716    0.081385    5.243522 ^ _229_/X (sky130_fd_sc_hd__and2_2)
                                                         TOP.n_rst (net)
                      0.028716    0.000043    5.243565 ^ fanout51/A (sky130_fd_sc_hd__clkdlybuf4s25_1)
     5    0.025327    0.193895    0.272316    5.515881 ^ fanout51/X (sky130_fd_sc_hd__clkdlybuf4s25_1)
                                                         net51 (net)
                      0.193895    0.000112    5.515993 ^ fanout43/A (sky130_fd_sc_hd__clkdlybuf4s25_1)
     2    0.006411    0.056913    0.202747    5.718740 ^ fanout43/X (sky130_fd_sc_hd__clkdlybuf4s25_1)
                                                         net43 (net)
                      0.056913    0.000048    5.718788 ^ fanout41/A (sky130_fd_sc_hd__clkdlybuf4s25_1)
     3    0.011157    0.090748    0.208010    5.926797 ^ fanout41/X (sky130_fd_sc_hd__clkdlybuf4s25_1)
                                                         net41 (net)
                      0.090748    0.000071    5.926869 ^ load_slew42/A (sky130_fd_sc_hd__buf_4)
     8    0.039788    0.087465    0.127740    6.054609 ^ load_slew42/X (sky130_fd_sc_hd__buf_4)
                                                         net42 (net)
                      0.087535    0.001471    6.056081 ^ _418_/RESET_B (sky130_fd_sc_hd__dfrtp_2)
                                              6.056081   data arrival time

                                 25.000000   25.000000   clock clk (rise edge)
                                  0.000000   25.000000   clock source latency
     2    0.019028    0.068483    0.046759   25.046759 ^ clk (in)
                                                         clk (net)
                      0.068490    0.000000   25.046759 ^ clkbuf_0_clk/A (sky130_fd_sc_hd__clkbuf_16)
     8    0.082689    0.076027    0.130395   25.177153 ^ clkbuf_0_clk/X (sky130_fd_sc_hd__clkbuf_16)
                                                         clknet_0_clk (net)
                      0.076150    0.002435   25.179588 ^ clkbuf_3_2__f_clk/A (sky130_fd_sc_hd__clkbuf_16)
    10    0.034239    0.041502    0.106388   25.285976 ^ clkbuf_3_2__f_clk/X (sky130_fd_sc_hd__clkbuf_16)
                                                         clknet_3_2__leaf_clk (net)
                      0.041502    0.000281   25.286257 ^ _418_/CLK (sky130_fd_sc_hd__dfrtp_2)
                                 -0.250000   25.036259   clock uncertainty
                                  0.000000   25.036259   clock reconvergence pessimism
                                  0.120821   25.157080   library recovery time
                                             25.157080   data required time
---------------------------------------------------------------------------------------------
                                             25.157080   data required time
                                             -6.056081   data arrival time
---------------------------------------------------------------------------------------------
                                             19.100998   slack (MET)


Startpoint: en (input port clocked by clk)
Endpoint: _421_ (recovery check against rising-edge clock clk)
Path Group: asynchronous
Path Type: max

Fanout         Cap        Slew       Delay        Time   Description
---------------------------------------------------------------------------------------------
                                  0.000000    0.000000   clock clk (rise edge)
                                  0.000000    0.000000   clock network delay (propagated)
                                  5.000000    5.000000 ^ input external delay
     2    0.004586    0.020287    0.011902    5.011902 ^ en (in)
                                                         en (net)
                      0.020287    0.000000    5.011902 ^ input1/A (sky130_fd_sc_hd__clkdlybuf4s25_1)
     1    0.001981    0.026400    0.150218    5.162120 ^ input1/X (sky130_fd_sc_hd__clkdlybuf4s25_1)
                                                         net1 (net)
                      0.026400    0.000017    5.162137 ^ _229_/B (sky130_fd_sc_hd__and2_2)
     1    0.004023    0.028716    0.081385    5.243522 ^ _229_/X (sky130_fd_sc_hd__and2_2)
                                                         TOP.n_rst (net)
                      0.028716    0.000043    5.243565 ^ fanout51/A (sky130_fd_sc_hd__clkdlybuf4s25_1)
     5    0.025327    0.193895    0.272316    5.515881 ^ fanout51/X (sky130_fd_sc_hd__clkdlybuf4s25_1)
                                                         net51 (net)
                      0.193895    0.000112    5.515993 ^ fanout43/A (sky130_fd_sc_hd__clkdlybuf4s25_1)
     2    0.006411    0.056913    0.202747    5.718740 ^ fanout43/X (sky130_fd_sc_hd__clkdlybuf4s25_1)
                                                         net43 (net)
                      0.056913    0.000048    5.718788 ^ fanout41/A (sky130_fd_sc_hd__clkdlybuf4s25_1)
     3    0.011157    0.090748    0.208010    5.926797 ^ fanout41/X (sky130_fd_sc_hd__clkdlybuf4s25_1)
                                                         net41 (net)
                      0.090748    0.000071    5.926869 ^ load_slew42/A (sky130_fd_sc_hd__buf_4)
     8    0.039788    0.087465    0.127740    6.054609 ^ load_slew42/X (sky130_fd_sc_hd__buf_4)
                                                         net42 (net)
                      0.087522    0.001197    6.055806 ^ _421_/RESET_B (sky130_fd_sc_hd__dfrtp_2)
                                              6.055806   data arrival time

                                 25.000000   25.000000   clock clk (rise edge)
                                  0.000000   25.000000   clock source latency
     2    0.019028    0.068483    0.046759   25.046759 ^ clk (in)
                                                         clk (net)
                      0.068490    0.000000   25.046759 ^ clkbuf_0_clk/A (sky130_fd_sc_hd__clkbuf_16)
     8    0.082689    0.076027    0.130395   25.177153 ^ clkbuf_0_clk/X (sky130_fd_sc_hd__clkbuf_16)
                                                         clknet_0_clk (net)
                      0.076150    0.002435   25.179588 ^ clkbuf_3_2__f_clk/A (sky130_fd_sc_hd__clkbuf_16)
    10    0.034239    0.041502    0.106388   25.285976 ^ clkbuf_3_2__f_clk/X (sky130_fd_sc_hd__clkbuf_16)
                                                         clknet_3_2__leaf_clk (net)
                      0.041502    0.000231   25.286207 ^ _421_/CLK (sky130_fd_sc_hd__dfrtp_2)
                                 -0.250000   25.036209   clock uncertainty
                                  0.000000   25.036209   clock reconvergence pessimism
                                  0.120824   25.157032   library recovery time
                                             25.157032   data required time
---------------------------------------------------------------------------------------------
                                             25.157032   data required time
                                             -6.055806   data arrival time
---------------------------------------------------------------------------------------------
                                             19.101227   slack (MET)


Startpoint: en (input port clocked by clk)
Endpoint: _463_ (recovery check against rising-edge clock clk)
Path Group: asynchronous
Path Type: max

Fanout         Cap        Slew       Delay        Time   Description
---------------------------------------------------------------------------------------------
                                  0.000000    0.000000   clock clk (rise edge)
                                  0.000000    0.000000   clock network delay (propagated)
                                  5.000000    5.000000 ^ input external delay
     2    0.004586    0.020287    0.011902    5.011902 ^ en (in)
                                                         en (net)
                      0.020287    0.000000    5.011902 ^ input1/A (sky130_fd_sc_hd__clkdlybuf4s25_1)
     1    0.001981    0.026400    0.150218    5.162120 ^ input1/X (sky130_fd_sc_hd__clkdlybuf4s25_1)
                                                         net1 (net)
                      0.026400    0.000017    5.162137 ^ _229_/B (sky130_fd_sc_hd__and2_2)
     1    0.004023    0.028716    0.081385    5.243522 ^ _229_/X (sky130_fd_sc_hd__and2_2)
                                                         TOP.n_rst (net)
                      0.028716    0.000043    5.243565 ^ fanout51/A (sky130_fd_sc_hd__clkdlybuf4s25_1)
     5    0.025327    0.193895    0.272316    5.515881 ^ fanout51/X (sky130_fd_sc_hd__clkdlybuf4s25_1)
                                                         net51 (net)
                      0.193895    0.000112    5.515993 ^ fanout43/A (sky130_fd_sc_hd__clkdlybuf4s25_1)
     2    0.006411    0.056913    0.202747    5.718740 ^ fanout43/X (sky130_fd_sc_hd__clkdlybuf4s25_1)
                                                         net43 (net)
                      0.056913    0.000048    5.718788 ^ fanout41/A (sky130_fd_sc_hd__clkdlybuf4s25_1)
     3    0.011157    0.090748    0.208010    5.926797 ^ fanout41/X (sky130_fd_sc_hd__clkdlybuf4s25_1)
                                                         net41 (net)
                      0.090748    0.000071    5.926869 ^ load_slew42/A (sky130_fd_sc_hd__buf_4)
     8    0.039788    0.087465    0.127740    6.054609 ^ load_slew42/X (sky130_fd_sc_hd__buf_4)
                                                         net42 (net)
                      0.087515    0.000995    6.055604 ^ _463_/RESET_B (sky130_fd_sc_hd__dfrtp_2)
                                              6.055604   data arrival time

                                 25.000000   25.000000   clock clk (rise edge)
                                  0.000000   25.000000   clock source latency
     2    0.019028    0.068483    0.046759   25.046759 ^ clk (in)
                                                         clk (net)
                      0.068490    0.000000   25.046759 ^ clkbuf_0_clk/A (sky130_fd_sc_hd__clkbuf_16)
     8    0.082689    0.076027    0.130395   25.177153 ^ clkbuf_0_clk/X (sky130_fd_sc_hd__clkbuf_16)
                                                         clknet_0_clk (net)
                      0.076150    0.002435   25.179588 ^ clkbuf_3_2__f_clk/A (sky130_fd_sc_hd__clkbuf_16)
    10    0.034239    0.041502    0.106388   25.285976 ^ clkbuf_3_2__f_clk/X (sky130_fd_sc_hd__clkbuf_16)
                                                         clknet_3_2__leaf_clk (net)
                      0.041503    0.000334   25.286310 ^ _463_/CLK (sky130_fd_sc_hd__dfrtp_2)
                                 -0.250000   25.036312   clock uncertainty
                                  0.000000   25.036312   clock reconvergence pessimism
                                  0.120826   25.157137   library recovery time
                                             25.157137   data required time
---------------------------------------------------------------------------------------------
                                             25.157137   data required time
                                             -6.055604   data arrival time
---------------------------------------------------------------------------------------------
                                             19.101534   slack (MET)


Startpoint: en (input port clocked by clk)
Endpoint: _470_ (recovery check against rising-edge clock clk)
Path Group: asynchronous
Path Type: max

Fanout         Cap        Slew       Delay        Time   Description
---------------------------------------------------------------------------------------------
                                  0.000000    0.000000   clock clk (rise edge)
                                  0.000000    0.000000   clock network delay (propagated)
                                  5.000000    5.000000 ^ input external delay
     2    0.004586    0.020287    0.011902    5.011902 ^ en (in)
                                                         en (net)
                      0.020287    0.000000    5.011902 ^ input1/A (sky130_fd_sc_hd__clkdlybuf4s25_1)
     1    0.001981    0.026400    0.150218    5.162120 ^ input1/X (sky130_fd_sc_hd__clkdlybuf4s25_1)
                                                         net1 (net)
                      0.026400    0.000017    5.162137 ^ _229_/B (sky130_fd_sc_hd__and2_2)
     1    0.004023    0.028716    0.081385    5.243522 ^ _229_/X (sky130_fd_sc_hd__and2_2)
                                                         TOP.n_rst (net)
                      0.028716    0.000043    5.243565 ^ fanout51/A (sky130_fd_sc_hd__clkdlybuf4s25_1)
     5    0.025327    0.193895    0.272316    5.515881 ^ fanout51/X (sky130_fd_sc_hd__clkdlybuf4s25_1)
                                                         net51 (net)
                      0.193895    0.000404    5.516285 ^ fanout50/A (sky130_fd_sc_hd__clkdlybuf4s25_1)
     9    0.043173    0.324847    0.389658    5.905943 ^ fanout50/X (sky130_fd_sc_hd__clkdlybuf4s25_1)
                                                         net50 (net)
                      0.324847    0.001208    5.907151 ^ _470_/RESET_B (sky130_fd_sc_hd__dfrtp_2)
                                              5.907151   data arrival time

                                 25.000000   25.000000   clock clk (rise edge)
                                  0.000000   25.000000   clock source latency
     2    0.019028    0.068483    0.046759   25.046759 ^ clk (in)
                                                         clk (net)
                      0.068490    0.000000   25.046759 ^ clkbuf_0_clk/A (sky130_fd_sc_hd__clkbuf_16)
     8    0.082689    0.076027    0.130395   25.177153 ^ clkbuf_0_clk/X (sky130_fd_sc_hd__clkbuf_16)
                                                         clknet_0_clk (net)
                      0.076034    0.000588   25.177742 ^ clkbuf_3_7__f_clk/A (sky130_fd_sc_hd__clkbuf_16)
     9    0.026754    0.036150    0.101654   25.279396 ^ clkbuf_3_7__f_clk/X (sky130_fd_sc_hd__clkbuf_16)
                                                         clknet_3_7__leaf_clk (net)
                      0.036150    0.000115   25.279510 ^ _470_/CLK (sky130_fd_sc_hd__dfrtp_2)
                                 -0.250000   25.029512   clock uncertainty
                                  0.000000   25.029512   clock reconvergence pessimism
                                  0.059123   25.088634   library recovery time
                                             25.088634   data required time
---------------------------------------------------------------------------------------------
                                             25.088634   data required time
                                             -5.907151   data arrival time
---------------------------------------------------------------------------------------------
                                             19.181482   slack (MET)


Startpoint: en (input port clocked by clk)
Endpoint: _471_ (recovery check against rising-edge clock clk)
Path Group: asynchronous
Path Type: max

Fanout         Cap        Slew       Delay        Time   Description
---------------------------------------------------------------------------------------------
                                  0.000000    0.000000   clock clk (rise edge)
                                  0.000000    0.000000   clock network delay (propagated)
                                  5.000000    5.000000 ^ input external delay
     2    0.004586    0.020287    0.011902    5.011902 ^ en (in)
                                                         en (net)
                      0.020287    0.000000    5.011902 ^ input1/A (sky130_fd_sc_hd__clkdlybuf4s25_1)
     1    0.001981    0.026400    0.150218    5.162120 ^ input1/X (sky130_fd_sc_hd__clkdlybuf4s25_1)
                                                         net1 (net)
                      0.026400    0.000017    5.162137 ^ _229_/B (sky130_fd_sc_hd__and2_2)
     1    0.004023    0.028716    0.081385    5.243522 ^ _229_/X (sky130_fd_sc_hd__and2_2)
                                                         TOP.n_rst (net)
                      0.028716    0.000043    5.243565 ^ fanout51/A (sky130_fd_sc_hd__clkdlybuf4s25_1)
     5    0.025327    0.193895    0.272316    5.515881 ^ fanout51/X (sky130_fd_sc_hd__clkdlybuf4s25_1)
                                                         net51 (net)
                      0.193895    0.000404    5.516285 ^ fanout50/A (sky130_fd_sc_hd__clkdlybuf4s25_1)
     9    0.043173    0.324847    0.389658    5.905943 ^ fanout50/X (sky130_fd_sc_hd__clkdlybuf4s25_1)
                                                         net50 (net)
                      0.324847    0.001241    5.907184 ^ _471_/RESET_B (sky130_fd_sc_hd__dfrtp_2)
                                              5.907184   data arrival time

                                 25.000000   25.000000   clock clk (rise edge)
                                  0.000000   25.000000   clock source latency
     2    0.019028    0.068483    0.046759   25.046759 ^ clk (in)
                                                         clk (net)
                      0.068490    0.000000   25.046759 ^ clkbuf_0_clk/A (sky130_fd_sc_hd__clkbuf_16)
     8    0.082689    0.076027    0.130395   25.177153 ^ clkbuf_0_clk/X (sky130_fd_sc_hd__clkbuf_16)
                                                         clknet_0_clk (net)
                      0.076034    0.000588   25.177742 ^ clkbuf_3_7__f_clk/A (sky130_fd_sc_hd__clkbuf_16)
     9    0.026754    0.036150    0.101654   25.279396 ^ clkbuf_3_7__f_clk/X (sky130_fd_sc_hd__clkbuf_16)
                                                         clknet_3_7__leaf_clk (net)
                      0.036150    0.000131   25.279528 ^ _471_/CLK (sky130_fd_sc_hd__dfrtp_2)
                                 -0.250000   25.029528   clock uncertainty
                                  0.000000   25.029528   clock reconvergence pessimism
                                  0.059123   25.088650   library recovery time
                                             25.088650   data required time
---------------------------------------------------------------------------------------------
                                             25.088650   data required time
                                             -5.907184   data arrival time
---------------------------------------------------------------------------------------------
                                             19.181465   slack (MET)


Startpoint: en (input port clocked by clk)
Endpoint: _451_ (recovery check against rising-edge clock clk)
Path Group: asynchronous
Path Type: max

Fanout         Cap        Slew       Delay        Time   Description
---------------------------------------------------------------------------------------------
                                  0.000000    0.000000   clock clk (rise edge)
                                  0.000000    0.000000   clock network delay (propagated)
                                  5.000000    5.000000 ^ input external delay
     2    0.004586    0.020287    0.011902    5.011902 ^ en (in)
                                                         en (net)
                      0.020287    0.000000    5.011902 ^ input1/A (sky130_fd_sc_hd__clkdlybuf4s25_1)
     1    0.001981    0.026400    0.150218    5.162120 ^ input1/X (sky130_fd_sc_hd__clkdlybuf4s25_1)
                                                         net1 (net)
                      0.026400    0.000017    5.162137 ^ _229_/B (sky130_fd_sc_hd__and2_2)
     1    0.004023    0.028716    0.081385    5.243522 ^ _229_/X (sky130_fd_sc_hd__and2_2)
                                                         TOP.n_rst (net)
                      0.028716    0.000043    5.243565 ^ fanout51/A (sky130_fd_sc_hd__clkdlybuf4s25_1)
     5    0.025327    0.193895    0.272316    5.515881 ^ fanout51/X (sky130_fd_sc_hd__clkdlybuf4s25_1)
                                                         net51 (net)
                      0.193895    0.000404    5.516285 ^ fanout50/A (sky130_fd_sc_hd__clkdlybuf4s25_1)
     9    0.043173    0.324847    0.389658    5.905943 ^ fanout50/X (sky130_fd_sc_hd__clkdlybuf4s25_1)
                                                         net50 (net)
                      0.324847    0.001202    5.907145 ^ _451_/RESET_B (sky130_fd_sc_hd__dfrtp_2)
                                              5.907145   data arrival time

                                 25.000000   25.000000   clock clk (rise edge)
                                  0.000000   25.000000   clock source latency
     2    0.019028    0.068483    0.046759   25.046759 ^ clk (in)
                                                         clk (net)
                      0.068490    0.000000   25.046759 ^ clkbuf_0_clk/A (sky130_fd_sc_hd__clkbuf_16)
     8    0.082689    0.076027    0.130395   25.177153 ^ clkbuf_0_clk/X (sky130_fd_sc_hd__clkbuf_16)
                                                         clknet_0_clk (net)
                      0.076034    0.000588   25.177742 ^ clkbuf_3_7__f_clk/A (sky130_fd_sc_hd__clkbuf_16)
     9    0.026754    0.036150    0.101654   25.279396 ^ clkbuf_3_7__f_clk/X (sky130_fd_sc_hd__clkbuf_16)
                                                         clknet_3_7__leaf_clk (net)
                      0.036151    0.000179   25.279575 ^ _451_/CLK (sky130_fd_sc_hd__dfrtp_2)
                                 -0.250000   25.029575   clock uncertainty
                                  0.000000   25.029575   clock reconvergence pessimism
                                  0.059123   25.088699   library recovery time
                                             25.088699   data required time
---------------------------------------------------------------------------------------------
                                             25.088699   data required time
                                             -5.907145   data arrival time
---------------------------------------------------------------------------------------------
                                             19.181555   slack (MET)


Startpoint: en (input port clocked by clk)
Endpoint: _453_ (recovery check against rising-edge clock clk)
Path Group: asynchronous
Path Type: max

Fanout         Cap        Slew       Delay        Time   Description
---------------------------------------------------------------------------------------------
                                  0.000000    0.000000   clock clk (rise edge)
                                  0.000000    0.000000   clock network delay (propagated)
                                  5.000000    5.000000 ^ input external delay
     2    0.004586    0.020287    0.011902    5.011902 ^ en (in)
                                                         en (net)
                      0.020287    0.000000    5.011902 ^ input1/A (sky130_fd_sc_hd__clkdlybuf4s25_1)
     1    0.001981    0.026400    0.150218    5.162120 ^ input1/X (sky130_fd_sc_hd__clkdlybuf4s25_1)
                                                         net1 (net)
                      0.026400    0.000017    5.162137 ^ _229_/B (sky130_fd_sc_hd__and2_2)
     1    0.004023    0.028716    0.081385    5.243522 ^ _229_/X (sky130_fd_sc_hd__and2_2)
                                                         TOP.n_rst (net)
                      0.028716    0.000043    5.243565 ^ fanout51/A (sky130_fd_sc_hd__clkdlybuf4s25_1)
     5    0.025327    0.193895    0.272316    5.515881 ^ fanout51/X (sky130_fd_sc_hd__clkdlybuf4s25_1)
                                                         net51 (net)
                      0.193895    0.000404    5.516285 ^ fanout50/A (sky130_fd_sc_hd__clkdlybuf4s25_1)
     9    0.043173    0.324847    0.389658    5.905943 ^ fanout50/X (sky130_fd_sc_hd__clkdlybuf4s25_1)
                                                         net50 (net)
                      0.324847    0.001143    5.907085 ^ _453_/RESET_B (sky130_fd_sc_hd__dfrtp_2)
                                              5.907085   data arrival time

                                 25.000000   25.000000   clock clk (rise edge)
                                  0.000000   25.000000   clock source latency
     2    0.019028    0.068483    0.046759   25.046759 ^ clk (in)
                                                         clk (net)
                      0.068490    0.000000   25.046759 ^ clkbuf_0_clk/A (sky130_fd_sc_hd__clkbuf_16)
     8    0.082689    0.076027    0.130395   25.177153 ^ clkbuf_0_clk/X (sky130_fd_sc_hd__clkbuf_16)
                                                         clknet_0_clk (net)
                      0.076034    0.000588   25.177742 ^ clkbuf_3_7__f_clk/A (sky130_fd_sc_hd__clkbuf_16)
     9    0.026754    0.036150    0.101654   25.279396 ^ clkbuf_3_7__f_clk/X (sky130_fd_sc_hd__clkbuf_16)
                                                         clknet_3_7__leaf_clk (net)
                      0.036150    0.000112   25.279507 ^ _453_/CLK (sky130_fd_sc_hd__dfrtp_2)
                                 -0.250000   25.029509   clock uncertainty
                                  0.000000   25.029509   clock reconvergence pessimism
                                  0.059123   25.088633   library recovery time
                                             25.088633   data required time
---------------------------------------------------------------------------------------------
                                             25.088633   data required time
                                             -5.907085   data arrival time
---------------------------------------------------------------------------------------------
                                             19.181545   slack (MET)


Startpoint: en (input port clocked by clk)
Endpoint: _452_ (recovery check against rising-edge clock clk)
Path Group: asynchronous
Path Type: max

Fanout         Cap        Slew       Delay        Time   Description
---------------------------------------------------------------------------------------------
                                  0.000000    0.000000   clock clk (rise edge)
                                  0.000000    0.000000   clock network delay (propagated)
                                  5.000000    5.000000 ^ input external delay
     2    0.004586    0.020287    0.011902    5.011902 ^ en (in)
                                                         en (net)
                      0.020287    0.000000    5.011902 ^ input1/A (sky130_fd_sc_hd__clkdlybuf4s25_1)
     1    0.001981    0.026400    0.150218    5.162120 ^ input1/X (sky130_fd_sc_hd__clkdlybuf4s25_1)
                                                         net1 (net)
                      0.026400    0.000017    5.162137 ^ _229_/B (sky130_fd_sc_hd__and2_2)
     1    0.004023    0.028716    0.081385    5.243522 ^ _229_/X (sky130_fd_sc_hd__and2_2)
                                                         TOP.n_rst (net)
                      0.028716    0.000043    5.243565 ^ fanout51/A (sky130_fd_sc_hd__clkdlybuf4s25_1)
     5    0.025327    0.193895    0.272316    5.515881 ^ fanout51/X (sky130_fd_sc_hd__clkdlybuf4s25_1)
                                                         net51 (net)
                      0.193895    0.000404    5.516285 ^ fanout50/A (sky130_fd_sc_hd__clkdlybuf4s25_1)
     9    0.043173    0.324847    0.389658    5.905943 ^ fanout50/X (sky130_fd_sc_hd__clkdlybuf4s25_1)
                                                         net50 (net)
                      0.324847    0.001113    5.907056 ^ _452_/RESET_B (sky130_fd_sc_hd__dfrtp_2)
                                              5.907056   data arrival time

                                 25.000000   25.000000   clock clk (rise edge)
                                  0.000000   25.000000   clock source latency
     2    0.019028    0.068483    0.046759   25.046759 ^ clk (in)
                                                         clk (net)
                      0.068490    0.000000   25.046759 ^ clkbuf_0_clk/A (sky130_fd_sc_hd__clkbuf_16)
     8    0.082689    0.076027    0.130395   25.177153 ^ clkbuf_0_clk/X (sky130_fd_sc_hd__clkbuf_16)
                                                         clknet_0_clk (net)
                      0.076034    0.000588   25.177742 ^ clkbuf_3_7__f_clk/A (sky130_fd_sc_hd__clkbuf_16)
     9    0.026754    0.036150    0.101654   25.279396 ^ clkbuf_3_7__f_clk/X (sky130_fd_sc_hd__clkbuf_16)
                                                         clknet_3_7__leaf_clk (net)
                      0.036150    0.000101   25.279497 ^ _452_/CLK (sky130_fd_sc_hd__dfrtp_2)
                                 -0.250000   25.029497   clock uncertainty
                                  0.000000   25.029497   clock reconvergence pessimism
                                  0.059123   25.088621   library recovery time
                                             25.088621   data required time
---------------------------------------------------------------------------------------------
                                             25.088621   data required time
                                             -5.907056   data arrival time
---------------------------------------------------------------------------------------------
                                             19.181566   slack (MET)


Startpoint: en (input port clocked by clk)
Endpoint: _454_ (recovery check against rising-edge clock clk)
Path Group: asynchronous
Path Type: max

Fanout         Cap        Slew       Delay        Time   Description
---------------------------------------------------------------------------------------------
                                  0.000000    0.000000   clock clk (rise edge)
                                  0.000000    0.000000   clock network delay (propagated)
                                  5.000000    5.000000 ^ input external delay
     2    0.004586    0.020287    0.011902    5.011902 ^ en (in)
                                                         en (net)
                      0.020287    0.000000    5.011902 ^ input1/A (sky130_fd_sc_hd__clkdlybuf4s25_1)
     1    0.001981    0.026400    0.150218    5.162120 ^ input1/X (sky130_fd_sc_hd__clkdlybuf4s25_1)
                                                         net1 (net)
                      0.026400    0.000017    5.162137 ^ _229_/B (sky130_fd_sc_hd__and2_2)
     1    0.004023    0.028716    0.081385    5.243522 ^ _229_/X (sky130_fd_sc_hd__and2_2)
                                                         TOP.n_rst (net)
                      0.028716    0.000043    5.243565 ^ fanout51/A (sky130_fd_sc_hd__clkdlybuf4s25_1)
     5    0.025327    0.193895    0.272316    5.515881 ^ fanout51/X (sky130_fd_sc_hd__clkdlybuf4s25_1)
                                                         net51 (net)
                      0.193895    0.000404    5.516285 ^ fanout50/A (sky130_fd_sc_hd__clkdlybuf4s25_1)
     9    0.043173    0.324847    0.389658    5.905943 ^ fanout50/X (sky130_fd_sc_hd__clkdlybuf4s25_1)
                                                         net50 (net)
                      0.324847    0.001188    5.907131 ^ _454_/RESET_B (sky130_fd_sc_hd__dfrtp_2)
                                              5.907131   data arrival time

                                 25.000000   25.000000   clock clk (rise edge)
                                  0.000000   25.000000   clock source latency
     2    0.019028    0.068483    0.046759   25.046759 ^ clk (in)
                                                         clk (net)
                      0.068490    0.000000   25.046759 ^ clkbuf_0_clk/A (sky130_fd_sc_hd__clkbuf_16)
     8    0.082689    0.076027    0.130395   25.177153 ^ clkbuf_0_clk/X (sky130_fd_sc_hd__clkbuf_16)
                                                         clknet_0_clk (net)
                      0.076034    0.000588   25.177742 ^ clkbuf_3_7__f_clk/A (sky130_fd_sc_hd__clkbuf_16)
     9    0.026754    0.036150    0.101654   25.279396 ^ clkbuf_3_7__f_clk/X (sky130_fd_sc_hd__clkbuf_16)
                                                         clknet_3_7__leaf_clk (net)
                      0.036151    0.000174   25.279570 ^ _454_/CLK (sky130_fd_sc_hd__dfrtp_2)
                                 -0.250000   25.029570   clock uncertainty
                                  0.000000   25.029570   clock reconvergence pessimism
                                  0.059123   25.088694   library recovery time
                                             25.088694   data required time
---------------------------------------------------------------------------------------------
                                             25.088694   data required time
                                             -5.907131   data arrival time
---------------------------------------------------------------------------------------------
                                             19.181564   slack (MET)


Startpoint: en (input port clocked by clk)
Endpoint: _469_ (recovery check against rising-edge clock clk)
Path Group: asynchronous
Path Type: max

Fanout         Cap        Slew       Delay        Time   Description
---------------------------------------------------------------------------------------------
                                  0.000000    0.000000   clock clk (rise edge)
                                  0.000000    0.000000   clock network delay (propagated)
                                  5.000000    5.000000 ^ input external delay
     2    0.004586    0.020287    0.011902    5.011902 ^ en (in)
                                                         en (net)
                      0.020287    0.000000    5.011902 ^ input1/A (sky130_fd_sc_hd__clkdlybuf4s25_1)
     1    0.001981    0.026400    0.150218    5.162120 ^ input1/X (sky130_fd_sc_hd__clkdlybuf4s25_1)
                                                         net1 (net)
                      0.026400    0.000017    5.162137 ^ _229_/B (sky130_fd_sc_hd__and2_2)
     1    0.004023    0.028716    0.081385    5.243522 ^ _229_/X (sky130_fd_sc_hd__and2_2)
                                                         TOP.n_rst (net)
                      0.028716    0.000043    5.243565 ^ fanout51/A (sky130_fd_sc_hd__clkdlybuf4s25_1)
     5    0.025327    0.193895    0.272316    5.515881 ^ fanout51/X (sky130_fd_sc_hd__clkdlybuf4s25_1)
                                                         net51 (net)
                      0.193895    0.000404    5.516285 ^ fanout50/A (sky130_fd_sc_hd__clkdlybuf4s25_1)
     9    0.043173    0.324847    0.389658    5.905943 ^ fanout50/X (sky130_fd_sc_hd__clkdlybuf4s25_1)
                                                         net50 (net)
                      0.324847    0.001095    5.907038 ^ _469_/RESET_B (sky130_fd_sc_hd__dfrtp_2)
                                              5.907038   data arrival time

                                 25.000000   25.000000   clock clk (rise edge)
                                  0.000000   25.000000   clock source latency
     2    0.019028    0.068483    0.046759   25.046759 ^ clk (in)
                                                         clk (net)
                      0.068490    0.000000   25.046759 ^ clkbuf_0_clk/A (sky130_fd_sc_hd__clkbuf_16)
     8    0.082689    0.076027    0.130395   25.177153 ^ clkbuf_0_clk/X (sky130_fd_sc_hd__clkbuf_16)
                                                         clknet_0_clk (net)
                      0.076034    0.000588   25.177742 ^ clkbuf_3_7__f_clk/A (sky130_fd_sc_hd__clkbuf_16)
     9    0.026754    0.036150    0.101654   25.279396 ^ clkbuf_3_7__f_clk/X (sky130_fd_sc_hd__clkbuf_16)
                                                         clknet_3_7__leaf_clk (net)
                      0.036150    0.000107   25.279501 ^ _469_/CLK (sky130_fd_sc_hd__dfrtp_2)
                                 -0.250000   25.029503   clock uncertainty
                                  0.000000   25.029503   clock reconvergence pessimism
                                  0.059123   25.088627   library recovery time
                                             25.088627   data required time
---------------------------------------------------------------------------------------------
                                             25.088627   data required time
                                             -5.907038   data arrival time
---------------------------------------------------------------------------------------------
                                             19.181589   slack (MET)


Startpoint: en (input port clocked by clk)
Endpoint: _450_ (recovery check against rising-edge clock clk)
Path Group: asynchronous
Path Type: max

Fanout         Cap        Slew       Delay        Time   Description
---------------------------------------------------------------------------------------------
                                  0.000000    0.000000   clock clk (rise edge)
                                  0.000000    0.000000   clock network delay (propagated)
                                  5.000000    5.000000 ^ input external delay
     2    0.004586    0.020287    0.011902    5.011902 ^ en (in)
                                                         en (net)
                      0.020287    0.000000    5.011902 ^ input1/A (sky130_fd_sc_hd__clkdlybuf4s25_1)
     1    0.001981    0.026400    0.150218    5.162120 ^ input1/X (sky130_fd_sc_hd__clkdlybuf4s25_1)
                                                         net1 (net)
                      0.026400    0.000017    5.162137 ^ _229_/B (sky130_fd_sc_hd__and2_2)
     1    0.004023    0.028716    0.081385    5.243522 ^ _229_/X (sky130_fd_sc_hd__and2_2)
                                                         TOP.n_rst (net)
                      0.028716    0.000043    5.243565 ^ fanout51/A (sky130_fd_sc_hd__clkdlybuf4s25_1)
     5    0.025327    0.193895    0.272316    5.515881 ^ fanout51/X (sky130_fd_sc_hd__clkdlybuf4s25_1)
                                                         net51 (net)
                      0.193895    0.000404    5.516285 ^ fanout50/A (sky130_fd_sc_hd__clkdlybuf4s25_1)
     9    0.043173    0.324847    0.389658    5.905943 ^ fanout50/X (sky130_fd_sc_hd__clkdlybuf4s25_1)
                                                         net50 (net)
                      0.324847    0.001264    5.907207 ^ _450_/RESET_B (sky130_fd_sc_hd__dfrtp_2)
                                              5.907207   data arrival time

                                 25.000000   25.000000   clock clk (rise edge)
                                  0.000000   25.000000   clock source latency
     2    0.019028    0.068483    0.046759   25.046759 ^ clk (in)
                                                         clk (net)
                      0.068490    0.000000   25.046759 ^ clkbuf_0_clk/A (sky130_fd_sc_hd__clkbuf_16)
     8    0.082689    0.076027    0.130395   25.177153 ^ clkbuf_0_clk/X (sky130_fd_sc_hd__clkbuf_16)
                                                         clknet_0_clk (net)
                      0.076035    0.000650   25.177803 ^ clkbuf_3_6__f_clk/A (sky130_fd_sc_hd__clkbuf_16)
    10    0.029771    0.038256    0.103675   25.281479 ^ clkbuf_3_6__f_clk/X (sky130_fd_sc_hd__clkbuf_16)
                                                         clknet_3_6__leaf_clk (net)
                      0.038259    0.000371   25.281851 ^ _450_/CLK (sky130_fd_sc_hd__dfrtp_2)
                                 -0.250000   25.031851   clock uncertainty
                                  0.000000   25.031851   clock reconvergence pessimism
                                  0.059475   25.091326   library recovery time
                                             25.091326   data required time
---------------------------------------------------------------------------------------------
                                             25.091326   data required time
                                             -5.907207   data arrival time
---------------------------------------------------------------------------------------------
                                             19.184118   slack (MET)


Startpoint: en (input port clocked by clk)
Endpoint: _458_ (recovery check against rising-edge clock clk)
Path Group: asynchronous
Path Type: max

Fanout         Cap        Slew       Delay        Time   Description
---------------------------------------------------------------------------------------------
                                  0.000000    0.000000   clock clk (rise edge)
                                  0.000000    0.000000   clock network delay (propagated)
                                  5.000000    5.000000 ^ input external delay
     2    0.004586    0.020287    0.011902    5.011902 ^ en (in)
                                                         en (net)
                      0.020287    0.000000    5.011902 ^ input1/A (sky130_fd_sc_hd__clkdlybuf4s25_1)
     1    0.001981    0.026400    0.150218    5.162120 ^ input1/X (sky130_fd_sc_hd__clkdlybuf4s25_1)
                                                         net1 (net)
                      0.026400    0.000017    5.162137 ^ _229_/B (sky130_fd_sc_hd__and2_2)
     1    0.004023    0.028716    0.081385    5.243522 ^ _229_/X (sky130_fd_sc_hd__and2_2)
                                                         TOP.n_rst (net)
                      0.028716    0.000043    5.243565 ^ fanout51/A (sky130_fd_sc_hd__clkdlybuf4s25_1)
     5    0.025327    0.193895    0.272316    5.515881 ^ fanout51/X (sky130_fd_sc_hd__clkdlybuf4s25_1)
                                                         net51 (net)
                      0.193895    0.000474    5.516356 ^ fanout47/A (sky130_fd_sc_hd__clkdlybuf4s25_1)
     8    0.038258    0.288730    0.364901    5.881257 ^ fanout47/X (sky130_fd_sc_hd__clkdlybuf4s25_1)
                                                         net47 (net)
                      0.288730    0.000759    5.882015 ^ _458_/RESET_B (sky130_fd_sc_hd__dfrtp_2)
                                              5.882015   data arrival time

                                 25.000000   25.000000   clock clk (rise edge)
                                  0.000000   25.000000   clock source latency
     2    0.019028    0.068483    0.046759   25.046759 ^ clk (in)
                                                         clk (net)
                      0.068490    0.000000   25.046759 ^ clkbuf_0_clk/A (sky130_fd_sc_hd__clkbuf_16)
     8    0.082689    0.076027    0.130395   25.177153 ^ clkbuf_0_clk/X (sky130_fd_sc_hd__clkbuf_16)
                                                         clknet_0_clk (net)
                      0.076073    0.001503   25.178656 ^ clkbuf_3_4__f_clk/A (sky130_fd_sc_hd__clkbuf_16)
     9    0.031098    0.039291    0.104588   25.283245 ^ clkbuf_3_4__f_clk/X (sky130_fd_sc_hd__clkbuf_16)
                                                         clknet_3_4__leaf_clk (net)
                      0.039292    0.000274   25.283518 ^ _458_/CLK (sky130_fd_sc_hd__dfrtp_2)
                                 -0.250000   25.033520   clock uncertainty
                                  0.000000   25.033520   clock reconvergence pessimism
                                  0.068905   25.102425   library recovery time
                                             25.102425   data required time
---------------------------------------------------------------------------------------------
                                             25.102425   data required time
                                             -5.882015   data arrival time
---------------------------------------------------------------------------------------------
                                             19.220409   slack (MET)


Startpoint: en (input port clocked by clk)
Endpoint: _462_ (recovery check against rising-edge clock clk)
Path Group: asynchronous
Path Type: max

Fanout         Cap        Slew       Delay        Time   Description
---------------------------------------------------------------------------------------------
                                  0.000000    0.000000   clock clk (rise edge)
                                  0.000000    0.000000   clock network delay (propagated)
                                  5.000000    5.000000 ^ input external delay
     2    0.004586    0.020287    0.011902    5.011902 ^ en (in)
                                                         en (net)
                      0.020287    0.000000    5.011902 ^ input1/A (sky130_fd_sc_hd__clkdlybuf4s25_1)
     1    0.001981    0.026400    0.150218    5.162120 ^ input1/X (sky130_fd_sc_hd__clkdlybuf4s25_1)
                                                         net1 (net)
                      0.026400    0.000017    5.162137 ^ _229_/B (sky130_fd_sc_hd__and2_2)
     1    0.004023    0.028716    0.081385    5.243522 ^ _229_/X (sky130_fd_sc_hd__and2_2)
                                                         TOP.n_rst (net)
                      0.028716    0.000043    5.243565 ^ fanout51/A (sky130_fd_sc_hd__clkdlybuf4s25_1)
     5    0.025327    0.193895    0.272316    5.515881 ^ fanout51/X (sky130_fd_sc_hd__clkdlybuf4s25_1)
                                                         net51 (net)
                      0.193895    0.000474    5.516356 ^ fanout47/A (sky130_fd_sc_hd__clkdlybuf4s25_1)
     8    0.038258    0.288730    0.364901    5.881257 ^ fanout47/X (sky130_fd_sc_hd__clkdlybuf4s25_1)
                                                         net47 (net)
                      0.288730    0.000691    5.881948 ^ _462_/RESET_B (sky130_fd_sc_hd__dfrtp_2)
                                              5.881948   data arrival time

                                 25.000000   25.000000   clock clk (rise edge)
                                  0.000000   25.000000   clock source latency
     2    0.019028    0.068483    0.046759   25.046759 ^ clk (in)
                                                         clk (net)
                      0.068490    0.000000   25.046759 ^ clkbuf_0_clk/A (sky130_fd_sc_hd__clkbuf_16)
     8    0.082689    0.076027    0.130395   25.177153 ^ clkbuf_0_clk/X (sky130_fd_sc_hd__clkbuf_16)
                                                         clknet_0_clk (net)
                      0.076073    0.001503   25.178656 ^ clkbuf_3_4__f_clk/A (sky130_fd_sc_hd__clkbuf_16)
     9    0.031098    0.039291    0.104588   25.283245 ^ clkbuf_3_4__f_clk/X (sky130_fd_sc_hd__clkbuf_16)
                                                         clknet_3_4__leaf_clk (net)
                      0.039292    0.000220   25.283464 ^ _462_/CLK (sky130_fd_sc_hd__dfrtp_2)
                                 -0.250000   25.033466   clock uncertainty
                                  0.000000   25.033466   clock reconvergence pessimism
                                  0.068905   25.102371   library recovery time
                                             25.102371   data required time
---------------------------------------------------------------------------------------------
                                             25.102371   data required time
                                             -5.881948   data arrival time
---------------------------------------------------------------------------------------------
                                             19.220423   slack (MET)


Startpoint: en (input port clocked by clk)
Endpoint: _438_ (recovery check against rising-edge clock clk)
Path Group: asynchronous
Path Type: max

Fanout         Cap        Slew       Delay        Time   Description
---------------------------------------------------------------------------------------------
                                  0.000000    0.000000   clock clk (rise edge)
                                  0.000000    0.000000   clock network delay (propagated)
                                  5.000000    5.000000 ^ input external delay
     2    0.004586    0.020287    0.011902    5.011902 ^ en (in)
                                                         en (net)
                      0.020287    0.000000    5.011902 ^ input1/A (sky130_fd_sc_hd__clkdlybuf4s25_1)
     1    0.001981    0.026400    0.150218    5.162120 ^ input1/X (sky130_fd_sc_hd__clkdlybuf4s25_1)
                                                         net1 (net)
                      0.026400    0.000017    5.162137 ^ _229_/B (sky130_fd_sc_hd__and2_2)
     1    0.004023    0.028716    0.081385    5.243522 ^ _229_/X (sky130_fd_sc_hd__and2_2)
                                                         TOP.n_rst (net)
                      0.028716    0.000043    5.243565 ^ fanout51/A (sky130_fd_sc_hd__clkdlybuf4s25_1)
     5    0.025327    0.193895    0.272316    5.515881 ^ fanout51/X (sky130_fd_sc_hd__clkdlybuf4s25_1)
                                                         net51 (net)
                      0.193895    0.000474    5.516356 ^ fanout47/A (sky130_fd_sc_hd__clkdlybuf4s25_1)
     8    0.038258    0.288730    0.364901    5.881257 ^ fanout47/X (sky130_fd_sc_hd__clkdlybuf4s25_1)
                                                         net47 (net)
                      0.288730    0.000310    5.881567 ^ _438_/RESET_B (sky130_fd_sc_hd__dfrtp_2)
                                              5.881567   data arrival time

                                 25.000000   25.000000   clock clk (rise edge)
                                  0.000000   25.000000   clock source latency
     2    0.019028    0.068483    0.046759   25.046759 ^ clk (in)
                                                         clk (net)
                      0.068490    0.000000   25.046759 ^ clkbuf_0_clk/A (sky130_fd_sc_hd__clkbuf_16)
     8    0.082689    0.076027    0.130395   25.177153 ^ clkbuf_0_clk/X (sky130_fd_sc_hd__clkbuf_16)
                                                         clknet_0_clk (net)
                      0.076073    0.001503   25.178656 ^ clkbuf_3_4__f_clk/A (sky130_fd_sc_hd__clkbuf_16)
     9    0.031098    0.039291    0.104588   25.283245 ^ clkbuf_3_4__f_clk/X (sky130_fd_sc_hd__clkbuf_16)
                                                         clknet_3_4__leaf_clk (net)
                      0.039292    0.000206   25.283451 ^ _438_/CLK (sky130_fd_sc_hd__dfrtp_2)
                                 -0.250000   25.033451   clock uncertainty
                                  0.000000   25.033451   clock reconvergence pessimism
                                  0.068905   25.102356   library recovery time
                                             25.102356   data required time
---------------------------------------------------------------------------------------------
                                             25.102356   data required time
                                             -5.881567   data arrival time
---------------------------------------------------------------------------------------------
                                             19.220789   slack (MET)


Startpoint: en (input port clocked by clk)
Endpoint: _442_ (recovery check against rising-edge clock clk)
Path Group: asynchronous
Path Type: max

Fanout         Cap        Slew       Delay        Time   Description
---------------------------------------------------------------------------------------------
                                  0.000000    0.000000   clock clk (rise edge)
                                  0.000000    0.000000   clock network delay (propagated)
                                  5.000000    5.000000 ^ input external delay
     2    0.004586    0.020287    0.011902    5.011902 ^ en (in)
                                                         en (net)
                      0.020287    0.000000    5.011902 ^ input1/A (sky130_fd_sc_hd__clkdlybuf4s25_1)
     1    0.001981    0.026400    0.150218    5.162120 ^ input1/X (sky130_fd_sc_hd__clkdlybuf4s25_1)
                                                         net1 (net)
                      0.026400    0.000017    5.162137 ^ _229_/B (sky130_fd_sc_hd__and2_2)
     1    0.004023    0.028716    0.081385    5.243522 ^ _229_/X (sky130_fd_sc_hd__and2_2)
                                                         TOP.n_rst (net)
                      0.028716    0.000043    5.243565 ^ fanout51/A (sky130_fd_sc_hd__clkdlybuf4s25_1)
     5    0.025327    0.193895    0.272316    5.515881 ^ fanout51/X (sky130_fd_sc_hd__clkdlybuf4s25_1)
                                                         net51 (net)
                      0.193895    0.000474    5.516356 ^ fanout47/A (sky130_fd_sc_hd__clkdlybuf4s25_1)
     8    0.038258    0.288730    0.364901    5.881257 ^ fanout47/X (sky130_fd_sc_hd__clkdlybuf4s25_1)
                                                         net47 (net)
                      0.288730    0.000175    5.881431 ^ _442_/RESET_B (sky130_fd_sc_hd__dfrtp_2)
                                              5.881431   data arrival time

                                 25.000000   25.000000   clock clk (rise edge)
                                  0.000000   25.000000   clock source latency
     2    0.019028    0.068483    0.046759   25.046759 ^ clk (in)
                                                         clk (net)
                      0.068490    0.000000   25.046759 ^ clkbuf_0_clk/A (sky130_fd_sc_hd__clkbuf_16)
     8    0.082689    0.076027    0.130395   25.177153 ^ clkbuf_0_clk/X (sky130_fd_sc_hd__clkbuf_16)
                                                         clknet_0_clk (net)
                      0.076116    0.002077   25.179230 ^ clkbuf_3_1__f_clk/A (sky130_fd_sc_hd__clkbuf_16)
    10    0.035455    0.042282    0.106940   25.286171 ^ clkbuf_3_1__f_clk/X (sky130_fd_sc_hd__clkbuf_16)
                                                         clknet_3_1__leaf_clk (net)
                      0.042283    0.000311   25.286482 ^ _442_/CLK (sky130_fd_sc_hd__dfrtp_2)
                                 -0.250000   25.036482   clock uncertainty
                                  0.000000   25.036482   clock reconvergence pessimism
                                  0.069398   25.105881   library recovery time
                                             25.105881   data required time
---------------------------------------------------------------------------------------------
                                             25.105881   data required time
                                             -5.881431   data arrival time
---------------------------------------------------------------------------------------------
                                             19.224451   slack (MET)


Startpoint: en (input port clocked by clk)
Endpoint: _425_ (recovery check against rising-edge clock clk)
Path Group: asynchronous
Path Type: max

Fanout         Cap        Slew       Delay        Time   Description
---------------------------------------------------------------------------------------------
                                  0.000000    0.000000   clock clk (rise edge)
                                  0.000000    0.000000   clock network delay (propagated)
                                  5.000000    5.000000 ^ input external delay
     2    0.004586    0.020287    0.011902    5.011902 ^ en (in)
                                                         en (net)
                      0.020287    0.000000    5.011902 ^ input1/A (sky130_fd_sc_hd__clkdlybuf4s25_1)
     1    0.001981    0.026400    0.150218    5.162120 ^ input1/X (sky130_fd_sc_hd__clkdlybuf4s25_1)
                                                         net1 (net)
                      0.026400    0.000017    5.162137 ^ _229_/B (sky130_fd_sc_hd__and2_2)
     1    0.004023    0.028716    0.081385    5.243522 ^ _229_/X (sky130_fd_sc_hd__and2_2)
                                                         TOP.n_rst (net)
                      0.028716    0.000043    5.243565 ^ fanout51/A (sky130_fd_sc_hd__clkdlybuf4s25_1)
     5    0.025327    0.193895    0.272316    5.515881 ^ fanout51/X (sky130_fd_sc_hd__clkdlybuf4s25_1)
                                                         net51 (net)
                      0.193895    0.000112    5.515993 ^ fanout43/A (sky130_fd_sc_hd__clkdlybuf4s25_1)
     2    0.006411    0.056913    0.202747    5.718740 ^ fanout43/X (sky130_fd_sc_hd__clkdlybuf4s25_1)
                                                         net43 (net)
                      0.056913    0.000048    5.718788 ^ fanout41/A (sky130_fd_sc_hd__clkdlybuf4s25_1)
     3    0.011157    0.090748    0.208010    5.926797 ^ fanout41/X (sky130_fd_sc_hd__clkdlybuf4s25_1)
                                                         net41 (net)
                      0.090748    0.000063    5.926860 ^ _425_/RESET_B (sky130_fd_sc_hd__dfrtp_2)
                                              5.926860   data arrival time

                                 25.000000   25.000000   clock clk (rise edge)
                                  0.000000   25.000000   clock source latency
     2    0.019028    0.068483    0.046759   25.046759 ^ clk (in)
                                                         clk (net)
                      0.068490    0.000000   25.046759 ^ clkbuf_0_clk/A (sky130_fd_sc_hd__clkbuf_16)
     8    0.082689    0.076027    0.130395   25.177153 ^ clkbuf_0_clk/X (sky130_fd_sc_hd__clkbuf_16)
                                                         clknet_0_clk (net)
                      0.076150    0.002435   25.179588 ^ clkbuf_3_2__f_clk/A (sky130_fd_sc_hd__clkbuf_16)
    10    0.034239    0.041502    0.106388   25.285976 ^ clkbuf_3_2__f_clk/X (sky130_fd_sc_hd__clkbuf_16)
                                                         clknet_3_2__leaf_clk (net)
                      0.041502    0.000222   25.286200 ^ _425_/CLK (sky130_fd_sc_hd__dfrtp_2)
                                 -0.250000   25.036200   clock uncertainty
                                  0.000000   25.036200   clock reconvergence pessimism
                                  0.119997   25.156199   library recovery time
                                             25.156199   data required time
---------------------------------------------------------------------------------------------
                                             25.156199   data required time
                                             -5.926860   data arrival time
---------------------------------------------------------------------------------------------
                                             19.229338   slack (MET)


Startpoint: en (input port clocked by clk)
Endpoint: _422_ (recovery check against rising-edge clock clk)
Path Group: asynchronous
Path Type: max

Fanout         Cap        Slew       Delay        Time   Description
---------------------------------------------------------------------------------------------
                                  0.000000    0.000000   clock clk (rise edge)
                                  0.000000    0.000000   clock network delay (propagated)
                                  5.000000    5.000000 ^ input external delay
     2    0.004586    0.020287    0.011902    5.011902 ^ en (in)
                                                         en (net)
                      0.020287    0.000000    5.011902 ^ input1/A (sky130_fd_sc_hd__clkdlybuf4s25_1)
     1    0.001981    0.026400    0.150218    5.162120 ^ input1/X (sky130_fd_sc_hd__clkdlybuf4s25_1)
                                                         net1 (net)
                      0.026400    0.000017    5.162137 ^ _229_/B (sky130_fd_sc_hd__and2_2)
     1    0.004023    0.028716    0.081385    5.243522 ^ _229_/X (sky130_fd_sc_hd__and2_2)
                                                         TOP.n_rst (net)
                      0.028716    0.000043    5.243565 ^ fanout51/A (sky130_fd_sc_hd__clkdlybuf4s25_1)
     5    0.025327    0.193895    0.272316    5.515881 ^ fanout51/X (sky130_fd_sc_hd__clkdlybuf4s25_1)
                                                         net51 (net)
                      0.193895    0.000112    5.515993 ^ fanout43/A (sky130_fd_sc_hd__clkdlybuf4s25_1)
     2    0.006411    0.056913    0.202747    5.718740 ^ fanout43/X (sky130_fd_sc_hd__clkdlybuf4s25_1)
                                                         net43 (net)
                      0.056913    0.000048    5.718788 ^ fanout41/A (sky130_fd_sc_hd__clkdlybuf4s25_1)
     3    0.011157    0.090748    0.208010    5.926797 ^ fanout41/X (sky130_fd_sc_hd__clkdlybuf4s25_1)
                                                         net41 (net)
                      0.090748    0.000074    5.926871 ^ _422_/RESET_B (sky130_fd_sc_hd__dfrtp_2)
                                              5.926871   data arrival time

                                 25.000000   25.000000   clock clk (rise edge)
                                  0.000000   25.000000   clock source latency
     2    0.019028    0.068483    0.046759   25.046759 ^ clk (in)
                                                         clk (net)
                      0.068490    0.000000   25.046759 ^ clkbuf_0_clk/A (sky130_fd_sc_hd__clkbuf_16)
     8    0.082689    0.076027    0.130395   25.177153 ^ clkbuf_0_clk/X (sky130_fd_sc_hd__clkbuf_16)
                                                         clknet_0_clk (net)
                      0.076150    0.002435   25.179588 ^ clkbuf_3_2__f_clk/A (sky130_fd_sc_hd__clkbuf_16)
    10    0.034239    0.041502    0.106388   25.285976 ^ clkbuf_3_2__f_clk/X (sky130_fd_sc_hd__clkbuf_16)
                                                         clknet_3_2__leaf_clk (net)
                      0.041503    0.000364   25.286341 ^ _422_/CLK (sky130_fd_sc_hd__dfrtp_2)
                                 -0.250000   25.036343   clock uncertainty
                                  0.000000   25.036343   clock reconvergence pessimism
                                  0.119997   25.156340   library recovery time
                                             25.156340   data required time
---------------------------------------------------------------------------------------------
                                             25.156340   data required time
                                             -5.926871   data arrival time
---------------------------------------------------------------------------------------------
                                             19.229467   slack (MET)


Startpoint: en (input port clocked by clk)
Endpoint: _433_ (recovery check against rising-edge clock clk)
Path Group: asynchronous
Path Type: max

Fanout         Cap        Slew       Delay        Time   Description
---------------------------------------------------------------------------------------------
                                  0.000000    0.000000   clock clk (rise edge)
                                  0.000000    0.000000   clock network delay (propagated)
                                  5.000000    5.000000 ^ input external delay
     2    0.004586    0.020287    0.011902    5.011902 ^ en (in)
                                                         en (net)
                      0.020287    0.000000    5.011902 ^ input1/A (sky130_fd_sc_hd__clkdlybuf4s25_1)
     1    0.001981    0.026400    0.150218    5.162120 ^ input1/X (sky130_fd_sc_hd__clkdlybuf4s25_1)
                                                         net1 (net)
                      0.026400    0.000017    5.162137 ^ _229_/B (sky130_fd_sc_hd__and2_2)
     1    0.004023    0.028716    0.081385    5.243522 ^ _229_/X (sky130_fd_sc_hd__and2_2)
                                                         TOP.n_rst (net)
                      0.028716    0.000043    5.243565 ^ fanout51/A (sky130_fd_sc_hd__clkdlybuf4s25_1)
     5    0.025327    0.193895    0.272316    5.515881 ^ fanout51/X (sky130_fd_sc_hd__clkdlybuf4s25_1)
                                                         net51 (net)
                      0.193895    0.000474    5.516356 ^ fanout47/A (sky130_fd_sc_hd__clkdlybuf4s25_1)
     8    0.038258    0.288730    0.364901    5.881257 ^ fanout47/X (sky130_fd_sc_hd__clkdlybuf4s25_1)
                                                         net47 (net)
                      0.288730    0.000920    5.882177 ^ _433_/SET_B (sky130_fd_sc_hd__dfstp_2)
                                              5.882177   data arrival time

                                 25.000000   25.000000   clock clk (rise edge)
                                  0.000000   25.000000   clock source latency
     2    0.019028    0.068483    0.046759   25.046759 ^ clk (in)
                                                         clk (net)
                      0.068490    0.000000   25.046759 ^ clkbuf_0_clk/A (sky130_fd_sc_hd__clkbuf_16)
     8    0.082689    0.076027    0.130395   25.177153 ^ clkbuf_0_clk/X (sky130_fd_sc_hd__clkbuf_16)
                                                         clknet_0_clk (net)
                      0.076073    0.001503   25.178656 ^ clkbuf_3_4__f_clk/A (sky130_fd_sc_hd__clkbuf_16)
     9    0.031098    0.039291    0.104588   25.283245 ^ clkbuf_3_4__f_clk/X (sky130_fd_sc_hd__clkbuf_16)
                                                         clknet_3_4__leaf_clk (net)
                      0.039293    0.000417   25.283663 ^ _433_/CLK (sky130_fd_sc_hd__dfstp_2)
                                 -0.250000   25.033663   clock uncertainty
                                  0.000000   25.033663   clock reconvergence pessimism
                                  0.089388   25.123051   library recovery time
                                             25.123051   data required time
---------------------------------------------------------------------------------------------
                                             25.123051   data required time
                                             -5.882177   data arrival time
---------------------------------------------------------------------------------------------
                                             19.240875   slack (MET)


Startpoint: en (input port clocked by clk)
Endpoint: _434_ (recovery check against rising-edge clock clk)
Path Group: asynchronous
Path Type: max

Fanout         Cap        Slew       Delay        Time   Description
---------------------------------------------------------------------------------------------
                                  0.000000    0.000000   clock clk (rise edge)
                                  0.000000    0.000000   clock network delay (propagated)
                                  5.000000    5.000000 ^ input external delay
     2    0.004586    0.020287    0.011902    5.011902 ^ en (in)
                                                         en (net)
                      0.020287    0.000000    5.011902 ^ input1/A (sky130_fd_sc_hd__clkdlybuf4s25_1)
     1    0.001981    0.026400    0.150218    5.162120 ^ input1/X (sky130_fd_sc_hd__clkdlybuf4s25_1)
                                                         net1 (net)
                      0.026400    0.000017    5.162137 ^ _229_/B (sky130_fd_sc_hd__and2_2)
     1    0.004023    0.028716    0.081385    5.243522 ^ _229_/X (sky130_fd_sc_hd__and2_2)
                                                         TOP.n_rst (net)
                      0.028716    0.000043    5.243565 ^ fanout51/A (sky130_fd_sc_hd__clkdlybuf4s25_1)
     5    0.025327    0.193895    0.272316    5.515881 ^ fanout51/X (sky130_fd_sc_hd__clkdlybuf4s25_1)
                                                         net51 (net)
                      0.193895    0.000474    5.516356 ^ fanout47/A (sky130_fd_sc_hd__clkdlybuf4s25_1)
     8    0.038258    0.288730    0.364901    5.881257 ^ fanout47/X (sky130_fd_sc_hd__clkdlybuf4s25_1)
                                                         net47 (net)
                      0.288730    0.000847    5.882104 ^ _434_/SET_B (sky130_fd_sc_hd__dfstp_2)
                                              5.882104   data arrival time

                                 25.000000   25.000000   clock clk (rise edge)
                                  0.000000   25.000000   clock source latency
     2    0.019028    0.068483    0.046759   25.046759 ^ clk (in)
                                                         clk (net)
                      0.068490    0.000000   25.046759 ^ clkbuf_0_clk/A (sky130_fd_sc_hd__clkbuf_16)
     8    0.082689    0.076027    0.130395   25.177153 ^ clkbuf_0_clk/X (sky130_fd_sc_hd__clkbuf_16)
                                                         clknet_0_clk (net)
                      0.076073    0.001503   25.178656 ^ clkbuf_3_4__f_clk/A (sky130_fd_sc_hd__clkbuf_16)
     9    0.031098    0.039291    0.104588   25.283245 ^ clkbuf_3_4__f_clk/X (sky130_fd_sc_hd__clkbuf_16)
                                                         clknet_3_4__leaf_clk (net)
                      0.039292    0.000359   25.283604 ^ _434_/CLK (sky130_fd_sc_hd__dfstp_2)
                                 -0.250000   25.033604   clock uncertainty
                                  0.000000   25.033604   clock reconvergence pessimism
                                  0.089388   25.122992   library recovery time
                                             25.122992   data required time
---------------------------------------------------------------------------------------------
                                             25.122992   data required time
                                             -5.882104   data arrival time
---------------------------------------------------------------------------------------------
                                             19.240889   slack (MET)


Startpoint: en (input port clocked by clk)
Endpoint: _435_ (recovery check against rising-edge clock clk)
Path Group: asynchronous
Path Type: max

Fanout         Cap        Slew       Delay        Time   Description
---------------------------------------------------------------------------------------------
                                  0.000000    0.000000   clock clk (rise edge)
                                  0.000000    0.000000   clock network delay (propagated)
                                  5.000000    5.000000 ^ input external delay
     2    0.004586    0.020287    0.011902    5.011902 ^ en (in)
                                                         en (net)
                      0.020287    0.000000    5.011902 ^ input1/A (sky130_fd_sc_hd__clkdlybuf4s25_1)
     1    0.001981    0.026400    0.150218    5.162120 ^ input1/X (sky130_fd_sc_hd__clkdlybuf4s25_1)
                                                         net1 (net)
                      0.026400    0.000017    5.162137 ^ _229_/B (sky130_fd_sc_hd__and2_2)
     1    0.004023    0.028716    0.081385    5.243522 ^ _229_/X (sky130_fd_sc_hd__and2_2)
                                                         TOP.n_rst (net)
                      0.028716    0.000043    5.243565 ^ fanout51/A (sky130_fd_sc_hd__clkdlybuf4s25_1)
     5    0.025327    0.193895    0.272316    5.515881 ^ fanout51/X (sky130_fd_sc_hd__clkdlybuf4s25_1)
                                                         net51 (net)
                      0.193895    0.000474    5.516356 ^ fanout47/A (sky130_fd_sc_hd__clkdlybuf4s25_1)
     8    0.038258    0.288730    0.364901    5.881257 ^ fanout47/X (sky130_fd_sc_hd__clkdlybuf4s25_1)
                                                         net47 (net)
                      0.288730    0.000656    5.881912 ^ _435_/SET_B (sky130_fd_sc_hd__dfstp_2)
                                              5.881912   data arrival time

                                 25.000000   25.000000   clock clk (rise edge)
                                  0.000000   25.000000   clock source latency
     2    0.019028    0.068483    0.046759   25.046759 ^ clk (in)
                                                         clk (net)
                      0.068490    0.000000   25.046759 ^ clkbuf_0_clk/A (sky130_fd_sc_hd__clkbuf_16)
     8    0.082689    0.076027    0.130395   25.177153 ^ clkbuf_0_clk/X (sky130_fd_sc_hd__clkbuf_16)
                                                         clknet_0_clk (net)
                      0.076073    0.001503   25.178656 ^ clkbuf_3_4__f_clk/A (sky130_fd_sc_hd__clkbuf_16)
     9    0.031098    0.039291    0.104588   25.283245 ^ clkbuf_3_4__f_clk/X (sky130_fd_sc_hd__clkbuf_16)
                                                         clknet_3_4__leaf_clk (net)
                      0.039292    0.000211   25.283457 ^ _435_/CLK (sky130_fd_sc_hd__dfstp_2)
                                 -0.250000   25.033457   clock uncertainty
                                  0.000000   25.033457   clock reconvergence pessimism
                                  0.089388   25.122845   library recovery time
                                             25.122845   data required time
---------------------------------------------------------------------------------------------
                                             25.122845   data required time
                                             -5.881912   data arrival time
---------------------------------------------------------------------------------------------
                                             19.240932   slack (MET)


Startpoint: en (input port clocked by clk)
Endpoint: _416_ (recovery check against rising-edge clock clk)
Path Group: asynchronous
Path Type: max

Fanout         Cap        Slew       Delay        Time   Description
---------------------------------------------------------------------------------------------
                                  0.000000    0.000000   clock clk (rise edge)
                                  0.000000    0.000000   clock network delay (propagated)
                                  5.000000    5.000000 ^ input external delay
     2    0.004586    0.020287    0.011902    5.011902 ^ en (in)
                                                         en (net)
                      0.020287    0.000000    5.011902 ^ input1/A (sky130_fd_sc_hd__clkdlybuf4s25_1)
     1    0.001981    0.026400    0.150218    5.162120 ^ input1/X (sky130_fd_sc_hd__clkdlybuf4s25_1)
                                                         net1 (net)
                      0.026400    0.000017    5.162137 ^ _229_/B (sky130_fd_sc_hd__and2_2)
     1    0.004023    0.028716    0.081385    5.243522 ^ _229_/X (sky130_fd_sc_hd__and2_2)
                                                         TOP.n_rst (net)
                      0.028716    0.000043    5.243565 ^ fanout51/A (sky130_fd_sc_hd__clkdlybuf4s25_1)
     5    0.025327    0.193895    0.272316    5.515881 ^ fanout51/X (sky130_fd_sc_hd__clkdlybuf4s25_1)
                                                         net51 (net)
                      0.193895    0.000112    5.515993 ^ fanout43/A (sky130_fd_sc_hd__clkdlybuf4s25_1)
     2    0.006411    0.056913    0.202747    5.718740 ^ fanout43/X (sky130_fd_sc_hd__clkdlybuf4s25_1)
                                                         net43 (net)
                      0.056913    0.000069    5.718809 ^ wire44/A (sky130_fd_sc_hd__clkbuf_4)
     9    0.043313    0.103780    0.146768    5.865577 ^ wire44/X (sky130_fd_sc_hd__clkbuf_4)
                                                         net44 (net)
                      0.103845    0.001328    5.866904 ^ _416_/RESET_B (sky130_fd_sc_hd__dfrtp_2)
                                              5.866904   data arrival time

                                 25.000000   25.000000   clock clk (rise edge)
                                  0.000000   25.000000   clock source latency
     2    0.019028    0.068483    0.046759   25.046759 ^ clk (in)
                                                         clk (net)
                      0.068490    0.000000   25.046759 ^ clkbuf_0_clk/A (sky130_fd_sc_hd__clkbuf_16)
     8    0.082689    0.076027    0.130395   25.177153 ^ clkbuf_0_clk/X (sky130_fd_sc_hd__clkbuf_16)
                                                         clknet_0_clk (net)
                      0.076035    0.000650   25.177803 ^ clkbuf_3_6__f_clk/A (sky130_fd_sc_hd__clkbuf_16)
    10    0.029771    0.038256    0.103675   25.281479 ^ clkbuf_3_6__f_clk/X (sky130_fd_sc_hd__clkbuf_16)
                                                         clknet_3_6__leaf_clk (net)
                      0.038261    0.000446   25.281925 ^ _416_/CLK (sky130_fd_sc_hd__dfrtp_2)
                                 -0.250000   25.031925   clock uncertainty
                                  0.000000   25.031925   clock reconvergence pessimism
                                  0.116138   25.148064   library recovery time
                                             25.148064   data required time
---------------------------------------------------------------------------------------------
                                             25.148064   data required time
                                             -5.866904   data arrival time
---------------------------------------------------------------------------------------------
                                             19.281160   slack (MET)


Startpoint: en (input port clocked by clk)
Endpoint: _440_ (recovery check against rising-edge clock clk)
Path Group: asynchronous
Path Type: max

Fanout         Cap        Slew       Delay        Time   Description
---------------------------------------------------------------------------------------------
                                  0.000000    0.000000   clock clk (rise edge)
                                  0.000000    0.000000   clock network delay (propagated)
                                  5.000000    5.000000 ^ input external delay
     2    0.004586    0.020287    0.011902    5.011902 ^ en (in)
                                                         en (net)
                      0.020287    0.000000    5.011902 ^ input1/A (sky130_fd_sc_hd__clkdlybuf4s25_1)
     1    0.001981    0.026400    0.150218    5.162120 ^ input1/X (sky130_fd_sc_hd__clkdlybuf4s25_1)
                                                         net1 (net)
                      0.026400    0.000017    5.162137 ^ _229_/B (sky130_fd_sc_hd__and2_2)
     1    0.004023    0.028716    0.081385    5.243522 ^ _229_/X (sky130_fd_sc_hd__and2_2)
                                                         TOP.n_rst (net)
                      0.028716    0.000043    5.243565 ^ fanout51/A (sky130_fd_sc_hd__clkdlybuf4s25_1)
     5    0.025327    0.193895    0.272316    5.515881 ^ fanout51/X (sky130_fd_sc_hd__clkdlybuf4s25_1)
                                                         net51 (net)
                      0.193895    0.000112    5.515993 ^ fanout43/A (sky130_fd_sc_hd__clkdlybuf4s25_1)
     2    0.006411    0.056913    0.202747    5.718740 ^ fanout43/X (sky130_fd_sc_hd__clkdlybuf4s25_1)
                                                         net43 (net)
                      0.056913    0.000069    5.718809 ^ wire44/A (sky130_fd_sc_hd__clkbuf_4)
     9    0.043313    0.103780    0.146768    5.865577 ^ wire44/X (sky130_fd_sc_hd__clkbuf_4)
                                                         net44 (net)
                      0.103843    0.001288    5.866865 ^ _440_/RESET_B (sky130_fd_sc_hd__dfrtp_2)
                                              5.866865   data arrival time

                                 25.000000   25.000000   clock clk (rise edge)
                                  0.000000   25.000000   clock source latency
     2    0.019028    0.068483    0.046759   25.046759 ^ clk (in)
                                                         clk (net)
                      0.068490    0.000000   25.046759 ^ clkbuf_0_clk/A (sky130_fd_sc_hd__clkbuf_16)
     8    0.082689    0.076027    0.130395   25.177153 ^ clkbuf_0_clk/X (sky130_fd_sc_hd__clkbuf_16)
                                                         clknet_0_clk (net)
                      0.076148    0.002421   25.179575 ^ clkbuf_3_3__f_clk/A (sky130_fd_sc_hd__clkbuf_16)
    10    0.029599    0.038144    0.103519   25.283094 ^ clkbuf_3_3__f_clk/X (sky130_fd_sc_hd__clkbuf_16)
                                                         clknet_3_3__leaf_clk (net)
                      0.038144    0.000187   25.283279 ^ _440_/CLK (sky130_fd_sc_hd__dfrtp_2)
                                 -0.250000   25.033281   clock uncertainty
                                  0.000000   25.033281   clock reconvergence pessimism
                                  0.116120   25.149401   library recovery time
                                             25.149401   data required time
---------------------------------------------------------------------------------------------
                                             25.149401   data required time
                                             -5.866865   data arrival time
---------------------------------------------------------------------------------------------
                                             19.282537   slack (MET)


Startpoint: en (input port clocked by clk)
Endpoint: _414_ (recovery check against rising-edge clock clk)
Path Group: asynchronous
Path Type: max

Fanout         Cap        Slew       Delay        Time   Description
---------------------------------------------------------------------------------------------
                                  0.000000    0.000000   clock clk (rise edge)
                                  0.000000    0.000000   clock network delay (propagated)
                                  5.000000    5.000000 ^ input external delay
     2    0.004586    0.020287    0.011902    5.011902 ^ en (in)
                                                         en (net)
                      0.020287    0.000000    5.011902 ^ input1/A (sky130_fd_sc_hd__clkdlybuf4s25_1)
     1    0.001981    0.026400    0.150218    5.162120 ^ input1/X (sky130_fd_sc_hd__clkdlybuf4s25_1)
                                                         net1 (net)
                      0.026400    0.000017    5.162137 ^ _229_/B (sky130_fd_sc_hd__and2_2)
     1    0.004023    0.028716    0.081385    5.243522 ^ _229_/X (sky130_fd_sc_hd__and2_2)
                                                         TOP.n_rst (net)
                      0.028716    0.000043    5.243565 ^ fanout51/A (sky130_fd_sc_hd__clkdlybuf4s25_1)
     5    0.025327    0.193895    0.272316    5.515881 ^ fanout51/X (sky130_fd_sc_hd__clkdlybuf4s25_1)
                                                         net51 (net)
                      0.193895    0.000112    5.515993 ^ fanout43/A (sky130_fd_sc_hd__clkdlybuf4s25_1)
     2    0.006411    0.056913    0.202747    5.718740 ^ fanout43/X (sky130_fd_sc_hd__clkdlybuf4s25_1)
                                                         net43 (net)
                      0.056913    0.000069    5.718809 ^ wire44/A (sky130_fd_sc_hd__clkbuf_4)
     9    0.043313    0.103780    0.146768    5.865577 ^ wire44/X (sky130_fd_sc_hd__clkbuf_4)
                                                         net44 (net)
                      0.103842    0.001258    5.866834 ^ _414_/RESET_B (sky130_fd_sc_hd__dfrtp_2)
                                              5.866834   data arrival time

                                 25.000000   25.000000   clock clk (rise edge)
                                  0.000000   25.000000   clock source latency
     2    0.019028    0.068483    0.046759   25.046759 ^ clk (in)
                                                         clk (net)
                      0.068490    0.000000   25.046759 ^ clkbuf_0_clk/A (sky130_fd_sc_hd__clkbuf_16)
     8    0.082689    0.076027    0.130395   25.177153 ^ clkbuf_0_clk/X (sky130_fd_sc_hd__clkbuf_16)
                                                         clknet_0_clk (net)
                      0.076148    0.002421   25.179575 ^ clkbuf_3_3__f_clk/A (sky130_fd_sc_hd__clkbuf_16)
    10    0.029599    0.038144    0.103519   25.283094 ^ clkbuf_3_3__f_clk/X (sky130_fd_sc_hd__clkbuf_16)
                                                         clknet_3_3__leaf_clk (net)
                      0.038145    0.000258   25.283352 ^ _414_/CLK (sky130_fd_sc_hd__dfrtp_2)
                                 -0.250000   25.033352   clock uncertainty
                                  0.000000   25.033352   clock reconvergence pessimism
                                  0.116120   25.149473   library recovery time
                                             25.149473   data required time
---------------------------------------------------------------------------------------------
                                             25.149473   data required time
                                             -5.866834   data arrival time
---------------------------------------------------------------------------------------------
                                             19.282639   slack (MET)


Startpoint: en (input port clocked by clk)
Endpoint: _417_ (recovery check against rising-edge clock clk)
Path Group: asynchronous
Path Type: max

Fanout         Cap        Slew       Delay        Time   Description
---------------------------------------------------------------------------------------------
                                  0.000000    0.000000   clock clk (rise edge)
                                  0.000000    0.000000   clock network delay (propagated)
                                  5.000000    5.000000 ^ input external delay
     2    0.004586    0.020287    0.011902    5.011902 ^ en (in)
                                                         en (net)
                      0.020287    0.000000    5.011902 ^ input1/A (sky130_fd_sc_hd__clkdlybuf4s25_1)
     1    0.001981    0.026400    0.150218    5.162120 ^ input1/X (sky130_fd_sc_hd__clkdlybuf4s25_1)
                                                         net1 (net)
                      0.026400    0.000017    5.162137 ^ _229_/B (sky130_fd_sc_hd__and2_2)
     1    0.004023    0.028716    0.081385    5.243522 ^ _229_/X (sky130_fd_sc_hd__and2_2)
                                                         TOP.n_rst (net)
                      0.028716    0.000043    5.243565 ^ fanout51/A (sky130_fd_sc_hd__clkdlybuf4s25_1)
     5    0.025327    0.193895    0.272316    5.515881 ^ fanout51/X (sky130_fd_sc_hd__clkdlybuf4s25_1)
                                                         net51 (net)
                      0.193895    0.000112    5.515993 ^ fanout43/A (sky130_fd_sc_hd__clkdlybuf4s25_1)
     2    0.006411    0.056913    0.202747    5.718740 ^ fanout43/X (sky130_fd_sc_hd__clkdlybuf4s25_1)
                                                         net43 (net)
                      0.056913    0.000069    5.718809 ^ wire44/A (sky130_fd_sc_hd__clkbuf_4)
     9    0.043313    0.103780    0.146768    5.865577 ^ wire44/X (sky130_fd_sc_hd__clkbuf_4)
                                                         net44 (net)
                      0.103846    0.001361    5.866938 ^ _417_/RESET_B (sky130_fd_sc_hd__dfrtp_2)
                                              5.866938   data arrival time

                                 25.000000   25.000000   clock clk (rise edge)
                                  0.000000   25.000000   clock source latency
     2    0.019028    0.068483    0.046759   25.046759 ^ clk (in)
                                                         clk (net)
                      0.068490    0.000000   25.046759 ^ clkbuf_0_clk/A (sky130_fd_sc_hd__clkbuf_16)
     8    0.082689    0.076027    0.130395   25.177153 ^ clkbuf_0_clk/X (sky130_fd_sc_hd__clkbuf_16)
                                                         clknet_0_clk (net)
                      0.076148    0.002421   25.179575 ^ clkbuf_3_3__f_clk/A (sky130_fd_sc_hd__clkbuf_16)
    10    0.029599    0.038144    0.103519   25.283094 ^ clkbuf_3_3__f_clk/X (sky130_fd_sc_hd__clkbuf_16)
                                                         clknet_3_3__leaf_clk (net)
                      0.038154    0.000590   25.283684 ^ _417_/CLK (sky130_fd_sc_hd__dfrtp_2)
                                 -0.250000   25.033684   clock uncertainty
                                  0.000000   25.033684   clock reconvergence pessimism
                                  0.116121   25.149805   library recovery time
                                             25.149805   data required time
---------------------------------------------------------------------------------------------
                                             25.149805   data required time
                                             -5.866938   data arrival time
---------------------------------------------------------------------------------------------
                                             19.282867   slack (MET)


Startpoint: en (input port clocked by clk)
Endpoint: _419_ (recovery check against rising-edge clock clk)
Path Group: asynchronous
Path Type: max

Fanout         Cap        Slew       Delay        Time   Description
---------------------------------------------------------------------------------------------
                                  0.000000    0.000000   clock clk (rise edge)
                                  0.000000    0.000000   clock network delay (propagated)
                                  5.000000    5.000000 ^ input external delay
     2    0.004586    0.020287    0.011902    5.011902 ^ en (in)
                                                         en (net)
                      0.020287    0.000000    5.011902 ^ input1/A (sky130_fd_sc_hd__clkdlybuf4s25_1)
     1    0.001981    0.026400    0.150218    5.162120 ^ input1/X (sky130_fd_sc_hd__clkdlybuf4s25_1)
                                                         net1 (net)
                      0.026400    0.000017    5.162137 ^ _229_/B (sky130_fd_sc_hd__and2_2)
     1    0.004023    0.028716    0.081385    5.243522 ^ _229_/X (sky130_fd_sc_hd__and2_2)
                                                         TOP.n_rst (net)
                      0.028716    0.000043    5.243565 ^ fanout51/A (sky130_fd_sc_hd__clkdlybuf4s25_1)
     5    0.025327    0.193895    0.272316    5.515881 ^ fanout51/X (sky130_fd_sc_hd__clkdlybuf4s25_1)
                                                         net51 (net)
                      0.193895    0.000112    5.515993 ^ fanout43/A (sky130_fd_sc_hd__clkdlybuf4s25_1)
     2    0.006411    0.056913    0.202747    5.718740 ^ fanout43/X (sky130_fd_sc_hd__clkdlybuf4s25_1)
                                                         net43 (net)
                      0.056913    0.000069    5.718809 ^ wire44/A (sky130_fd_sc_hd__clkbuf_4)
     9    0.043313    0.103780    0.146768    5.865577 ^ wire44/X (sky130_fd_sc_hd__clkbuf_4)
                                                         net44 (net)
                      0.103834    0.001022    5.866599 ^ _419_/RESET_B (sky130_fd_sc_hd__dfrtp_2)
                                              5.866599   data arrival time

                                 25.000000   25.000000   clock clk (rise edge)
                                  0.000000   25.000000   clock source latency
     2    0.019028    0.068483    0.046759   25.046759 ^ clk (in)
                                                         clk (net)
                      0.068490    0.000000   25.046759 ^ clkbuf_0_clk/A (sky130_fd_sc_hd__clkbuf_16)
     8    0.082689    0.076027    0.130395   25.177153 ^ clkbuf_0_clk/X (sky130_fd_sc_hd__clkbuf_16)
                                                         clknet_0_clk (net)
                      0.076148    0.002421   25.179575 ^ clkbuf_3_3__f_clk/A (sky130_fd_sc_hd__clkbuf_16)
    10    0.029599    0.038144    0.103519   25.283094 ^ clkbuf_3_3__f_clk/X (sky130_fd_sc_hd__clkbuf_16)
                                                         clknet_3_3__leaf_clk (net)
                      0.038153    0.000552   25.283646 ^ _419_/CLK (sky130_fd_sc_hd__dfrtp_2)
                                 -0.250000   25.033648   clock uncertainty
                                  0.000000   25.033648   clock reconvergence pessimism
                                  0.116124   25.149771   library recovery time
                                             25.149771   data required time
---------------------------------------------------------------------------------------------
                                             25.149771   data required time
                                             -5.866599   data arrival time
---------------------------------------------------------------------------------------------
                                             19.283173   slack (MET)


Startpoint: en (input port clocked by clk)
Endpoint: _455_ (recovery check against rising-edge clock clk)
Path Group: asynchronous
Path Type: max

Fanout         Cap        Slew       Delay        Time   Description
---------------------------------------------------------------------------------------------
                                  0.000000    0.000000   clock clk (rise edge)
                                  0.000000    0.000000   clock network delay (propagated)
                                  5.000000    5.000000 ^ input external delay
     2    0.004586    0.020287    0.011902    5.011902 ^ en (in)
                                                         en (net)
                      0.020287    0.000000    5.011902 ^ input1/A (sky130_fd_sc_hd__clkdlybuf4s25_1)
     1    0.001981    0.026400    0.150218    5.162120 ^ input1/X (sky130_fd_sc_hd__clkdlybuf4s25_1)
                                                         net1 (net)
                      0.026400    0.000017    5.162137 ^ _229_/B (sky130_fd_sc_hd__and2_2)
     1    0.004023    0.028716    0.081385    5.243522 ^ _229_/X (sky130_fd_sc_hd__and2_2)
                                                         TOP.n_rst (net)
                      0.028716    0.000043    5.243565 ^ fanout51/A (sky130_fd_sc_hd__clkdlybuf4s25_1)
     5    0.025327    0.193895    0.272316    5.515881 ^ fanout51/X (sky130_fd_sc_hd__clkdlybuf4s25_1)
                                                         net51 (net)
                      0.193895    0.000112    5.515993 ^ fanout43/A (sky130_fd_sc_hd__clkdlybuf4s25_1)
     2    0.006411    0.056913    0.202747    5.718740 ^ fanout43/X (sky130_fd_sc_hd__clkdlybuf4s25_1)
                                                         net43 (net)
                      0.056913    0.000069    5.718809 ^ wire44/A (sky130_fd_sc_hd__clkbuf_4)
     9    0.043313    0.103780    0.146768    5.865577 ^ wire44/X (sky130_fd_sc_hd__clkbuf_4)
                                                         net44 (net)
                      0.103830    0.000855    5.866432 ^ _455_/RESET_B (sky130_fd_sc_hd__dfrtp_2)
                                              5.866432   data arrival time

                                 25.000000   25.000000   clock clk (rise edge)
                                  0.000000   25.000000   clock source latency
     2    0.019028    0.068483    0.046759   25.046759 ^ clk (in)
                                                         clk (net)
                      0.068490    0.000000   25.046759 ^ clkbuf_0_clk/A (sky130_fd_sc_hd__clkbuf_16)
     8    0.082689    0.076027    0.130395   25.177153 ^ clkbuf_0_clk/X (sky130_fd_sc_hd__clkbuf_16)
                                                         clknet_0_clk (net)
                      0.076148    0.002421   25.179575 ^ clkbuf_3_3__f_clk/A (sky130_fd_sc_hd__clkbuf_16)
    10    0.029599    0.038144    0.103519   25.283094 ^ clkbuf_3_3__f_clk/X (sky130_fd_sc_hd__clkbuf_16)
                                                         clknet_3_3__leaf_clk (net)
                      0.038149    0.000437   25.283531 ^ _455_/CLK (sky130_fd_sc_hd__dfrtp_2)
                                 -0.250000   25.033531   clock uncertainty
                                  0.000000   25.033531   clock reconvergence pessimism
                                  0.116124   25.149656   library recovery time
                                             25.149656   data required time
---------------------------------------------------------------------------------------------
                                             25.149656   data required time
                                             -5.866432   data arrival time
---------------------------------------------------------------------------------------------
                                             19.283224   slack (MET)


Startpoint: en (input port clocked by clk)
Endpoint: _430_ (recovery check against rising-edge clock clk)
Path Group: asynchronous
Path Type: max

Fanout         Cap        Slew       Delay        Time   Description
---------------------------------------------------------------------------------------------
                                  0.000000    0.000000   clock clk (rise edge)
                                  0.000000    0.000000   clock network delay (propagated)
                                  5.000000    5.000000 ^ input external delay
     2    0.004586    0.020287    0.011902    5.011902 ^ en (in)
                                                         en (net)
                      0.020287    0.000000    5.011902 ^ input1/A (sky130_fd_sc_hd__clkdlybuf4s25_1)
     1    0.001981    0.026400    0.150218    5.162120 ^ input1/X (sky130_fd_sc_hd__clkdlybuf4s25_1)
                                                         net1 (net)
                      0.026400    0.000017    5.162137 ^ _229_/B (sky130_fd_sc_hd__and2_2)
     1    0.004023    0.028716    0.081385    5.243522 ^ _229_/X (sky130_fd_sc_hd__and2_2)
                                                         TOP.n_rst (net)
                      0.028716    0.000043    5.243565 ^ fanout51/A (sky130_fd_sc_hd__clkdlybuf4s25_1)
     5    0.025327    0.193895    0.272316    5.515881 ^ fanout51/X (sky130_fd_sc_hd__clkdlybuf4s25_1)
                                                         net51 (net)
                      0.193895    0.000112    5.515993 ^ fanout43/A (sky130_fd_sc_hd__clkdlybuf4s25_1)
     2    0.006411    0.056913    0.202747    5.718740 ^ fanout43/X (sky130_fd_sc_hd__clkdlybuf4s25_1)
                                                         net43 (net)
                      0.056913    0.000069    5.718809 ^ wire44/A (sky130_fd_sc_hd__clkbuf_4)
     9    0.043313    0.103780    0.146768    5.865577 ^ wire44/X (sky130_fd_sc_hd__clkbuf_4)
                                                         net44 (net)
                      0.103824    0.000570    5.866147 ^ _430_/RESET_B (sky130_fd_sc_hd__dfrtp_2)
                                              5.866147   data arrival time

                                 25.000000   25.000000   clock clk (rise edge)
                                  0.000000   25.000000   clock source latency
     2    0.019028    0.068483    0.046759   25.046759 ^ clk (in)
                                                         clk (net)
                      0.068490    0.000000   25.046759 ^ clkbuf_0_clk/A (sky130_fd_sc_hd__clkbuf_16)
     8    0.082689    0.076027    0.130395   25.177153 ^ clkbuf_0_clk/X (sky130_fd_sc_hd__clkbuf_16)
                                                         clknet_0_clk (net)
                      0.076150    0.002435   25.179588 ^ clkbuf_3_2__f_clk/A (sky130_fd_sc_hd__clkbuf_16)
    10    0.034239    0.041502    0.106388   25.285976 ^ clkbuf_3_2__f_clk/X (sky130_fd_sc_hd__clkbuf_16)
                                                         clknet_3_2__leaf_clk (net)
                      0.041502    0.000194   25.286171 ^ _430_/CLK (sky130_fd_sc_hd__dfrtp_2)
                                 -0.250000   25.036171   clock uncertainty
                                  0.000000   25.036171   clock reconvergence pessimism
                                  0.116647   25.152817   library recovery time
                                             25.152817   data required time
---------------------------------------------------------------------------------------------
                                             25.152817   data required time
                                             -5.866147   data arrival time
---------------------------------------------------------------------------------------------
                                             19.286671   slack (MET)


Startpoint: en (input port clocked by clk)
Endpoint: _428_ (recovery check against rising-edge clock clk)
Path Group: asynchronous
Path Type: max

Fanout         Cap        Slew       Delay        Time   Description
---------------------------------------------------------------------------------------------
                                  0.000000    0.000000   clock clk (rise edge)
                                  0.000000    0.000000   clock network delay (propagated)
                                  5.000000    5.000000 ^ input external delay
     2    0.004586    0.020287    0.011902    5.011902 ^ en (in)
                                                         en (net)
                      0.020287    0.000000    5.011902 ^ input1/A (sky130_fd_sc_hd__clkdlybuf4s25_1)
     1    0.001981    0.026400    0.150218    5.162120 ^ input1/X (sky130_fd_sc_hd__clkdlybuf4s25_1)
                                                         net1 (net)
                      0.026400    0.000017    5.162137 ^ _229_/B (sky130_fd_sc_hd__and2_2)
     1    0.004023    0.028716    0.081385    5.243522 ^ _229_/X (sky130_fd_sc_hd__and2_2)
                                                         TOP.n_rst (net)
                      0.028716    0.000043    5.243565 ^ fanout51/A (sky130_fd_sc_hd__clkdlybuf4s25_1)
     5    0.025327    0.193895    0.272316    5.515881 ^ fanout51/X (sky130_fd_sc_hd__clkdlybuf4s25_1)
                                                         net51 (net)
                      0.193895    0.000112    5.515993 ^ fanout43/A (sky130_fd_sc_hd__clkdlybuf4s25_1)
     2    0.006411    0.056913    0.202747    5.718740 ^ fanout43/X (sky130_fd_sc_hd__clkdlybuf4s25_1)
                                                         net43 (net)
                      0.056913    0.000069    5.718809 ^ wire44/A (sky130_fd_sc_hd__clkbuf_4)
     9    0.043313    0.103780    0.146768    5.865577 ^ wire44/X (sky130_fd_sc_hd__clkbuf_4)
                                                         net44 (net)
                      0.103780    0.000302    5.865879 ^ _428_/RESET_B (sky130_fd_sc_hd__dfrtp_2)
                                              5.865879   data arrival time

                                 25.000000   25.000000   clock clk (rise edge)
                                  0.000000   25.000000   clock source latency
     2    0.019028    0.068483    0.046759   25.046759 ^ clk (in)
                                                         clk (net)
                      0.068490    0.000000   25.046759 ^ clkbuf_0_clk/A (sky130_fd_sc_hd__clkbuf_16)
     8    0.082689    0.076027    0.130395   25.177153 ^ clkbuf_0_clk/X (sky130_fd_sc_hd__clkbuf_16)
                                                         clknet_0_clk (net)
                      0.076150    0.002435   25.179588 ^ clkbuf_3_2__f_clk/A (sky130_fd_sc_hd__clkbuf_16)
    10    0.034239    0.041502    0.106388   25.285976 ^ clkbuf_3_2__f_clk/X (sky130_fd_sc_hd__clkbuf_16)
                                                         clknet_3_2__leaf_clk (net)
                      0.041503    0.000432   25.286407 ^ _428_/CLK (sky130_fd_sc_hd__dfrtp_2)
                                 -0.250000   25.036409   clock uncertainty
                                  0.000000   25.036409   clock reconvergence pessimism
                                  0.116658   25.153069   library recovery time
                                             25.153069   data required time
---------------------------------------------------------------------------------------------
                                             25.153069   data required time
                                             -5.865879   data arrival time
---------------------------------------------------------------------------------------------
                                             19.287189   slack (MET)


Startpoint: en (input port clocked by clk)
Endpoint: _429_ (recovery check against rising-edge clock clk)
Path Group: asynchronous
Path Type: max

Fanout         Cap        Slew       Delay        Time   Description
---------------------------------------------------------------------------------------------
                                  0.000000    0.000000   clock clk (rise edge)
                                  0.000000    0.000000   clock network delay (propagated)
                                  5.000000    5.000000 ^ input external delay
     2    0.004586    0.020287    0.011902    5.011902 ^ en (in)
                                                         en (net)
                      0.020287    0.000000    5.011902 ^ input1/A (sky130_fd_sc_hd__clkdlybuf4s25_1)
     1    0.001981    0.026400    0.150218    5.162120 ^ input1/X (sky130_fd_sc_hd__clkdlybuf4s25_1)
                                                         net1 (net)
                      0.026400    0.000017    5.162137 ^ _229_/B (sky130_fd_sc_hd__and2_2)
     1    0.004023    0.028716    0.081385    5.243522 ^ _229_/X (sky130_fd_sc_hd__and2_2)
                                                         TOP.n_rst (net)
                      0.028716    0.000043    5.243565 ^ fanout51/A (sky130_fd_sc_hd__clkdlybuf4s25_1)
     5    0.025327    0.193895    0.272316    5.515881 ^ fanout51/X (sky130_fd_sc_hd__clkdlybuf4s25_1)
                                                         net51 (net)
                      0.193895    0.000112    5.515993 ^ fanout43/A (sky130_fd_sc_hd__clkdlybuf4s25_1)
     2    0.006411    0.056913    0.202747    5.718740 ^ fanout43/X (sky130_fd_sc_hd__clkdlybuf4s25_1)
                                                         net43 (net)
                      0.056913    0.000069    5.718809 ^ wire44/A (sky130_fd_sc_hd__clkbuf_4)
     9    0.043313    0.103780    0.146768    5.865577 ^ wire44/X (sky130_fd_sc_hd__clkbuf_4)
                                                         net44 (net)
                      0.103780    0.000252    5.865829 ^ _429_/RESET_B (sky130_fd_sc_hd__dfrtp_2)
                                              5.865829   data arrival time

                                 25.000000   25.000000   clock clk (rise edge)
                                  0.000000   25.000000   clock source latency
     2    0.019028    0.068483    0.046759   25.046759 ^ clk (in)
                                                         clk (net)
                      0.068490    0.000000   25.046759 ^ clkbuf_0_clk/A (sky130_fd_sc_hd__clkbuf_16)
     8    0.082689    0.076027    0.130395   25.177153 ^ clkbuf_0_clk/X (sky130_fd_sc_hd__clkbuf_16)
                                                         clknet_0_clk (net)
                      0.076150    0.002435   25.179588 ^ clkbuf_3_2__f_clk/A (sky130_fd_sc_hd__clkbuf_16)
    10    0.034239    0.041502    0.106388   25.285976 ^ clkbuf_3_2__f_clk/X (sky130_fd_sc_hd__clkbuf_16)
                                                         clknet_3_2__leaf_clk (net)
                      0.041503    0.000430   25.286407 ^ _429_/CLK (sky130_fd_sc_hd__dfrtp_2)
                                 -0.250000   25.036407   clock uncertainty
                                  0.000000   25.036407   clock reconvergence pessimism
                                  0.116658   25.153067   library recovery time
                                             25.153067   data required time
---------------------------------------------------------------------------------------------
                                             25.153067   data required time
                                             -5.865829   data arrival time
---------------------------------------------------------------------------------------------
                                             19.287237   slack (MET)


Startpoint: en (input port clocked by clk)
Endpoint: _466_ (recovery check against rising-edge clock clk)
Path Group: asynchronous
Path Type: max

Fanout         Cap        Slew       Delay        Time   Description
---------------------------------------------------------------------------------------------
                                  0.000000    0.000000   clock clk (rise edge)
                                  0.000000    0.000000   clock network delay (propagated)
                                  5.000000    5.000000 ^ input external delay
     2    0.004586    0.020287    0.011902    5.011902 ^ en (in)
                                                         en (net)
                      0.020287    0.000000    5.011902 ^ input1/A (sky130_fd_sc_hd__clkdlybuf4s25_1)
     1    0.001981    0.026400    0.150218    5.162120 ^ input1/X (sky130_fd_sc_hd__clkdlybuf4s25_1)
                                                         net1 (net)
                      0.026400    0.000017    5.162137 ^ _229_/B (sky130_fd_sc_hd__and2_2)
     1    0.004023    0.028716    0.081385    5.243522 ^ _229_/X (sky130_fd_sc_hd__and2_2)
                                                         TOP.n_rst (net)
                      0.028716    0.000043    5.243565 ^ fanout51/A (sky130_fd_sc_hd__clkdlybuf4s25_1)
     5    0.025327    0.193895    0.272316    5.515881 ^ fanout51/X (sky130_fd_sc_hd__clkdlybuf4s25_1)
                                                         net51 (net)
                      0.193895    0.000099    5.515980 ^ fanout40/A (sky130_fd_sc_hd__clkdlybuf4s25_1)
     5    0.023665    0.181844    0.290555    5.806535 ^ fanout40/X (sky130_fd_sc_hd__clkdlybuf4s25_1)
                                                         net40 (net)
                      0.181844    0.000719    5.807254 ^ _466_/RESET_B (sky130_fd_sc_hd__dfrtp_2)
                                              5.807254   data arrival time

                                 25.000000   25.000000   clock clk (rise edge)
                                  0.000000   25.000000   clock source latency
     2    0.019028    0.068483    0.046759   25.046759 ^ clk (in)
                                                         clk (net)
                      0.068490    0.000000   25.046759 ^ clkbuf_0_clk/A (sky130_fd_sc_hd__clkbuf_16)
     8    0.082689    0.076027    0.130395   25.177153 ^ clkbuf_0_clk/X (sky130_fd_sc_hd__clkbuf_16)
                                                         clknet_0_clk (net)
                      0.076073    0.001503   25.178656 ^ clkbuf_3_4__f_clk/A (sky130_fd_sc_hd__clkbuf_16)
     9    0.031098    0.039291    0.104588   25.283245 ^ clkbuf_3_4__f_clk/X (sky130_fd_sc_hd__clkbuf_16)
                                                         clknet_3_4__leaf_clk (net)
                      0.039292    0.000288   25.283533 ^ _466_/CLK (sky130_fd_sc_hd__dfrtp_2)
                                 -0.250000   25.033533   clock uncertainty
                                  0.000000   25.033533   clock reconvergence pessimism
                                  0.096304   25.129837   library recovery time
                                             25.129837   data required time
---------------------------------------------------------------------------------------------
                                             25.129837   data required time
                                             -5.807254   data arrival time
---------------------------------------------------------------------------------------------
                                             19.322582   slack (MET)


Startpoint: en (input port clocked by clk)
Endpoint: _465_ (recovery check against rising-edge clock clk)
Path Group: asynchronous
Path Type: max

Fanout         Cap        Slew       Delay        Time   Description
---------------------------------------------------------------------------------------------
                                  0.000000    0.000000   clock clk (rise edge)
                                  0.000000    0.000000   clock network delay (propagated)
                                  5.000000    5.000000 ^ input external delay
     2    0.004586    0.020287    0.011902    5.011902 ^ en (in)
                                                         en (net)
                      0.020287    0.000000    5.011902 ^ input1/A (sky130_fd_sc_hd__clkdlybuf4s25_1)
     1    0.001981    0.026400    0.150218    5.162120 ^ input1/X (sky130_fd_sc_hd__clkdlybuf4s25_1)
                                                         net1 (net)
                      0.026400    0.000017    5.162137 ^ _229_/B (sky130_fd_sc_hd__and2_2)
     1    0.004023    0.028716    0.081385    5.243522 ^ _229_/X (sky130_fd_sc_hd__and2_2)
                                                         TOP.n_rst (net)
                      0.028716    0.000043    5.243565 ^ fanout51/A (sky130_fd_sc_hd__clkdlybuf4s25_1)
     5    0.025327    0.193895    0.272316    5.515881 ^ fanout51/X (sky130_fd_sc_hd__clkdlybuf4s25_1)
                                                         net51 (net)
                      0.193895    0.000099    5.515980 ^ fanout40/A (sky130_fd_sc_hd__clkdlybuf4s25_1)
     5    0.023665    0.181844    0.290555    5.806535 ^ fanout40/X (sky130_fd_sc_hd__clkdlybuf4s25_1)
                                                         net40 (net)
                      0.181844    0.000682    5.807217 ^ _465_/RESET_B (sky130_fd_sc_hd__dfrtp_2)
                                              5.807217   data arrival time

                                 25.000000   25.000000   clock clk (rise edge)
                                  0.000000   25.000000   clock source latency
     2    0.019028    0.068483    0.046759   25.046759 ^ clk (in)
                                                         clk (net)
                      0.068490    0.000000   25.046759 ^ clkbuf_0_clk/A (sky130_fd_sc_hd__clkbuf_16)
     8    0.082689    0.076027    0.130395   25.177153 ^ clkbuf_0_clk/X (sky130_fd_sc_hd__clkbuf_16)
                                                         clknet_0_clk (net)
                      0.076122    0.002149   25.179302 ^ clkbuf_3_0__f_clk/A (sky130_fd_sc_hd__clkbuf_16)
    10    0.030821    0.039003    0.104421   25.283724 ^ clkbuf_3_0__f_clk/X (sky130_fd_sc_hd__clkbuf_16)
                                                         clknet_3_0__leaf_clk (net)
                      0.039005    0.000261   25.283985 ^ _465_/CLK (sky130_fd_sc_hd__dfrtp_2)
                                 -0.250000   25.033987   clock uncertainty
                                  0.000000   25.033987   clock reconvergence pessimism
                                  0.096258   25.130245   library recovery time
                                             25.130245   data required time
---------------------------------------------------------------------------------------------
                                             25.130245   data required time
                                             -5.807217   data arrival time
---------------------------------------------------------------------------------------------
                                             19.323029   slack (MET)


Startpoint: en (input port clocked by clk)
Endpoint: _441_ (recovery check against rising-edge clock clk)
Path Group: asynchronous
Path Type: max

Fanout         Cap        Slew       Delay        Time   Description
---------------------------------------------------------------------------------------------
                                  0.000000    0.000000   clock clk (rise edge)
                                  0.000000    0.000000   clock network delay (propagated)
                                  5.000000    5.000000 ^ input external delay
     2    0.004586    0.020287    0.011902    5.011902 ^ en (in)
                                                         en (net)
                      0.020287    0.000000    5.011902 ^ input1/A (sky130_fd_sc_hd__clkdlybuf4s25_1)
     1    0.001981    0.026400    0.150218    5.162120 ^ input1/X (sky130_fd_sc_hd__clkdlybuf4s25_1)
                                                         net1 (net)
                      0.026400    0.000017    5.162137 ^ _229_/B (sky130_fd_sc_hd__and2_2)
     1    0.004023    0.028716    0.081385    5.243522 ^ _229_/X (sky130_fd_sc_hd__and2_2)
                                                         TOP.n_rst (net)
                      0.028716    0.000043    5.243565 ^ fanout51/A (sky130_fd_sc_hd__clkdlybuf4s25_1)
     5    0.025327    0.193895    0.272316    5.515881 ^ fanout51/X (sky130_fd_sc_hd__clkdlybuf4s25_1)
                                                         net51 (net)
                      0.193895    0.000099    5.515980 ^ fanout40/A (sky130_fd_sc_hd__clkdlybuf4s25_1)
     5    0.023665    0.181844    0.290555    5.806535 ^ fanout40/X (sky130_fd_sc_hd__clkdlybuf4s25_1)
                                                         net40 (net)
                      0.181844    0.000566    5.807101 ^ _441_/RESET_B (sky130_fd_sc_hd__dfrtp_2)
                                              5.807101   data arrival time

                                 25.000000   25.000000   clock clk (rise edge)
                                  0.000000   25.000000   clock source latency
     2    0.019028    0.068483    0.046759   25.046759 ^ clk (in)
                                                         clk (net)
                      0.068490    0.000000   25.046759 ^ clkbuf_0_clk/A (sky130_fd_sc_hd__clkbuf_16)
     8    0.082689    0.076027    0.130395   25.177153 ^ clkbuf_0_clk/X (sky130_fd_sc_hd__clkbuf_16)
                                                         clknet_0_clk (net)
                      0.076116    0.002077   25.179230 ^ clkbuf_3_1__f_clk/A (sky130_fd_sc_hd__clkbuf_16)
    10    0.035455    0.042282    0.106940   25.286171 ^ clkbuf_3_1__f_clk/X (sky130_fd_sc_hd__clkbuf_16)
                                                         clknet_3_1__leaf_clk (net)
                      0.042283    0.000171   25.286341 ^ _441_/CLK (sky130_fd_sc_hd__dfrtp_2)
                                 -0.250000   25.036343   clock uncertainty
                                  0.000000   25.036343   clock reconvergence pessimism
                                  0.096781   25.133123   library recovery time
                                             25.133123   data required time
---------------------------------------------------------------------------------------------
                                             25.133123   data required time
                                             -5.807101   data arrival time
---------------------------------------------------------------------------------------------
                                             19.326023   slack (MET)


Startpoint: en (input port clocked by clk)
Endpoint: _464_ (recovery check against rising-edge clock clk)
Path Group: asynchronous
Path Type: max

Fanout         Cap        Slew       Delay        Time   Description
---------------------------------------------------------------------------------------------
                                  0.000000    0.000000   clock clk (rise edge)
                                  0.000000    0.000000   clock network delay (propagated)
                                  5.000000    5.000000 ^ input external delay
     2    0.004586    0.020287    0.011902    5.011902 ^ en (in)
                                                         en (net)
                      0.020287    0.000000    5.011902 ^ input1/A (sky130_fd_sc_hd__clkdlybuf4s25_1)
     1    0.001981    0.026400    0.150218    5.162120 ^ input1/X (sky130_fd_sc_hd__clkdlybuf4s25_1)
                                                         net1 (net)
                      0.026400    0.000017    5.162137 ^ _229_/B (sky130_fd_sc_hd__and2_2)
     1    0.004023    0.028716    0.081385    5.243522 ^ _229_/X (sky130_fd_sc_hd__and2_2)
                                                         TOP.n_rst (net)
                      0.028716    0.000043    5.243565 ^ fanout51/A (sky130_fd_sc_hd__clkdlybuf4s25_1)
     5    0.025327    0.193895    0.272316    5.515881 ^ fanout51/X (sky130_fd_sc_hd__clkdlybuf4s25_1)
                                                         net51 (net)
                      0.193895    0.000357    5.516239 ^ _464_/RESET_B (sky130_fd_sc_hd__dfrtp_2)
                                              5.516239   data arrival time

                                 25.000000   25.000000   clock clk (rise edge)
                                  0.000000   25.000000   clock source latency
     2    0.019028    0.068483    0.046759   25.046759 ^ clk (in)
                                                         clk (net)
                      0.068490    0.000000   25.046759 ^ clkbuf_0_clk/A (sky130_fd_sc_hd__clkbuf_16)
     8    0.082689    0.076027    0.130395   25.177153 ^ clkbuf_0_clk/X (sky130_fd_sc_hd__clkbuf_16)
                                                         clknet_0_clk (net)
                      0.076148    0.002421   25.179575 ^ clkbuf_3_3__f_clk/A (sky130_fd_sc_hd__clkbuf_16)
    10    0.029599    0.038144    0.103519   25.283094 ^ clkbuf_3_3__f_clk/X (sky130_fd_sc_hd__clkbuf_16)
                                                         clknet_3_3__leaf_clk (net)
                      0.038144    0.000156   25.283251 ^ _464_/CLK (sky130_fd_sc_hd__dfrtp_2)
                                 -0.250000   25.033251   clock uncertainty
                                  0.000000   25.033251   clock reconvergence pessimism
                                  0.093031   25.126282   library recovery time
                                             25.126282   data required time
---------------------------------------------------------------------------------------------
                                             25.126282   data required time
                                             -5.516239   data arrival time
---------------------------------------------------------------------------------------------
                                             19.610044   slack (MET)


Startpoint: gpio_in[0] (input port clocked by clk)
Endpoint: _483_ (rising edge-triggered flip-flop clocked by clk)
Path Group: clk
Path Type: max

Fanout         Cap        Slew       Delay        Time   Description
---------------------------------------------------------------------------------------------
                                  0.000000    0.000000   clock clk (rise edge)
                                  0.000000    0.000000   clock network delay (propagated)
                                  5.000000    5.000000 v input external delay
     2    0.005356    0.008795    0.004659    5.004659 v gpio_in[0] (in)
                                                         gpio_in[0] (net)
                      0.008796    0.000000    5.004659 v input2/A (sky130_fd_sc_hd__clkdlybuf4s25_1)
     1    0.003019    0.028209    0.149502    5.154161 v input2/X (sky130_fd_sc_hd__clkdlybuf4s25_1)
                                                         net2 (net)
                      0.028209    0.000036    5.154197 v _483_/D (sky130_fd_sc_hd__dfrtp_2)
                                              5.154197   data arrival time

                                 25.000000   25.000000   clock clk (rise edge)
                                  0.000000   25.000000   clock source latency
     2    0.019028    0.068483    0.046759   25.046759 ^ clk (in)
                                                         clk (net)
                      0.068490    0.000000   25.046759 ^ clkbuf_0_clk/A (sky130_fd_sc_hd__clkbuf_16)
     8    0.082689    0.076027    0.130395   25.177153 ^ clkbuf_0_clk/X (sky130_fd_sc_hd__clkbuf_16)
                                                         clknet_0_clk (net)
                      0.076116    0.002077   25.179230 ^ clkbuf_3_1__f_clk/A (sky130_fd_sc_hd__clkbuf_16)
    10    0.035455    0.042282    0.106940   25.286171 ^ clkbuf_3_1__f_clk/X (sky130_fd_sc_hd__clkbuf_16)
                                                         clknet_3_1__leaf_clk (net)
                      0.042295    0.000846   25.287016 ^ _483_/CLK (sky130_fd_sc_hd__dfrtp_2)
                                 -0.250000   25.037016   clock uncertainty
                                  0.000000   25.037016   clock reconvergence pessimism
                                 -0.071322   24.965696   library setup time
                                             24.965696   data required time
---------------------------------------------------------------------------------------------
                                             24.965696   data required time
                                             -5.154197   data arrival time
---------------------------------------------------------------------------------------------
                                             19.811499   slack (MET)


Startpoint: gpio_in[3] (input port clocked by clk)
Endpoint: _477_ (rising edge-triggered flip-flop clocked by clk)
Path Group: clk
Path Type: max

Fanout         Cap        Slew       Delay        Time   Description
---------------------------------------------------------------------------------------------
                                  0.000000    0.000000   clock clk (rise edge)
                                  0.000000    0.000000   clock network delay (propagated)
                                  5.000000    5.000000 v input external delay
     2    0.004379    0.007133    0.003634    5.003634 v gpio_in[3] (in)
                                                         gpio_in[3] (net)
                      0.007133    0.000000    5.003634 v input5/A (sky130_fd_sc_hd__clkdlybuf4s25_1)
     1    0.002491    0.025870    0.146253    5.149888 v input5/X (sky130_fd_sc_hd__clkdlybuf4s25_1)
                                                         net5 (net)
                      0.025870    0.000023    5.149910 v _477_/D (sky130_fd_sc_hd__dfrtp_2)
                                              5.149910   data arrival time

                                 25.000000   25.000000   clock clk (rise edge)
                                  0.000000   25.000000   clock source latency
     2    0.019028    0.068483    0.046759   25.046759 ^ clk (in)
                                                         clk (net)
                      0.068490    0.000000   25.046759 ^ clkbuf_0_clk/A (sky130_fd_sc_hd__clkbuf_16)
     8    0.082689    0.076027    0.130395   25.177153 ^ clkbuf_0_clk/X (sky130_fd_sc_hd__clkbuf_16)
                                                         clknet_0_clk (net)
                      0.076122    0.002149   25.179302 ^ clkbuf_3_0__f_clk/A (sky130_fd_sc_hd__clkbuf_16)
    10    0.030821    0.039003    0.104421   25.283724 ^ clkbuf_3_0__f_clk/X (sky130_fd_sc_hd__clkbuf_16)
                                                         clknet_3_0__leaf_clk (net)
                      0.039007    0.000350   25.284075 ^ _477_/CLK (sky130_fd_sc_hd__dfrtp_2)
                                 -0.250000   25.034075   clock uncertainty
                                  0.000000   25.034075   clock reconvergence pessimism
                                 -0.070802   24.963272   library setup time
                                             24.963272   data required time
---------------------------------------------------------------------------------------------
                                             24.963272   data required time
                                             -5.149910   data arrival time
---------------------------------------------------------------------------------------------
                                             19.813364   slack (MET)


Startpoint: gpio_in[2] (input port clocked by clk)
Endpoint: _479_ (rising edge-triggered flip-flop clocked by clk)
Path Group: clk
Path Type: max

Fanout         Cap        Slew       Delay        Time   Description
---------------------------------------------------------------------------------------------
                                  0.000000    0.000000   clock clk (rise edge)
                                  0.000000    0.000000   clock network delay (propagated)
                                  5.000000    5.000000 v input external delay
     2    0.004906    0.008062    0.004146    5.004146 v gpio_in[2] (in)
                                                         gpio_in[2] (net)
                      0.008062    0.000000    5.004146 v input4/A (sky130_fd_sc_hd__clkdlybuf4s25_1)
     1    0.002505    0.025931    0.146666    5.150812 v input4/X (sky130_fd_sc_hd__clkdlybuf4s25_1)
                                                         net4 (net)
                      0.025931    0.000023    5.150835 v _479_/D (sky130_fd_sc_hd__dfrtp_2)
                                              5.150835   data arrival time

                                 25.000000   25.000000   clock clk (rise edge)
                                  0.000000   25.000000   clock source latency
     2    0.019028    0.068483    0.046759   25.046759 ^ clk (in)
                                                         clk (net)
                      0.068490    0.000000   25.046759 ^ clkbuf_0_clk/A (sky130_fd_sc_hd__clkbuf_16)
     8    0.082689    0.076027    0.130395   25.177153 ^ clkbuf_0_clk/X (sky130_fd_sc_hd__clkbuf_16)
                                                         clknet_0_clk (net)
                      0.076116    0.002077   25.179230 ^ clkbuf_3_1__f_clk/A (sky130_fd_sc_hd__clkbuf_16)
    10    0.035455    0.042282    0.106940   25.286171 ^ clkbuf_3_1__f_clk/X (sky130_fd_sc_hd__clkbuf_16)
                                                         clknet_3_1__leaf_clk (net)
                      0.042291    0.000759   25.286928 ^ _479_/CLK (sky130_fd_sc_hd__dfrtp_2)
                                 -0.250000   25.036930   clock uncertainty
                                  0.000000   25.036930   clock reconvergence pessimism
                                 -0.070508   24.966421   library setup time
                                             24.966421   data required time
---------------------------------------------------------------------------------------------
                                             24.966421   data required time
                                             -5.150835   data arrival time
---------------------------------------------------------------------------------------------
                                             19.815586   slack (MET)


Startpoint: gpio_in[1] (input port clocked by clk)
Endpoint: _481_ (rising edge-triggered flip-flop clocked by clk)
Path Group: clk
Path Type: max

Fanout         Cap        Slew       Delay        Time   Description
---------------------------------------------------------------------------------------------
                                  0.000000    0.000000   clock clk (rise edge)
                                  0.000000    0.000000   clock network delay (propagated)
                                  5.000000    5.000000 v input external delay
     2    0.004362    0.007105    0.003624    5.003624 v gpio_in[1] (in)
                                                         gpio_in[1] (net)
                      0.007105    0.000000    5.003624 v input3/A (sky130_fd_sc_hd__clkdlybuf4s25_1)
     1    0.002223    0.024750    0.144905    5.148529 v input3/X (sky130_fd_sc_hd__clkdlybuf4s25_1)
                                                         net3 (net)
                      0.024750    0.000018    5.148546 v _481_/D (sky130_fd_sc_hd__dfrtp_2)
                                              5.148546   data arrival time

                                 25.000000   25.000000   clock clk (rise edge)
                                  0.000000   25.000000   clock source latency
     2    0.019028    0.068483    0.046759   25.046759 ^ clk (in)
                                                         clk (net)
                      0.068490    0.000000   25.046759 ^ clkbuf_0_clk/A (sky130_fd_sc_hd__clkbuf_16)
     8    0.082689    0.076027    0.130395   25.177153 ^ clkbuf_0_clk/X (sky130_fd_sc_hd__clkbuf_16)
                                                         clknet_0_clk (net)
                      0.076116    0.002077   25.179230 ^ clkbuf_3_1__f_clk/A (sky130_fd_sc_hd__clkbuf_16)
    10    0.035455    0.042282    0.106940   25.286171 ^ clkbuf_3_1__f_clk/X (sky130_fd_sc_hd__clkbuf_16)
                                                         clknet_3_1__leaf_clk (net)
                      0.042294    0.000821   25.286991 ^ _481_/CLK (sky130_fd_sc_hd__dfrtp_2)
                                 -0.250000   25.036991   clock uncertainty
                                  0.000000   25.036991   clock reconvergence pessimism
                                 -0.070087   24.966906   library setup time
                                             24.966906   data required time
---------------------------------------------------------------------------------------------
                                             24.966906   data required time
                                             -5.148546   data arrival time
---------------------------------------------------------------------------------------------
                                             19.818359   slack (MET)


Startpoint: _432_ (rising edge-triggered flip-flop clocked by clk)
Endpoint: _446_ (rising edge-triggered flip-flop clocked by clk)
Path Group: clk
Path Type: max

Fanout         Cap        Slew       Delay        Time   Description
---------------------------------------------------------------------------------------------
                                  0.000000    0.000000   clock clk (rise edge)
                                  0.000000    0.000000   clock source latency
     2    0.019028    0.068483    0.046759    0.046759 ^ clk (in)
                                                         clk (net)
                      0.068490    0.000000    0.046759 ^ clkbuf_0_clk/A (sky130_fd_sc_hd__clkbuf_16)
     8    0.082689    0.076027    0.130394    0.177154 ^ clkbuf_0_clk/X (sky130_fd_sc_hd__clkbuf_16)
                                                         clknet_0_clk (net)
                      0.076071    0.001472    0.178626 ^ clkbuf_3_5__f_clk/A (sky130_fd_sc_hd__clkbuf_16)
    10    0.033004    0.040634    0.105621    0.284247 ^ clkbuf_3_5__f_clk/X (sky130_fd_sc_hd__clkbuf_16)
                                                         clknet_3_5__leaf_clk (net)
                      0.040636    0.000606    0.284853 ^ _432_/CLK (sky130_fd_sc_hd__dfstp_2)
     1    0.002803    0.026162    0.301688    0.586541 ^ _432_/Q (sky130_fd_sc_hd__dfstp_2)
                                                         TOP.top_rng_inst.display.datas[0] (net)
                      0.026162    0.000027    0.586568 ^ fanout32/A (sky130_fd_sc_hd__clkdlybuf4s25_1)
     7    0.035836    0.270935    0.324962    0.911530 ^ fanout32/X (sky130_fd_sc_hd__clkdlybuf4s25_1)
                                                         net32 (net)
                      0.270935    0.000393    0.911923 ^ fanout31/A (sky130_fd_sc_hd__clkdlybuf4s25_1)
    10    0.038947    0.294050    0.375035    1.286957 ^ fanout31/X (sky130_fd_sc_hd__clkdlybuf4s25_1)
                                                         net31 (net)
                      0.294050    0.000695    1.287652 ^ _283_/S (sky130_fd_sc_hd__mux2_1)
     2    0.008630    0.061074    0.219839    1.507491 v _283_/X (sky130_fd_sc_hd__mux2_1)
                                                         _099_ (net)
                      0.061074    0.000092    1.507583 v _314_/A1 (sky130_fd_sc_hd__mux4_2)
     2    0.013892    0.084395    0.294771    1.802354 v _314_/X (sky130_fd_sc_hd__mux4_2)
                                                         _126_ (net)
                      0.084396    0.000436    1.802790 v _350_/A (sky130_fd_sc_hd__nand2_2)
     1    0.013469    0.064470    0.083160    1.885949 ^ _350_/Y (sky130_fd_sc_hd__nand2_2)
                                                         _154_ (net)
                      0.064470    0.000202    1.886151 ^ _352_/A (sky130_fd_sc_hd__xnor2_2)
     1    0.002577    0.029189    0.038411    1.924562 v _352_/Y (sky130_fd_sc_hd__xnor2_2)
                                                         _156_ (net)
                      0.029189    0.000028    1.924591 v _353_/A1 (sky130_fd_sc_hd__mux2_1)
     1    0.002333    0.036517    0.142983    2.067574 v _353_/X (sky130_fd_sc_hd__mux2_1)
                                                         _014_ (net)
                      0.036517    0.000020    2.067594 v _446_/D (sky130_fd_sc_hd__dfrtp_2)
                                              2.067594   data arrival time

                                 25.000000   25.000000   clock clk (rise edge)
                                  0.000000   25.000000   clock source latency
     2    0.019028    0.068483    0.046759   25.046759 ^ clk (in)
                                                         clk (net)
                      0.068490    0.000000   25.046759 ^ clkbuf_0_clk/A (sky130_fd_sc_hd__clkbuf_16)
     8    0.082689    0.076027    0.130395   25.177153 ^ clkbuf_0_clk/X (sky130_fd_sc_hd__clkbuf_16)
                                                         clknet_0_clk (net)
                      0.076071    0.001471   25.178625 ^ clkbuf_3_5__f_clk/A (sky130_fd_sc_hd__clkbuf_16)
    10    0.033004    0.040634    0.105622   25.284246 ^ clkbuf_3_5__f_clk/X (sky130_fd_sc_hd__clkbuf_16)
                                                         clknet_3_5__leaf_clk (net)
                      0.040635    0.000464   25.284710 ^ _446_/CLK (sky130_fd_sc_hd__dfrtp_2)
                                 -0.250000   25.034712   clock uncertainty
                                  0.000000   25.034712   clock reconvergence pessimism
                                 -0.074447   24.960264   library setup time
                                             24.960264   data required time
---------------------------------------------------------------------------------------------
                                             24.960264   data required time
                                             -2.067594   data arrival time
---------------------------------------------------------------------------------------------
                                             22.892670   slack (MET)


Startpoint: _432_ (rising edge-triggered flip-flop clocked by clk)
Endpoint: _447_ (rising edge-triggered flip-flop clocked by clk)
Path Group: clk
Path Type: max

Fanout         Cap        Slew       Delay        Time   Description
---------------------------------------------------------------------------------------------
                                  0.000000    0.000000   clock clk (rise edge)
                                  0.000000    0.000000   clock source latency
     2    0.019028    0.068483    0.046759    0.046759 ^ clk (in)
                                                         clk (net)
                      0.068490    0.000000    0.046759 ^ clkbuf_0_clk/A (sky130_fd_sc_hd__clkbuf_16)
     8    0.082689    0.076027    0.130394    0.177154 ^ clkbuf_0_clk/X (sky130_fd_sc_hd__clkbuf_16)
                                                         clknet_0_clk (net)
                      0.076071    0.001472    0.178626 ^ clkbuf_3_5__f_clk/A (sky130_fd_sc_hd__clkbuf_16)
    10    0.033004    0.040634    0.105621    0.284247 ^ clkbuf_3_5__f_clk/X (sky130_fd_sc_hd__clkbuf_16)
                                                         clknet_3_5__leaf_clk (net)
                      0.040636    0.000606    0.284853 ^ _432_/CLK (sky130_fd_sc_hd__dfstp_2)
     1    0.002803    0.026162    0.301688    0.586541 ^ _432_/Q (sky130_fd_sc_hd__dfstp_2)
                                                         TOP.top_rng_inst.display.datas[0] (net)
                      0.026162    0.000027    0.586568 ^ fanout32/A (sky130_fd_sc_hd__clkdlybuf4s25_1)
     7    0.035836    0.270935    0.324962    0.911530 ^ fanout32/X (sky130_fd_sc_hd__clkdlybuf4s25_1)
                                                         net32 (net)
                      0.270935    0.000393    0.911923 ^ fanout31/A (sky130_fd_sc_hd__clkdlybuf4s25_1)
    10    0.038947    0.294050    0.375035    1.286957 ^ fanout31/X (sky130_fd_sc_hd__clkdlybuf4s25_1)
                                                         net31 (net)
                      0.294050    0.000796    1.287754 ^ _304_/S (sky130_fd_sc_hd__mux2_1)
     2    0.006951    0.056737    0.131241    1.418995 ^ _304_/X (sky130_fd_sc_hd__mux2_1)
                                                         _117_ (net)
                      0.056737    0.000031    1.419026 ^ _319_/C_N (sky130_fd_sc_hd__or3b_2)
     2    0.006046    0.058647    0.260007    1.679034 v _319_/X (sky130_fd_sc_hd__or3b_2)
                                                         _130_ (net)
                      0.058647    0.000064    1.679097 v _354_/A1 (sky130_fd_sc_hd__a21o_2)
     1    0.018619    0.050972    0.155606    1.834703 v _354_/X (sky130_fd_sc_hd__a21o_2)
                                                         _157_ (net)
                      0.050991    0.000932    1.835635 v _355_/B (sky130_fd_sc_hd__xnor2_2)
     1    0.002826    0.032592    0.083907    1.919541 v _355_/Y (sky130_fd_sc_hd__xnor2_2)
                                                         _158_ (net)
                      0.032592    0.000033    1.919574 v _356_/A1 (sky130_fd_sc_hd__mux2_1)
     1    0.002410    0.036720    0.144393    2.063967 v _356_/X (sky130_fd_sc_hd__mux2_1)
                                                         _015_ (net)
                      0.036720    0.000022    2.063989 v _447_/D (sky130_fd_sc_hd__dfrtp_2)
                                              2.063989   data arrival time

                                 25.000000   25.000000   clock clk (rise edge)
                                  0.000000   25.000000   clock source latency
     2    0.019028    0.068483    0.046759   25.046759 ^ clk (in)
                                                         clk (net)
                      0.068490    0.000000   25.046759 ^ clkbuf_0_clk/A (sky130_fd_sc_hd__clkbuf_16)
     8    0.082689    0.076027    0.130395   25.177153 ^ clkbuf_0_clk/X (sky130_fd_sc_hd__clkbuf_16)
                                                         clknet_0_clk (net)
                      0.076071    0.001471   25.178625 ^ clkbuf_3_5__f_clk/A (sky130_fd_sc_hd__clkbuf_16)
    10    0.033004    0.040634    0.105622   25.284246 ^ clkbuf_3_5__f_clk/X (sky130_fd_sc_hd__clkbuf_16)
                                                         clknet_3_5__leaf_clk (net)
                      0.040634    0.000348   25.284595 ^ _447_/CLK (sky130_fd_sc_hd__dfrtp_2)
                                 -0.250000   25.034595   clock uncertainty
                                  0.000000   25.034595   clock reconvergence pessimism
                                 -0.074520   24.960075   library setup time
                                             24.960075   data required time
---------------------------------------------------------------------------------------------
                                             24.960075   data required time
                                             -2.063989   data arrival time
---------------------------------------------------------------------------------------------
                                             22.896088   slack (MET)


Startpoint: _432_ (rising edge-triggered flip-flop clocked by clk)
Endpoint: _438_ (rising edge-triggered flip-flop clocked by clk)
Path Group: clk
Path Type: max

Fanout         Cap        Slew       Delay        Time   Description
---------------------------------------------------------------------------------------------
                                  0.000000    0.000000   clock clk (rise edge)
                                  0.000000    0.000000   clock source latency
     2    0.019028    0.068483    0.046759    0.046759 ^ clk (in)
                                                         clk (net)
                      0.068490    0.000000    0.046759 ^ clkbuf_0_clk/A (sky130_fd_sc_hd__clkbuf_16)
     8    0.082689    0.076027    0.130394    0.177154 ^ clkbuf_0_clk/X (sky130_fd_sc_hd__clkbuf_16)
                                                         clknet_0_clk (net)
                      0.076071    0.001472    0.178626 ^ clkbuf_3_5__f_clk/A (sky130_fd_sc_hd__clkbuf_16)
    10    0.033004    0.040634    0.105621    0.284247 ^ clkbuf_3_5__f_clk/X (sky130_fd_sc_hd__clkbuf_16)
                                                         clknet_3_5__leaf_clk (net)
                      0.040636    0.000606    0.284853 ^ _432_/CLK (sky130_fd_sc_hd__dfstp_2)
     1    0.002803    0.026162    0.301688    0.586541 ^ _432_/Q (sky130_fd_sc_hd__dfstp_2)
                                                         TOP.top_rng_inst.display.datas[0] (net)
                      0.026162    0.000027    0.586568 ^ fanout32/A (sky130_fd_sc_hd__clkdlybuf4s25_1)
     7    0.035836    0.270935    0.324962    0.911530 ^ fanout32/X (sky130_fd_sc_hd__clkdlybuf4s25_1)
                                                         net32 (net)
                      0.270935    0.000393    0.911923 ^ fanout31/A (sky130_fd_sc_hd__clkdlybuf4s25_1)
    10    0.038947    0.294050    0.375035    1.286957 ^ fanout31/X (sky130_fd_sc_hd__clkdlybuf4s25_1)
                                                         net31 (net)
                      0.294050    0.000695    1.287652 ^ _283_/S (sky130_fd_sc_hd__mux2_1)
     2    0.008630    0.061074    0.219839    1.507491 v _283_/X (sky130_fd_sc_hd__mux2_1)
                                                         _099_ (net)
                      0.061074    0.000092    1.507583 v _314_/A1 (sky130_fd_sc_hd__mux4_2)
     2    0.013892    0.084395    0.294771    1.802354 v _314_/X (sky130_fd_sc_hd__mux4_2)
                                                         _126_ (net)
                      0.084396    0.000466    1.802820 v _315_/B (sky130_fd_sc_hd__nand2_2)
     1    0.008773    0.053470    0.077305    1.880125 ^ _315_/Y (sky130_fd_sc_hd__nand2_2)
                                                         _127_ (net)
                      0.053470    0.000044    1.880169 ^ _316_/B (sky130_fd_sc_hd__xnor2_2)
     1    0.002911    0.035874    0.032911    1.913081 v _316_/Y (sky130_fd_sc_hd__xnor2_2)
                                                         _128_ (net)
                      0.035874    0.000035    1.913115 v _317_/A1 (sky130_fd_sc_hd__mux2_1)
     1    0.002448    0.036822    0.145530    2.058645 v _317_/X (sky130_fd_sc_hd__mux2_1)
                                                         _006_ (net)
                      0.036822    0.000022    2.058667 v _438_/D (sky130_fd_sc_hd__dfrtp_2)
                                              2.058667   data arrival time

                                 25.000000   25.000000   clock clk (rise edge)
                                  0.000000   25.000000   clock source latency
     2    0.019028    0.068483    0.046759   25.046759 ^ clk (in)
                                                         clk (net)
                      0.068490    0.000000   25.046759 ^ clkbuf_0_clk/A (sky130_fd_sc_hd__clkbuf_16)
     8    0.082689    0.076027    0.130395   25.177153 ^ clkbuf_0_clk/X (sky130_fd_sc_hd__clkbuf_16)
                                                         clknet_0_clk (net)
                      0.076073    0.001503   25.178656 ^ clkbuf_3_4__f_clk/A (sky130_fd_sc_hd__clkbuf_16)
     9    0.031098    0.039291    0.104588   25.283245 ^ clkbuf_3_4__f_clk/X (sky130_fd_sc_hd__clkbuf_16)
                                                         clknet_3_4__leaf_clk (net)
                      0.039292    0.000206   25.283451 ^ _438_/CLK (sky130_fd_sc_hd__dfrtp_2)
                                 -0.250000   25.033451   clock uncertainty
                                  0.000000   25.033451   clock reconvergence pessimism
                                 -0.074685   24.958767   library setup time
                                             24.958767   data required time
---------------------------------------------------------------------------------------------
                                             24.958767   data required time
                                             -2.058667   data arrival time
---------------------------------------------------------------------------------------------
                                             22.900101   slack (MET)


Startpoint: _432_ (rising edge-triggered flip-flop clocked by clk)
Endpoint: _445_ (rising edge-triggered flip-flop clocked by clk)
Path Group: clk
Path Type: max

Fanout         Cap        Slew       Delay        Time   Description
---------------------------------------------------------------------------------------------
                                  0.000000    0.000000   clock clk (rise edge)
                                  0.000000    0.000000   clock source latency
     2    0.019028    0.068483    0.046759    0.046759 ^ clk (in)
                                                         clk (net)
                      0.068490    0.000000    0.046759 ^ clkbuf_0_clk/A (sky130_fd_sc_hd__clkbuf_16)
     8    0.082689    0.076027    0.130394    0.177154 ^ clkbuf_0_clk/X (sky130_fd_sc_hd__clkbuf_16)
                                                         clknet_0_clk (net)
                      0.076071    0.001472    0.178626 ^ clkbuf_3_5__f_clk/A (sky130_fd_sc_hd__clkbuf_16)
    10    0.033004    0.040634    0.105621    0.284247 ^ clkbuf_3_5__f_clk/X (sky130_fd_sc_hd__clkbuf_16)
                                                         clknet_3_5__leaf_clk (net)
                      0.040636    0.000606    0.284853 ^ _432_/CLK (sky130_fd_sc_hd__dfstp_2)
     1    0.002803    0.026162    0.301688    0.586541 ^ _432_/Q (sky130_fd_sc_hd__dfstp_2)
                                                         TOP.top_rng_inst.display.datas[0] (net)
                      0.026162    0.000027    0.586568 ^ fanout32/A (sky130_fd_sc_hd__clkdlybuf4s25_1)
     7    0.035836    0.270935    0.324962    0.911530 ^ fanout32/X (sky130_fd_sc_hd__clkdlybuf4s25_1)
                                                         net32 (net)
                      0.270935    0.000393    0.911923 ^ fanout31/A (sky130_fd_sc_hd__clkdlybuf4s25_1)
    10    0.038947    0.294050    0.375035    1.286957 ^ fanout31/X (sky130_fd_sc_hd__clkdlybuf4s25_1)
                                                         net31 (net)
                      0.294050    0.000712    1.287670 ^ _277_/S (sky130_fd_sc_hd__mux2_1)
     2    0.007792    0.061677    0.135176    1.422845 ^ _277_/X (sky130_fd_sc_hd__mux2_1)
                                                         _094_ (net)
                      0.061677    0.000136    1.422981 ^ _306_/C_N (sky130_fd_sc_hd__or3b_2)
     2    0.005916    0.058359    0.259907    1.682889 v _306_/X (sky130_fd_sc_hd__or3b_2)
                                                         _119_ (net)
                      0.058359    0.000050    1.682938 v _347_/A1 (sky130_fd_sc_hd__a21o_2)
     1    0.012214    0.042205    0.144761    1.827699 v _347_/X (sky130_fd_sc_hd__a21o_2)
                                                         _152_ (net)
                      0.042207    0.000363    1.828062 v _348_/B (sky130_fd_sc_hd__xnor2_2)
     1    0.002795    0.029734    0.080341    1.908403 v _348_/Y (sky130_fd_sc_hd__xnor2_2)
                                                         _153_ (net)
                      0.029735    0.000030    1.908433 v _349_/A1 (sky130_fd_sc_hd__mux2_1)
     1    0.002648    0.037666    0.145043    2.053476 v _349_/X (sky130_fd_sc_hd__mux2_1)
                                                         _013_ (net)
                      0.037666    0.000025    2.053501 v _445_/D (sky130_fd_sc_hd__dfrtp_2)
                                              2.053501   data arrival time

                                 25.000000   25.000000   clock clk (rise edge)
                                  0.000000   25.000000   clock source latency
     2    0.019028    0.068483    0.046759   25.046759 ^ clk (in)
                                                         clk (net)
                      0.068490    0.000000   25.046759 ^ clkbuf_0_clk/A (sky130_fd_sc_hd__clkbuf_16)
     8    0.082689    0.076027    0.130395   25.177153 ^ clkbuf_0_clk/X (sky130_fd_sc_hd__clkbuf_16)
                                                         clknet_0_clk (net)
                      0.076034    0.000588   25.177742 ^ clkbuf_3_7__f_clk/A (sky130_fd_sc_hd__clkbuf_16)
     9    0.026754    0.036150    0.101654   25.279396 ^ clkbuf_3_7__f_clk/X (sky130_fd_sc_hd__clkbuf_16)
                                                         clknet_3_7__leaf_clk (net)
                      0.036150    0.000156   25.279552 ^ _445_/CLK (sky130_fd_sc_hd__dfrtp_2)
                                 -0.250000   25.029552   clock uncertainty
                                  0.000000   25.029552   clock reconvergence pessimism
                                 -0.075289   24.954264   library setup time
                                             24.954264   data required time
---------------------------------------------------------------------------------------------
                                             24.954264   data required time
                                             -2.053501   data arrival time
---------------------------------------------------------------------------------------------
                                             22.900763   slack (MET)


Startpoint: _432_ (rising edge-triggered flip-flop clocked by clk)
Endpoint: _437_ (rising edge-triggered flip-flop clocked by clk)
Path Group: clk
Path Type: max

Fanout         Cap        Slew       Delay        Time   Description
---------------------------------------------------------------------------------------------
                                  0.000000    0.000000   clock clk (rise edge)
                                  0.000000    0.000000   clock source latency
     2    0.019028    0.068483    0.046759    0.046759 ^ clk (in)
                                                         clk (net)
                      0.068490    0.000000    0.046759 ^ clkbuf_0_clk/A (sky130_fd_sc_hd__clkbuf_16)
     8    0.082689    0.076027    0.130394    0.177154 ^ clkbuf_0_clk/X (sky130_fd_sc_hd__clkbuf_16)
                                                         clknet_0_clk (net)
                      0.076071    0.001472    0.178626 ^ clkbuf_3_5__f_clk/A (sky130_fd_sc_hd__clkbuf_16)
    10    0.033004    0.040634    0.105621    0.284247 ^ clkbuf_3_5__f_clk/X (sky130_fd_sc_hd__clkbuf_16)
                                                         clknet_3_5__leaf_clk (net)
                      0.040636    0.000606    0.284853 ^ _432_/CLK (sky130_fd_sc_hd__dfstp_2)
     1    0.002803    0.026162    0.301688    0.586541 ^ _432_/Q (sky130_fd_sc_hd__dfstp_2)
                                                         TOP.top_rng_inst.display.datas[0] (net)
                      0.026162    0.000027    0.586568 ^ fanout32/A (sky130_fd_sc_hd__clkdlybuf4s25_1)
     7    0.035836    0.270935    0.324962    0.911530 ^ fanout32/X (sky130_fd_sc_hd__clkdlybuf4s25_1)
                                                         net32 (net)
                      0.270935    0.000393    0.911923 ^ fanout31/A (sky130_fd_sc_hd__clkdlybuf4s25_1)
    10    0.038947    0.294050    0.375035    1.286957 ^ fanout31/X (sky130_fd_sc_hd__clkdlybuf4s25_1)
                                                         net31 (net)
                      0.294050    0.000712    1.287670 ^ _277_/S (sky130_fd_sc_hd__mux2_1)
     2    0.007792    0.061677    0.135176    1.422845 ^ _277_/X (sky130_fd_sc_hd__mux2_1)
                                                         _094_ (net)
                      0.061677    0.000136    1.422981 ^ _306_/C_N (sky130_fd_sc_hd__or3b_2)
     2    0.005916    0.058359    0.259907    1.682889 v _306_/X (sky130_fd_sc_hd__or3b_2)
                                                         _119_ (net)
                      0.058359    0.000059    1.682948 v _308_/A1 (sky130_fd_sc_hd__a21bo_2)
     1    0.011544    0.041136    0.145887    1.828835 v _308_/X (sky130_fd_sc_hd__a21bo_2)
                                                         _121_ (net)
                      0.041136    0.000224    1.829059 v _309_/B (sky130_fd_sc_hd__xnor2_2)
     1    0.003567    0.037126    0.081825    1.910885 v _309_/Y (sky130_fd_sc_hd__xnor2_2)
                                                         _122_ (net)
                      0.037126    0.000048    1.910932 v _310_/A1 (sky130_fd_sc_hd__mux2_1)
     1    0.002704    0.037869    0.147437    2.058369 v _310_/X (sky130_fd_sc_hd__mux2_1)
                                                         _005_ (net)
                      0.037869    0.000026    2.058395 v _437_/D (sky130_fd_sc_hd__dfrtp_2)
                                              2.058395   data arrival time

                                 25.000000   25.000000   clock clk (rise edge)
                                  0.000000   25.000000   clock source latency
     2    0.019028    0.068483    0.046759   25.046759 ^ clk (in)
                                                         clk (net)
                      0.068490    0.000000   25.046759 ^ clkbuf_0_clk/A (sky130_fd_sc_hd__clkbuf_16)
     8    0.082689    0.076027    0.130395   25.177153 ^ clkbuf_0_clk/X (sky130_fd_sc_hd__clkbuf_16)
                                                         clknet_0_clk (net)
                      0.076071    0.001471   25.178625 ^ clkbuf_3_5__f_clk/A (sky130_fd_sc_hd__clkbuf_16)
    10    0.033004    0.040634    0.105622   25.284246 ^ clkbuf_3_5__f_clk/X (sky130_fd_sc_hd__clkbuf_16)
                                                         clknet_3_5__leaf_clk (net)
                      0.040635    0.000451   25.284698 ^ _437_/CLK (sky130_fd_sc_hd__dfrtp_2)
                                 -0.250000   25.034698   clock uncertainty
                                  0.000000   25.034698   clock reconvergence pessimism
                                 -0.074930   24.959768   library setup time
                                             24.959768   data required time
---------------------------------------------------------------------------------------------
                                             24.959768   data required time
                                             -2.058395   data arrival time
---------------------------------------------------------------------------------------------
                                             22.901375   slack (MET)


Startpoint: _421_ (rising edge-triggered flip-flop clocked by clk)
Endpoint: _468_ (rising edge-triggered flip-flop clocked by clk)
Path Group: clk
Path Type: max

Fanout         Cap        Slew       Delay        Time   Description
---------------------------------------------------------------------------------------------
                                  0.000000    0.000000   clock clk (rise edge)
                                  0.000000    0.000000   clock source latency
     2    0.019028    0.068483    0.046759    0.046759 ^ clk (in)
                                                         clk (net)
                      0.068490    0.000000    0.046759 ^ clkbuf_0_clk/A (sky130_fd_sc_hd__clkbuf_16)
     8    0.082689    0.076027    0.130394    0.177154 ^ clkbuf_0_clk/X (sky130_fd_sc_hd__clkbuf_16)
                                                         clknet_0_clk (net)
                      0.076150    0.002437    0.179590 ^ clkbuf_3_2__f_clk/A (sky130_fd_sc_hd__clkbuf_16)
    10    0.034239    0.041502    0.106387    0.285978 ^ clkbuf_3_2__f_clk/X (sky130_fd_sc_hd__clkbuf_16)
                                                         clknet_3_2__leaf_clk (net)
                      0.041502    0.000230    0.286208 ^ _421_/CLK (sky130_fd_sc_hd__dfrtp_2)
     2    0.012666    0.057352    0.239380    0.525588 ^ _421_/Q (sky130_fd_sc_hd__dfrtp_2)
                                                         TOP.top_rng_inst.ecstate.rollover_flag (net)
                      0.057352    0.000098    0.525686 ^ fanout33/A (sky130_fd_sc_hd__clkdlybuf4s25_1)
    21    0.050404    0.377329    0.407708    0.933394 ^ fanout33/X (sky130_fd_sc_hd__clkdlybuf4s25_1)
                                                         net33 (net)
                      0.377329    0.000122    0.933515 ^ _379_/A_N (sky130_fd_sc_hd__and2b_2)
     2    0.011045    0.040350    0.159587    1.093102 v _379_/X (sky130_fd_sc_hd__and2b_2)
                                                         _173_ (net)
                      0.040350    0.000146    1.093248 v fanout21/A (sky130_fd_sc_hd__clkdlybuf4s25_1)
    21    0.056124    0.281731    0.358788    1.452036 v fanout21/X (sky130_fd_sc_hd__clkdlybuf4s25_1)
                                                         net21 (net)
                      0.281746    0.002178    1.454213 v _406_/B1 (sky130_fd_sc_hd__a221o_2)
     1    0.002847    0.031883    0.236425    1.690638 v _406_/X (sky130_fd_sc_hd__a221o_2)
                                                         _036_ (net)
                      0.031883    0.000032    1.690671 v hold147/A (sky130_fd_sc_hd__dlygate4sd3_1)
     1    0.002882    0.038452    0.360743    2.051414 v hold147/X (sky130_fd_sc_hd__dlygate4sd3_1)
                                                         net147 (net)
                      0.038452    0.000032    2.051445 v _468_/D (sky130_fd_sc_hd__dfrtp_2)
                                              2.051445   data arrival time

                                 25.000000   25.000000   clock clk (rise edge)
                                  0.000000   25.000000   clock source latency
     2    0.019028    0.068483    0.046759   25.046759 ^ clk (in)
                                                         clk (net)
                      0.068490    0.000000   25.046759 ^ clkbuf_0_clk/A (sky130_fd_sc_hd__clkbuf_16)
     8    0.082689    0.076027    0.130395   25.177153 ^ clkbuf_0_clk/X (sky130_fd_sc_hd__clkbuf_16)
                                                         clknet_0_clk (net)
                      0.076035    0.000650   25.177803 ^ clkbuf_3_6__f_clk/A (sky130_fd_sc_hd__clkbuf_16)
    10    0.029771    0.038256    0.103675   25.281479 ^ clkbuf_3_6__f_clk/X (sky130_fd_sc_hd__clkbuf_16)
                                                         clknet_3_6__leaf_clk (net)
                      0.038256    0.000171   25.281649 ^ _468_/CLK (sky130_fd_sc_hd__dfrtp_2)
                                 -0.250000   25.031651   clock uncertainty
                                  0.000000   25.031651   clock reconvergence pessimism
                                 -0.075367   24.956284   library setup time
                                             24.956284   data required time
---------------------------------------------------------------------------------------------
                                             24.956284   data required time
                                             -2.051445   data arrival time
---------------------------------------------------------------------------------------------
                                             22.904839   slack (MET)


Startpoint: _432_ (rising edge-triggered flip-flop clocked by clk)
Endpoint: _439_ (rising edge-triggered flip-flop clocked by clk)
Path Group: clk
Path Type: max

Fanout         Cap        Slew       Delay        Time   Description
---------------------------------------------------------------------------------------------
                                  0.000000    0.000000   clock clk (rise edge)
                                  0.000000    0.000000   clock source latency
     2    0.019028    0.068483    0.046759    0.046759 ^ clk (in)
                                                         clk (net)
                      0.068490    0.000000    0.046759 ^ clkbuf_0_clk/A (sky130_fd_sc_hd__clkbuf_16)
     8    0.082689    0.076027    0.130394    0.177154 ^ clkbuf_0_clk/X (sky130_fd_sc_hd__clkbuf_16)
                                                         clknet_0_clk (net)
                      0.076071    0.001472    0.178626 ^ clkbuf_3_5__f_clk/A (sky130_fd_sc_hd__clkbuf_16)
    10    0.033004    0.040634    0.105621    0.284247 ^ clkbuf_3_5__f_clk/X (sky130_fd_sc_hd__clkbuf_16)
                                                         clknet_3_5__leaf_clk (net)
                      0.040636    0.000606    0.284853 ^ _432_/CLK (sky130_fd_sc_hd__dfstp_2)
     1    0.002803    0.026162    0.301688    0.586541 ^ _432_/Q (sky130_fd_sc_hd__dfstp_2)
                                                         TOP.top_rng_inst.display.datas[0] (net)
                      0.026162    0.000027    0.586568 ^ fanout32/A (sky130_fd_sc_hd__clkdlybuf4s25_1)
     7    0.035836    0.270935    0.324962    0.911530 ^ fanout32/X (sky130_fd_sc_hd__clkdlybuf4s25_1)
                                                         net32 (net)
                      0.270935    0.000393    0.911923 ^ fanout31/A (sky130_fd_sc_hd__clkdlybuf4s25_1)
    10    0.038947    0.294050    0.375035    1.286957 ^ fanout31/X (sky130_fd_sc_hd__clkdlybuf4s25_1)
                                                         net31 (net)
                      0.294050    0.000796    1.287754 ^ _304_/S (sky130_fd_sc_hd__mux2_1)
     2    0.006951    0.056737    0.131241    1.418995 ^ _304_/X (sky130_fd_sc_hd__mux2_1)
                                                         _117_ (net)
                      0.056737    0.000031    1.419026 ^ _319_/C_N (sky130_fd_sc_hd__or3b_2)
     2    0.006046    0.058647    0.260007    1.679034 v _319_/X (sky130_fd_sc_hd__or3b_2)
                                                         _130_ (net)
                      0.058647    0.000071    1.679105 v _321_/A1 (sky130_fd_sc_hd__a21bo_2)
     1    0.010464    0.039005    0.143668    1.822773 v _321_/X (sky130_fd_sc_hd__a21bo_2)
                                                         _132_ (net)
                      0.039006    0.000232    1.823005 v _322_/B (sky130_fd_sc_hd__xnor2_2)
     1    0.002375    0.028668    0.078013    1.901018 v _322_/Y (sky130_fd_sc_hd__xnor2_2)
                                                         _133_ (net)
                      0.028668    0.000021    1.901040 v _323_/A1 (sky130_fd_sc_hd__mux2_1)
     1    0.003093    0.041022    0.147448    2.048488 v _323_/X (sky130_fd_sc_hd__mux2_1)
                                                         _007_ (net)
                      0.041022    0.000037    2.048525 v _439_/D (sky130_fd_sc_hd__dfrtp_2)
                                              2.048525   data arrival time

                                 25.000000   25.000000   clock clk (rise edge)
                                  0.000000   25.000000   clock source latency
     2    0.019028    0.068483    0.046759   25.046759 ^ clk (in)
                                                         clk (net)
                      0.068490    0.000000   25.046759 ^ clkbuf_0_clk/A (sky130_fd_sc_hd__clkbuf_16)
     8    0.082689    0.076027    0.130395   25.177153 ^ clkbuf_0_clk/X (sky130_fd_sc_hd__clkbuf_16)
                                                         clknet_0_clk (net)
                      0.076122    0.002149   25.179302 ^ clkbuf_3_0__f_clk/A (sky130_fd_sc_hd__clkbuf_16)
    10    0.030821    0.039003    0.104421   25.283724 ^ clkbuf_3_0__f_clk/X (sky130_fd_sc_hd__clkbuf_16)
                                                         clknet_3_0__leaf_clk (net)
                      0.039004    0.000213   25.283937 ^ _439_/CLK (sky130_fd_sc_hd__dfrtp_2)
                                 -0.250000   25.033937   clock uncertainty
                                  0.000000   25.033937   clock reconvergence pessimism
                                 -0.076212   24.957726   library setup time
                                             24.957726   data required time
---------------------------------------------------------------------------------------------
                                             24.957726   data required time
                                             -2.048525   data arrival time
---------------------------------------------------------------------------------------------
                                             22.909201   slack (MET)


Startpoint: _421_ (rising edge-triggered flip-flop clocked by clk)
Endpoint: _465_ (rising edge-triggered flip-flop clocked by clk)
Path Group: clk
Path Type: max

Fanout         Cap        Slew       Delay        Time   Description
---------------------------------------------------------------------------------------------
                                  0.000000    0.000000   clock clk (rise edge)
                                  0.000000    0.000000   clock source latency
     2    0.019028    0.068483    0.046759    0.046759 ^ clk (in)
                                                         clk (net)
                      0.068490    0.000000    0.046759 ^ clkbuf_0_clk/A (sky130_fd_sc_hd__clkbuf_16)
     8    0.082689    0.076027    0.130394    0.177154 ^ clkbuf_0_clk/X (sky130_fd_sc_hd__clkbuf_16)
                                                         clknet_0_clk (net)
                      0.076150    0.002437    0.179590 ^ clkbuf_3_2__f_clk/A (sky130_fd_sc_hd__clkbuf_16)
    10    0.034239    0.041502    0.106387    0.285978 ^ clkbuf_3_2__f_clk/X (sky130_fd_sc_hd__clkbuf_16)
                                                         clknet_3_2__leaf_clk (net)
                      0.041502    0.000230    0.286208 ^ _421_/CLK (sky130_fd_sc_hd__dfrtp_2)
     2    0.012666    0.057352    0.239380    0.525588 ^ _421_/Q (sky130_fd_sc_hd__dfrtp_2)
                                                         TOP.top_rng_inst.ecstate.rollover_flag (net)
                      0.057352    0.000098    0.525686 ^ fanout33/A (sky130_fd_sc_hd__clkdlybuf4s25_1)
    21    0.050404    0.377329    0.407708    0.933394 ^ fanout33/X (sky130_fd_sc_hd__clkdlybuf4s25_1)
                                                         net33 (net)
                      0.377329    0.000122    0.933515 ^ _379_/A_N (sky130_fd_sc_hd__and2b_2)
     2    0.011045    0.040350    0.159587    1.093102 v _379_/X (sky130_fd_sc_hd__and2b_2)
                                                         _173_ (net)
                      0.040350    0.000146    1.093248 v fanout21/A (sky130_fd_sc_hd__clkdlybuf4s25_1)
    21    0.056124    0.281731    0.358788    1.452036 v fanout21/X (sky130_fd_sc_hd__clkdlybuf4s25_1)
                                                         net21 (net)
                      0.281743    0.002004    1.454040 v _400_/B1 (sky130_fd_sc_hd__a221o_2)
     1    0.002379    0.030782    0.234699    1.688739 v _400_/X (sky130_fd_sc_hd__a221o_2)
                                                         _033_ (net)
                      0.030782    0.000024    1.688763 v hold152/A (sky130_fd_sc_hd__dlygate4sd3_1)
     1    0.002813    0.038150    0.359907    2.048669 v hold152/X (sky130_fd_sc_hd__dlygate4sd3_1)
                                                         net152 (net)
                      0.038150    0.000029    2.048698 v _465_/D (sky130_fd_sc_hd__dfrtp_2)
                                              2.048698   data arrival time

                                 25.000000   25.000000   clock clk (rise edge)
                                  0.000000   25.000000   clock source latency
     2    0.019028    0.068483    0.046759   25.046759 ^ clk (in)
                                                         clk (net)
                      0.068490    0.000000   25.046759 ^ clkbuf_0_clk/A (sky130_fd_sc_hd__clkbuf_16)
     8    0.082689    0.076027    0.130395   25.177153 ^ clkbuf_0_clk/X (sky130_fd_sc_hd__clkbuf_16)
                                                         clknet_0_clk (net)
                      0.076122    0.002149   25.179302 ^ clkbuf_3_0__f_clk/A (sky130_fd_sc_hd__clkbuf_16)
    10    0.030821    0.039003    0.104421   25.283724 ^ clkbuf_3_0__f_clk/X (sky130_fd_sc_hd__clkbuf_16)
                                                         clknet_3_0__leaf_clk (net)
                      0.039005    0.000261   25.283985 ^ _465_/CLK (sky130_fd_sc_hd__dfrtp_2)
                                 -0.250000   25.033987   clock uncertainty
                                  0.000000   25.033987   clock reconvergence pessimism
                                 -0.075187   24.958797   library setup time
                                             24.958797   data required time
---------------------------------------------------------------------------------------------
                                             24.958797   data required time
                                             -2.048698   data arrival time
---------------------------------------------------------------------------------------------
                                             22.910101   slack (MET)


Startpoint: _432_ (rising edge-triggered flip-flop clocked by clk)
Endpoint: _443_ (rising edge-triggered flip-flop clocked by clk)
Path Group: clk
Path Type: max

Fanout         Cap        Slew       Delay        Time   Description
---------------------------------------------------------------------------------------------
                                  0.000000    0.000000   clock clk (rise edge)
                                  0.000000    0.000000   clock source latency
     2    0.019028    0.068483    0.046759    0.046759 ^ clk (in)
                                                         clk (net)
                      0.068490    0.000000    0.046759 ^ clkbuf_0_clk/A (sky130_fd_sc_hd__clkbuf_16)
     8    0.082689    0.076027    0.130394    0.177154 ^ clkbuf_0_clk/X (sky130_fd_sc_hd__clkbuf_16)
                                                         clknet_0_clk (net)
                      0.076071    0.001472    0.178626 ^ clkbuf_3_5__f_clk/A (sky130_fd_sc_hd__clkbuf_16)
    10    0.033004    0.040634    0.105621    0.284247 ^ clkbuf_3_5__f_clk/X (sky130_fd_sc_hd__clkbuf_16)
                                                         clknet_3_5__leaf_clk (net)
                      0.040636    0.000606    0.284853 ^ _432_/CLK (sky130_fd_sc_hd__dfstp_2)
     1    0.002803    0.026162    0.301688    0.586541 ^ _432_/Q (sky130_fd_sc_hd__dfstp_2)
                                                         TOP.top_rng_inst.display.datas[0] (net)
                      0.026162    0.000027    0.586568 ^ fanout32/A (sky130_fd_sc_hd__clkdlybuf4s25_1)
     7    0.035836    0.270935    0.324962    0.911530 ^ fanout32/X (sky130_fd_sc_hd__clkdlybuf4s25_1)
                                                         net32 (net)
                      0.270935    0.000393    0.911923 ^ fanout31/A (sky130_fd_sc_hd__clkdlybuf4s25_1)
    10    0.038947    0.294050    0.375035    1.286957 ^ fanout31/X (sky130_fd_sc_hd__clkdlybuf4s25_1)
                                                         net31 (net)
                      0.294050    0.000785    1.287742 ^ _290_/S0 (sky130_fd_sc_hd__mux4_2)
     2    0.012421    0.080657    0.345112    1.632854 v _290_/X (sky130_fd_sc_hd__mux4_2)
                                                         _105_ (net)
                      0.080657    0.000290    1.633144 v _291_/B (sky130_fd_sc_hd__nand2_2)
     2    0.010447    0.057965    0.080316    1.713460 ^ _291_/Y (sky130_fd_sc_hd__nand2_2)
                                                         _106_ (net)
                      0.057965    0.000082    1.713542 ^ _339_/A1 (sky130_fd_sc_hd__o22ai_2)
     1    0.011327    0.041055    0.054192    1.767734 v _339_/Y (sky130_fd_sc_hd__o22ai_2)
                                                         _146_ (net)
                      0.041056    0.000277    1.768011 v _341_/A (sky130_fd_sc_hd__xnor2_2)
     1    0.002722    0.037287    0.086017    1.854028 v _341_/Y (sky130_fd_sc_hd__xnor2_2)
                                                         _148_ (net)
                      0.037287    0.000030    1.854057 v _342_/A1 (sky130_fd_sc_hd__mux2_1)
     1    0.002755    0.039650    0.147792    2.001849 v _342_/X (sky130_fd_sc_hd__mux2_1)
                                                         _011_ (net)
                      0.039650    0.000027    2.001877 v _443_/D (sky130_fd_sc_hd__dfrtp_2)
                                              2.001877   data arrival time

                                 25.000000   25.000000   clock clk (rise edge)
                                  0.000000   25.000000   clock source latency
     2    0.019028    0.068483    0.046759   25.046759 ^ clk (in)
                                                         clk (net)
                      0.068490    0.000000   25.046759 ^ clkbuf_0_clk/A (sky130_fd_sc_hd__clkbuf_16)
     8    0.082689    0.076027    0.130395   25.177153 ^ clkbuf_0_clk/X (sky130_fd_sc_hd__clkbuf_16)
                                                         clknet_0_clk (net)
                      0.076073    0.001503   25.178656 ^ clkbuf_3_4__f_clk/A (sky130_fd_sc_hd__clkbuf_16)
     9    0.031098    0.039291    0.104588   25.283245 ^ clkbuf_3_4__f_clk/X (sky130_fd_sc_hd__clkbuf_16)
                                                         clknet_3_4__leaf_clk (net)
                      0.039292    0.000297   25.283541 ^ _443_/CLK (sky130_fd_sc_hd__dfrtp_2)
                                 -0.250000   25.033543   clock uncertainty
                                  0.000000   25.033543   clock reconvergence pessimism
                                 -0.075695   24.957848   library setup time
                                             24.957848   data required time
---------------------------------------------------------------------------------------------
                                             24.957848   data required time
                                             -2.001877   data arrival time
---------------------------------------------------------------------------------------------
                                             22.955973   slack (MET)


Startpoint: _432_ (rising edge-triggered flip-flop clocked by clk)
Endpoint: _441_ (rising edge-triggered flip-flop clocked by clk)
Path Group: clk
Path Type: max

Fanout         Cap        Slew       Delay        Time   Description
---------------------------------------------------------------------------------------------
                                  0.000000    0.000000   clock clk (rise edge)
                                  0.000000    0.000000   clock source latency
     2    0.019028    0.068483    0.046759    0.046759 ^ clk (in)
                                                         clk (net)
                      0.068490    0.000000    0.046759 ^ clkbuf_0_clk/A (sky130_fd_sc_hd__clkbuf_16)
     8    0.082689    0.076027    0.130394    0.177154 ^ clkbuf_0_clk/X (sky130_fd_sc_hd__clkbuf_16)
                                                         clknet_0_clk (net)
                      0.076071    0.001472    0.178626 ^ clkbuf_3_5__f_clk/A (sky130_fd_sc_hd__clkbuf_16)
    10    0.033004    0.040634    0.105621    0.284247 ^ clkbuf_3_5__f_clk/X (sky130_fd_sc_hd__clkbuf_16)
                                                         clknet_3_5__leaf_clk (net)
                      0.040636    0.000606    0.284853 ^ _432_/CLK (sky130_fd_sc_hd__dfstp_2)
     1    0.002803    0.026162    0.301688    0.586541 ^ _432_/Q (sky130_fd_sc_hd__dfstp_2)
                                                         TOP.top_rng_inst.display.datas[0] (net)
                      0.026162    0.000027    0.586568 ^ fanout32/A (sky130_fd_sc_hd__clkdlybuf4s25_1)
     7    0.035836    0.270935    0.324962    0.911530 ^ fanout32/X (sky130_fd_sc_hd__clkdlybuf4s25_1)
                                                         net32 (net)
                      0.270935    0.000393    0.911923 ^ fanout31/A (sky130_fd_sc_hd__clkdlybuf4s25_1)
    10    0.038947    0.294050    0.375035    1.286957 ^ fanout31/X (sky130_fd_sc_hd__clkdlybuf4s25_1)
                                                         net31 (net)
                      0.294050    0.000712    1.287670 ^ _277_/S (sky130_fd_sc_hd__mux2_1)
     2    0.007510    0.056229    0.214991    1.502660 v _277_/X (sky130_fd_sc_hd__mux2_1)
                                                         _094_ (net)
                      0.056229    0.000087    1.502747 v _278_/C (sky130_fd_sc_hd__and3_2)
     2    0.009848    0.039985    0.153404    1.656150 v _278_/X (sky130_fd_sc_hd__and3_2)
                                                         _095_ (net)
                      0.039985    0.000085    1.656236 v _333_/B2 (sky130_fd_sc_hd__a32o_2)
     1    0.008588    0.034563    0.107152    1.763387 v _333_/X (sky130_fd_sc_hd__a32o_2)
                                                         _142_ (net)
                      0.034563    0.000093    1.763481 v _334_/B (sky130_fd_sc_hd__xor2_2)
     1    0.002520    0.029019    0.084449    1.847930 v _334_/X (sky130_fd_sc_hd__xor2_2)
                                                         _143_ (net)
                      0.029019    0.000027    1.847956 v _335_/A1 (sky130_fd_sc_hd__mux2_1)
     1    0.002875    0.040087    0.146223    1.994179 v _335_/X (sky130_fd_sc_hd__mux2_1)
                                                         _009_ (net)
                      0.040087    0.000031    1.994210 v _441_/D (sky130_fd_sc_hd__dfrtp_2)
                                              1.994210   data arrival time

                                 25.000000   25.000000   clock clk (rise edge)
                                  0.000000   25.000000   clock source latency
     2    0.019028    0.068483    0.046759   25.046759 ^ clk (in)
                                                         clk (net)
                      0.068490    0.000000   25.046759 ^ clkbuf_0_clk/A (sky130_fd_sc_hd__clkbuf_16)
     8    0.082689    0.076027    0.130395   25.177153 ^ clkbuf_0_clk/X (sky130_fd_sc_hd__clkbuf_16)
                                                         clknet_0_clk (net)
                      0.076116    0.002077   25.179230 ^ clkbuf_3_1__f_clk/A (sky130_fd_sc_hd__clkbuf_16)
    10    0.035455    0.042282    0.106940   25.286171 ^ clkbuf_3_1__f_clk/X (sky130_fd_sc_hd__clkbuf_16)
                                                         clknet_3_1__leaf_clk (net)
                      0.042283    0.000171   25.286341 ^ _441_/CLK (sky130_fd_sc_hd__dfrtp_2)
                                 -0.250000   25.036343   clock uncertainty
                                  0.000000   25.036343   clock reconvergence pessimism
                                 -0.075563   24.960779   library setup time
                                             24.960779   data required time
---------------------------------------------------------------------------------------------
                                             24.960779   data required time
                                             -1.994210   data arrival time
---------------------------------------------------------------------------------------------
                                             22.966570   slack (MET)


Startpoint: _432_ (rising edge-triggered flip-flop clocked by clk)
Endpoint: _434_ (rising edge-triggered flip-flop clocked by clk)
Path Group: clk
Path Type: max

Fanout         Cap        Slew       Delay        Time   Description
---------------------------------------------------------------------------------------------
                                  0.000000    0.000000   clock clk (rise edge)
                                  0.000000    0.000000   clock source latency
     2    0.019028    0.068483    0.046759    0.046759 ^ clk (in)
                                                         clk (net)
                      0.068490    0.000000    0.046759 ^ clkbuf_0_clk/A (sky130_fd_sc_hd__clkbuf_16)
     8    0.082689    0.076027    0.130394    0.177154 ^ clkbuf_0_clk/X (sky130_fd_sc_hd__clkbuf_16)
                                                         clknet_0_clk (net)
                      0.076071    0.001472    0.178626 ^ clkbuf_3_5__f_clk/A (sky130_fd_sc_hd__clkbuf_16)
    10    0.033004    0.040634    0.105621    0.284247 ^ clkbuf_3_5__f_clk/X (sky130_fd_sc_hd__clkbuf_16)
                                                         clknet_3_5__leaf_clk (net)
                      0.040636    0.000606    0.284853 ^ _432_/CLK (sky130_fd_sc_hd__dfstp_2)
     1    0.002803    0.026162    0.301688    0.586541 ^ _432_/Q (sky130_fd_sc_hd__dfstp_2)
                                                         TOP.top_rng_inst.display.datas[0] (net)
                      0.026162    0.000027    0.586568 ^ fanout32/A (sky130_fd_sc_hd__clkdlybuf4s25_1)
     7    0.035836    0.270935    0.324962    0.911530 ^ fanout32/X (sky130_fd_sc_hd__clkdlybuf4s25_1)
                                                         net32 (net)
                      0.270935    0.000393    0.911923 ^ fanout31/A (sky130_fd_sc_hd__clkdlybuf4s25_1)
    10    0.038947    0.294050    0.375035    1.286957 ^ fanout31/X (sky130_fd_sc_hd__clkdlybuf4s25_1)
                                                         net31 (net)
                      0.294050    0.000695    1.287652 ^ _283_/S (sky130_fd_sc_hd__mux2_1)
     2    0.009269    0.070420    0.142146    1.429798 ^ _283_/X (sky130_fd_sc_hd__mux2_1)
                                                         _099_ (net)
                      0.070420    0.000141    1.429940 ^ _285_/A2 (sky130_fd_sc_hd__a21oi_2)
     2    0.007637    0.040521    0.043276    1.473216 v _285_/Y (sky130_fd_sc_hd__a21oi_2)
                                                         _101_ (net)
                      0.040521    0.000119    1.473335 v _286_/C (sky130_fd_sc_hd__or3_2)
     1    0.009520    0.065327    0.252033    1.725367 v _286_/X (sky130_fd_sc_hd__or3_2)
                                                         _102_ (net)
                      0.065327    0.000127    1.725494 v _288_/A (sky130_fd_sc_hd__xnor2_2)
     1    0.002927    0.030087    0.096423    1.821917 v _288_/Y (sky130_fd_sc_hd__xnor2_2)
                                                         _104_ (net)
                      0.030087    0.000033    1.821950 v _289_/A1 (sky130_fd_sc_hd__mux2_1)
     1    0.002795    0.038198    0.146037    1.967987 v _289_/X (sky130_fd_sc_hd__mux2_1)
                                                         _002_ (net)
                      0.038198    0.000026    1.968013 v _434_/D (sky130_fd_sc_hd__dfstp_2)
                                              1.968013   data arrival time

                                 25.000000   25.000000   clock clk (rise edge)
                                  0.000000   25.000000   clock source latency
     2    0.019028    0.068483    0.046759   25.046759 ^ clk (in)
                                                         clk (net)
                      0.068490    0.000000   25.046759 ^ clkbuf_0_clk/A (sky130_fd_sc_hd__clkbuf_16)
     8    0.082689    0.076027    0.130395   25.177153 ^ clkbuf_0_clk/X (sky130_fd_sc_hd__clkbuf_16)
                                                         clknet_0_clk (net)
                      0.076073    0.001503   25.178656 ^ clkbuf_3_4__f_clk/A (sky130_fd_sc_hd__clkbuf_16)
     9    0.031098    0.039291    0.104588   25.283245 ^ clkbuf_3_4__f_clk/X (sky130_fd_sc_hd__clkbuf_16)
                                                         clknet_3_4__leaf_clk (net)
                      0.039292    0.000359   25.283604 ^ _434_/CLK (sky130_fd_sc_hd__dfstp_2)
                                 -0.250000   25.033604   clock uncertainty
                                  0.000000   25.033604   clock reconvergence pessimism
                                 -0.049291   24.984312   library setup time
                                             24.984312   data required time
---------------------------------------------------------------------------------------------
                                             24.984312   data required time
                                             -1.968013   data arrival time
---------------------------------------------------------------------------------------------
                                             23.016298   slack (MET)


Startpoint: _432_ (rising edge-triggered flip-flop clocked by clk)
Endpoint: _442_ (rising edge-triggered flip-flop clocked by clk)
Path Group: clk
Path Type: max

Fanout         Cap        Slew       Delay        Time   Description
---------------------------------------------------------------------------------------------
                                  0.000000    0.000000   clock clk (rise edge)
                                  0.000000    0.000000   clock source latency
     2    0.019028    0.068483    0.046759    0.046759 ^ clk (in)
                                                         clk (net)
                      0.068490    0.000000    0.046759 ^ clkbuf_0_clk/A (sky130_fd_sc_hd__clkbuf_16)
     8    0.082689    0.076027    0.130394    0.177154 ^ clkbuf_0_clk/X (sky130_fd_sc_hd__clkbuf_16)
                                                         clknet_0_clk (net)
                      0.076071    0.001472    0.178626 ^ clkbuf_3_5__f_clk/A (sky130_fd_sc_hd__clkbuf_16)
    10    0.033004    0.040634    0.105621    0.284247 ^ clkbuf_3_5__f_clk/X (sky130_fd_sc_hd__clkbuf_16)
                                                         clknet_3_5__leaf_clk (net)
                      0.040636    0.000606    0.284853 ^ _432_/CLK (sky130_fd_sc_hd__dfstp_2)
     1    0.002803    0.026162    0.301688    0.586541 ^ _432_/Q (sky130_fd_sc_hd__dfstp_2)
                                                         TOP.top_rng_inst.display.datas[0] (net)
                      0.026162    0.000027    0.586568 ^ fanout32/A (sky130_fd_sc_hd__clkdlybuf4s25_1)
     7    0.035836    0.270935    0.324962    0.911530 ^ fanout32/X (sky130_fd_sc_hd__clkdlybuf4s25_1)
                                                         net32 (net)
                      0.270935    0.000393    0.911923 ^ fanout31/A (sky130_fd_sc_hd__clkdlybuf4s25_1)
    10    0.038947    0.294050    0.375035    1.286957 ^ fanout31/X (sky130_fd_sc_hd__clkdlybuf4s25_1)
                                                         net31 (net)
                      0.294050    0.000695    1.287652 ^ _283_/S (sky130_fd_sc_hd__mux2_1)
     2    0.009269    0.070420    0.142146    1.429798 ^ _283_/X (sky130_fd_sc_hd__mux2_1)
                                                         _099_ (net)
                      0.070420    0.000141    1.429940 ^ _285_/A2 (sky130_fd_sc_hd__a21oi_2)
     2    0.007637    0.040521    0.043276    1.473216 v _285_/Y (sky130_fd_sc_hd__a21oi_2)
                                                         _101_ (net)
                      0.040521    0.000155    1.473371 v _336_/A2 (sky130_fd_sc_hd__o32a_2)
     1    0.010307    0.051654    0.227598    1.700969 v _336_/X (sky130_fd_sc_hd__o32a_2)
                                                         _144_ (net)
                      0.051654    0.000219    1.701189 v _337_/B (sky130_fd_sc_hd__xnor2_2)
     1    0.002333    0.028618    0.082922    1.784111 v _337_/Y (sky130_fd_sc_hd__xnor2_2)
                                                         _145_ (net)
                      0.028618    0.000013    1.784124 v _338_/A1 (sky130_fd_sc_hd__mux2_1)
     1    0.002494    0.038601    0.143800    1.927924 v _338_/X (sky130_fd_sc_hd__mux2_1)
                                                         _010_ (net)
                      0.038601    0.000022    1.927946 v _442_/D (sky130_fd_sc_hd__dfrtp_2)
                                              1.927946   data arrival time

                                 25.000000   25.000000   clock clk (rise edge)
                                  0.000000   25.000000   clock source latency
     2    0.019028    0.068483    0.046759   25.046759 ^ clk (in)
                                                         clk (net)
                      0.068490    0.000000   25.046759 ^ clkbuf_0_clk/A (sky130_fd_sc_hd__clkbuf_16)
     8    0.082689    0.076027    0.130395   25.177153 ^ clkbuf_0_clk/X (sky130_fd_sc_hd__clkbuf_16)
                                                         clknet_0_clk (net)
                      0.076116    0.002077   25.179230 ^ clkbuf_3_1__f_clk/A (sky130_fd_sc_hd__clkbuf_16)
    10    0.035455    0.042282    0.106940   25.286171 ^ clkbuf_3_1__f_clk/X (sky130_fd_sc_hd__clkbuf_16)
                                                         clknet_3_1__leaf_clk (net)
                      0.042283    0.000311   25.286482 ^ _442_/CLK (sky130_fd_sc_hd__dfrtp_2)
                                 -0.250000   25.036482   clock uncertainty
                                  0.000000   25.036482   clock reconvergence pessimism
                                 -0.075032   24.961451   library setup time
                                             24.961451   data required time
---------------------------------------------------------------------------------------------
                                             24.961451   data required time
                                             -1.927946   data arrival time
---------------------------------------------------------------------------------------------
                                             23.033504   slack (MET)


Startpoint: _432_ (rising edge-triggered flip-flop clocked by clk)
Endpoint: _444_ (rising edge-triggered flip-flop clocked by clk)
Path Group: clk
Path Type: max

Fanout         Cap        Slew       Delay        Time   Description
---------------------------------------------------------------------------------------------
                                  0.000000    0.000000   clock clk (rise edge)
                                  0.000000    0.000000   clock source latency
     2    0.019028    0.068483    0.046759    0.046759 ^ clk (in)
                                                         clk (net)
                      0.068490    0.000000    0.046759 ^ clkbuf_0_clk/A (sky130_fd_sc_hd__clkbuf_16)
     8    0.082689    0.076027    0.130394    0.177154 ^ clkbuf_0_clk/X (sky130_fd_sc_hd__clkbuf_16)
                                                         clknet_0_clk (net)
                      0.076071    0.001472    0.178626 ^ clkbuf_3_5__f_clk/A (sky130_fd_sc_hd__clkbuf_16)
    10    0.033004    0.040634    0.105621    0.284247 ^ clkbuf_3_5__f_clk/X (sky130_fd_sc_hd__clkbuf_16)
                                                         clknet_3_5__leaf_clk (net)
                      0.040636    0.000606    0.284853 ^ _432_/CLK (sky130_fd_sc_hd__dfstp_2)
     1    0.002803    0.026162    0.301688    0.586541 ^ _432_/Q (sky130_fd_sc_hd__dfstp_2)
                                                         TOP.top_rng_inst.display.datas[0] (net)
                      0.026162    0.000027    0.586568 ^ fanout32/A (sky130_fd_sc_hd__clkdlybuf4s25_1)
     7    0.035836    0.270935    0.324962    0.911530 ^ fanout32/X (sky130_fd_sc_hd__clkdlybuf4s25_1)
                                                         net32 (net)
                      0.270935    0.000393    0.911923 ^ fanout31/A (sky130_fd_sc_hd__clkdlybuf4s25_1)
    10    0.038947    0.294050    0.375035    1.286957 ^ fanout31/X (sky130_fd_sc_hd__clkdlybuf4s25_1)
                                                         net31 (net)
                      0.294050    0.000279    1.287236 ^ _273_/A (sky130_fd_sc_hd__nor3b_2)
     3    0.012677    0.082488    0.058351    1.345587 v _273_/Y (sky130_fd_sc_hd__nor3b_2)
                                                         _091_ (net)
                      0.082488    0.000179    1.345766 v _299_/A0 (sky130_fd_sc_hd__mux2_1)
     2    0.008910    0.062275    0.187980    1.533746 v _299_/X (sky130_fd_sc_hd__mux2_1)
                                                         _113_ (net)
                      0.062275    0.000113    1.533859 v _343_/B2 (sky130_fd_sc_hd__a32o_2)
     1    0.011451    0.040140    0.121482    1.655340 v _343_/X (sky130_fd_sc_hd__a32o_2)
                                                         _149_ (net)
                      0.040141    0.000292    1.655632 v _345_/A (sky130_fd_sc_hd__xnor2_2)
     1    0.002806    0.029781    0.085902    1.741534 v _345_/Y (sky130_fd_sc_hd__xnor2_2)
                                                         _151_ (net)
                      0.029781    0.000031    1.741565 v _346_/A1 (sky130_fd_sc_hd__mux2_1)
     1    0.002561    0.038781    0.144527    1.886092 v _346_/X (sky130_fd_sc_hd__mux2_1)
                                                         _012_ (net)
                      0.038781    0.000024    1.886115 v _444_/D (sky130_fd_sc_hd__dfrtp_2)
                                              1.886115   data arrival time

                                 25.000000   25.000000   clock clk (rise edge)
                                  0.000000   25.000000   clock source latency
     2    0.019028    0.068483    0.046759   25.046759 ^ clk (in)
                                                         clk (net)
                      0.068490    0.000000   25.046759 ^ clkbuf_0_clk/A (sky130_fd_sc_hd__clkbuf_16)
     8    0.082689    0.076027    0.130395   25.177153 ^ clkbuf_0_clk/X (sky130_fd_sc_hd__clkbuf_16)
                                                         clknet_0_clk (net)
                      0.076035    0.000650   25.177803 ^ clkbuf_3_6__f_clk/A (sky130_fd_sc_hd__clkbuf_16)
    10    0.029771    0.038256    0.103675   25.281479 ^ clkbuf_3_6__f_clk/X (sky130_fd_sc_hd__clkbuf_16)
                                                         clknet_3_6__leaf_clk (net)
                      0.038256    0.000078   25.281557 ^ _444_/CLK (sky130_fd_sc_hd__dfrtp_2)
                                 -0.250000   25.031557   clock uncertainty
                                  0.000000   25.031557   clock reconvergence pessimism
                                 -0.075485   24.956074   library setup time
                                             24.956074   data required time
---------------------------------------------------------------------------------------------
                                             24.956074   data required time
                                             -1.886115   data arrival time
---------------------------------------------------------------------------------------------
                                             23.069960   slack (MET)


Startpoint: _432_ (rising edge-triggered flip-flop clocked by clk)
Endpoint: _433_ (rising edge-triggered flip-flop clocked by clk)
Path Group: clk
Path Type: max

Fanout         Cap        Slew       Delay        Time   Description
---------------------------------------------------------------------------------------------
                                  0.000000    0.000000   clock clk (rise edge)
                                  0.000000    0.000000   clock source latency
     2    0.019028    0.068483    0.046759    0.046759 ^ clk (in)
                                                         clk (net)
                      0.068490    0.000000    0.046759 ^ clkbuf_0_clk/A (sky130_fd_sc_hd__clkbuf_16)
     8    0.082689    0.076027    0.130394    0.177154 ^ clkbuf_0_clk/X (sky130_fd_sc_hd__clkbuf_16)
                                                         clknet_0_clk (net)
                      0.076071    0.001472    0.178626 ^ clkbuf_3_5__f_clk/A (sky130_fd_sc_hd__clkbuf_16)
    10    0.033004    0.040634    0.105621    0.284247 ^ clkbuf_3_5__f_clk/X (sky130_fd_sc_hd__clkbuf_16)
                                                         clknet_3_5__leaf_clk (net)
                      0.040636    0.000606    0.284853 ^ _432_/CLK (sky130_fd_sc_hd__dfstp_2)
     1    0.002803    0.026162    0.301688    0.586541 ^ _432_/Q (sky130_fd_sc_hd__dfstp_2)
                                                         TOP.top_rng_inst.display.datas[0] (net)
                      0.026162    0.000027    0.586568 ^ fanout32/A (sky130_fd_sc_hd__clkdlybuf4s25_1)
     7    0.035836    0.270935    0.324962    0.911530 ^ fanout32/X (sky130_fd_sc_hd__clkdlybuf4s25_1)
                                                         net32 (net)
                      0.270935    0.000393    0.911923 ^ fanout31/A (sky130_fd_sc_hd__clkdlybuf4s25_1)
    10    0.038947    0.294050    0.375035    1.286957 ^ fanout31/X (sky130_fd_sc_hd__clkdlybuf4s25_1)
                                                         net31 (net)
                      0.294050    0.000712    1.287670 ^ _277_/S (sky130_fd_sc_hd__mux2_1)
     2    0.007510    0.056229    0.214991    1.502660 v _277_/X (sky130_fd_sc_hd__mux2_1)
                                                         _094_ (net)
                      0.056229    0.000087    1.502747 v _278_/C (sky130_fd_sc_hd__and3_2)
     2    0.009848    0.039985    0.153404    1.656150 v _278_/X (sky130_fd_sc_hd__and3_2)
                                                         _095_ (net)
                      0.039985    0.000103    1.656253 v _279_/B (sky130_fd_sc_hd__nand2b_2)
     1    0.009672    0.053293    0.061205    1.717458 ^ _279_/Y (sky130_fd_sc_hd__nand2b_2)
                                                         _096_ (net)
                      0.053293    0.000105    1.717563 ^ _281_/A (sky130_fd_sc_hd__xnor2_2)
     1    0.002259    0.028438    0.036709    1.754272 v _281_/Y (sky130_fd_sc_hd__xnor2_2)
                                                         _098_ (net)
                      0.028438    0.000021    1.754292 v _282_/A1 (sky130_fd_sc_hd__mux2_1)
     1    0.003028    0.040740    0.146990    1.901282 v _282_/X (sky130_fd_sc_hd__mux2_1)
                                                         _001_ (net)
                      0.040740    0.000032    1.901314 v _433_/D (sky130_fd_sc_hd__dfstp_2)
                                              1.901314   data arrival time

                                 25.000000   25.000000   clock clk (rise edge)
                                  0.000000   25.000000   clock source latency
     2    0.019028    0.068483    0.046759   25.046759 ^ clk (in)
                                                         clk (net)
                      0.068490    0.000000   25.046759 ^ clkbuf_0_clk/A (sky130_fd_sc_hd__clkbuf_16)
     8    0.082689    0.076027    0.130395   25.177153 ^ clkbuf_0_clk/X (sky130_fd_sc_hd__clkbuf_16)
                                                         clknet_0_clk (net)
                      0.076073    0.001503   25.178656 ^ clkbuf_3_4__f_clk/A (sky130_fd_sc_hd__clkbuf_16)
     9    0.031098    0.039291    0.104588   25.283245 ^ clkbuf_3_4__f_clk/X (sky130_fd_sc_hd__clkbuf_16)
                                                         clknet_3_4__leaf_clk (net)
                      0.039293    0.000417   25.283663 ^ _433_/CLK (sky130_fd_sc_hd__dfstp_2)
                                 -0.250000   25.033663   clock uncertainty
                                  0.000000   25.033663   clock reconvergence pessimism
                                 -0.050046   24.983616   library setup time
                                             24.983616   data required time
---------------------------------------------------------------------------------------------
                                             24.983616   data required time
                                             -1.901314   data arrival time
---------------------------------------------------------------------------------------------
                                             23.082302   slack (MET)


Startpoint: _432_ (rising edge-triggered flip-flop clocked by clk)
Endpoint: _435_ (rising edge-triggered flip-flop clocked by clk)
Path Group: clk
Path Type: max

Fanout         Cap        Slew       Delay        Time   Description
---------------------------------------------------------------------------------------------
                                  0.000000    0.000000   clock clk (rise edge)
                                  0.000000    0.000000   clock source latency
     2    0.019028    0.068483    0.046759    0.046759 ^ clk (in)
                                                         clk (net)
                      0.068490    0.000000    0.046759 ^ clkbuf_0_clk/A (sky130_fd_sc_hd__clkbuf_16)
     8    0.082689    0.076027    0.130394    0.177154 ^ clkbuf_0_clk/X (sky130_fd_sc_hd__clkbuf_16)
                                                         clknet_0_clk (net)
                      0.076071    0.001472    0.178626 ^ clkbuf_3_5__f_clk/A (sky130_fd_sc_hd__clkbuf_16)
    10    0.033004    0.040634    0.105621    0.284247 ^ clkbuf_3_5__f_clk/X (sky130_fd_sc_hd__clkbuf_16)
                                                         clknet_3_5__leaf_clk (net)
                      0.040636    0.000606    0.284853 ^ _432_/CLK (sky130_fd_sc_hd__dfstp_2)
     1    0.002803    0.026162    0.301688    0.586541 ^ _432_/Q (sky130_fd_sc_hd__dfstp_2)
                                                         TOP.top_rng_inst.display.datas[0] (net)
                      0.026162    0.000027    0.586568 ^ fanout32/A (sky130_fd_sc_hd__clkdlybuf4s25_1)
     7    0.035836    0.270935    0.324962    0.911530 ^ fanout32/X (sky130_fd_sc_hd__clkdlybuf4s25_1)
                                                         net32 (net)
                      0.270935    0.000393    0.911923 ^ fanout31/A (sky130_fd_sc_hd__clkdlybuf4s25_1)
    10    0.038947    0.294050    0.375035    1.286957 ^ fanout31/X (sky130_fd_sc_hd__clkdlybuf4s25_1)
                                                         net31 (net)
                      0.294050    0.000785    1.287742 ^ _290_/S0 (sky130_fd_sc_hd__mux4_2)
     2    0.012421    0.080657    0.345112    1.632854 v _290_/X (sky130_fd_sc_hd__mux4_2)
                                                         _105_ (net)
                      0.080657    0.000290    1.633144 v _291_/B (sky130_fd_sc_hd__nand2_2)
     2    0.010447    0.057965    0.080316    1.713460 ^ _291_/Y (sky130_fd_sc_hd__nand2_2)
                                                         _106_ (net)
                      0.057965    0.000101    1.713562 ^ _292_/A2 (sky130_fd_sc_hd__a21oi_2)
     1    0.008780    0.100937    0.043908    1.757469 v _292_/Y (sky130_fd_sc_hd__a21oi_2)
                                                         _107_ (net)
                      0.100937    0.000089    1.757558 v _294_/A (sky130_fd_sc_hd__xnor2_2)
     1    0.002588    0.035389    0.110153    1.867711 v _294_/Y (sky130_fd_sc_hd__xnor2_2)
                                                         _003_ (net)
                      0.035389    0.000012    1.867724 v _435_/D (sky130_fd_sc_hd__dfstp_2)
                                              1.867724   data arrival time

                                 25.000000   25.000000   clock clk (rise edge)
                                  0.000000   25.000000   clock source latency
     2    0.019028    0.068483    0.046759   25.046759 ^ clk (in)
                                                         clk (net)
                      0.068490    0.000000   25.046759 ^ clkbuf_0_clk/A (sky130_fd_sc_hd__clkbuf_16)
     8    0.082689    0.076027    0.130395   25.177153 ^ clkbuf_0_clk/X (sky130_fd_sc_hd__clkbuf_16)
                                                         clknet_0_clk (net)
                      0.076073    0.001503   25.178656 ^ clkbuf_3_4__f_clk/A (sky130_fd_sc_hd__clkbuf_16)
     9    0.031098    0.039291    0.104588   25.283245 ^ clkbuf_3_4__f_clk/X (sky130_fd_sc_hd__clkbuf_16)
                                                         clknet_3_4__leaf_clk (net)
                      0.039292    0.000211   25.283457 ^ _435_/CLK (sky130_fd_sc_hd__dfstp_2)
                                 -0.250000   25.033457   clock uncertainty
                                  0.000000   25.033457   clock reconvergence pessimism
                                 -0.048457   24.985001   library setup time
                                             24.985001   data required time
---------------------------------------------------------------------------------------------
                                             24.985001   data required time
                                             -1.867724   data arrival time
---------------------------------------------------------------------------------------------
                                             23.117275   slack (MET)


Startpoint: _432_ (rising edge-triggered flip-flop clocked by clk)
Endpoint: _432_ (rising edge-triggered flip-flop clocked by clk)
Path Group: clk
Path Type: max

Fanout         Cap        Slew       Delay        Time   Description
---------------------------------------------------------------------------------------------
                                  0.000000    0.000000   clock clk (rise edge)
                                  0.000000    0.000000   clock source latency
     2    0.019028    0.068483    0.046759    0.046759 ^ clk (in)
                                                         clk (net)
                      0.068490    0.000000    0.046759 ^ clkbuf_0_clk/A (sky130_fd_sc_hd__clkbuf_16)
     8    0.082689    0.076027    0.130394    0.177154 ^ clkbuf_0_clk/X (sky130_fd_sc_hd__clkbuf_16)
                                                         clknet_0_clk (net)
                      0.076071    0.001472    0.178626 ^ clkbuf_3_5__f_clk/A (sky130_fd_sc_hd__clkbuf_16)
    10    0.033004    0.040634    0.105621    0.284247 ^ clkbuf_3_5__f_clk/X (sky130_fd_sc_hd__clkbuf_16)
                                                         clknet_3_5__leaf_clk (net)
                      0.040636    0.000606    0.284853 ^ _432_/CLK (sky130_fd_sc_hd__dfstp_2)
     1    0.002577    0.015265    0.222178    0.507031 v _432_/Q (sky130_fd_sc_hd__dfstp_2)
                                                         TOP.top_rng_inst.display.datas[0] (net)
                      0.015265    0.000025    0.507056 v fanout32/A (sky130_fd_sc_hd__clkdlybuf4s25_1)
     7    0.034639    0.177277    0.271822    0.778878 v fanout32/X (sky130_fd_sc_hd__clkdlybuf4s25_1)
                                                         net32 (net)
                      0.177277    0.000378    0.779256 v fanout31/A (sky130_fd_sc_hd__clkdlybuf4s25_1)
    10    0.036799    0.187860    0.334601    1.113857 v fanout31/X (sky130_fd_sc_hd__clkdlybuf4s25_1)
                                                         net31 (net)
                      0.187860    0.000263    1.114120 v _273_/A (sky130_fd_sc_hd__nor3b_2)
     3    0.013127    0.193072    0.239253    1.353373 ^ _273_/Y (sky130_fd_sc_hd__nor3b_2)
                                                         _091_ (net)
                      0.193072    0.000195    1.353568 ^ _274_/C_N (sky130_fd_sc_hd__or3b_2)
     1    0.008939    0.064611    0.274569    1.628138 v _274_/X (sky130_fd_sc_hd__or3b_2)
                                                         _092_ (net)
                      0.064611    0.000106    1.628244 v _275_/B (sky130_fd_sc_hd__xnor2_2)
     1    0.002372    0.028839    0.088074    1.716318 v _275_/Y (sky130_fd_sc_hd__xnor2_2)
                                                         _093_ (net)
                      0.028839    0.000023    1.716341 v _276_/A1 (sky130_fd_sc_hd__mux2_1)
     1    0.003100    0.041054    0.147543    1.863883 v _276_/X (sky130_fd_sc_hd__mux2_1)
                                                         _000_ (net)
                      0.041054    0.000034    1.863917 v _432_/D (sky130_fd_sc_hd__dfstp_2)
                                              1.863917   data arrival time

                                 25.000000   25.000000   clock clk (rise edge)
                                  0.000000   25.000000   clock source latency
     2    0.019028    0.068483    0.046759   25.046759 ^ clk (in)
                                                         clk (net)
                      0.068490    0.000000   25.046759 ^ clkbuf_0_clk/A (sky130_fd_sc_hd__clkbuf_16)
     8    0.082689    0.076027    0.130395   25.177153 ^ clkbuf_0_clk/X (sky130_fd_sc_hd__clkbuf_16)
                                                         clknet_0_clk (net)
                      0.076071    0.001471   25.178625 ^ clkbuf_3_5__f_clk/A (sky130_fd_sc_hd__clkbuf_16)
    10    0.033004    0.040634    0.105622   25.284246 ^ clkbuf_3_5__f_clk/X (sky130_fd_sc_hd__clkbuf_16)
                                                         clknet_3_5__leaf_clk (net)
                      0.040636    0.000606   25.284853 ^ _432_/CLK (sky130_fd_sc_hd__dfstp_2)
                                 -0.250000   25.034853   clock uncertainty
                                  0.000000   25.034853   clock reconvergence pessimism
                                 -0.050020   24.984833   library setup time
                                             24.984833   data required time
---------------------------------------------------------------------------------------------
                                             24.984833   data required time
                                             -1.863917   data arrival time
---------------------------------------------------------------------------------------------
                                             23.120916   slack (MET)


Startpoint: _432_ (rising edge-triggered flip-flop clocked by clk)
Endpoint: _436_ (rising edge-triggered flip-flop clocked by clk)
Path Group: clk
Path Type: max

Fanout         Cap        Slew       Delay        Time   Description
---------------------------------------------------------------------------------------------
                                  0.000000    0.000000   clock clk (rise edge)
                                  0.000000    0.000000   clock source latency
     2    0.019028    0.068483    0.046759    0.046759 ^ clk (in)
                                                         clk (net)
                      0.068490    0.000000    0.046759 ^ clkbuf_0_clk/A (sky130_fd_sc_hd__clkbuf_16)
     8    0.082689    0.076027    0.130394    0.177154 ^ clkbuf_0_clk/X (sky130_fd_sc_hd__clkbuf_16)
                                                         clknet_0_clk (net)
                      0.076071    0.001472    0.178626 ^ clkbuf_3_5__f_clk/A (sky130_fd_sc_hd__clkbuf_16)
    10    0.033004    0.040634    0.105621    0.284247 ^ clkbuf_3_5__f_clk/X (sky130_fd_sc_hd__clkbuf_16)
                                                         clknet_3_5__leaf_clk (net)
                      0.040636    0.000606    0.284853 ^ _432_/CLK (sky130_fd_sc_hd__dfstp_2)
     1    0.002803    0.026162    0.301688    0.586541 ^ _432_/Q (sky130_fd_sc_hd__dfstp_2)
                                                         TOP.top_rng_inst.display.datas[0] (net)
                      0.026162    0.000027    0.586568 ^ fanout32/A (sky130_fd_sc_hd__clkdlybuf4s25_1)
     7    0.035836    0.270935    0.324962    0.911530 ^ fanout32/X (sky130_fd_sc_hd__clkdlybuf4s25_1)
                                                         net32 (net)
                      0.270935    0.000393    0.911923 ^ fanout31/A (sky130_fd_sc_hd__clkdlybuf4s25_1)
    10    0.038947    0.294050    0.375035    1.286957 ^ fanout31/X (sky130_fd_sc_hd__clkdlybuf4s25_1)
                                                         net31 (net)
                      0.294050    0.000279    1.287236 ^ _273_/A (sky130_fd_sc_hd__nor3b_2)
     3    0.012677    0.082488    0.058351    1.345587 v _273_/Y (sky130_fd_sc_hd__nor3b_2)
                                                         _091_ (net)
                      0.082488    0.000179    1.345766 v _299_/A0 (sky130_fd_sc_hd__mux2_1)
     2    0.008910    0.062275    0.187980    1.533746 v _299_/X (sky130_fd_sc_hd__mux2_1)
                                                         _113_ (net)
                      0.062275    0.000135    1.533880 v _300_/B (sky130_fd_sc_hd__nand2_2)
     1    0.014064    0.067501    0.081954    1.615834 ^ _300_/Y (sky130_fd_sc_hd__nand2_2)
                                                         _114_ (net)
                      0.067531    0.000514    1.616348 ^ _301_/B (sky130_fd_sc_hd__xnor2_2)
     1    0.002710    0.033242    0.032799    1.649147 v _301_/Y (sky130_fd_sc_hd__xnor2_2)
                                                         _115_ (net)
                      0.033242    0.000030    1.649177 v _302_/A1 (sky130_fd_sc_hd__mux2_1)
     1    0.002434    0.036784    0.144716    1.793893 v _302_/X (sky130_fd_sc_hd__mux2_1)
                                                         _004_ (net)
                      0.036784    0.000021    1.793914 v _436_/D (sky130_fd_sc_hd__dfrtp_2)
                                              1.793914   data arrival time

                                 25.000000   25.000000   clock clk (rise edge)
                                  0.000000   25.000000   clock source latency
     2    0.019028    0.068483    0.046759   25.046759 ^ clk (in)
                                                         clk (net)
                      0.068490    0.000000   25.046759 ^ clkbuf_0_clk/A (sky130_fd_sc_hd__clkbuf_16)
     8    0.082689    0.076027    0.130395   25.177153 ^ clkbuf_0_clk/X (sky130_fd_sc_hd__clkbuf_16)
                                                         clknet_0_clk (net)
                      0.076071    0.001471   25.178625 ^ clkbuf_3_5__f_clk/A (sky130_fd_sc_hd__clkbuf_16)
    10    0.033004    0.040634    0.105622   25.284246 ^ clkbuf_3_5__f_clk/X (sky130_fd_sc_hd__clkbuf_16)
                                                         clknet_3_5__leaf_clk (net)
                      0.040634    0.000341   25.284588 ^ _436_/CLK (sky130_fd_sc_hd__dfrtp_2)
                                 -0.250000   25.034588   clock uncertainty
                                  0.000000   25.034588   clock reconvergence pessimism
                                 -0.074543   24.960045   library setup time
                                             24.960045   data required time
---------------------------------------------------------------------------------------------
                                             24.960045   data required time
                                             -1.793914   data arrival time
---------------------------------------------------------------------------------------------
                                             23.166130   slack (MET)


Startpoint: _432_ (rising edge-triggered flip-flop clocked by clk)
Endpoint: _440_ (rising edge-triggered flip-flop clocked by clk)
Path Group: clk
Path Type: max

Fanout         Cap        Slew       Delay        Time   Description
---------------------------------------------------------------------------------------------
                                  0.000000    0.000000   clock clk (rise edge)
                                  0.000000    0.000000   clock source latency
     2    0.019028    0.068483    0.046759    0.046759 ^ clk (in)
                                                         clk (net)
                      0.068490    0.000000    0.046759 ^ clkbuf_0_clk/A (sky130_fd_sc_hd__clkbuf_16)
     8    0.082689    0.076027    0.130394    0.177154 ^ clkbuf_0_clk/X (sky130_fd_sc_hd__clkbuf_16)
                                                         clknet_0_clk (net)
                      0.076071    0.001472    0.178626 ^ clkbuf_3_5__f_clk/A (sky130_fd_sc_hd__clkbuf_16)
    10    0.033004    0.040634    0.105621    0.284247 ^ clkbuf_3_5__f_clk/X (sky130_fd_sc_hd__clkbuf_16)
                                                         clknet_3_5__leaf_clk (net)
                      0.040636    0.000606    0.284853 ^ _432_/CLK (sky130_fd_sc_hd__dfstp_2)
     1    0.002803    0.026162    0.301688    0.586541 ^ _432_/Q (sky130_fd_sc_hd__dfstp_2)
                                                         TOP.top_rng_inst.display.datas[0] (net)
                      0.026162    0.000027    0.586568 ^ fanout32/A (sky130_fd_sc_hd__clkdlybuf4s25_1)
     7    0.035836    0.270935    0.324962    0.911530 ^ fanout32/X (sky130_fd_sc_hd__clkdlybuf4s25_1)
                                                         net32 (net)
                      0.270935    0.000393    0.911923 ^ fanout31/A (sky130_fd_sc_hd__clkdlybuf4s25_1)
    10    0.038947    0.294050    0.375035    1.286957 ^ fanout31/X (sky130_fd_sc_hd__clkdlybuf4s25_1)
                                                         net31 (net)
                      0.294050    0.000279    1.287236 ^ _273_/A (sky130_fd_sc_hd__nor3b_2)
     3    0.012677    0.082488    0.058351    1.345587 v _273_/Y (sky130_fd_sc_hd__nor3b_2)
                                                         _091_ (net)
                      0.082489    0.000186    1.345773 v _328_/A2 (sky130_fd_sc_hd__a32o_2)
     1    0.011812    0.040854    0.172197    1.517971 v _328_/X (sky130_fd_sc_hd__a32o_2)
                                                         _138_ (net)
                      0.040856    0.000356    1.518327 v _330_/A (sky130_fd_sc_hd__xnor2_2)
     1    0.003059    0.030415    0.086925    1.605251 v _330_/Y (sky130_fd_sc_hd__xnor2_2)
                                                         _140_ (net)
                      0.030416    0.000040    1.605291 v _331_/A1 (sky130_fd_sc_hd__mux2_1)
     1    0.002475    0.038552    0.144183    1.749474 v _331_/X (sky130_fd_sc_hd__mux2_1)
                                                         _008_ (net)
                      0.038552    0.000022    1.749495 v _440_/D (sky130_fd_sc_hd__dfrtp_2)
                                              1.749495   data arrival time

                                 25.000000   25.000000   clock clk (rise edge)
                                  0.000000   25.000000   clock source latency
     2    0.019028    0.068483    0.046759   25.046759 ^ clk (in)
                                                         clk (net)
                      0.068490    0.000000   25.046759 ^ clkbuf_0_clk/A (sky130_fd_sc_hd__clkbuf_16)
     8    0.082689    0.076027    0.130395   25.177153 ^ clkbuf_0_clk/X (sky130_fd_sc_hd__clkbuf_16)
                                                         clknet_0_clk (net)
                      0.076148    0.002421   25.179575 ^ clkbuf_3_3__f_clk/A (sky130_fd_sc_hd__clkbuf_16)
    10    0.029599    0.038144    0.103519   25.283094 ^ clkbuf_3_3__f_clk/X (sky130_fd_sc_hd__clkbuf_16)
                                                         clknet_3_3__leaf_clk (net)
                      0.038144    0.000187   25.283279 ^ _440_/CLK (sky130_fd_sc_hd__dfrtp_2)
                                 -0.250000   25.033281   clock uncertainty
                                  0.000000   25.033281   clock reconvergence pessimism
                                 -0.075413   24.957867   library setup time
                                             24.957867   data required time
---------------------------------------------------------------------------------------------
                                             24.957867   data required time
                                             -1.749495   data arrival time
---------------------------------------------------------------------------------------------
                                             23.208372   slack (MET)


Startpoint: _421_ (rising edge-triggered flip-flop clocked by clk)
Endpoint: _456_ (rising edge-triggered flip-flop clocked by clk)
Path Group: clk
Path Type: max

Fanout         Cap        Slew       Delay        Time   Description
---------------------------------------------------------------------------------------------
                                  0.000000    0.000000   clock clk (rise edge)
                                  0.000000    0.000000   clock source latency
     2    0.019028    0.068483    0.046759    0.046759 ^ clk (in)
                                                         clk (net)
                      0.068490    0.000000    0.046759 ^ clkbuf_0_clk/A (sky130_fd_sc_hd__clkbuf_16)
     8    0.082689    0.076027    0.130394    0.177154 ^ clkbuf_0_clk/X (sky130_fd_sc_hd__clkbuf_16)
                                                         clknet_0_clk (net)
                      0.076150    0.002437    0.179590 ^ clkbuf_3_2__f_clk/A (sky130_fd_sc_hd__clkbuf_16)
    10    0.034239    0.041502    0.106387    0.285978 ^ clkbuf_3_2__f_clk/X (sky130_fd_sc_hd__clkbuf_16)
                                                         clknet_3_2__leaf_clk (net)
                      0.041502    0.000230    0.286208 ^ _421_/CLK (sky130_fd_sc_hd__dfrtp_2)
     2    0.012666    0.057352    0.239380    0.525588 ^ _421_/Q (sky130_fd_sc_hd__dfrtp_2)
                                                         TOP.top_rng_inst.ecstate.rollover_flag (net)
                      0.057352    0.000098    0.525686 ^ fanout33/A (sky130_fd_sc_hd__clkdlybuf4s25_1)
    21    0.050404    0.377329    0.407708    0.933394 ^ fanout33/X (sky130_fd_sc_hd__clkdlybuf4s25_1)
                                                         net33 (net)
                      0.377329    0.000122    0.933515 ^ _379_/A_N (sky130_fd_sc_hd__and2b_2)
     2    0.011045    0.040350    0.159587    1.093102 v _379_/X (sky130_fd_sc_hd__and2b_2)
                                                         _173_ (net)
                      0.040350    0.000146    1.093248 v fanout21/A (sky130_fd_sc_hd__clkdlybuf4s25_1)
    21    0.056124    0.281731    0.358788    1.452036 v fanout21/X (sky130_fd_sc_hd__clkdlybuf4s25_1)
                                                         net21 (net)
                      0.281772    0.003314    1.455350 v _380_/B1 (sky130_fd_sc_hd__o21a_2)
     1    0.002835    0.024445    0.159445    1.614795 v _380_/X (sky130_fd_sc_hd__o21a_2)
                                                         _174_ (net)
                      0.024445    0.000029    1.614824 v _382_/A2 (sky130_fd_sc_hd__a21o_2)
     1    0.002821    0.024533    0.125583    1.740407 v _382_/X (sky130_fd_sc_hd__a21o_2)
                                                         _024_ (net)
                      0.024533    0.000030    1.740437 v _456_/D (sky130_fd_sc_hd__dfrtp_2)
                                              1.740437   data arrival time

                                 25.000000   25.000000   clock clk (rise edge)
                                  0.000000   25.000000   clock source latency
     2    0.019028    0.068483    0.046759   25.046759 ^ clk (in)
                                                         clk (net)
                      0.068490    0.000000   25.046759 ^ clkbuf_0_clk/A (sky130_fd_sc_hd__clkbuf_16)
     8    0.082689    0.076027    0.130395   25.177153 ^ clkbuf_0_clk/X (sky130_fd_sc_hd__clkbuf_16)
                                                         clknet_0_clk (net)
                      0.076071    0.001471   25.178625 ^ clkbuf_3_5__f_clk/A (sky130_fd_sc_hd__clkbuf_16)
    10    0.033004    0.040634    0.105622   25.284246 ^ clkbuf_3_5__f_clk/X (sky130_fd_sc_hd__clkbuf_16)
                                                         clknet_3_5__leaf_clk (net)
                      0.040636    0.000576   25.284822 ^ _456_/CLK (sky130_fd_sc_hd__dfrtp_2)
                                 -0.250000   25.034822   clock uncertainty
                                  0.000000   25.034822   clock reconvergence pessimism
                                 -0.070168   24.964655   library setup time
                                             24.964655   data required time
---------------------------------------------------------------------------------------------
                                             24.964655   data required time
                                             -1.740437   data arrival time
---------------------------------------------------------------------------------------------
                                             23.224218   slack (MET)


Startpoint: _421_ (rising edge-triggered flip-flop clocked by clk)
Endpoint: _463_ (rising edge-triggered flip-flop clocked by clk)
Path Group: clk
Path Type: max

Fanout         Cap        Slew       Delay        Time   Description
---------------------------------------------------------------------------------------------
                                  0.000000    0.000000   clock clk (rise edge)
                                  0.000000    0.000000   clock source latency
     2    0.019028    0.068483    0.046759    0.046759 ^ clk (in)
                                                         clk (net)
                      0.068490    0.000000    0.046759 ^ clkbuf_0_clk/A (sky130_fd_sc_hd__clkbuf_16)
     8    0.082689    0.076027    0.130394    0.177154 ^ clkbuf_0_clk/X (sky130_fd_sc_hd__clkbuf_16)
                                                         clknet_0_clk (net)
                      0.076150    0.002437    0.179590 ^ clkbuf_3_2__f_clk/A (sky130_fd_sc_hd__clkbuf_16)
    10    0.034239    0.041502    0.106387    0.285978 ^ clkbuf_3_2__f_clk/X (sky130_fd_sc_hd__clkbuf_16)
                                                         clknet_3_2__leaf_clk (net)
                      0.041502    0.000230    0.286208 ^ _421_/CLK (sky130_fd_sc_hd__dfrtp_2)
     2    0.012666    0.057352    0.239380    0.525588 ^ _421_/Q (sky130_fd_sc_hd__dfrtp_2)
                                                         TOP.top_rng_inst.ecstate.rollover_flag (net)
                      0.057352    0.000098    0.525686 ^ fanout33/A (sky130_fd_sc_hd__clkdlybuf4s25_1)
    21    0.050404    0.377329    0.407708    0.933394 ^ fanout33/X (sky130_fd_sc_hd__clkdlybuf4s25_1)
                                                         net33 (net)
                      0.377329    0.000122    0.933515 ^ _379_/A_N (sky130_fd_sc_hd__and2b_2)
     2    0.011045    0.040350    0.159587    1.093102 v _379_/X (sky130_fd_sc_hd__and2b_2)
                                                         _173_ (net)
                      0.040350    0.000146    1.093248 v fanout21/A (sky130_fd_sc_hd__clkdlybuf4s25_1)
    21    0.056124    0.281731    0.358788    1.452036 v fanout21/X (sky130_fd_sc_hd__clkdlybuf4s25_1)
                                                         net21 (net)
                      0.281732    0.000945    1.452980 v _396_/B1 (sky130_fd_sc_hd__a221o_2)
     1    0.004021    0.034791    0.240738    1.693718 v _396_/X (sky130_fd_sc_hd__a221o_2)
                                                         _031_ (net)
                      0.034791    0.000067    1.693785 v _463_/D (sky130_fd_sc_hd__dfrtp_2)
                                              1.693785   data arrival time

                                 25.000000   25.000000   clock clk (rise edge)
                                  0.000000   25.000000   clock source latency
     2    0.019028    0.068483    0.046759   25.046759 ^ clk (in)
                                                         clk (net)
                      0.068490    0.000000   25.046759 ^ clkbuf_0_clk/A (sky130_fd_sc_hd__clkbuf_16)
     8    0.082689    0.076027    0.130395   25.177153 ^ clkbuf_0_clk/X (sky130_fd_sc_hd__clkbuf_16)
                                                         clknet_0_clk (net)
                      0.076150    0.002435   25.179588 ^ clkbuf_3_2__f_clk/A (sky130_fd_sc_hd__clkbuf_16)
    10    0.034239    0.041502    0.106388   25.285976 ^ clkbuf_3_2__f_clk/X (sky130_fd_sc_hd__clkbuf_16)
                                                         clknet_3_2__leaf_clk (net)
                      0.041503    0.000334   25.286310 ^ _463_/CLK (sky130_fd_sc_hd__dfrtp_2)
                                 -0.250000   25.036312   clock uncertainty
                                  0.000000   25.036312   clock reconvergence pessimism
                                 -0.073747   24.962564   library setup time
                                             24.962564   data required time
---------------------------------------------------------------------------------------------
                                             24.962564   data required time
                                             -1.693785   data arrival time
---------------------------------------------------------------------------------------------
                                             23.268780   slack (MET)


Startpoint: _421_ (rising edge-triggered flip-flop clocked by clk)
Endpoint: _466_ (rising edge-triggered flip-flop clocked by clk)
Path Group: clk
Path Type: max

Fanout         Cap        Slew       Delay        Time   Description
---------------------------------------------------------------------------------------------
                                  0.000000    0.000000   clock clk (rise edge)
                                  0.000000    0.000000   clock source latency
     2    0.019028    0.068483    0.046759    0.046759 ^ clk (in)
                                                         clk (net)
                      0.068490    0.000000    0.046759 ^ clkbuf_0_clk/A (sky130_fd_sc_hd__clkbuf_16)
     8    0.082689    0.076027    0.130394    0.177154 ^ clkbuf_0_clk/X (sky130_fd_sc_hd__clkbuf_16)
                                                         clknet_0_clk (net)
                      0.076150    0.002437    0.179590 ^ clkbuf_3_2__f_clk/A (sky130_fd_sc_hd__clkbuf_16)
    10    0.034239    0.041502    0.106387    0.285978 ^ clkbuf_3_2__f_clk/X (sky130_fd_sc_hd__clkbuf_16)
                                                         clknet_3_2__leaf_clk (net)
                      0.041502    0.000230    0.286208 ^ _421_/CLK (sky130_fd_sc_hd__dfrtp_2)
     2    0.012666    0.057352    0.239380    0.525588 ^ _421_/Q (sky130_fd_sc_hd__dfrtp_2)
                                                         TOP.top_rng_inst.ecstate.rollover_flag (net)
                      0.057352    0.000098    0.525686 ^ fanout33/A (sky130_fd_sc_hd__clkdlybuf4s25_1)
    21    0.050404    0.377329    0.407708    0.933394 ^ fanout33/X (sky130_fd_sc_hd__clkdlybuf4s25_1)
                                                         net33 (net)
                      0.377329    0.000122    0.933515 ^ _379_/A_N (sky130_fd_sc_hd__and2b_2)
     2    0.011045    0.040350    0.159587    1.093102 v _379_/X (sky130_fd_sc_hd__and2b_2)
                                                         _173_ (net)
                      0.040350    0.000146    1.093248 v fanout21/A (sky130_fd_sc_hd__clkdlybuf4s25_1)
    21    0.056124    0.281731    0.358788    1.452036 v fanout21/X (sky130_fd_sc_hd__clkdlybuf4s25_1)
                                                         net21 (net)
                      0.281742    0.001956    1.453992 v _402_/B1 (sky130_fd_sc_hd__a221o_2)
     1    0.003087    0.032444    0.237307    1.691298 v _402_/X (sky130_fd_sc_hd__a221o_2)
                                                         _034_ (net)
                      0.032444    0.000036    1.691334 v _466_/D (sky130_fd_sc_hd__dfrtp_2)
                                              1.691334   data arrival time

                                 25.000000   25.000000   clock clk (rise edge)
                                  0.000000   25.000000   clock source latency
     2    0.019028    0.068483    0.046759   25.046759 ^ clk (in)
                                                         clk (net)
                      0.068490    0.000000   25.046759 ^ clkbuf_0_clk/A (sky130_fd_sc_hd__clkbuf_16)
     8    0.082689    0.076027    0.130395   25.177153 ^ clkbuf_0_clk/X (sky130_fd_sc_hd__clkbuf_16)
                                                         clknet_0_clk (net)
                      0.076073    0.001503   25.178656 ^ clkbuf_3_4__f_clk/A (sky130_fd_sc_hd__clkbuf_16)
     9    0.031098    0.039291    0.104588   25.283245 ^ clkbuf_3_4__f_clk/X (sky130_fd_sc_hd__clkbuf_16)
                                                         clknet_3_4__leaf_clk (net)
                      0.039292    0.000288   25.283533 ^ _466_/CLK (sky130_fd_sc_hd__dfrtp_2)
                                 -0.250000   25.033533   clock uncertainty
                                  0.000000   25.033533   clock reconvergence pessimism
                                 -0.073122   24.960411   library setup time
                                             24.960411   data required time
---------------------------------------------------------------------------------------------
                                             24.960411   data required time
                                             -1.691334   data arrival time
---------------------------------------------------------------------------------------------
                                             23.269075   slack (MET)


Startpoint: _421_ (rising edge-triggered flip-flop clocked by clk)
Endpoint: _459_ (rising edge-triggered flip-flop clocked by clk)
Path Group: clk
Path Type: max

Fanout         Cap        Slew       Delay        Time   Description
---------------------------------------------------------------------------------------------
                                  0.000000    0.000000   clock clk (rise edge)
                                  0.000000    0.000000   clock source latency
     2    0.019028    0.068483    0.046759    0.046759 ^ clk (in)
                                                         clk (net)
                      0.068490    0.000000    0.046759 ^ clkbuf_0_clk/A (sky130_fd_sc_hd__clkbuf_16)
     8    0.082689    0.076027    0.130394    0.177154 ^ clkbuf_0_clk/X (sky130_fd_sc_hd__clkbuf_16)
                                                         clknet_0_clk (net)
                      0.076150    0.002437    0.179590 ^ clkbuf_3_2__f_clk/A (sky130_fd_sc_hd__clkbuf_16)
    10    0.034239    0.041502    0.106387    0.285978 ^ clkbuf_3_2__f_clk/X (sky130_fd_sc_hd__clkbuf_16)
                                                         clknet_3_2__leaf_clk (net)
                      0.041502    0.000230    0.286208 ^ _421_/CLK (sky130_fd_sc_hd__dfrtp_2)
     2    0.012666    0.057352    0.239380    0.525588 ^ _421_/Q (sky130_fd_sc_hd__dfrtp_2)
                                                         TOP.top_rng_inst.ecstate.rollover_flag (net)
                      0.057352    0.000098    0.525686 ^ fanout33/A (sky130_fd_sc_hd__clkdlybuf4s25_1)
    21    0.050404    0.377329    0.407708    0.933394 ^ fanout33/X (sky130_fd_sc_hd__clkdlybuf4s25_1)
                                                         net33 (net)
                      0.377329    0.000122    0.933515 ^ _379_/A_N (sky130_fd_sc_hd__and2b_2)
     2    0.011045    0.040350    0.159587    1.093102 v _379_/X (sky130_fd_sc_hd__and2b_2)
                                                         _173_ (net)
                      0.040350    0.000146    1.093248 v fanout21/A (sky130_fd_sc_hd__clkdlybuf4s25_1)
    21    0.056124    0.281731    0.358788    1.452036 v fanout21/X (sky130_fd_sc_hd__clkdlybuf4s25_1)
                                                         net21 (net)
                      0.281768    0.003188    1.455223 v _388_/B1 (sky130_fd_sc_hd__a221o_2)
     1    0.002599    0.031071    0.235518    1.690741 v _388_/X (sky130_fd_sc_hd__a221o_2)
                                                         _027_ (net)
                      0.031071    0.000026    1.690766 v _459_/D (sky130_fd_sc_hd__dfrtp_2)
                                              1.690766   data arrival time

                                 25.000000   25.000000   clock clk (rise edge)
                                  0.000000   25.000000   clock source latency
     2    0.019028    0.068483    0.046759   25.046759 ^ clk (in)
                                                         clk (net)
                      0.068490    0.000000   25.046759 ^ clkbuf_0_clk/A (sky130_fd_sc_hd__clkbuf_16)
     8    0.082689    0.076027    0.130395   25.177153 ^ clkbuf_0_clk/X (sky130_fd_sc_hd__clkbuf_16)
                                                         clknet_0_clk (net)
                      0.076073    0.001503   25.178656 ^ clkbuf_3_4__f_clk/A (sky130_fd_sc_hd__clkbuf_16)
     9    0.031098    0.039291    0.104588   25.283245 ^ clkbuf_3_4__f_clk/X (sky130_fd_sc_hd__clkbuf_16)
                                                         clknet_3_4__leaf_clk (net)
                      0.039292    0.000259   25.283504 ^ _459_/CLK (sky130_fd_sc_hd__dfrtp_2)
                                 -0.250000   25.033504   clock uncertainty
                                  0.000000   25.033504   clock reconvergence pessimism
                                 -0.072632   24.960873   library setup time
                                             24.960873   data required time
---------------------------------------------------------------------------------------------
                                             24.960873   data required time
                                             -1.690766   data arrival time
---------------------------------------------------------------------------------------------
                                             23.270107   slack (MET)


Startpoint: _421_ (rising edge-triggered flip-flop clocked by clk)
Endpoint: _458_ (rising edge-triggered flip-flop clocked by clk)
Path Group: clk
Path Type: max

Fanout         Cap        Slew       Delay        Time   Description
---------------------------------------------------------------------------------------------
                                  0.000000    0.000000   clock clk (rise edge)
                                  0.000000    0.000000   clock source latency
     2    0.019028    0.068483    0.046759    0.046759 ^ clk (in)
                                                         clk (net)
                      0.068490    0.000000    0.046759 ^ clkbuf_0_clk/A (sky130_fd_sc_hd__clkbuf_16)
     8    0.082689    0.076027    0.130394    0.177154 ^ clkbuf_0_clk/X (sky130_fd_sc_hd__clkbuf_16)
                                                         clknet_0_clk (net)
                      0.076150    0.002437    0.179590 ^ clkbuf_3_2__f_clk/A (sky130_fd_sc_hd__clkbuf_16)
    10    0.034239    0.041502    0.106387    0.285978 ^ clkbuf_3_2__f_clk/X (sky130_fd_sc_hd__clkbuf_16)
                                                         clknet_3_2__leaf_clk (net)
                      0.041502    0.000230    0.286208 ^ _421_/CLK (sky130_fd_sc_hd__dfrtp_2)
     2    0.012666    0.057352    0.239380    0.525588 ^ _421_/Q (sky130_fd_sc_hd__dfrtp_2)
                                                         TOP.top_rng_inst.ecstate.rollover_flag (net)
                      0.057352    0.000098    0.525686 ^ fanout33/A (sky130_fd_sc_hd__clkdlybuf4s25_1)
    21    0.050404    0.377329    0.407708    0.933394 ^ fanout33/X (sky130_fd_sc_hd__clkdlybuf4s25_1)
                                                         net33 (net)
                      0.377329    0.000122    0.933515 ^ _379_/A_N (sky130_fd_sc_hd__and2b_2)
     2    0.011045    0.040350    0.159587    1.093102 v _379_/X (sky130_fd_sc_hd__and2b_2)
                                                         _173_ (net)
                      0.040350    0.000146    1.093248 v fanout21/A (sky130_fd_sc_hd__clkdlybuf4s25_1)
    21    0.056124    0.281731    0.358788    1.452036 v fanout21/X (sky130_fd_sc_hd__clkdlybuf4s25_1)
                                                         net21 (net)
                      0.281761    0.002902    1.454937 v _386_/B1 (sky130_fd_sc_hd__a221o_2)
     1    0.002527    0.031128    0.235250    1.690187 v _386_/X (sky130_fd_sc_hd__a221o_2)
                                                         _026_ (net)
                      0.031128    0.000013    1.690201 v _458_/D (sky130_fd_sc_hd__dfrtp_2)
                                              1.690201   data arrival time

                                 25.000000   25.000000   clock clk (rise edge)
                                  0.000000   25.000000   clock source latency
     2    0.019028    0.068483    0.046759   25.046759 ^ clk (in)
                                                         clk (net)
                      0.068490    0.000000   25.046759 ^ clkbuf_0_clk/A (sky130_fd_sc_hd__clkbuf_16)
     8    0.082689    0.076027    0.130395   25.177153 ^ clkbuf_0_clk/X (sky130_fd_sc_hd__clkbuf_16)
                                                         clknet_0_clk (net)
                      0.076073    0.001503   25.178656 ^ clkbuf_3_4__f_clk/A (sky130_fd_sc_hd__clkbuf_16)
     9    0.031098    0.039291    0.104588   25.283245 ^ clkbuf_3_4__f_clk/X (sky130_fd_sc_hd__clkbuf_16)
                                                         clknet_3_4__leaf_clk (net)
                      0.039292    0.000274   25.283518 ^ _458_/CLK (sky130_fd_sc_hd__dfrtp_2)
                                 -0.250000   25.033520   clock uncertainty
                                  0.000000   25.033520   clock reconvergence pessimism
                                 -0.072652   24.960867   library setup time
                                             24.960867   data required time
---------------------------------------------------------------------------------------------
                                             24.960867   data required time
                                             -1.690201   data arrival time
---------------------------------------------------------------------------------------------
                                             23.270666   slack (MET)


Startpoint: _421_ (rising edge-triggered flip-flop clocked by clk)
Endpoint: _467_ (rising edge-triggered flip-flop clocked by clk)
Path Group: clk
Path Type: max

Fanout         Cap        Slew       Delay        Time   Description
---------------------------------------------------------------------------------------------
                                  0.000000    0.000000   clock clk (rise edge)
                                  0.000000    0.000000   clock source latency
     2    0.019028    0.068483    0.046759    0.046759 ^ clk (in)
                                                         clk (net)
                      0.068490    0.000000    0.046759 ^ clkbuf_0_clk/A (sky130_fd_sc_hd__clkbuf_16)
     8    0.082689    0.076027    0.130394    0.177154 ^ clkbuf_0_clk/X (sky130_fd_sc_hd__clkbuf_16)
                                                         clknet_0_clk (net)
                      0.076150    0.002437    0.179590 ^ clkbuf_3_2__f_clk/A (sky130_fd_sc_hd__clkbuf_16)
    10    0.034239    0.041502    0.106387    0.285978 ^ clkbuf_3_2__f_clk/X (sky130_fd_sc_hd__clkbuf_16)
                                                         clknet_3_2__leaf_clk (net)
                      0.041502    0.000230    0.286208 ^ _421_/CLK (sky130_fd_sc_hd__dfrtp_2)
     2    0.012666    0.057352    0.239380    0.525588 ^ _421_/Q (sky130_fd_sc_hd__dfrtp_2)
                                                         TOP.top_rng_inst.ecstate.rollover_flag (net)
                      0.057352    0.000098    0.525686 ^ fanout33/A (sky130_fd_sc_hd__clkdlybuf4s25_1)
    21    0.050404    0.377329    0.407708    0.933394 ^ fanout33/X (sky130_fd_sc_hd__clkdlybuf4s25_1)
                                                         net33 (net)
                      0.377329    0.000122    0.933515 ^ _379_/A_N (sky130_fd_sc_hd__and2b_2)
     2    0.011045    0.040350    0.159587    1.093102 v _379_/X (sky130_fd_sc_hd__and2b_2)
                                                         _173_ (net)
                      0.040350    0.000146    1.093248 v fanout21/A (sky130_fd_sc_hd__clkdlybuf4s25_1)
    21    0.056124    0.281731    0.358788    1.452036 v fanout21/X (sky130_fd_sc_hd__clkdlybuf4s25_1)
                                                         net21 (net)
                      0.281738    0.001675    1.453710 v _404_/B1 (sky130_fd_sc_hd__a221o_2)
     1    0.002697    0.031528    0.235868    1.689578 v _404_/X (sky130_fd_sc_hd__a221o_2)
                                                         _035_ (net)
                      0.031528    0.000026    1.689604 v _467_/D (sky130_fd_sc_hd__dfrtp_2)
                                              1.689604   data arrival time

                                 25.000000   25.000000   clock clk (rise edge)
                                  0.000000   25.000000   clock source latency
     2    0.019028    0.068483    0.046759   25.046759 ^ clk (in)
                                                         clk (net)
                      0.068490    0.000000   25.046759 ^ clkbuf_0_clk/A (sky130_fd_sc_hd__clkbuf_16)
     8    0.082689    0.076027    0.130395   25.177153 ^ clkbuf_0_clk/X (sky130_fd_sc_hd__clkbuf_16)
                                                         clknet_0_clk (net)
                      0.076148    0.002421   25.179575 ^ clkbuf_3_3__f_clk/A (sky130_fd_sc_hd__clkbuf_16)
    10    0.029599    0.038144    0.103519   25.283094 ^ clkbuf_3_3__f_clk/X (sky130_fd_sc_hd__clkbuf_16)
                                                         clknet_3_3__leaf_clk (net)
                      0.038144    0.000165   25.283258 ^ _467_/CLK (sky130_fd_sc_hd__dfrtp_2)
                                 -0.250000   25.033260   clock uncertainty
                                  0.000000   25.033260   clock reconvergence pessimism
                                 -0.072906   24.960354   library setup time
                                             24.960354   data required time
---------------------------------------------------------------------------------------------
                                             24.960354   data required time
                                             -1.689604   data arrival time
---------------------------------------------------------------------------------------------
                                             23.270752   slack (MET)


Startpoint: _421_ (rising edge-triggered flip-flop clocked by clk)
Endpoint: _457_ (rising edge-triggered flip-flop clocked by clk)
Path Group: clk
Path Type: max

Fanout         Cap        Slew       Delay        Time   Description
---------------------------------------------------------------------------------------------
                                  0.000000    0.000000   clock clk (rise edge)
                                  0.000000    0.000000   clock source latency
     2    0.019028    0.068483    0.046759    0.046759 ^ clk (in)
                                                         clk (net)
                      0.068490    0.000000    0.046759 ^ clkbuf_0_clk/A (sky130_fd_sc_hd__clkbuf_16)
     8    0.082689    0.076027    0.130394    0.177154 ^ clkbuf_0_clk/X (sky130_fd_sc_hd__clkbuf_16)
                                                         clknet_0_clk (net)
                      0.076150    0.002437    0.179590 ^ clkbuf_3_2__f_clk/A (sky130_fd_sc_hd__clkbuf_16)
    10    0.034239    0.041502    0.106387    0.285978 ^ clkbuf_3_2__f_clk/X (sky130_fd_sc_hd__clkbuf_16)
                                                         clknet_3_2__leaf_clk (net)
                      0.041502    0.000230    0.286208 ^ _421_/CLK (sky130_fd_sc_hd__dfrtp_2)
     2    0.012666    0.057352    0.239380    0.525588 ^ _421_/Q (sky130_fd_sc_hd__dfrtp_2)
                                                         TOP.top_rng_inst.ecstate.rollover_flag (net)
                      0.057352    0.000098    0.525686 ^ fanout33/A (sky130_fd_sc_hd__clkdlybuf4s25_1)
    21    0.050404    0.377329    0.407708    0.933394 ^ fanout33/X (sky130_fd_sc_hd__clkdlybuf4s25_1)
                                                         net33 (net)
                      0.377329    0.000122    0.933515 ^ _379_/A_N (sky130_fd_sc_hd__and2b_2)
     2    0.011045    0.040350    0.159587    1.093102 v _379_/X (sky130_fd_sc_hd__and2b_2)
                                                         _173_ (net)
                      0.040350    0.000146    1.093248 v fanout21/A (sky130_fd_sc_hd__clkdlybuf4s25_1)
    21    0.056124    0.281731    0.358788    1.452036 v fanout21/X (sky130_fd_sc_hd__clkdlybuf4s25_1)
                                                         net21 (net)
                      0.281766    0.003087    1.455122 v _384_/B1 (sky130_fd_sc_hd__a221o_2)
     1    0.002428    0.030897    0.234887    1.690009 v _384_/X (sky130_fd_sc_hd__a221o_2)
                                                         _025_ (net)
                      0.030897    0.000021    1.690030 v _457_/D (sky130_fd_sc_hd__dfrtp_2)
                                              1.690030   data arrival time

                                 25.000000   25.000000   clock clk (rise edge)
                                  0.000000   25.000000   clock source latency
     2    0.019028    0.068483    0.046759   25.046759 ^ clk (in)
                                                         clk (net)
                      0.068490    0.000000   25.046759 ^ clkbuf_0_clk/A (sky130_fd_sc_hd__clkbuf_16)
     8    0.082689    0.076027    0.130395   25.177153 ^ clkbuf_0_clk/X (sky130_fd_sc_hd__clkbuf_16)
                                                         clknet_0_clk (net)
                      0.076071    0.001471   25.178625 ^ clkbuf_3_5__f_clk/A (sky130_fd_sc_hd__clkbuf_16)
    10    0.033004    0.040634    0.105622   25.284246 ^ clkbuf_3_5__f_clk/X (sky130_fd_sc_hd__clkbuf_16)
                                                         clknet_3_5__leaf_clk (net)
                      0.040636    0.000576   25.284822 ^ _457_/CLK (sky130_fd_sc_hd__dfrtp_2)
                                 -0.250000   25.034822   clock uncertainty
                                  0.000000   25.034822   clock reconvergence pessimism
                                 -0.072441   24.962383   library setup time
                                             24.962383   data required time
---------------------------------------------------------------------------------------------
                                             24.962383   data required time
                                             -1.690030   data arrival time
---------------------------------------------------------------------------------------------
                                             23.272354   slack (MET)


Startpoint: _421_ (rising edge-triggered flip-flop clocked by clk)
Endpoint: _464_ (rising edge-triggered flip-flop clocked by clk)
Path Group: clk
Path Type: max

Fanout         Cap        Slew       Delay        Time   Description
---------------------------------------------------------------------------------------------
                                  0.000000    0.000000   clock clk (rise edge)
                                  0.000000    0.000000   clock source latency
     2    0.019028    0.068483    0.046759    0.046759 ^ clk (in)
                                                         clk (net)
                      0.068490    0.000000    0.046759 ^ clkbuf_0_clk/A (sky130_fd_sc_hd__clkbuf_16)
     8    0.082689    0.076027    0.130394    0.177154 ^ clkbuf_0_clk/X (sky130_fd_sc_hd__clkbuf_16)
                                                         clknet_0_clk (net)
                      0.076150    0.002437    0.179590 ^ clkbuf_3_2__f_clk/A (sky130_fd_sc_hd__clkbuf_16)
    10    0.034239    0.041502    0.106387    0.285978 ^ clkbuf_3_2__f_clk/X (sky130_fd_sc_hd__clkbuf_16)
                                                         clknet_3_2__leaf_clk (net)
                      0.041502    0.000230    0.286208 ^ _421_/CLK (sky130_fd_sc_hd__dfrtp_2)
     2    0.012666    0.057352    0.239380    0.525588 ^ _421_/Q (sky130_fd_sc_hd__dfrtp_2)
                                                         TOP.top_rng_inst.ecstate.rollover_flag (net)
                      0.057352    0.000098    0.525686 ^ fanout33/A (sky130_fd_sc_hd__clkdlybuf4s25_1)
    21    0.050404    0.377329    0.407708    0.933394 ^ fanout33/X (sky130_fd_sc_hd__clkdlybuf4s25_1)
                                                         net33 (net)
                      0.377329    0.000122    0.933515 ^ _379_/A_N (sky130_fd_sc_hd__and2b_2)
     2    0.011045    0.040350    0.159587    1.093102 v _379_/X (sky130_fd_sc_hd__and2b_2)
                                                         _173_ (net)
                      0.040350    0.000146    1.093248 v fanout21/A (sky130_fd_sc_hd__clkdlybuf4s25_1)
    21    0.056124    0.281731    0.358788    1.452036 v fanout21/X (sky130_fd_sc_hd__clkdlybuf4s25_1)
                                                         net21 (net)
                      0.281731    0.000489    1.452525 v _398_/B1 (sky130_fd_sc_hd__a221o_2)
     1    0.002522    0.031117    0.235220    1.687745 v _398_/X (sky130_fd_sc_hd__a221o_2)
                                                         _032_ (net)
                      0.031117    0.000023    1.687768 v _464_/D (sky130_fd_sc_hd__dfrtp_2)
                                              1.687768   data arrival time

                                 25.000000   25.000000   clock clk (rise edge)
                                  0.000000   25.000000   clock source latency
     2    0.019028    0.068483    0.046759   25.046759 ^ clk (in)
                                                         clk (net)
                      0.068490    0.000000   25.046759 ^ clkbuf_0_clk/A (sky130_fd_sc_hd__clkbuf_16)
     8    0.082689    0.076027    0.130395   25.177153 ^ clkbuf_0_clk/X (sky130_fd_sc_hd__clkbuf_16)
                                                         clknet_0_clk (net)
                      0.076148    0.002421   25.179575 ^ clkbuf_3_3__f_clk/A (sky130_fd_sc_hd__clkbuf_16)
    10    0.029599    0.038144    0.103519   25.283094 ^ clkbuf_3_3__f_clk/X (sky130_fd_sc_hd__clkbuf_16)
                                                         clknet_3_3__leaf_clk (net)
                      0.038144    0.000156   25.283251 ^ _464_/CLK (sky130_fd_sc_hd__dfrtp_2)
                                 -0.250000   25.033251   clock uncertainty
                                  0.000000   25.033251   clock reconvergence pessimism
                                 -0.072759   24.960491   library setup time
                                             24.960491   data required time
---------------------------------------------------------------------------------------------
                                             24.960491   data required time
                                             -1.687768   data arrival time
---------------------------------------------------------------------------------------------
                                             23.272722   slack (MET)


Startpoint: _425_ (rising edge-triggered flip-flop clocked by clk)
Endpoint: _427_ (rising edge-triggered flip-flop clocked by clk)
Path Group: clk
Path Type: max

Fanout         Cap        Slew       Delay        Time   Description
---------------------------------------------------------------------------------------------
                                  0.000000    0.000000   clock clk (rise edge)
                                  0.000000    0.000000   clock source latency
     2    0.019028    0.068483    0.046759    0.046759 ^ clk (in)
                                                         clk (net)
                      0.068490    0.000000    0.046759 ^ clkbuf_0_clk/A (sky130_fd_sc_hd__clkbuf_16)
     8    0.082689    0.076027    0.130394    0.177154 ^ clkbuf_0_clk/X (sky130_fd_sc_hd__clkbuf_16)
                                                         clknet_0_clk (net)
                      0.076150    0.002437    0.179590 ^ clkbuf_3_2__f_clk/A (sky130_fd_sc_hd__clkbuf_16)
    10    0.034239    0.041502    0.106387    0.285978 ^ clkbuf_3_2__f_clk/X (sky130_fd_sc_hd__clkbuf_16)
                                                         clknet_3_2__leaf_clk (net)
                      0.041502    0.000221    0.286199 ^ _425_/CLK (sky130_fd_sc_hd__dfrtp_2)
     2    0.006479    0.037467    0.221545    0.507744 ^ _425_/Q (sky130_fd_sc_hd__dfrtp_2)
                                                         TOP.top_rng_inst.ecstate.count_out[3] (net)
                      0.037467    0.000055    0.507799 ^ hold144/A (sky130_fd_sc_hd__dlygate4sd3_1)
     1    0.004736    0.052308    0.383608    0.891407 ^ hold144/X (sky130_fd_sc_hd__dlygate4sd3_1)
                                                         net144 (net)
                      0.052308    0.000017    0.891425 ^ _192_/A (sky130_fd_sc_hd__inv_2)
     2    0.010585    0.025205    0.029381    0.920805 v _192_/Y (sky130_fd_sc_hd__inv_2)
                                                         _040_ (net)
                      0.025206    0.000132    0.920937 v _199_/A (sky130_fd_sc_hd__nor2_2)
     6    0.018559    0.157119    0.144067    1.065004 ^ _199_/Y (sky130_fd_sc_hd__nor2_2)
                                                         _047_ (net)
                      0.157119    0.000202    1.065206 ^ _200_/B (sky130_fd_sc_hd__and2_2)
     4    0.022324    0.092659    0.156925    1.222130 ^ _200_/X (sky130_fd_sc_hd__and2_2)
                                                         _048_ (net)
                      0.092659    0.000167    1.222297 ^ _210_/A2 (sky130_fd_sc_hd__o21ai_2)
     1    0.005579    0.033089    0.036693    1.258990 v _210_/Y (sky130_fd_sc_hd__o21ai_2)
                                                         _056_ (net)
                      0.033089    0.000055    1.259045 v _211_/B1 (sky130_fd_sc_hd__a21oi_2)
     1    0.001977    0.052524    0.038739    1.297784 ^ _211_/Y (sky130_fd_sc_hd__a21oi_2)
                                                         TOP.top_rng_inst.ecstate.next_count[5] (net)
                      0.052524    0.000008    1.297792 ^ hold115/A (sky130_fd_sc_hd__dlygate4sd3_1)
     1    0.002668    0.036516    0.374563    1.672356 ^ hold115/X (sky130_fd_sc_hd__dlygate4sd3_1)
                                                         net115 (net)
                      0.036516    0.000026    1.672381 ^ _427_/D (sky130_fd_sc_hd__dfrtp_2)
                                              1.672381   data arrival time

                                 25.000000   25.000000   clock clk (rise edge)
                                  0.000000   25.000000   clock source latency
     2    0.019028    0.068483    0.046759   25.046759 ^ clk (in)
                                                         clk (net)
                      0.068490    0.000000   25.046759 ^ clkbuf_0_clk/A (sky130_fd_sc_hd__clkbuf_16)
     8    0.082689    0.076027    0.130395   25.177153 ^ clkbuf_0_clk/X (sky130_fd_sc_hd__clkbuf_16)
                                                         clknet_0_clk (net)
                      0.076150    0.002435   25.179588 ^ clkbuf_3_2__f_clk/A (sky130_fd_sc_hd__clkbuf_16)
    10    0.034239    0.041502    0.106388   25.285976 ^ clkbuf_3_2__f_clk/X (sky130_fd_sc_hd__clkbuf_16)
                                                         clknet_3_2__leaf_clk (net)
                      0.041502    0.000297   25.286274 ^ _427_/CLK (sky130_fd_sc_hd__dfrtp_2)
                                 -0.250000   25.036274   clock uncertainty
                                  0.000000   25.036274   clock reconvergence pessimism
                                 -0.036516   24.999758   library setup time
                                             24.999758   data required time
---------------------------------------------------------------------------------------------
                                             24.999758   data required time
                                             -1.672381   data arrival time
---------------------------------------------------------------------------------------------
                                             23.327375   slack (MET)


Startpoint: _421_ (rising edge-triggered flip-flop clocked by clk)
Endpoint: _469_ (rising edge-triggered flip-flop clocked by clk)
Path Group: clk
Path Type: max

Fanout         Cap        Slew       Delay        Time   Description
---------------------------------------------------------------------------------------------
                                  0.000000    0.000000   clock clk (rise edge)
                                  0.000000    0.000000   clock source latency
     2    0.019028    0.068483    0.046759    0.046759 ^ clk (in)
                                                         clk (net)
                      0.068490    0.000000    0.046759 ^ clkbuf_0_clk/A (sky130_fd_sc_hd__clkbuf_16)
     8    0.082689    0.076027    0.130394    0.177154 ^ clkbuf_0_clk/X (sky130_fd_sc_hd__clkbuf_16)
                                                         clknet_0_clk (net)
                      0.076150    0.002437    0.179590 ^ clkbuf_3_2__f_clk/A (sky130_fd_sc_hd__clkbuf_16)
    10    0.034239    0.041502    0.106387    0.285978 ^ clkbuf_3_2__f_clk/X (sky130_fd_sc_hd__clkbuf_16)
                                                         clknet_3_2__leaf_clk (net)
                      0.041502    0.000230    0.286208 ^ _421_/CLK (sky130_fd_sc_hd__dfrtp_2)
     2    0.012666    0.057352    0.239380    0.525588 ^ _421_/Q (sky130_fd_sc_hd__dfrtp_2)
                                                         TOP.top_rng_inst.ecstate.rollover_flag (net)
                      0.057352    0.000098    0.525686 ^ fanout33/A (sky130_fd_sc_hd__clkdlybuf4s25_1)
    21    0.050404    0.377329    0.407708    0.933394 ^ fanout33/X (sky130_fd_sc_hd__clkdlybuf4s25_1)
                                                         net33 (net)
                      0.377329    0.000122    0.933515 ^ _379_/A_N (sky130_fd_sc_hd__and2b_2)
     2    0.011045    0.040350    0.159587    1.093102 v _379_/X (sky130_fd_sc_hd__and2b_2)
                                                         _173_ (net)
                      0.040352    0.000302    1.093404 v fanout22/A (sky130_fd_sc_hd__clkdlybuf4s25_1)
     6    0.026443    0.137329    0.251588    1.344992 v fanout22/X (sky130_fd_sc_hd__clkdlybuf4s25_1)
                                                         net22 (net)
                      0.137329    0.000351    1.345344 v _408_/B1 (sky130_fd_sc_hd__a221o_2)
     1    0.002564    0.030991    0.190284    1.535628 v _408_/X (sky130_fd_sc_hd__a221o_2)
                                                         _037_ (net)
                      0.030991    0.000024    1.535652 v _469_/D (sky130_fd_sc_hd__dfrtp_2)
                                              1.535652   data arrival time

                                 25.000000   25.000000   clock clk (rise edge)
                                  0.000000   25.000000   clock source latency
     2    0.019028    0.068483    0.046759   25.046759 ^ clk (in)
                                                         clk (net)
                      0.068490    0.000000   25.046759 ^ clkbuf_0_clk/A (sky130_fd_sc_hd__clkbuf_16)
     8    0.082689    0.076027    0.130395   25.177153 ^ clkbuf_0_clk/X (sky130_fd_sc_hd__clkbuf_16)
                                                         clknet_0_clk (net)
                      0.076034    0.000588   25.177742 ^ clkbuf_3_7__f_clk/A (sky130_fd_sc_hd__clkbuf_16)
     9    0.026754    0.036150    0.101654   25.279396 ^ clkbuf_3_7__f_clk/X (sky130_fd_sc_hd__clkbuf_16)
                                                         clknet_3_7__leaf_clk (net)
                      0.036150    0.000107   25.279501 ^ _469_/CLK (sky130_fd_sc_hd__dfrtp_2)
                                 -0.250000   25.029503   clock uncertainty
                                  0.000000   25.029503   clock reconvergence pessimism
                                 -0.072906   24.956598   library setup time
                                             24.956598   data required time
---------------------------------------------------------------------------------------------
                                             24.956598   data required time
                                             -1.535652   data arrival time
---------------------------------------------------------------------------------------------
                                             23.420946   slack (MET)


Startpoint: _421_ (rising edge-triggered flip-flop clocked by clk)
Endpoint: _470_ (rising edge-triggered flip-flop clocked by clk)
Path Group: clk
Path Type: max

Fanout         Cap        Slew       Delay        Time   Description
---------------------------------------------------------------------------------------------
                                  0.000000    0.000000   clock clk (rise edge)
                                  0.000000    0.000000   clock source latency
     2    0.019028    0.068483    0.046759    0.046759 ^ clk (in)
                                                         clk (net)
                      0.068490    0.000000    0.046759 ^ clkbuf_0_clk/A (sky130_fd_sc_hd__clkbuf_16)
     8    0.082689    0.076027    0.130394    0.177154 ^ clkbuf_0_clk/X (sky130_fd_sc_hd__clkbuf_16)
                                                         clknet_0_clk (net)
                      0.076150    0.002437    0.179590 ^ clkbuf_3_2__f_clk/A (sky130_fd_sc_hd__clkbuf_16)
    10    0.034239    0.041502    0.106387    0.285978 ^ clkbuf_3_2__f_clk/X (sky130_fd_sc_hd__clkbuf_16)
                                                         clknet_3_2__leaf_clk (net)
                      0.041502    0.000230    0.286208 ^ _421_/CLK (sky130_fd_sc_hd__dfrtp_2)
     2    0.012666    0.057352    0.239380    0.525588 ^ _421_/Q (sky130_fd_sc_hd__dfrtp_2)
                                                         TOP.top_rng_inst.ecstate.rollover_flag (net)
                      0.057352    0.000098    0.525686 ^ fanout33/A (sky130_fd_sc_hd__clkdlybuf4s25_1)
    21    0.050404    0.377329    0.407708    0.933394 ^ fanout33/X (sky130_fd_sc_hd__clkdlybuf4s25_1)
                                                         net33 (net)
                      0.377329    0.000122    0.933515 ^ _379_/A_N (sky130_fd_sc_hd__and2b_2)
     2    0.011045    0.040350    0.159587    1.093102 v _379_/X (sky130_fd_sc_hd__and2b_2)
                                                         _173_ (net)
                      0.040352    0.000302    1.093404 v fanout22/A (sky130_fd_sc_hd__clkdlybuf4s25_1)
     6    0.026443    0.137329    0.251588    1.344992 v fanout22/X (sky130_fd_sc_hd__clkdlybuf4s25_1)
                                                         net22 (net)
                      0.137331    0.000656    1.345649 v _410_/B1 (sky130_fd_sc_hd__a221o_2)
     1    0.002449    0.030726    0.189868    1.535517 v _410_/X (sky130_fd_sc_hd__a221o_2)
                                                         _038_ (net)
                      0.030726    0.000013    1.535530 v _470_/D (sky130_fd_sc_hd__dfrtp_2)
                                              1.535530   data arrival time

                                 25.000000   25.000000   clock clk (rise edge)
                                  0.000000   25.000000   clock source latency
     2    0.019028    0.068483    0.046759   25.046759 ^ clk (in)
                                                         clk (net)
                      0.068490    0.000000   25.046759 ^ clkbuf_0_clk/A (sky130_fd_sc_hd__clkbuf_16)
     8    0.082689    0.076027    0.130395   25.177153 ^ clkbuf_0_clk/X (sky130_fd_sc_hd__clkbuf_16)
                                                         clknet_0_clk (net)
                      0.076034    0.000588   25.177742 ^ clkbuf_3_7__f_clk/A (sky130_fd_sc_hd__clkbuf_16)
     9    0.026754    0.036150    0.101654   25.279396 ^ clkbuf_3_7__f_clk/X (sky130_fd_sc_hd__clkbuf_16)
                                                         clknet_3_7__leaf_clk (net)
                      0.036150    0.000115   25.279510 ^ _470_/CLK (sky130_fd_sc_hd__dfrtp_2)
                                 -0.250000   25.029512   clock uncertainty
                                  0.000000   25.029512   clock reconvergence pessimism
                                 -0.072811   24.956701   library setup time
                                             24.956701   data required time
---------------------------------------------------------------------------------------------
                                             24.956701   data required time
                                             -1.535530   data arrival time
---------------------------------------------------------------------------------------------
                                             23.421171   slack (MET)


Startpoint: _421_ (rising edge-triggered flip-flop clocked by clk)
Endpoint: _471_ (rising edge-triggered flip-flop clocked by clk)
Path Group: clk
Path Type: max

Fanout         Cap        Slew       Delay        Time   Description
---------------------------------------------------------------------------------------------
                                  0.000000    0.000000   clock clk (rise edge)
                                  0.000000    0.000000   clock source latency
     2    0.019028    0.068483    0.046759    0.046759 ^ clk (in)
                                                         clk (net)
                      0.068490    0.000000    0.046759 ^ clkbuf_0_clk/A (sky130_fd_sc_hd__clkbuf_16)
     8    0.082689    0.076027    0.130394    0.177154 ^ clkbuf_0_clk/X (sky130_fd_sc_hd__clkbuf_16)
                                                         clknet_0_clk (net)
                      0.076150    0.002437    0.179590 ^ clkbuf_3_2__f_clk/A (sky130_fd_sc_hd__clkbuf_16)
    10    0.034239    0.041502    0.106387    0.285978 ^ clkbuf_3_2__f_clk/X (sky130_fd_sc_hd__clkbuf_16)
                                                         clknet_3_2__leaf_clk (net)
                      0.041502    0.000230    0.286208 ^ _421_/CLK (sky130_fd_sc_hd__dfrtp_2)
     2    0.012666    0.057352    0.239380    0.525588 ^ _421_/Q (sky130_fd_sc_hd__dfrtp_2)
                                                         TOP.top_rng_inst.ecstate.rollover_flag (net)
                      0.057352    0.000098    0.525686 ^ fanout33/A (sky130_fd_sc_hd__clkdlybuf4s25_1)
    21    0.050404    0.377329    0.407708    0.933394 ^ fanout33/X (sky130_fd_sc_hd__clkdlybuf4s25_1)
                                                         net33 (net)
                      0.377329    0.000122    0.933515 ^ _379_/A_N (sky130_fd_sc_hd__and2b_2)
     2    0.011045    0.040350    0.159587    1.093102 v _379_/X (sky130_fd_sc_hd__and2b_2)
                                                         _173_ (net)
                      0.040352    0.000302    1.093404 v fanout22/A (sky130_fd_sc_hd__clkdlybuf4s25_1)
     6    0.026443    0.137329    0.251588    1.344992 v fanout22/X (sky130_fd_sc_hd__clkdlybuf4s25_1)
                                                         net22 (net)
                      0.137331    0.000635    1.345627 v _412_/B1 (sky130_fd_sc_hd__a221o_2)
     1    0.002259    0.030288    0.189174    1.534801 v _412_/X (sky130_fd_sc_hd__a221o_2)
                                                         _039_ (net)
                      0.030288    0.000018    1.534819 v _471_/D (sky130_fd_sc_hd__dfrtp_2)
                                              1.534819   data arrival time

                                 25.000000   25.000000   clock clk (rise edge)
                                  0.000000   25.000000   clock source latency
     2    0.019028    0.068483    0.046759   25.046759 ^ clk (in)
                                                         clk (net)
                      0.068490    0.000000   25.046759 ^ clkbuf_0_clk/A (sky130_fd_sc_hd__clkbuf_16)
     8    0.082689    0.076027    0.130395   25.177153 ^ clkbuf_0_clk/X (sky130_fd_sc_hd__clkbuf_16)
                                                         clknet_0_clk (net)
                      0.076034    0.000588   25.177742 ^ clkbuf_3_7__f_clk/A (sky130_fd_sc_hd__clkbuf_16)
     9    0.026754    0.036150    0.101654   25.279396 ^ clkbuf_3_7__f_clk/X (sky130_fd_sc_hd__clkbuf_16)
                                                         clknet_3_7__leaf_clk (net)
                      0.036150    0.000131   25.279528 ^ _471_/CLK (sky130_fd_sc_hd__dfrtp_2)
                                 -0.250000   25.029528   clock uncertainty
                                  0.000000   25.029528   clock reconvergence pessimism
                                 -0.072655   24.956873   library setup time
                                             24.956873   data required time
---------------------------------------------------------------------------------------------
                                             24.956873   data required time
                                             -1.534819   data arrival time
---------------------------------------------------------------------------------------------
                                             23.422052   slack (MET)


Startpoint: _421_ (rising edge-triggered flip-flop clocked by clk)
Endpoint: _462_ (rising edge-triggered flip-flop clocked by clk)
Path Group: clk
Path Type: max

Fanout         Cap        Slew       Delay        Time   Description
---------------------------------------------------------------------------------------------
                                  0.000000    0.000000   clock clk (rise edge)
                                  0.000000    0.000000   clock source latency
     2    0.019028    0.068483    0.046759    0.046759 ^ clk (in)
                                                         clk (net)
                      0.068490    0.000000    0.046759 ^ clkbuf_0_clk/A (sky130_fd_sc_hd__clkbuf_16)
     8    0.082689    0.076027    0.130394    0.177154 ^ clkbuf_0_clk/X (sky130_fd_sc_hd__clkbuf_16)
                                                         clknet_0_clk (net)
                      0.076150    0.002437    0.179590 ^ clkbuf_3_2__f_clk/A (sky130_fd_sc_hd__clkbuf_16)
    10    0.034239    0.041502    0.106387    0.285978 ^ clkbuf_3_2__f_clk/X (sky130_fd_sc_hd__clkbuf_16)
                                                         clknet_3_2__leaf_clk (net)
                      0.041502    0.000230    0.286208 ^ _421_/CLK (sky130_fd_sc_hd__dfrtp_2)
     2    0.012666    0.057352    0.239380    0.525588 ^ _421_/Q (sky130_fd_sc_hd__dfrtp_2)
                                                         TOP.top_rng_inst.ecstate.rollover_flag (net)
                      0.057352    0.000098    0.525686 ^ fanout33/A (sky130_fd_sc_hd__clkdlybuf4s25_1)
    21    0.050404    0.377329    0.407708    0.933394 ^ fanout33/X (sky130_fd_sc_hd__clkdlybuf4s25_1)
                                                         net33 (net)
                      0.377329    0.000122    0.933515 ^ _379_/A_N (sky130_fd_sc_hd__and2b_2)
     2    0.011045    0.040350    0.159587    1.093102 v _379_/X (sky130_fd_sc_hd__and2b_2)
                                                         _173_ (net)
                      0.040352    0.000302    1.093404 v fanout22/A (sky130_fd_sc_hd__clkdlybuf4s25_1)
     6    0.026443    0.137329    0.251588    1.344992 v fanout22/X (sky130_fd_sc_hd__clkdlybuf4s25_1)
                                                         net22 (net)
                      0.137333    0.000818    1.345811 v _394_/B1 (sky130_fd_sc_hd__a221o_2)
     1    0.002879    0.031712    0.191432    1.537242 v _394_/X (sky130_fd_sc_hd__a221o_2)
                                                         _030_ (net)
                      0.031712    0.000030    1.537272 v _462_/D (sky130_fd_sc_hd__dfrtp_2)
                                              1.537272   data arrival time

                                 25.000000   25.000000   clock clk (rise edge)
                                  0.000000   25.000000   clock source latency
     2    0.019028    0.068483    0.046759   25.046759 ^ clk (in)
                                                         clk (net)
                      0.068490    0.000000   25.046759 ^ clkbuf_0_clk/A (sky130_fd_sc_hd__clkbuf_16)
     8    0.082689    0.076027    0.130395   25.177153 ^ clkbuf_0_clk/X (sky130_fd_sc_hd__clkbuf_16)
                                                         clknet_0_clk (net)
                      0.076073    0.001503   25.178656 ^ clkbuf_3_4__f_clk/A (sky130_fd_sc_hd__clkbuf_16)
     9    0.031098    0.039291    0.104588   25.283245 ^ clkbuf_3_4__f_clk/X (sky130_fd_sc_hd__clkbuf_16)
                                                         clknet_3_4__leaf_clk (net)
                      0.039292    0.000220   25.283464 ^ _462_/CLK (sky130_fd_sc_hd__dfrtp_2)
                                 -0.250000   25.033466   clock uncertainty
                                  0.000000   25.033466   clock reconvergence pessimism
                                 -0.072861   24.960606   library setup time
                                             24.960606   data required time
---------------------------------------------------------------------------------------------
                                             24.960606   data required time
                                             -1.537272   data arrival time
---------------------------------------------------------------------------------------------
                                             23.423334   slack (MET)


Startpoint: _421_ (rising edge-triggered flip-flop clocked by clk)
Endpoint: _461_ (rising edge-triggered flip-flop clocked by clk)
Path Group: clk
Path Type: max

Fanout         Cap        Slew       Delay        Time   Description
---------------------------------------------------------------------------------------------
                                  0.000000    0.000000   clock clk (rise edge)
                                  0.000000    0.000000   clock source latency
     2    0.019028    0.068483    0.046759    0.046759 ^ clk (in)
                                                         clk (net)
                      0.068490    0.000000    0.046759 ^ clkbuf_0_clk/A (sky130_fd_sc_hd__clkbuf_16)
     8    0.082689    0.076027    0.130394    0.177154 ^ clkbuf_0_clk/X (sky130_fd_sc_hd__clkbuf_16)
                                                         clknet_0_clk (net)
                      0.076150    0.002437    0.179590 ^ clkbuf_3_2__f_clk/A (sky130_fd_sc_hd__clkbuf_16)
    10    0.034239    0.041502    0.106387    0.285978 ^ clkbuf_3_2__f_clk/X (sky130_fd_sc_hd__clkbuf_16)
                                                         clknet_3_2__leaf_clk (net)
                      0.041502    0.000230    0.286208 ^ _421_/CLK (sky130_fd_sc_hd__dfrtp_2)
     2    0.012666    0.057352    0.239380    0.525588 ^ _421_/Q (sky130_fd_sc_hd__dfrtp_2)
                                                         TOP.top_rng_inst.ecstate.rollover_flag (net)
                      0.057352    0.000098    0.525686 ^ fanout33/A (sky130_fd_sc_hd__clkdlybuf4s25_1)
    21    0.050404    0.377329    0.407708    0.933394 ^ fanout33/X (sky130_fd_sc_hd__clkdlybuf4s25_1)
                                                         net33 (net)
                      0.377329    0.000122    0.933515 ^ _379_/A_N (sky130_fd_sc_hd__and2b_2)
     2    0.011045    0.040350    0.159587    1.093102 v _379_/X (sky130_fd_sc_hd__and2b_2)
                                                         _173_ (net)
                      0.040352    0.000302    1.093404 v fanout22/A (sky130_fd_sc_hd__clkdlybuf4s25_1)
     6    0.026443    0.137329    0.251588    1.344992 v fanout22/X (sky130_fd_sc_hd__clkdlybuf4s25_1)
                                                         net22 (net)
                      0.137333    0.000888    1.345880 v _392_/B1 (sky130_fd_sc_hd__a221o_2)
     1    0.002602    0.031077    0.190423    1.536302 v _392_/X (sky130_fd_sc_hd__a221o_2)
                                                         _029_ (net)
                      0.031077    0.000025    1.536327 v _461_/D (sky130_fd_sc_hd__dfrtp_2)
                                              1.536327   data arrival time

                                 25.000000   25.000000   clock clk (rise edge)
                                  0.000000   25.000000   clock source latency
     2    0.019028    0.068483    0.046759   25.046759 ^ clk (in)
                                                         clk (net)
                      0.068490    0.000000   25.046759 ^ clkbuf_0_clk/A (sky130_fd_sc_hd__clkbuf_16)
     8    0.082689    0.076027    0.130395   25.177153 ^ clkbuf_0_clk/X (sky130_fd_sc_hd__clkbuf_16)
                                                         clknet_0_clk (net)
                      0.076071    0.001471   25.178625 ^ clkbuf_3_5__f_clk/A (sky130_fd_sc_hd__clkbuf_16)
    10    0.033004    0.040634    0.105622   25.284246 ^ clkbuf_3_5__f_clk/X (sky130_fd_sc_hd__clkbuf_16)
                                                         clknet_3_5__leaf_clk (net)
                      0.040634    0.000318   25.284565 ^ _461_/CLK (sky130_fd_sc_hd__dfrtp_2)
                                 -0.250000   25.034565   clock uncertainty
                                  0.000000   25.034565   clock reconvergence pessimism
                                 -0.072505   24.962059   library setup time
                                             24.962059   data required time
---------------------------------------------------------------------------------------------
                                             24.962059   data required time
                                             -1.536327   data arrival time
---------------------------------------------------------------------------------------------
                                             23.425734   slack (MET)


Startpoint: _421_ (rising edge-triggered flip-flop clocked by clk)
Endpoint: _460_ (rising edge-triggered flip-flop clocked by clk)
Path Group: clk
Path Type: max

Fanout         Cap        Slew       Delay        Time   Description
---------------------------------------------------------------------------------------------
                                  0.000000    0.000000   clock clk (rise edge)
                                  0.000000    0.000000   clock source latency
     2    0.019028    0.068483    0.046759    0.046759 ^ clk (in)
                                                         clk (net)
                      0.068490    0.000000    0.046759 ^ clkbuf_0_clk/A (sky130_fd_sc_hd__clkbuf_16)
     8    0.082689    0.076027    0.130394    0.177154 ^ clkbuf_0_clk/X (sky130_fd_sc_hd__clkbuf_16)
                                                         clknet_0_clk (net)
                      0.076150    0.002437    0.179590 ^ clkbuf_3_2__f_clk/A (sky130_fd_sc_hd__clkbuf_16)
    10    0.034239    0.041502    0.106387    0.285978 ^ clkbuf_3_2__f_clk/X (sky130_fd_sc_hd__clkbuf_16)
                                                         clknet_3_2__leaf_clk (net)
                      0.041502    0.000230    0.286208 ^ _421_/CLK (sky130_fd_sc_hd__dfrtp_2)
     2    0.012666    0.057352    0.239380    0.525588 ^ _421_/Q (sky130_fd_sc_hd__dfrtp_2)
                                                         TOP.top_rng_inst.ecstate.rollover_flag (net)
                      0.057352    0.000098    0.525686 ^ fanout33/A (sky130_fd_sc_hd__clkdlybuf4s25_1)
    21    0.050404    0.377329    0.407708    0.933394 ^ fanout33/X (sky130_fd_sc_hd__clkdlybuf4s25_1)
                                                         net33 (net)
                      0.377329    0.000122    0.933515 ^ _379_/A_N (sky130_fd_sc_hd__and2b_2)
     2    0.011045    0.040350    0.159587    1.093102 v _379_/X (sky130_fd_sc_hd__and2b_2)
                                                         _173_ (net)
                      0.040352    0.000302    1.093404 v fanout22/A (sky130_fd_sc_hd__clkdlybuf4s25_1)
     6    0.026443    0.137329    0.251588    1.344992 v fanout22/X (sky130_fd_sc_hd__clkdlybuf4s25_1)
                                                         net22 (net)
                      0.137334    0.000904    1.345897 v _390_/B1 (sky130_fd_sc_hd__a221o_2)
     1    0.002526    0.030902    0.190145    1.536042 v _390_/X (sky130_fd_sc_hd__a221o_2)
                                                         _028_ (net)
                      0.030902    0.000023    1.536064 v _460_/D (sky130_fd_sc_hd__dfrtp_2)
                                              1.536064   data arrival time

                                 25.000000   25.000000   clock clk (rise edge)
                                  0.000000   25.000000   clock source latency
     2    0.019028    0.068483    0.046759   25.046759 ^ clk (in)
                                                         clk (net)
                      0.068490    0.000000   25.046759 ^ clkbuf_0_clk/A (sky130_fd_sc_hd__clkbuf_16)
     8    0.082689    0.076027    0.130395   25.177153 ^ clkbuf_0_clk/X (sky130_fd_sc_hd__clkbuf_16)
                                                         clknet_0_clk (net)
                      0.076071    0.001471   25.178625 ^ clkbuf_3_5__f_clk/A (sky130_fd_sc_hd__clkbuf_16)
    10    0.033004    0.040634    0.105622   25.284246 ^ clkbuf_3_5__f_clk/X (sky130_fd_sc_hd__clkbuf_16)
                                                         clknet_3_5__leaf_clk (net)
                      0.040635    0.000401   25.284649 ^ _460_/CLK (sky130_fd_sc_hd__dfrtp_2)
                                 -0.250000   25.034649   clock uncertainty
                                  0.000000   25.034649   clock reconvergence pessimism
                                 -0.072442   24.962208   library setup time
                                             24.962208   data required time
---------------------------------------------------------------------------------------------
                                             24.962208   data required time
                                             -1.536064   data arrival time
---------------------------------------------------------------------------------------------
                                             23.426144   slack (MET)


Startpoint: _421_ (rising edge-triggered flip-flop clocked by clk)
Endpoint: _455_ (rising edge-triggered flip-flop clocked by clk)
Path Group: clk
Path Type: max

Fanout         Cap        Slew       Delay        Time   Description
---------------------------------------------------------------------------------------------
                                  0.000000    0.000000   clock clk (rise edge)
                                  0.000000    0.000000   clock source latency
     2    0.019028    0.068483    0.046759    0.046759 ^ clk (in)
                                                         clk (net)
                      0.068490    0.000000    0.046759 ^ clkbuf_0_clk/A (sky130_fd_sc_hd__clkbuf_16)
     8    0.082689    0.076027    0.130394    0.177154 ^ clkbuf_0_clk/X (sky130_fd_sc_hd__clkbuf_16)
                                                         clknet_0_clk (net)
                      0.076150    0.002437    0.179590 ^ clkbuf_3_2__f_clk/A (sky130_fd_sc_hd__clkbuf_16)
    10    0.034239    0.041502    0.106387    0.285978 ^ clkbuf_3_2__f_clk/X (sky130_fd_sc_hd__clkbuf_16)
                                                         clknet_3_2__leaf_clk (net)
                      0.041502    0.000230    0.286208 ^ _421_/CLK (sky130_fd_sc_hd__dfrtp_2)
     2    0.012214    0.045761    0.263505    0.549713 v _421_/Q (sky130_fd_sc_hd__dfrtp_2)
                                                         TOP.top_rng_inst.ecstate.rollover_flag (net)
                      0.045761    0.000093    0.549806 v fanout33/A (sky130_fd_sc_hd__clkdlybuf4s25_1)
    21    0.048404    0.243622    0.333806    0.883612 v fanout33/X (sky130_fd_sc_hd__clkdlybuf4s25_1)
                                                         net33 (net)
                      0.243622    0.000377    0.883990 v _374_/B (sky130_fd_sc_hd__nor2_2)
     2    0.012755    0.135269    0.180367    1.064356 ^ _374_/Y (sky130_fd_sc_hd__nor2_2)
                                                         _169_ (net)
                      0.135269    0.000132    1.064489 ^ fanout23/A (sky130_fd_sc_hd__clkdlybuf4s25_1)
    21    0.061526    0.459162    0.477712    1.542201 ^ fanout23/X (sky130_fd_sc_hd__clkdlybuf4s25_1)
                                                         net23 (net)
                      0.459162    0.000032    1.542232 ^ _375_/B1 (sky130_fd_sc_hd__a21oi_2)
     1    0.002415    0.072141   -0.025908    1.516324 v _375_/Y (sky130_fd_sc_hd__a21oi_2)
                                                         _023_ (net)
                      0.072141    0.000021    1.516345 v _455_/D (sky130_fd_sc_hd__dfrtp_2)
                                              1.516345   data arrival time

                                 25.000000   25.000000   clock clk (rise edge)
                                  0.000000   25.000000   clock source latency
     2    0.019028    0.068483    0.046759   25.046759 ^ clk (in)
                                                         clk (net)
                      0.068490    0.000000   25.046759 ^ clkbuf_0_clk/A (sky130_fd_sc_hd__clkbuf_16)
     8    0.082689    0.076027    0.130395   25.177153 ^ clkbuf_0_clk/X (sky130_fd_sc_hd__clkbuf_16)
                                                         clknet_0_clk (net)
                      0.076148    0.002421   25.179575 ^ clkbuf_3_3__f_clk/A (sky130_fd_sc_hd__clkbuf_16)
    10    0.029599    0.038144    0.103519   25.283094 ^ clkbuf_3_3__f_clk/X (sky130_fd_sc_hd__clkbuf_16)
                                                         clknet_3_3__leaf_clk (net)
                      0.038149    0.000437   25.283531 ^ _455_/CLK (sky130_fd_sc_hd__dfrtp_2)
                                 -0.250000   25.033531   clock uncertainty
                                  0.000000   25.033531   clock reconvergence pessimism
                                 -0.087406   24.946125   library setup time
                                             24.946125   data required time
---------------------------------------------------------------------------------------------
                                             24.946125   data required time
                                             -1.516345   data arrival time
---------------------------------------------------------------------------------------------
                                             23.429779   slack (MET)


Startpoint: _427_ (rising edge-triggered flip-flop clocked by clk)
Endpoint: _423_ (rising edge-triggered flip-flop clocked by clk)
Path Group: clk
Path Type: max

Fanout         Cap        Slew       Delay        Time   Description
---------------------------------------------------------------------------------------------
                                  0.000000    0.000000   clock clk (rise edge)
                                  0.000000    0.000000   clock source latency
     2    0.019028    0.068483    0.046759    0.046759 ^ clk (in)
                                                         clk (net)
                      0.068490    0.000000    0.046759 ^ clkbuf_0_clk/A (sky130_fd_sc_hd__clkbuf_16)
     8    0.082689    0.076027    0.130394    0.177154 ^ clkbuf_0_clk/X (sky130_fd_sc_hd__clkbuf_16)
                                                         clknet_0_clk (net)
                      0.076150    0.002437    0.179590 ^ clkbuf_3_2__f_clk/A (sky130_fd_sc_hd__clkbuf_16)
    10    0.034239    0.041502    0.106387    0.285978 ^ clkbuf_3_2__f_clk/X (sky130_fd_sc_hd__clkbuf_16)
                                                         clknet_3_2__leaf_clk (net)
                      0.041502    0.000297    0.286275 ^ _427_/CLK (sky130_fd_sc_hd__dfrtp_2)
     5    0.019098    0.055460    0.276748    0.563023 v _427_/Q (sky130_fd_sc_hd__dfrtp_2)
                                                         TOP.top_rng_inst.ecstate.count_out[5] (net)
                      0.055460    0.000280    0.563303 v _202_/B (sky130_fd_sc_hd__and4_2)
     3    0.006715    0.036652    0.142613    0.705916 v _202_/X (sky130_fd_sc_hd__and4_2)
                                                         _050_ (net)
                      0.036652    0.000064    0.705981 v _203_/B (sky130_fd_sc_hd__and2_2)
     3    0.008038    0.035184    0.128098    0.834078 v _203_/X (sky130_fd_sc_hd__and2_2)
                                                         _051_ (net)
                      0.035184    0.000137    0.834216 v _204_/B1 (sky130_fd_sc_hd__o21ai_1)
     4    0.014853    0.217035    0.126681    0.960897 ^ _204_/Y (sky130_fd_sc_hd__o21ai_1)
                                                         _052_ (net)
                      0.217035    0.000160    0.961057 ^ max_cap20/A (sky130_fd_sc_hd__buf_1)
     3    0.015759    0.141597    0.136180    1.097237 ^ max_cap20/X (sky130_fd_sc_hd__buf_1)
                                                         net20 (net)
                      0.141598    0.000354    1.097591 ^ _237_/B1 (sky130_fd_sc_hd__o21ai_2)
     1    0.005901    0.038799    0.029426    1.127017 v _237_/Y (sky130_fd_sc_hd__o21ai_2)
                                                         _069_ (net)
                      0.038799    0.000088    1.127105 v _238_/B1 (sky130_fd_sc_hd__a21oi_2)
     1    0.002189    0.054649    0.042081    1.169186 ^ _238_/Y (sky130_fd_sc_hd__a21oi_2)
                                                         TOP.top_rng_inst.ecstate.next_count[1] (net)
                      0.054649    0.000019    1.169205 ^ hold119/A (sky130_fd_sc_hd__dlygate4sd3_1)
     1    0.003001    0.038629    0.377062    1.546267 ^ hold119/X (sky130_fd_sc_hd__dlygate4sd3_1)
                                                         net119 (net)
                      0.038629    0.000034    1.546301 ^ _423_/D (sky130_fd_sc_hd__dfrtp_2)
                                              1.546301   data arrival time

                                 25.000000   25.000000   clock clk (rise edge)
                                  0.000000   25.000000   clock source latency
     2    0.019028    0.068483    0.046759   25.046759 ^ clk (in)
                                                         clk (net)
                      0.068490    0.000000   25.046759 ^ clkbuf_0_clk/A (sky130_fd_sc_hd__clkbuf_16)
     8    0.082689    0.076027    0.130395   25.177153 ^ clkbuf_0_clk/X (sky130_fd_sc_hd__clkbuf_16)
                                                         clknet_0_clk (net)
                      0.076122    0.002149   25.179302 ^ clkbuf_3_0__f_clk/A (sky130_fd_sc_hd__clkbuf_16)
    10    0.030821    0.039003    0.104421   25.283724 ^ clkbuf_3_0__f_clk/X (sky130_fd_sc_hd__clkbuf_16)
                                                         clknet_3_0__leaf_clk (net)
                      0.039004    0.000229   25.283953 ^ _423_/CLK (sky130_fd_sc_hd__dfrtp_2)
                                 -0.250000   25.033955   clock uncertainty
                                  0.000000   25.033955   clock reconvergence pessimism
                                 -0.036825   24.997131   library setup time
                                             24.997131   data required time
---------------------------------------------------------------------------------------------
                                             24.997131   data required time
                                             -1.546301   data arrival time
---------------------------------------------------------------------------------------------
                                             23.450829   slack (MET)


Startpoint: _414_ (rising edge-triggered flip-flop clocked by clk)
Endpoint: _415_ (rising edge-triggered flip-flop clocked by clk)
Path Group: clk
Path Type: max

Fanout         Cap        Slew       Delay        Time   Description
---------------------------------------------------------------------------------------------
                                  0.000000    0.000000   clock clk (rise edge)
                                  0.000000    0.000000   clock source latency
     2    0.019028    0.068483    0.046759    0.046759 ^ clk (in)
                                                         clk (net)
                      0.068490    0.000000    0.046759 ^ clkbuf_0_clk/A (sky130_fd_sc_hd__clkbuf_16)
     8    0.082689    0.076027    0.130394    0.177154 ^ clkbuf_0_clk/X (sky130_fd_sc_hd__clkbuf_16)
                                                         clknet_0_clk (net)
                      0.076148    0.002421    0.179575 ^ clkbuf_3_3__f_clk/A (sky130_fd_sc_hd__clkbuf_16)
    10    0.029599    0.038144    0.103520    0.283095 ^ clkbuf_3_3__f_clk/X (sky130_fd_sc_hd__clkbuf_16)
                                                         clknet_3_3__leaf_clk (net)
                      0.038145    0.000257    0.283352 ^ _414_/CLK (sky130_fd_sc_hd__dfrtp_2)
     6    0.019389    0.055933    0.276237    0.559589 v _414_/Q (sky130_fd_sc_hd__dfrtp_2)
                                                         TOP.top_rng_inst.lut1.ecstate.count_out[0] (net)
                      0.055933    0.000233    0.559822 v _217_/A1 (sky130_fd_sc_hd__o21a_2)
     1    0.006110    0.030684    0.143398    0.703219 v _217_/X (sky130_fd_sc_hd__o21a_2)
                                                         _059_ (net)
                      0.030684    0.000101    0.703320 v _218_/A3 (sky130_fd_sc_hd__o31ai_2)
     2    0.008114    0.183967    0.162637    0.865957 ^ _218_/Y (sky130_fd_sc_hd__o31ai_2)
                                                         _060_ (net)
                      0.183967    0.000028    0.865984 ^ _219_/B (sky130_fd_sc_hd__and2_2)
     5    0.017477    0.075704    0.147605    1.013589 ^ _219_/X (sky130_fd_sc_hd__and2_2)
                                                         _061_ (net)
                      0.075704    0.000335    1.013924 ^ _230_/B1 (sky130_fd_sc_hd__o21ai_2)
     1    0.004677    0.029898    0.025520    1.039444 v _230_/Y (sky130_fd_sc_hd__o21ai_2)
                                                         _066_ (net)
                      0.029898    0.000044    1.039488 v _231_/B1 (sky130_fd_sc_hd__a21oi_2)
     1    0.003323    0.062572    0.043427    1.082915 ^ _231_/Y (sky130_fd_sc_hd__a21oi_2)
                                                         TOP.top_rng_inst.lut1.ecstate.next_count[1] (net)
                      0.062572    0.000045    1.082960 ^ hold117/A (sky130_fd_sc_hd__dlygate4sd3_1)
     1    0.002401    0.034979    0.374470    1.457430 ^ hold117/X (sky130_fd_sc_hd__dlygate4sd3_1)
                                                         net117 (net)
                      0.034979    0.000021    1.457451 ^ _415_/D (sky130_fd_sc_hd__dfrtp_2)
                                              1.457451   data arrival time

                                 25.000000   25.000000   clock clk (rise edge)
                                  0.000000   25.000000   clock source latency
     2    0.019028    0.068483    0.046759   25.046759 ^ clk (in)
                                                         clk (net)
                      0.068490    0.000000   25.046759 ^ clkbuf_0_clk/A (sky130_fd_sc_hd__clkbuf_16)
     8    0.082689    0.076027    0.130395   25.177153 ^ clkbuf_0_clk/X (sky130_fd_sc_hd__clkbuf_16)
                                                         clknet_0_clk (net)
                      0.076035    0.000650   25.177803 ^ clkbuf_3_6__f_clk/A (sky130_fd_sc_hd__clkbuf_16)
    10    0.029771    0.038256    0.103675   25.281479 ^ clkbuf_3_6__f_clk/X (sky130_fd_sc_hd__clkbuf_16)
                                                         clknet_3_6__leaf_clk (net)
                      0.038260    0.000407   25.281885 ^ _415_/CLK (sky130_fd_sc_hd__dfrtp_2)
                                 -0.250000   25.031887   clock uncertainty
                                  0.000000   25.031887   clock reconvergence pessimism
                                 -0.036481   24.995405   library setup time
                                             24.995405   data required time
---------------------------------------------------------------------------------------------
                                             24.995405   data required time
                                             -1.457451   data arrival time
---------------------------------------------------------------------------------------------
                                             23.537954   slack (MET)


Startpoint: _455_ (rising edge-triggered flip-flop clocked by clk)
Endpoint: _414_ (rising edge-triggered flip-flop clocked by clk)
Path Group: clk
Path Type: max

Fanout         Cap        Slew       Delay        Time   Description
---------------------------------------------------------------------------------------------
                                  0.000000    0.000000   clock clk (rise edge)
                                  0.000000    0.000000   clock source latency
     2    0.019028    0.068483    0.046759    0.046759 ^ clk (in)
                                                         clk (net)
                      0.068490    0.000000    0.046759 ^ clkbuf_0_clk/A (sky130_fd_sc_hd__clkbuf_16)
     8    0.082689    0.076027    0.130394    0.177154 ^ clkbuf_0_clk/X (sky130_fd_sc_hd__clkbuf_16)
                                                         clknet_0_clk (net)
                      0.076148    0.002421    0.179575 ^ clkbuf_3_3__f_clk/A (sky130_fd_sc_hd__clkbuf_16)
    10    0.029599    0.038144    0.103520    0.283095 ^ clkbuf_3_3__f_clk/X (sky130_fd_sc_hd__clkbuf_16)
                                                         clknet_3_3__leaf_clk (net)
                      0.038149    0.000437    0.283532 ^ _455_/CLK (sky130_fd_sc_hd__dfrtp_2)
     4    0.012671    0.046701    0.263721    0.547253 v _455_/Q (sky130_fd_sc_hd__dfrtp_2)
                                                         TOP.top_rng_inst.lut1.started (net)
                      0.046701    0.000072    0.547325 v hold112/A (sky130_fd_sc_hd__dlygate4sd3_1)
     2    0.007496    0.054223    0.387878    0.935202 v hold112/X (sky130_fd_sc_hd__dlygate4sd3_1)
                                                         net112 (net)
                      0.054223    0.000017    0.935219 v _223_/B1_N (sky130_fd_sc_hd__a21boi_2)
     1    0.002806    0.040572    0.099318    1.034537 v _223_/Y (sky130_fd_sc_hd__a21boi_2)
                                                         TOP.top_rng_inst.lut1.ecstate.next_count[0] (net)
                      0.040572    0.000035    1.034572 v hold132/A (sky130_fd_sc_hd__dlygate4sd3_1)
     1    0.002272    0.036341    0.360380    1.394953 v hold132/X (sky130_fd_sc_hd__dlygate4sd3_1)
                                                         net132 (net)
                      0.036341    0.000018    1.394971 v _414_/D (sky130_fd_sc_hd__dfrtp_2)
                                              1.394971   data arrival time

                                 25.000000   25.000000   clock clk (rise edge)
                                  0.000000   25.000000   clock source latency
     2    0.019028    0.068483    0.046759   25.046759 ^ clk (in)
                                                         clk (net)
                      0.068490    0.000000   25.046759 ^ clkbuf_0_clk/A (sky130_fd_sc_hd__clkbuf_16)
     8    0.082689    0.076027    0.130395   25.177153 ^ clkbuf_0_clk/X (sky130_fd_sc_hd__clkbuf_16)
                                                         clknet_0_clk (net)
                      0.076148    0.002421   25.179575 ^ clkbuf_3_3__f_clk/A (sky130_fd_sc_hd__clkbuf_16)
    10    0.029599    0.038144    0.103519   25.283094 ^ clkbuf_3_3__f_clk/X (sky130_fd_sc_hd__clkbuf_16)
                                                         clknet_3_3__leaf_clk (net)
                      0.038145    0.000258   25.283352 ^ _414_/CLK (sky130_fd_sc_hd__dfrtp_2)
                                 -0.250000   25.033352   clock uncertainty
                                  0.000000   25.033352   clock reconvergence pessimism
                                 -0.074624   24.958729   library setup time
                                             24.958729   data required time
---------------------------------------------------------------------------------------------
                                             24.958729   data required time
                                             -1.394971   data arrival time
---------------------------------------------------------------------------------------------
                                             23.563757   slack (MET)


Startpoint: _425_ (rising edge-triggered flip-flop clocked by clk)
Endpoint: _428_ (rising edge-triggered flip-flop clocked by clk)
Path Group: clk
Path Type: max

Fanout         Cap        Slew       Delay        Time   Description
---------------------------------------------------------------------------------------------
                                  0.000000    0.000000   clock clk (rise edge)
                                  0.000000    0.000000   clock source latency
     2    0.019028    0.068483    0.046759    0.046759 ^ clk (in)
                                                         clk (net)
                      0.068490    0.000000    0.046759 ^ clkbuf_0_clk/A (sky130_fd_sc_hd__clkbuf_16)
     8    0.082689    0.076027    0.130394    0.177154 ^ clkbuf_0_clk/X (sky130_fd_sc_hd__clkbuf_16)
                                                         clknet_0_clk (net)
                      0.076150    0.002437    0.179590 ^ clkbuf_3_2__f_clk/A (sky130_fd_sc_hd__clkbuf_16)
    10    0.034239    0.041502    0.106387    0.285978 ^ clkbuf_3_2__f_clk/X (sky130_fd_sc_hd__clkbuf_16)
                                                         clknet_3_2__leaf_clk (net)
                      0.041502    0.000221    0.286199 ^ _425_/CLK (sky130_fd_sc_hd__dfrtp_2)
     2    0.006479    0.037467    0.221545    0.507744 ^ _425_/Q (sky130_fd_sc_hd__dfrtp_2)
                                                         TOP.top_rng_inst.ecstate.count_out[3] (net)
                      0.037467    0.000055    0.507799 ^ hold144/A (sky130_fd_sc_hd__dlygate4sd3_1)
     1    0.004736    0.052308    0.383608    0.891407 ^ hold144/X (sky130_fd_sc_hd__dlygate4sd3_1)
                                                         net144 (net)
                      0.052308    0.000017    0.891425 ^ _192_/A (sky130_fd_sc_hd__inv_2)
     2    0.010585    0.025205    0.029381    0.920805 v _192_/Y (sky130_fd_sc_hd__inv_2)
                                                         _040_ (net)
                      0.025206    0.000132    0.920937 v _199_/A (sky130_fd_sc_hd__nor2_2)
     6    0.018559    0.157119    0.144067    1.065004 ^ _199_/Y (sky130_fd_sc_hd__nor2_2)
                                                         _047_ (net)
                      0.157119    0.000202    1.065206 ^ _200_/B (sky130_fd_sc_hd__and2_2)
     4    0.022324    0.092659    0.156925    1.222130 ^ _200_/X (sky130_fd_sc_hd__and2_2)
                                                         _048_ (net)
                      0.092659    0.000165    1.222296 ^ _201_/C (sky130_fd_sc_hd__nand3_2)
     2    0.008116    0.047114    0.055476    1.277772 v _201_/Y (sky130_fd_sc_hd__nand3_2)
                                                         _049_ (net)
                      0.047114    0.000089    1.277861 v _209_/A (sky130_fd_sc_hd__and3_2)
     1    0.002386    0.026623    0.107920    1.385781 v _209_/X (sky130_fd_sc_hd__and3_2)
                                                         TOP.top_rng_inst.ecstate.next_count[6] (net)
                      0.026623    0.000021    1.385802 v _428_/D (sky130_fd_sc_hd__dfrtp_2)
                                              1.385802   data arrival time

                                 25.000000   25.000000   clock clk (rise edge)
                                  0.000000   25.000000   clock source latency
     2    0.019028    0.068483    0.046759   25.046759 ^ clk (in)
                                                         clk (net)
                      0.068490    0.000000   25.046759 ^ clkbuf_0_clk/A (sky130_fd_sc_hd__clkbuf_16)
     8    0.082689    0.076027    0.130395   25.177153 ^ clkbuf_0_clk/X (sky130_fd_sc_hd__clkbuf_16)
                                                         clknet_0_clk (net)
                      0.076150    0.002435   25.179588 ^ clkbuf_3_2__f_clk/A (sky130_fd_sc_hd__clkbuf_16)
    10    0.034239    0.041502    0.106388   25.285976 ^ clkbuf_3_2__f_clk/X (sky130_fd_sc_hd__clkbuf_16)
                                                         clknet_3_2__leaf_clk (net)
                      0.041503    0.000432   25.286407 ^ _428_/CLK (sky130_fd_sc_hd__dfrtp_2)
                                 -0.250000   25.036409   clock uncertainty
                                  0.000000   25.036409   clock reconvergence pessimism
                                 -0.070831   24.965578   library setup time
                                             24.965578   data required time
---------------------------------------------------------------------------------------------
                                             24.965578   data required time
                                             -1.385802   data arrival time
---------------------------------------------------------------------------------------------
                                             23.579777   slack (MET)


Startpoint: _474_ (rising edge-triggered flip-flop clocked by clk)
Endpoint: _474_ (rising edge-triggered flip-flop clocked by clk)
Path Group: clk
Path Type: max

Fanout         Cap        Slew       Delay        Time   Description
---------------------------------------------------------------------------------------------
                                  0.000000    0.000000   clock clk (rise edge)
                                  0.000000    0.000000   clock source latency
     2    0.019028    0.068483    0.046759    0.046759 ^ clk (in)
                                                         clk (net)
                      0.068490    0.000000    0.046759 ^ clkbuf_0_clk/A (sky130_fd_sc_hd__clkbuf_16)
     8    0.082689    0.076027    0.130394    0.177154 ^ clkbuf_0_clk/X (sky130_fd_sc_hd__clkbuf_16)
                                                         clknet_0_clk (net)
                      0.076116    0.002078    0.179232 ^ clkbuf_3_1__f_clk/A (sky130_fd_sc_hd__clkbuf_16)
    10    0.035455    0.042282    0.106940    0.286172 ^ clkbuf_3_1__f_clk/X (sky130_fd_sc_hd__clkbuf_16)
                                                         clknet_3_1__leaf_clk (net)
                      0.042284    0.000505    0.286677 ^ _474_/CLK (sky130_fd_sc_hd__dfrtp_2)
     4    0.009927    0.040992    0.258179    0.544856 v _474_/Q (sky130_fd_sc_hd__dfrtp_2)
                                                         TOP.top_rng_inst.k1.psc.count_out[2] (net)
                      0.040992    0.000082    0.544938 v hold142/A (sky130_fd_sc_hd__dlygate4sd3_1)
     1    0.004961    0.045907    0.374625    0.919563 v hold142/X (sky130_fd_sc_hd__dlygate4sd3_1)
                                                         net142 (net)
                      0.045907    0.000059    0.919623 v _244_/B1 (sky130_fd_sc_hd__a21oi_2)
     1    0.004903    0.073932    0.056916    0.976539 ^ _244_/Y (sky130_fd_sc_hd__a21oi_2)
                                                         _072_ (net)
                      0.073932    0.000024    0.976563 ^ _246_/A (sky130_fd_sc_hd__nor2_2)
     1    0.003268    0.023965    0.025222    1.001785 v _246_/Y (sky130_fd_sc_hd__nor2_2)
                                                         TOP.top_rng_inst.k1.psc.next_count[2] (net)
                      0.023965    0.000049    1.001834 v hold143/A (sky130_fd_sc_hd__dlygate4sd3_1)
     1    0.002847    0.038337    0.357519    1.359353 v hold143/X (sky130_fd_sc_hd__dlygate4sd3_1)
                                                         net143 (net)
                      0.038337    0.000032    1.359385 v _474_/D (sky130_fd_sc_hd__dfrtp_2)
                                              1.359385   data arrival time

                                 25.000000   25.000000   clock clk (rise edge)
                                  0.000000   25.000000   clock source latency
     2    0.019028    0.068483    0.046759   25.046759 ^ clk (in)
                                                         clk (net)
                      0.068490    0.000000   25.046759 ^ clkbuf_0_clk/A (sky130_fd_sc_hd__clkbuf_16)
     8    0.082689    0.076027    0.130395   25.177153 ^ clkbuf_0_clk/X (sky130_fd_sc_hd__clkbuf_16)
                                                         clknet_0_clk (net)
                      0.076116    0.002077   25.179230 ^ clkbuf_3_1__f_clk/A (sky130_fd_sc_hd__clkbuf_16)
    10    0.035455    0.042282    0.106940   25.286171 ^ clkbuf_3_1__f_clk/X (sky130_fd_sc_hd__clkbuf_16)
                                                         clknet_3_1__leaf_clk (net)
                      0.042284    0.000506   25.286676 ^ _474_/CLK (sky130_fd_sc_hd__dfrtp_2)
                                 -0.250000   25.036678   clock uncertainty
                                  0.000000   25.036678   clock reconvergence pessimism
                                 -0.074938   24.961740   library setup time
                                             24.961740   data required time
---------------------------------------------------------------------------------------------
                                             24.961740   data required time
                                             -1.359385   data arrival time
---------------------------------------------------------------------------------------------
                                             23.602354   slack (MET)


Startpoint: _472_ (rising edge-triggered flip-flop clocked by clk)
Endpoint: _472_ (rising edge-triggered flip-flop clocked by clk)
Path Group: clk
Path Type: max

Fanout         Cap        Slew       Delay        Time   Description
---------------------------------------------------------------------------------------------
                                  0.000000    0.000000   clock clk (rise edge)
                                  0.000000    0.000000   clock source latency
     2    0.019028    0.068483    0.046759    0.046759 ^ clk (in)
                                                         clk (net)
                      0.068490    0.000000    0.046759 ^ clkbuf_0_clk/A (sky130_fd_sc_hd__clkbuf_16)
     8    0.082689    0.076027    0.130394    0.177154 ^ clkbuf_0_clk/X (sky130_fd_sc_hd__clkbuf_16)
                                                         clknet_0_clk (net)
                      0.076122    0.002149    0.179303 ^ clkbuf_3_0__f_clk/A (sky130_fd_sc_hd__clkbuf_16)
    10    0.030821    0.039003    0.104422    0.283725 ^ clkbuf_3_0__f_clk/X (sky130_fd_sc_hd__clkbuf_16)
                                                         clknet_3_0__leaf_clk (net)
                      0.039004    0.000239    0.283963 ^ _472_/CLK (sky130_fd_sc_hd__dfrtp_2)
     7    0.026470    0.102277    0.273486    0.557450 ^ _472_/Q (sky130_fd_sc_hd__dfrtp_2)
                                                         TOP.top_rng_inst.k1.psc.count_out[0] (net)
                      0.102277    0.000262    0.557711 ^ hold140/A (sky130_fd_sc_hd__dlygate4sd3_1)
     1    0.005964    0.058603    0.401387    0.959098 ^ hold140/X (sky130_fd_sc_hd__dlygate4sd3_1)
                                                         net140 (net)
                      0.058603    0.000077    0.959175 ^ _241_/B (sky130_fd_sc_hd__nand2b_2)
     1    0.002000    0.025641    0.027873    0.987048 v _241_/Y (sky130_fd_sc_hd__nand2b_2)
                                                         TOP.top_rng_inst.k1.psc.next_count[0] (net)
                      0.025641    0.000010    0.987058 v hold141/A (sky130_fd_sc_hd__dlygate4sd3_1)
     1    0.003358    0.040759    0.361231    1.348288 v hold141/X (sky130_fd_sc_hd__dlygate4sd3_1)
                                                         net141 (net)
                      0.040759    0.000043    1.348331 v _472_/D (sky130_fd_sc_hd__dfrtp_2)
                                              1.348331   data arrival time

                                 25.000000   25.000000   clock clk (rise edge)
                                  0.000000   25.000000   clock source latency
     2    0.019028    0.068483    0.046759   25.046759 ^ clk (in)
                                                         clk (net)
                      0.068490    0.000000   25.046759 ^ clkbuf_0_clk/A (sky130_fd_sc_hd__clkbuf_16)
     8    0.082689    0.076027    0.130395   25.177153 ^ clkbuf_0_clk/X (sky130_fd_sc_hd__clkbuf_16)
                                                         clknet_0_clk (net)
                      0.076122    0.002149   25.179302 ^ clkbuf_3_0__f_clk/A (sky130_fd_sc_hd__clkbuf_16)
    10    0.030821    0.039003    0.104421   25.283724 ^ clkbuf_3_0__f_clk/X (sky130_fd_sc_hd__clkbuf_16)
                                                         clknet_3_0__leaf_clk (net)
                      0.039004    0.000238   25.283962 ^ _472_/CLK (sky130_fd_sc_hd__dfrtp_2)
                                 -0.250000   25.033962   clock uncertainty
                                  0.000000   25.033962   clock reconvergence pessimism
                                 -0.076119   24.957844   library setup time
                                             24.957844   data required time
---------------------------------------------------------------------------------------------
                                             24.957844   data required time
                                             -1.348331   data arrival time
---------------------------------------------------------------------------------------------
                                             23.609512   slack (MET)


Startpoint: _425_ (rising edge-triggered flip-flop clocked by clk)
Endpoint: _429_ (rising edge-triggered flip-flop clocked by clk)
Path Group: clk
Path Type: max

Fanout         Cap        Slew       Delay        Time   Description
---------------------------------------------------------------------------------------------
                                  0.000000    0.000000   clock clk (rise edge)
                                  0.000000    0.000000   clock source latency
     2    0.019028    0.068483    0.046759    0.046759 ^ clk (in)
                                                         clk (net)
                      0.068490    0.000000    0.046759 ^ clkbuf_0_clk/A (sky130_fd_sc_hd__clkbuf_16)
     8    0.082689    0.076027    0.130394    0.177154 ^ clkbuf_0_clk/X (sky130_fd_sc_hd__clkbuf_16)
                                                         clknet_0_clk (net)
                      0.076150    0.002437    0.179590 ^ clkbuf_3_2__f_clk/A (sky130_fd_sc_hd__clkbuf_16)
    10    0.034239    0.041502    0.106387    0.285978 ^ clkbuf_3_2__f_clk/X (sky130_fd_sc_hd__clkbuf_16)
                                                         clknet_3_2__leaf_clk (net)
                      0.041502    0.000221    0.286199 ^ _425_/CLK (sky130_fd_sc_hd__dfrtp_2)
     2    0.006479    0.037467    0.221545    0.507744 ^ _425_/Q (sky130_fd_sc_hd__dfrtp_2)
                                                         TOP.top_rng_inst.ecstate.count_out[3] (net)
                      0.037467    0.000055    0.507799 ^ hold144/A (sky130_fd_sc_hd__dlygate4sd3_1)
     1    0.004736    0.052308    0.383608    0.891407 ^ hold144/X (sky130_fd_sc_hd__dlygate4sd3_1)
                                                         net144 (net)
                      0.052308    0.000017    0.891425 ^ _192_/A (sky130_fd_sc_hd__inv_2)
     2    0.010585    0.025205    0.029381    0.920805 v _192_/Y (sky130_fd_sc_hd__inv_2)
                                                         _040_ (net)
                      0.025206    0.000132    0.920937 v _199_/A (sky130_fd_sc_hd__nor2_2)
     6    0.018559    0.157119    0.144067    1.065004 ^ _199_/Y (sky130_fd_sc_hd__nor2_2)
                                                         _047_ (net)
                      0.157119    0.000202    1.065206 ^ _200_/B (sky130_fd_sc_hd__and2_2)
     4    0.022324    0.092659    0.156925    1.222130 ^ _200_/X (sky130_fd_sc_hd__and2_2)
                                                         _048_ (net)
                      0.092659    0.000165    1.222296 ^ _201_/C (sky130_fd_sc_hd__nand3_2)
     2    0.008116    0.047114    0.055476    1.277772 v _201_/Y (sky130_fd_sc_hd__nand3_2)
                                                         _049_ (net)
                      0.047114    0.000129    1.277901 v _207_/A2 (sky130_fd_sc_hd__a21oi_2)
     1    0.002702    0.057774    0.088109    1.366010 ^ _207_/Y (sky130_fd_sc_hd__a21oi_2)
                                                         TOP.top_rng_inst.ecstate.next_count[7] (net)
                      0.057774    0.000026    1.366036 ^ _429_/D (sky130_fd_sc_hd__dfrtp_2)
                                              1.366036   data arrival time

                                 25.000000   25.000000   clock clk (rise edge)
                                  0.000000   25.000000   clock source latency
     2    0.019028    0.068483    0.046759   25.046759 ^ clk (in)
                                                         clk (net)
                      0.068490    0.000000   25.046759 ^ clkbuf_0_clk/A (sky130_fd_sc_hd__clkbuf_16)
     8    0.082689    0.076027    0.130395   25.177153 ^ clkbuf_0_clk/X (sky130_fd_sc_hd__clkbuf_16)
                                                         clknet_0_clk (net)
                      0.076150    0.002435   25.179588 ^ clkbuf_3_2__f_clk/A (sky130_fd_sc_hd__clkbuf_16)
    10    0.034239    0.041502    0.106388   25.285976 ^ clkbuf_3_2__f_clk/X (sky130_fd_sc_hd__clkbuf_16)
                                                         clknet_3_2__leaf_clk (net)
                      0.041503    0.000430   25.286407 ^ _429_/CLK (sky130_fd_sc_hd__dfrtp_2)
                                 -0.250000   25.036407   clock uncertainty
                                  0.000000   25.036407   clock reconvergence pessimism
                                 -0.038676   24.997732   library setup time
                                             24.997732   data required time
---------------------------------------------------------------------------------------------
                                             24.997732   data required time
                                             -1.366036   data arrival time
---------------------------------------------------------------------------------------------
                                             23.631697   slack (MET)


Startpoint: _432_ (rising edge-triggered flip-flop clocked by clk)
Endpoint: _451_ (rising edge-triggered flip-flop clocked by clk)
Path Group: clk
Path Type: max

Fanout         Cap        Slew       Delay        Time   Description
---------------------------------------------------------------------------------------------
                                  0.000000    0.000000   clock clk (rise edge)
                                  0.000000    0.000000   clock source latency
     2    0.019028    0.068483    0.046759    0.046759 ^ clk (in)
                                                         clk (net)
                      0.068490    0.000000    0.046759 ^ clkbuf_0_clk/A (sky130_fd_sc_hd__clkbuf_16)
     8    0.082689    0.076027    0.130394    0.177154 ^ clkbuf_0_clk/X (sky130_fd_sc_hd__clkbuf_16)
                                                         clknet_0_clk (net)
                      0.076071    0.001472    0.178626 ^ clkbuf_3_5__f_clk/A (sky130_fd_sc_hd__clkbuf_16)
    10    0.033004    0.040634    0.105621    0.284247 ^ clkbuf_3_5__f_clk/X (sky130_fd_sc_hd__clkbuf_16)
                                                         clknet_3_5__leaf_clk (net)
                      0.040636    0.000606    0.284853 ^ _432_/CLK (sky130_fd_sc_hd__dfstp_2)
     1    0.002577    0.015265    0.222178    0.507031 v _432_/Q (sky130_fd_sc_hd__dfstp_2)
                                                         TOP.top_rng_inst.display.datas[0] (net)
                      0.015265    0.000025    0.507056 v fanout32/A (sky130_fd_sc_hd__clkdlybuf4s25_1)
     7    0.034639    0.177277    0.271822    0.778878 v fanout32/X (sky130_fd_sc_hd__clkdlybuf4s25_1)
                                                         net32 (net)
                      0.177277    0.000368    0.779246 v _362_/A0 (sky130_fd_sc_hd__mux2_1)
     1    0.004294    0.044164    0.204129    0.983376 v _362_/X (sky130_fd_sc_hd__mux2_1)
                                                         _161_ (net)
                      0.044164    0.000090    0.983465 v _363_/B (sky130_fd_sc_hd__or2_2)
     1    0.003581    0.038045    0.161756    1.145221 v _363_/X (sky130_fd_sc_hd__or2_2)
                                                         _162_ (net)
                      0.038045    0.000048    1.145269 v _367_/A1 (sky130_fd_sc_hd__a32o_2)
     1    0.002679    0.023988    0.117764    1.263032 v _367_/X (sky130_fd_sc_hd__a32o_2)
                                                         _019_ (net)
                      0.023988    0.000027    1.263059 v _451_/D (sky130_fd_sc_hd__dfrtp_2)
                                              1.263059   data arrival time

                                 25.000000   25.000000   clock clk (rise edge)
                                  0.000000   25.000000   clock source latency
     2    0.019028    0.068483    0.046759   25.046759 ^ clk (in)
                                                         clk (net)
                      0.068490    0.000000   25.046759 ^ clkbuf_0_clk/A (sky130_fd_sc_hd__clkbuf_16)
     8    0.082689    0.076027    0.130395   25.177153 ^ clkbuf_0_clk/X (sky130_fd_sc_hd__clkbuf_16)
                                                         clknet_0_clk (net)
                      0.076034    0.000588   25.177742 ^ clkbuf_3_7__f_clk/A (sky130_fd_sc_hd__clkbuf_16)
     9    0.026754    0.036150    0.101654   25.279396 ^ clkbuf_3_7__f_clk/X (sky130_fd_sc_hd__clkbuf_16)
                                                         clknet_3_7__leaf_clk (net)
                      0.036151    0.000179   25.279575 ^ _451_/CLK (sky130_fd_sc_hd__dfrtp_2)
                                 -0.250000   25.029575   clock uncertainty
                                  0.000000   25.029575   clock reconvergence pessimism
                                 -0.070405   24.959171   library setup time
                                             24.959171   data required time
---------------------------------------------------------------------------------------------
                                             24.959171   data required time
                                             -1.263059   data arrival time
---------------------------------------------------------------------------------------------
                                             23.696112   slack (MET)


Startpoint: _427_ (rising edge-triggered flip-flop clocked by clk)
Endpoint: _421_ (rising edge-triggered flip-flop clocked by clk)
Path Group: clk
Path Type: max

Fanout         Cap        Slew       Delay        Time   Description
---------------------------------------------------------------------------------------------
                                  0.000000    0.000000   clock clk (rise edge)
                                  0.000000    0.000000   clock source latency
     2    0.019028    0.068483    0.046759    0.046759 ^ clk (in)
                                                         clk (net)
                      0.068490    0.000000    0.046759 ^ clkbuf_0_clk/A (sky130_fd_sc_hd__clkbuf_16)
     8    0.082689    0.076027    0.130394    0.177154 ^ clkbuf_0_clk/X (sky130_fd_sc_hd__clkbuf_16)
                                                         clknet_0_clk (net)
                      0.076150    0.002437    0.179590 ^ clkbuf_3_2__f_clk/A (sky130_fd_sc_hd__clkbuf_16)
    10    0.034239    0.041502    0.106387    0.285978 ^ clkbuf_3_2__f_clk/X (sky130_fd_sc_hd__clkbuf_16)
                                                         clknet_3_2__leaf_clk (net)
                      0.041502    0.000297    0.286275 ^ _427_/CLK (sky130_fd_sc_hd__dfrtp_2)
     5    0.019098    0.055460    0.276748    0.563023 v _427_/Q (sky130_fd_sc_hd__dfrtp_2)
                                                         TOP.top_rng_inst.ecstate.count_out[5] (net)
                      0.055460    0.000280    0.563303 v _202_/B (sky130_fd_sc_hd__and4_2)
     3    0.006715    0.036652    0.142613    0.705916 v _202_/X (sky130_fd_sc_hd__and4_2)
                                                         _050_ (net)
                      0.036652    0.000064    0.705981 v _203_/B (sky130_fd_sc_hd__and2_2)
     3    0.008038    0.035184    0.128098    0.834078 v _203_/X (sky130_fd_sc_hd__and2_2)
                                                         _051_ (net)
                      0.035184    0.000137    0.834216 v _204_/B1 (sky130_fd_sc_hd__o21ai_1)
     4    0.014853    0.217035    0.126681    0.960897 ^ _204_/Y (sky130_fd_sc_hd__o21ai_1)
                                                         _052_ (net)
                      0.217035    0.000160    0.961057 ^ max_cap20/A (sky130_fd_sc_hd__buf_1)
     3    0.015759    0.141597    0.136180    1.097237 ^ max_cap20/X (sky130_fd_sc_hd__buf_1)
                                                         net20 (net)
                      0.141598    0.000310    1.097548 ^ _215_/B (sky130_fd_sc_hd__and3_2)
     2    0.006743    0.041293    0.131444    1.228991 ^ _215_/X (sky130_fd_sc_hd__and3_2)
                                                         TOP.top_rng_inst.ecstate.next_count[2] (net)
                      0.041293    0.000104    1.229095 ^ _248_/B1 (sky130_fd_sc_hd__o21a_2)
     1    0.002775    0.021712    0.057334    1.286428 ^ _248_/X (sky130_fd_sc_hd__o21a_2)
                                                         TOP.top_rng_inst.ecstate.next_flag (net)
                      0.021712    0.000028    1.286457 ^ _421_/D (sky130_fd_sc_hd__dfrtp_2)
                                              1.286457   data arrival time

                                 25.000000   25.000000   clock clk (rise edge)
                                  0.000000   25.000000   clock source latency
     2    0.019028    0.068483    0.046759   25.046759 ^ clk (in)
                                                         clk (net)
                      0.068490    0.000000   25.046759 ^ clkbuf_0_clk/A (sky130_fd_sc_hd__clkbuf_16)
     8    0.082689    0.076027    0.130395   25.177153 ^ clkbuf_0_clk/X (sky130_fd_sc_hd__clkbuf_16)
                                                         clknet_0_clk (net)
                      0.076150    0.002435   25.179588 ^ clkbuf_3_2__f_clk/A (sky130_fd_sc_hd__clkbuf_16)
    10    0.034239    0.041502    0.106388   25.285976 ^ clkbuf_3_2__f_clk/X (sky130_fd_sc_hd__clkbuf_16)
                                                         clknet_3_2__leaf_clk (net)
                      0.041502    0.000231   25.286207 ^ _421_/CLK (sky130_fd_sc_hd__dfrtp_2)
                                 -0.250000   25.036209   clock uncertainty
                                  0.000000   25.036209   clock reconvergence pessimism
                                 -0.035012   25.001196   library setup time
                                             25.001196   data required time
---------------------------------------------------------------------------------------------
                                             25.001196   data required time
                                             -1.286457   data arrival time
---------------------------------------------------------------------------------------------
                                             23.714739   slack (MET)


Startpoint: _425_ (rising edge-triggered flip-flop clocked by clk)
Endpoint: _426_ (rising edge-triggered flip-flop clocked by clk)
Path Group: clk
Path Type: max

Fanout         Cap        Slew       Delay        Time   Description
---------------------------------------------------------------------------------------------
                                  0.000000    0.000000   clock clk (rise edge)
                                  0.000000    0.000000   clock source latency
     2    0.019028    0.068483    0.046759    0.046759 ^ clk (in)
                                                         clk (net)
                      0.068490    0.000000    0.046759 ^ clkbuf_0_clk/A (sky130_fd_sc_hd__clkbuf_16)
     8    0.082689    0.076027    0.130394    0.177154 ^ clkbuf_0_clk/X (sky130_fd_sc_hd__clkbuf_16)
                                                         clknet_0_clk (net)
                      0.076150    0.002437    0.179590 ^ clkbuf_3_2__f_clk/A (sky130_fd_sc_hd__clkbuf_16)
    10    0.034239    0.041502    0.106387    0.285978 ^ clkbuf_3_2__f_clk/X (sky130_fd_sc_hd__clkbuf_16)
                                                         clknet_3_2__leaf_clk (net)
                      0.041502    0.000221    0.286199 ^ _425_/CLK (sky130_fd_sc_hd__dfrtp_2)
     2    0.006479    0.037467    0.221545    0.507744 ^ _425_/Q (sky130_fd_sc_hd__dfrtp_2)
                                                         TOP.top_rng_inst.ecstate.count_out[3] (net)
                      0.037467    0.000055    0.507799 ^ hold144/A (sky130_fd_sc_hd__dlygate4sd3_1)
     1    0.004736    0.052308    0.383608    0.891407 ^ hold144/X (sky130_fd_sc_hd__dlygate4sd3_1)
                                                         net144 (net)
                      0.052308    0.000017    0.891425 ^ _192_/A (sky130_fd_sc_hd__inv_2)
     2    0.010585    0.025205    0.029381    0.920805 v _192_/Y (sky130_fd_sc_hd__inv_2)
                                                         _040_ (net)
                      0.025206    0.000132    0.920937 v _199_/A (sky130_fd_sc_hd__nor2_2)
     6    0.018559    0.157119    0.144067    1.065004 ^ _199_/Y (sky130_fd_sc_hd__nor2_2)
                                                         _047_ (net)
                      0.157119    0.000202    1.065206 ^ _200_/B (sky130_fd_sc_hd__and2_2)
     4    0.022324    0.092659    0.156925    1.222130 ^ _200_/X (sky130_fd_sc_hd__and2_2)
                                                         _048_ (net)
                      0.092659    0.000167    1.222297 ^ _213_/A (sky130_fd_sc_hd__nor2_2)
     1    0.002965    0.026413    0.025000    1.247297 v _213_/Y (sky130_fd_sc_hd__nor2_2)
                                                         TOP.top_rng_inst.ecstate.next_count[4] (net)
                      0.026413    0.000034    1.247331 v _426_/D (sky130_fd_sc_hd__dfrtp_2)
                                              1.247331   data arrival time

                                 25.000000   25.000000   clock clk (rise edge)
                                  0.000000   25.000000   clock source latency
     2    0.019028    0.068483    0.046759   25.046759 ^ clk (in)
                                                         clk (net)
                      0.068490    0.000000   25.046759 ^ clkbuf_0_clk/A (sky130_fd_sc_hd__clkbuf_16)
     8    0.082689    0.076027    0.130395   25.177153 ^ clkbuf_0_clk/X (sky130_fd_sc_hd__clkbuf_16)
                                                         clknet_0_clk (net)
                      0.076148    0.002421   25.179575 ^ clkbuf_3_3__f_clk/A (sky130_fd_sc_hd__clkbuf_16)
    10    0.029599    0.038144    0.103519   25.283094 ^ clkbuf_3_3__f_clk/X (sky130_fd_sc_hd__clkbuf_16)
                                                         clknet_3_3__leaf_clk (net)
                      0.038153    0.000551   25.283644 ^ _426_/CLK (sky130_fd_sc_hd__dfrtp_2)
                                 -0.250000   25.033646   clock uncertainty
                                  0.000000   25.033646   clock reconvergence pessimism
                                 -0.071078   24.962566   library setup time
                                             24.962566   data required time
---------------------------------------------------------------------------------------------
                                             24.962566   data required time
                                             -1.247331   data arrival time
---------------------------------------------------------------------------------------------
                                             23.715235   slack (MET)


Startpoint: _425_ (rising edge-triggered flip-flop clocked by clk)
Endpoint: _430_ (rising edge-triggered flip-flop clocked by clk)
Path Group: clk
Path Type: max

Fanout         Cap        Slew       Delay        Time   Description
---------------------------------------------------------------------------------------------
                                  0.000000    0.000000   clock clk (rise edge)
                                  0.000000    0.000000   clock source latency
     2    0.019028    0.068483    0.046759    0.046759 ^ clk (in)
                                                         clk (net)
                      0.068490    0.000000    0.046759 ^ clkbuf_0_clk/A (sky130_fd_sc_hd__clkbuf_16)
     8    0.082689    0.076027    0.130394    0.177154 ^ clkbuf_0_clk/X (sky130_fd_sc_hd__clkbuf_16)
                                                         clknet_0_clk (net)
                      0.076150    0.002437    0.179590 ^ clkbuf_3_2__f_clk/A (sky130_fd_sc_hd__clkbuf_16)
    10    0.034239    0.041502    0.106387    0.285978 ^ clkbuf_3_2__f_clk/X (sky130_fd_sc_hd__clkbuf_16)
                                                         clknet_3_2__leaf_clk (net)
                      0.041502    0.000221    0.286199 ^ _425_/CLK (sky130_fd_sc_hd__dfrtp_2)
     2    0.006109    0.034290    0.248557    0.534756 v _425_/Q (sky130_fd_sc_hd__dfrtp_2)
                                                         TOP.top_rng_inst.ecstate.count_out[3] (net)
                      0.034290    0.000052    0.534808 v hold144/A (sky130_fd_sc_hd__dlygate4sd3_1)
     1    0.004369    0.043972    0.369508    0.904316 v hold144/X (sky130_fd_sc_hd__dlygate4sd3_1)
                                                         net144 (net)
                      0.043972    0.000016    0.904332 v _192_/A (sky130_fd_sc_hd__inv_2)
     2    0.011360    0.044086    0.053432    0.957764 ^ _192_/Y (sky130_fd_sc_hd__inv_2)
                                                         _040_ (net)
                      0.044086    0.000142    0.957906 ^ _199_/A (sky130_fd_sc_hd__nor2_2)
     6    0.017130    0.039427    0.041697    0.999603 v _199_/Y (sky130_fd_sc_hd__nor2_2)
                                                         _047_ (net)
                      0.039427    0.000143    0.999746 v _205_/A (sky130_fd_sc_hd__and2_2)
     2    0.005696    0.031869    0.111302    1.111048 v _205_/X (sky130_fd_sc_hd__and2_2)
                                                         _053_ (net)
                      0.031869    0.000048    1.111096 v _216_/A2 (sky130_fd_sc_hd__o21a_2)
     1    0.002403    0.023589    0.113237    1.224333 v _216_/X (sky130_fd_sc_hd__o21a_2)
                                                         TOP.top_rng_inst.ecstate.next_count[8] (net)
                      0.023589    0.000021    1.224354 v _430_/D (sky130_fd_sc_hd__dfrtp_2)
                                              1.224354   data arrival time

                                 25.000000   25.000000   clock clk (rise edge)
                                  0.000000   25.000000   clock source latency
     2    0.019028    0.068483    0.046759   25.046759 ^ clk (in)
                                                         clk (net)
                      0.068490    0.000000   25.046759 ^ clkbuf_0_clk/A (sky130_fd_sc_hd__clkbuf_16)
     8    0.082689    0.076027    0.130395   25.177153 ^ clkbuf_0_clk/X (sky130_fd_sc_hd__clkbuf_16)
                                                         clknet_0_clk (net)
                      0.076150    0.002435   25.179588 ^ clkbuf_3_2__f_clk/A (sky130_fd_sc_hd__clkbuf_16)
    10    0.034239    0.041502    0.106388   25.285976 ^ clkbuf_3_2__f_clk/X (sky130_fd_sc_hd__clkbuf_16)
                                                         clknet_3_2__leaf_clk (net)
                      0.041502    0.000194   25.286171 ^ _430_/CLK (sky130_fd_sc_hd__dfrtp_2)
                                 -0.250000   25.036171   clock uncertainty
                                  0.000000   25.036171   clock reconvergence pessimism
                                 -0.069748   24.966423   library setup time
                                             24.966423   data required time
---------------------------------------------------------------------------------------------
                                             24.966423   data required time
                                             -1.224354   data arrival time
---------------------------------------------------------------------------------------------
                                             23.742069   slack (MET)


Startpoint: _427_ (rising edge-triggered flip-flop clocked by clk)
Endpoint: _424_ (rising edge-triggered flip-flop clocked by clk)
Path Group: clk
Path Type: max

Fanout         Cap        Slew       Delay        Time   Description
---------------------------------------------------------------------------------------------
                                  0.000000    0.000000   clock clk (rise edge)
                                  0.000000    0.000000   clock source latency
     2    0.019028    0.068483    0.046759    0.046759 ^ clk (in)
                                                         clk (net)
                      0.068490    0.000000    0.046759 ^ clkbuf_0_clk/A (sky130_fd_sc_hd__clkbuf_16)
     8    0.082689    0.076027    0.130394    0.177154 ^ clkbuf_0_clk/X (sky130_fd_sc_hd__clkbuf_16)
                                                         clknet_0_clk (net)
                      0.076150    0.002437    0.179590 ^ clkbuf_3_2__f_clk/A (sky130_fd_sc_hd__clkbuf_16)
    10    0.034239    0.041502    0.106387    0.285978 ^ clkbuf_3_2__f_clk/X (sky130_fd_sc_hd__clkbuf_16)
                                                         clknet_3_2__leaf_clk (net)
                      0.041502    0.000297    0.286275 ^ _427_/CLK (sky130_fd_sc_hd__dfrtp_2)
     5    0.019098    0.055460    0.276748    0.563023 v _427_/Q (sky130_fd_sc_hd__dfrtp_2)
                                                         TOP.top_rng_inst.ecstate.count_out[5] (net)
                      0.055460    0.000280    0.563303 v _202_/B (sky130_fd_sc_hd__and4_2)
     3    0.006715    0.036652    0.142613    0.705916 v _202_/X (sky130_fd_sc_hd__and4_2)
                                                         _050_ (net)
                      0.036652    0.000064    0.705981 v _203_/B (sky130_fd_sc_hd__and2_2)
     3    0.008038    0.035184    0.128098    0.834078 v _203_/X (sky130_fd_sc_hd__and2_2)
                                                         _051_ (net)
                      0.035184    0.000137    0.834216 v _204_/B1 (sky130_fd_sc_hd__o21ai_1)
     4    0.014853    0.217035    0.126681    0.960897 ^ _204_/Y (sky130_fd_sc_hd__o21ai_1)
                                                         _052_ (net)
                      0.217035    0.000160    0.961057 ^ max_cap20/A (sky130_fd_sc_hd__buf_1)
     3    0.015759    0.141597    0.136180    1.097237 ^ max_cap20/X (sky130_fd_sc_hd__buf_1)
                                                         net20 (net)
                      0.141598    0.000310    1.097548 ^ _215_/B (sky130_fd_sc_hd__and3_2)
     2    0.006743    0.041293    0.131444    1.228991 ^ _215_/X (sky130_fd_sc_hd__and3_2)
                                                         TOP.top_rng_inst.ecstate.next_count[2] (net)
                      0.041293    0.000065    1.229056 ^ _424_/D (sky130_fd_sc_hd__dfrtp_2)
                                              1.229056   data arrival time

                                 25.000000   25.000000   clock clk (rise edge)
                                  0.000000   25.000000   clock source latency
     2    0.019028    0.068483    0.046759   25.046759 ^ clk (in)
                                                         clk (net)
                      0.068490    0.000000   25.046759 ^ clkbuf_0_clk/A (sky130_fd_sc_hd__clkbuf_16)
     8    0.082689    0.076027    0.130395   25.177153 ^ clkbuf_0_clk/X (sky130_fd_sc_hd__clkbuf_16)
                                                         clknet_0_clk (net)
                      0.076148    0.002421   25.179575 ^ clkbuf_3_3__f_clk/A (sky130_fd_sc_hd__clkbuf_16)
    10    0.029599    0.038144    0.103519   25.283094 ^ clkbuf_3_3__f_clk/X (sky130_fd_sc_hd__clkbuf_16)
                                                         clknet_3_3__leaf_clk (net)
                      0.038151    0.000508   25.283602 ^ _424_/CLK (sky130_fd_sc_hd__dfrtp_2)
                                 -0.250000   25.033602   clock uncertainty
                                  0.000000   25.033602   clock reconvergence pessimism
                                 -0.037128   24.996475   library setup time
                                             24.996475   data required time
---------------------------------------------------------------------------------------------
                                             24.996475   data required time
                                             -1.229056   data arrival time
---------------------------------------------------------------------------------------------
                                             23.767420   slack (MET)


Startpoint: _425_ (rising edge-triggered flip-flop clocked by clk)
Endpoint: _425_ (rising edge-triggered flip-flop clocked by clk)
Path Group: clk
Path Type: max

Fanout         Cap        Slew       Delay        Time   Description
---------------------------------------------------------------------------------------------
                                  0.000000    0.000000   clock clk (rise edge)
                                  0.000000    0.000000   clock source latency
     2    0.019028    0.068483    0.046759    0.046759 ^ clk (in)
                                                         clk (net)
                      0.068490    0.000000    0.046759 ^ clkbuf_0_clk/A (sky130_fd_sc_hd__clkbuf_16)
     8    0.082689    0.076027    0.130394    0.177154 ^ clkbuf_0_clk/X (sky130_fd_sc_hd__clkbuf_16)
                                                         clknet_0_clk (net)
                      0.076150    0.002437    0.179590 ^ clkbuf_3_2__f_clk/A (sky130_fd_sc_hd__clkbuf_16)
    10    0.034239    0.041502    0.106387    0.285978 ^ clkbuf_3_2__f_clk/X (sky130_fd_sc_hd__clkbuf_16)
                                                         clknet_3_2__leaf_clk (net)
                      0.041502    0.000221    0.286199 ^ _425_/CLK (sky130_fd_sc_hd__dfrtp_2)
     2    0.006109    0.034290    0.248557    0.534756 v _425_/Q (sky130_fd_sc_hd__dfrtp_2)
                                                         TOP.top_rng_inst.ecstate.count_out[3] (net)
                      0.034290    0.000052    0.534808 v hold144/A (sky130_fd_sc_hd__dlygate4sd3_1)
     1    0.004369    0.043972    0.369508    0.904316 v hold144/X (sky130_fd_sc_hd__dlygate4sd3_1)
                                                         net144 (net)
                      0.043972    0.000016    0.904332 v _192_/A (sky130_fd_sc_hd__inv_2)
     2    0.011360    0.044086    0.053432    0.957764 ^ _192_/Y (sky130_fd_sc_hd__inv_2)
                                                         _040_ (net)
                      0.044086    0.000142    0.957906 ^ _199_/A (sky130_fd_sc_hd__nor2_2)
     6    0.017130    0.039427    0.041697    0.999603 v _199_/Y (sky130_fd_sc_hd__nor2_2)
                                                         _047_ (net)
                      0.039427    0.000045    0.999648 v _239_/A (sky130_fd_sc_hd__or2_2)
     1    0.004654    0.040920    0.177372    1.177020 v _239_/X (sky130_fd_sc_hd__or2_2)
                                                         _070_ (net)
                      0.040920    0.000043    1.177062 v _240_/B1 (sky130_fd_sc_hd__a21oi_2)
     1    0.002501    0.056795    0.044340    1.221403 ^ _240_/Y (sky130_fd_sc_hd__a21oi_2)
                                                         TOP.top_rng_inst.ecstate.next_count[3] (net)
                      0.056795    0.000022    1.221424 ^ _425_/D (sky130_fd_sc_hd__dfrtp_2)
                                              1.221424   data arrival time

                                 25.000000   25.000000   clock clk (rise edge)
                                  0.000000   25.000000   clock source latency
     2    0.019028    0.068483    0.046759   25.046759 ^ clk (in)
                                                         clk (net)
                      0.068490    0.000000   25.046759 ^ clkbuf_0_clk/A (sky130_fd_sc_hd__clkbuf_16)
     8    0.082689    0.076027    0.130395   25.177153 ^ clkbuf_0_clk/X (sky130_fd_sc_hd__clkbuf_16)
                                                         clknet_0_clk (net)
                      0.076150    0.002435   25.179588 ^ clkbuf_3_2__f_clk/A (sky130_fd_sc_hd__clkbuf_16)
    10    0.034239    0.041502    0.106388   25.285976 ^ clkbuf_3_2__f_clk/X (sky130_fd_sc_hd__clkbuf_16)
                                                         clknet_3_2__leaf_clk (net)
                      0.041502    0.000222   25.286200 ^ _425_/CLK (sky130_fd_sc_hd__dfrtp_2)
                                 -0.250000   25.036200   clock uncertainty
                                  0.000000   25.036200   clock reconvergence pessimism
                                 -0.038576   24.997622   library setup time
                                             24.997622   data required time
---------------------------------------------------------------------------------------------
                                             24.997622   data required time
                                             -1.221424   data arrival time
---------------------------------------------------------------------------------------------
                                             23.776197   slack (MET)


Startpoint: _414_ (rising edge-triggered flip-flop clocked by clk)
Endpoint: _420_ (rising edge-triggered flip-flop clocked by clk)
Path Group: clk
Path Type: max

Fanout         Cap        Slew       Delay        Time   Description
---------------------------------------------------------------------------------------------
                                  0.000000    0.000000   clock clk (rise edge)
                                  0.000000    0.000000   clock source latency
     2    0.019028    0.068483    0.046759    0.046759 ^ clk (in)
                                                         clk (net)
                      0.068490    0.000000    0.046759 ^ clkbuf_0_clk/A (sky130_fd_sc_hd__clkbuf_16)
     8    0.082689    0.076027    0.130394    0.177154 ^ clkbuf_0_clk/X (sky130_fd_sc_hd__clkbuf_16)
                                                         clknet_0_clk (net)
                      0.076148    0.002421    0.179575 ^ clkbuf_3_3__f_clk/A (sky130_fd_sc_hd__clkbuf_16)
    10    0.029599    0.038144    0.103520    0.283095 ^ clkbuf_3_3__f_clk/X (sky130_fd_sc_hd__clkbuf_16)
                                                         clknet_3_3__leaf_clk (net)
                      0.038145    0.000257    0.283352 ^ _414_/CLK (sky130_fd_sc_hd__dfrtp_2)
     6    0.019389    0.055933    0.276237    0.559589 v _414_/Q (sky130_fd_sc_hd__dfrtp_2)
                                                         TOP.top_rng_inst.lut1.ecstate.count_out[0] (net)
                      0.055933    0.000233    0.559822 v _217_/A1 (sky130_fd_sc_hd__o21a_2)
     1    0.006110    0.030684    0.143398    0.703219 v _217_/X (sky130_fd_sc_hd__o21a_2)
                                                         _059_ (net)
                      0.030684    0.000101    0.703320 v _218_/A3 (sky130_fd_sc_hd__o31ai_2)
     2    0.008114    0.183967    0.162637    0.865957 ^ _218_/Y (sky130_fd_sc_hd__o31ai_2)
                                                         _060_ (net)
                      0.183967    0.000028    0.865984 ^ _219_/B (sky130_fd_sc_hd__and2_2)
     5    0.017477    0.075704    0.147605    1.013589 ^ _219_/X (sky130_fd_sc_hd__and2_2)
                                                         _061_ (net)
                      0.075704    0.000192    1.013781 ^ _226_/B1 (sky130_fd_sc_hd__o21a_2)
     2    0.006214    0.033599    0.074125    1.087906 ^ _226_/X (sky130_fd_sc_hd__o21a_2)
                                                         TOP.top_rng_inst.lut1.ecstate.next_count[5] (net)
                      0.033599    0.000041    1.087946 ^ _247_/B (sky130_fd_sc_hd__and3b_2)
     1    0.003217    0.028852    0.097558    1.185504 ^ _247_/X (sky130_fd_sc_hd__and3b_2)
                                                         TOP.top_rng_inst.lut1.ecstate.next_flag (net)
                      0.028852    0.000043    1.185546 ^ _420_/D (sky130_fd_sc_hd__dfrtp_2)
                                              1.185546   data arrival time

                                 25.000000   25.000000   clock clk (rise edge)
                                  0.000000   25.000000   clock source latency
     2    0.019028    0.068483    0.046759   25.046759 ^ clk (in)
                                                         clk (net)
                      0.068490    0.000000   25.046759 ^ clkbuf_0_clk/A (sky130_fd_sc_hd__clkbuf_16)
     8    0.082689    0.076027    0.130395   25.177153 ^ clkbuf_0_clk/X (sky130_fd_sc_hd__clkbuf_16)
                                                         clknet_0_clk (net)
                      0.076035    0.000650   25.177803 ^ clkbuf_3_6__f_clk/A (sky130_fd_sc_hd__clkbuf_16)
    10    0.029771    0.038256    0.103675   25.281479 ^ clkbuf_3_6__f_clk/X (sky130_fd_sc_hd__clkbuf_16)
                                                         clknet_3_6__leaf_clk (net)
                      0.038256    0.000094   25.281572 ^ _420_/CLK (sky130_fd_sc_hd__dfrtp_2)
                                 -0.250000   25.031574   clock uncertainty
                                  0.000000   25.031574   clock reconvergence pessimism
                                 -0.035858   24.995716   library setup time
                                             24.995716   data required time
---------------------------------------------------------------------------------------------
                                             24.995716   data required time
                                             -1.185546   data arrival time
---------------------------------------------------------------------------------------------
                                             23.810171   slack (MET)


Startpoint: _427_ (rising edge-triggered flip-flop clocked by clk)
Endpoint: _422_ (rising edge-triggered flip-flop clocked by clk)
Path Group: clk
Path Type: max

Fanout         Cap        Slew       Delay        Time   Description
---------------------------------------------------------------------------------------------
                                  0.000000    0.000000   clock clk (rise edge)
                                  0.000000    0.000000   clock source latency
     2    0.019028    0.068483    0.046759    0.046759 ^ clk (in)
                                                         clk (net)
                      0.068490    0.000000    0.046759 ^ clkbuf_0_clk/A (sky130_fd_sc_hd__clkbuf_16)
     8    0.082689    0.076027    0.130394    0.177154 ^ clkbuf_0_clk/X (sky130_fd_sc_hd__clkbuf_16)
                                                         clknet_0_clk (net)
                      0.076150    0.002437    0.179590 ^ clkbuf_3_2__f_clk/A (sky130_fd_sc_hd__clkbuf_16)
    10    0.034239    0.041502    0.106387    0.285978 ^ clkbuf_3_2__f_clk/X (sky130_fd_sc_hd__clkbuf_16)
                                                         clknet_3_2__leaf_clk (net)
                      0.041502    0.000297    0.286275 ^ _427_/CLK (sky130_fd_sc_hd__dfrtp_2)
     5    0.019098    0.055460    0.276748    0.563023 v _427_/Q (sky130_fd_sc_hd__dfrtp_2)
                                                         TOP.top_rng_inst.ecstate.count_out[5] (net)
                      0.055460    0.000280    0.563303 v _202_/B (sky130_fd_sc_hd__and4_2)
     3    0.006715    0.036652    0.142613    0.705916 v _202_/X (sky130_fd_sc_hd__and4_2)
                                                         _050_ (net)
                      0.036652    0.000064    0.705981 v _203_/B (sky130_fd_sc_hd__and2_2)
     3    0.008038    0.035184    0.128098    0.834078 v _203_/X (sky130_fd_sc_hd__and2_2)
                                                         _051_ (net)
                      0.035184    0.000137    0.834216 v _204_/B1 (sky130_fd_sc_hd__o21ai_1)
     4    0.014853    0.217035    0.126681    0.960897 ^ _204_/Y (sky130_fd_sc_hd__o21ai_1)
                                                         _052_ (net)
                      0.217035    0.000160    0.961057 ^ max_cap20/A (sky130_fd_sc_hd__buf_1)
     3    0.015759    0.141597    0.136180    1.097237 ^ max_cap20/X (sky130_fd_sc_hd__buf_1)
                                                         net20 (net)
                      0.141598    0.000296    1.097534 ^ _236_/B (sky130_fd_sc_hd__nand2_2)
     1    0.002629    0.031460    0.028478    1.126012 v _236_/Y (sky130_fd_sc_hd__nand2_2)
                                                         TOP.top_rng_inst.ecstate.next_count[0] (net)
                      0.031460    0.000027    1.126039 v _422_/D (sky130_fd_sc_hd__dfrtp_2)
                                              1.126039   data arrival time

                                 25.000000   25.000000   clock clk (rise edge)
                                  0.000000   25.000000   clock source latency
     2    0.019028    0.068483    0.046759   25.046759 ^ clk (in)
                                                         clk (net)
                      0.068490    0.000000   25.046759 ^ clkbuf_0_clk/A (sky130_fd_sc_hd__clkbuf_16)
     8    0.082689    0.076027    0.130395   25.177153 ^ clkbuf_0_clk/X (sky130_fd_sc_hd__clkbuf_16)
                                                         clknet_0_clk (net)
                      0.076150    0.002435   25.179588 ^ clkbuf_3_2__f_clk/A (sky130_fd_sc_hd__clkbuf_16)
    10    0.034239    0.041502    0.106388   25.285976 ^ clkbuf_3_2__f_clk/X (sky130_fd_sc_hd__clkbuf_16)
                                                         clknet_3_2__leaf_clk (net)
                      0.041503    0.000364   25.286341 ^ _422_/CLK (sky130_fd_sc_hd__dfrtp_2)
                                 -0.250000   25.036343   clock uncertainty
                                  0.000000   25.036343   clock reconvergence pessimism
                                 -0.072558   24.963783   library setup time
                                             24.963783   data required time
---------------------------------------------------------------------------------------------
                                             24.963783   data required time
                                             -1.126039   data arrival time
---------------------------------------------------------------------------------------------
                                             23.837744   slack (MET)


Startpoint: _414_ (rising edge-triggered flip-flop clocked by clk)
Endpoint: _416_ (rising edge-triggered flip-flop clocked by clk)
Path Group: clk
Path Type: max

Fanout         Cap        Slew       Delay        Time   Description
---------------------------------------------------------------------------------------------
                                  0.000000    0.000000   clock clk (rise edge)
                                  0.000000    0.000000   clock source latency
     2    0.019028    0.068483    0.046759    0.046759 ^ clk (in)
                                                         clk (net)
                      0.068490    0.000000    0.046759 ^ clkbuf_0_clk/A (sky130_fd_sc_hd__clkbuf_16)
     8    0.082689    0.076027    0.130394    0.177154 ^ clkbuf_0_clk/X (sky130_fd_sc_hd__clkbuf_16)
                                                         clknet_0_clk (net)
                      0.076148    0.002421    0.179575 ^ clkbuf_3_3__f_clk/A (sky130_fd_sc_hd__clkbuf_16)
    10    0.029599    0.038144    0.103520    0.283095 ^ clkbuf_3_3__f_clk/X (sky130_fd_sc_hd__clkbuf_16)
                                                         clknet_3_3__leaf_clk (net)
                      0.038145    0.000257    0.283352 ^ _414_/CLK (sky130_fd_sc_hd__dfrtp_2)
     6    0.019389    0.055933    0.276237    0.559589 v _414_/Q (sky130_fd_sc_hd__dfrtp_2)
                                                         TOP.top_rng_inst.lut1.ecstate.count_out[0] (net)
                      0.055933    0.000233    0.559822 v _217_/A1 (sky130_fd_sc_hd__o21a_2)
     1    0.006110    0.030684    0.143398    0.703219 v _217_/X (sky130_fd_sc_hd__o21a_2)
                                                         _059_ (net)
                      0.030684    0.000101    0.703320 v _218_/A3 (sky130_fd_sc_hd__o31ai_2)
     2    0.008114    0.183967    0.162637    0.865957 ^ _218_/Y (sky130_fd_sc_hd__o31ai_2)
                                                         _060_ (net)
                      0.183967    0.000028    0.865984 ^ _219_/B (sky130_fd_sc_hd__and2_2)
     5    0.017477    0.075704    0.147605    1.013589 ^ _219_/X (sky130_fd_sc_hd__and2_2)
                                                         _061_ (net)
                      0.075704    0.000317    1.013906 ^ _222_/C (sky130_fd_sc_hd__and3b_2)
     1    0.002908    0.027974    0.107188    1.121094 ^ _222_/X (sky130_fd_sc_hd__and3b_2)
                                                         TOP.top_rng_inst.lut1.ecstate.next_count[2] (net)
                      0.027974    0.000030    1.121125 ^ _416_/D (sky130_fd_sc_hd__dfrtp_2)
                                              1.121125   data arrival time

                                 25.000000   25.000000   clock clk (rise edge)
                                  0.000000   25.000000   clock source latency
     2    0.019028    0.068483    0.046759   25.046759 ^ clk (in)
                                                         clk (net)
                      0.068490    0.000000   25.046759 ^ clkbuf_0_clk/A (sky130_fd_sc_hd__clkbuf_16)
     8    0.082689    0.076027    0.130395   25.177153 ^ clkbuf_0_clk/X (sky130_fd_sc_hd__clkbuf_16)
                                                         clknet_0_clk (net)
                      0.076035    0.000650   25.177803 ^ clkbuf_3_6__f_clk/A (sky130_fd_sc_hd__clkbuf_16)
    10    0.029771    0.038256    0.103675   25.281479 ^ clkbuf_3_6__f_clk/X (sky130_fd_sc_hd__clkbuf_16)
                                                         clknet_3_6__leaf_clk (net)
                      0.038261    0.000446   25.281925 ^ _416_/CLK (sky130_fd_sc_hd__dfrtp_2)
                                 -0.250000   25.031925   clock uncertainty
                                  0.000000   25.031925   clock reconvergence pessimism
                                 -0.035768   24.996157   library setup time
                                             24.996157   data required time
---------------------------------------------------------------------------------------------
                                             24.996157   data required time
                                             -1.121125   data arrival time
---------------------------------------------------------------------------------------------
                                             23.875032   slack (MET)


Startpoint: _414_ (rising edge-triggered flip-flop clocked by clk)
Endpoint: _418_ (rising edge-triggered flip-flop clocked by clk)
Path Group: clk
Path Type: max

Fanout         Cap        Slew       Delay        Time   Description
---------------------------------------------------------------------------------------------
                                  0.000000    0.000000   clock clk (rise edge)
                                  0.000000    0.000000   clock source latency
     2    0.019028    0.068483    0.046759    0.046759 ^ clk (in)
                                                         clk (net)
                      0.068490    0.000000    0.046759 ^ clkbuf_0_clk/A (sky130_fd_sc_hd__clkbuf_16)
     8    0.082689    0.076027    0.130394    0.177154 ^ clkbuf_0_clk/X (sky130_fd_sc_hd__clkbuf_16)
                                                         clknet_0_clk (net)
                      0.076148    0.002421    0.179575 ^ clkbuf_3_3__f_clk/A (sky130_fd_sc_hd__clkbuf_16)
    10    0.029599    0.038144    0.103520    0.283095 ^ clkbuf_3_3__f_clk/X (sky130_fd_sc_hd__clkbuf_16)
                                                         clknet_3_3__leaf_clk (net)
                      0.038145    0.000257    0.283352 ^ _414_/CLK (sky130_fd_sc_hd__dfrtp_2)
     6    0.019389    0.055933    0.276237    0.559589 v _414_/Q (sky130_fd_sc_hd__dfrtp_2)
                                                         TOP.top_rng_inst.lut1.ecstate.count_out[0] (net)
                      0.055933    0.000233    0.559822 v _217_/A1 (sky130_fd_sc_hd__o21a_2)
     1    0.006110    0.030684    0.143398    0.703219 v _217_/X (sky130_fd_sc_hd__o21a_2)
                                                         _059_ (net)
                      0.030684    0.000101    0.703320 v _218_/A3 (sky130_fd_sc_hd__o31ai_2)
     2    0.008114    0.183967    0.162637    0.865957 ^ _218_/Y (sky130_fd_sc_hd__o31ai_2)
                                                         _060_ (net)
                      0.183967    0.000028    0.865984 ^ _219_/B (sky130_fd_sc_hd__and2_2)
     5    0.017477    0.075704    0.147605    1.013589 ^ _219_/X (sky130_fd_sc_hd__and2_2)
                                                         _061_ (net)
                      0.075704    0.000291    1.013880 ^ _235_/C (sky130_fd_sc_hd__and3b_2)
     1    0.003541    0.030046    0.109707    1.123587 ^ _235_/X (sky130_fd_sc_hd__and3b_2)
                                                         TOP.top_rng_inst.lut1.ecstate.next_count[4] (net)
                      0.030046    0.000051    1.123638 ^ _418_/D (sky130_fd_sc_hd__dfrtp_2)
                                              1.123638   data arrival time

                                 25.000000   25.000000   clock clk (rise edge)
                                  0.000000   25.000000   clock source latency
     2    0.019028    0.068483    0.046759   25.046759 ^ clk (in)
                                                         clk (net)
                      0.068490    0.000000   25.046759 ^ clkbuf_0_clk/A (sky130_fd_sc_hd__clkbuf_16)
     8    0.082689    0.076027    0.130395   25.177153 ^ clkbuf_0_clk/X (sky130_fd_sc_hd__clkbuf_16)
                                                         clknet_0_clk (net)
                      0.076150    0.002435   25.179588 ^ clkbuf_3_2__f_clk/A (sky130_fd_sc_hd__clkbuf_16)
    10    0.034239    0.041502    0.106388   25.285976 ^ clkbuf_3_2__f_clk/X (sky130_fd_sc_hd__clkbuf_16)
                                                         clknet_3_2__leaf_clk (net)
                      0.041502    0.000281   25.286257 ^ _418_/CLK (sky130_fd_sc_hd__dfrtp_2)
                                 -0.250000   25.036259   clock uncertainty
                                  0.000000   25.036259   clock reconvergence pessimism
                                 -0.035858   25.000401   library setup time
                                             25.000401   data required time
---------------------------------------------------------------------------------------------
                                             25.000401   data required time
                                             -1.123638   data arrival time
---------------------------------------------------------------------------------------------
                                             23.876762   slack (MET)


Startpoint: _414_ (rising edge-triggered flip-flop clocked by clk)
Endpoint: _417_ (rising edge-triggered flip-flop clocked by clk)
Path Group: clk
Path Type: max

Fanout         Cap        Slew       Delay        Time   Description
---------------------------------------------------------------------------------------------
                                  0.000000    0.000000   clock clk (rise edge)
                                  0.000000    0.000000   clock source latency
     2    0.019028    0.068483    0.046759    0.046759 ^ clk (in)
                                                         clk (net)
                      0.068490    0.000000    0.046759 ^ clkbuf_0_clk/A (sky130_fd_sc_hd__clkbuf_16)
     8    0.082689    0.076027    0.130394    0.177154 ^ clkbuf_0_clk/X (sky130_fd_sc_hd__clkbuf_16)
                                                         clknet_0_clk (net)
                      0.076148    0.002421    0.179575 ^ clkbuf_3_3__f_clk/A (sky130_fd_sc_hd__clkbuf_16)
    10    0.029599    0.038144    0.103520    0.283095 ^ clkbuf_3_3__f_clk/X (sky130_fd_sc_hd__clkbuf_16)
                                                         clknet_3_3__leaf_clk (net)
                      0.038145    0.000257    0.283352 ^ _414_/CLK (sky130_fd_sc_hd__dfrtp_2)
     6    0.019389    0.055933    0.276237    0.559589 v _414_/Q (sky130_fd_sc_hd__dfrtp_2)
                                                         TOP.top_rng_inst.lut1.ecstate.count_out[0] (net)
                      0.055933    0.000233    0.559822 v _217_/A1 (sky130_fd_sc_hd__o21a_2)
     1    0.006110    0.030684    0.143398    0.703219 v _217_/X (sky130_fd_sc_hd__o21a_2)
                                                         _059_ (net)
                      0.030684    0.000101    0.703320 v _218_/A3 (sky130_fd_sc_hd__o31ai_2)
     2    0.008114    0.183967    0.162637    0.865957 ^ _218_/Y (sky130_fd_sc_hd__o31ai_2)
                                                         _060_ (net)
                      0.183967    0.000028    0.865984 ^ _219_/B (sky130_fd_sc_hd__and2_2)
     5    0.017477    0.075704    0.147605    1.013589 ^ _219_/X (sky130_fd_sc_hd__and2_2)
                                                         _061_ (net)
                      0.075704    0.000278    1.013867 ^ _233_/C (sky130_fd_sc_hd__and3b_2)
     1    0.002427    0.026413    0.105279    1.119146 ^ _233_/X (sky130_fd_sc_hd__and3b_2)
                                                         TOP.top_rng_inst.lut1.ecstate.next_count[3] (net)
                      0.026413    0.000012    1.119157 ^ _417_/D (sky130_fd_sc_hd__dfrtp_2)
                                              1.119157   data arrival time

                                 25.000000   25.000000   clock clk (rise edge)
                                  0.000000   25.000000   clock source latency
     2    0.019028    0.068483    0.046759   25.046759 ^ clk (in)
                                                         clk (net)
                      0.068490    0.000000   25.046759 ^ clkbuf_0_clk/A (sky130_fd_sc_hd__clkbuf_16)
     8    0.082689    0.076027    0.130395   25.177153 ^ clkbuf_0_clk/X (sky130_fd_sc_hd__clkbuf_16)
                                                         clknet_0_clk (net)
                      0.076148    0.002421   25.179575 ^ clkbuf_3_3__f_clk/A (sky130_fd_sc_hd__clkbuf_16)
    10    0.029599    0.038144    0.103519   25.283094 ^ clkbuf_3_3__f_clk/X (sky130_fd_sc_hd__clkbuf_16)
                                                         clknet_3_3__leaf_clk (net)
                      0.038154    0.000590   25.283684 ^ _417_/CLK (sky130_fd_sc_hd__dfrtp_2)
                                 -0.250000   25.033684   clock uncertainty
                                  0.000000   25.033684   clock reconvergence pessimism
                                 -0.035613   24.998072   library setup time
                                             24.998072   data required time
---------------------------------------------------------------------------------------------
                                             24.998072   data required time
                                             -1.119157   data arrival time
---------------------------------------------------------------------------------------------
                                             23.878914   slack (MET)


Startpoint: _448_ (rising edge-triggered flip-flop clocked by clk)
Endpoint: _452_ (rising edge-triggered flip-flop clocked by clk)
Path Group: clk
Path Type: max

Fanout         Cap        Slew       Delay        Time   Description
---------------------------------------------------------------------------------------------
                                  0.000000    0.000000   clock clk (rise edge)
                                  0.000000    0.000000   clock source latency
     2    0.019028    0.068483    0.046759    0.046759 ^ clk (in)
                                                         clk (net)
                      0.068490    0.000000    0.046759 ^ clkbuf_0_clk/A (sky130_fd_sc_hd__clkbuf_16)
     8    0.082689    0.076027    0.130394    0.177154 ^ clkbuf_0_clk/X (sky130_fd_sc_hd__clkbuf_16)
                                                         clknet_0_clk (net)
                      0.076035    0.000651    0.177804 ^ clkbuf_3_6__f_clk/A (sky130_fd_sc_hd__clkbuf_16)
    10    0.029771    0.038256    0.103675    0.281480 ^ clkbuf_3_6__f_clk/X (sky130_fd_sc_hd__clkbuf_16)
                                                         clknet_3_6__leaf_clk (net)
                      0.038260    0.000405    0.281885 ^ _448_/CLK (sky130_fd_sc_hd__dfrtp_2)
     9    0.053893    0.195094    0.339671    0.621556 ^ _448_/Q (sky130_fd_sc_hd__dfrtp_2)
                                                         net14 (net)
                      0.195108    0.001815    0.623371 ^ _368_/S0 (sky130_fd_sc_hd__mux4_2)
     1    0.006519    0.066636    0.315530    0.938901 v _368_/X (sky130_fd_sc_hd__mux4_2)
                                                         _166_ (net)
                      0.066636    0.000172    0.939072 v _369_/B2 (sky130_fd_sc_hd__a22o_2)
     1    0.003041    0.024259    0.115930    1.055002 v _369_/X (sky130_fd_sc_hd__a22o_2)
                                                         _020_ (net)
                      0.024259    0.000034    1.055036 v _452_/D (sky130_fd_sc_hd__dfrtp_2)
                                              1.055036   data arrival time

                                 25.000000   25.000000   clock clk (rise edge)
                                  0.000000   25.000000   clock source latency
     2    0.019028    0.068483    0.046759   25.046759 ^ clk (in)
                                                         clk (net)
                      0.068490    0.000000   25.046759 ^ clkbuf_0_clk/A (sky130_fd_sc_hd__clkbuf_16)
     8    0.082689    0.076027    0.130395   25.177153 ^ clkbuf_0_clk/X (sky130_fd_sc_hd__clkbuf_16)
                                                         clknet_0_clk (net)
                      0.076034    0.000588   25.177742 ^ clkbuf_3_7__f_clk/A (sky130_fd_sc_hd__clkbuf_16)
     9    0.026754    0.036150    0.101654   25.279396 ^ clkbuf_3_7__f_clk/X (sky130_fd_sc_hd__clkbuf_16)
                                                         clknet_3_7__leaf_clk (net)
                      0.036150    0.000101   25.279497 ^ _452_/CLK (sky130_fd_sc_hd__dfrtp_2)
                                 -0.250000   25.029497   clock uncertainty
                                  0.000000   25.029497   clock reconvergence pessimism
                                 -0.070502   24.958996   library setup time
                                             24.958996   data required time
---------------------------------------------------------------------------------------------
                                             24.958996   data required time
                                             -1.055036   data arrival time
---------------------------------------------------------------------------------------------
                                             23.903959   slack (MET)


Startpoint: _448_ (rising edge-triggered flip-flop clocked by clk)
Endpoint: _453_ (rising edge-triggered flip-flop clocked by clk)
Path Group: clk
Path Type: max

Fanout         Cap        Slew       Delay        Time   Description
---------------------------------------------------------------------------------------------
                                  0.000000    0.000000   clock clk (rise edge)
                                  0.000000    0.000000   clock source latency
     2    0.019028    0.068483    0.046759    0.046759 ^ clk (in)
                                                         clk (net)
                      0.068490    0.000000    0.046759 ^ clkbuf_0_clk/A (sky130_fd_sc_hd__clkbuf_16)
     8    0.082689    0.076027    0.130394    0.177154 ^ clkbuf_0_clk/X (sky130_fd_sc_hd__clkbuf_16)
                                                         clknet_0_clk (net)
                      0.076035    0.000651    0.177804 ^ clkbuf_3_6__f_clk/A (sky130_fd_sc_hd__clkbuf_16)
    10    0.029771    0.038256    0.103675    0.281480 ^ clkbuf_3_6__f_clk/X (sky130_fd_sc_hd__clkbuf_16)
                                                         clknet_3_6__leaf_clk (net)
                      0.038260    0.000405    0.281885 ^ _448_/CLK (sky130_fd_sc_hd__dfrtp_2)
     9    0.053893    0.195094    0.339671    0.621556 ^ _448_/Q (sky130_fd_sc_hd__dfrtp_2)
                                                         net14 (net)
                      0.195107    0.001789    0.623344 ^ _370_/S0 (sky130_fd_sc_hd__mux4_2)
     1    0.005973    0.065440    0.313461    0.936805 v _370_/X (sky130_fd_sc_hd__mux4_2)
                                                         _167_ (net)
                      0.065440    0.000147    0.936951 v _371_/B2 (sky130_fd_sc_hd__a22o_2)
     1    0.002620    0.023401    0.114127    1.051078 v _371_/X (sky130_fd_sc_hd__a22o_2)
                                                         _021_ (net)
                      0.023401    0.000024    1.051102 v _453_/D (sky130_fd_sc_hd__dfrtp_2)
                                              1.051102   data arrival time

                                 25.000000   25.000000   clock clk (rise edge)
                                  0.000000   25.000000   clock source latency
     2    0.019028    0.068483    0.046759   25.046759 ^ clk (in)
                                                         clk (net)
                      0.068490    0.000000   25.046759 ^ clkbuf_0_clk/A (sky130_fd_sc_hd__clkbuf_16)
     8    0.082689    0.076027    0.130395   25.177153 ^ clkbuf_0_clk/X (sky130_fd_sc_hd__clkbuf_16)
                                                         clknet_0_clk (net)
                      0.076034    0.000588   25.177742 ^ clkbuf_3_7__f_clk/A (sky130_fd_sc_hd__clkbuf_16)
     9    0.026754    0.036150    0.101654   25.279396 ^ clkbuf_3_7__f_clk/X (sky130_fd_sc_hd__clkbuf_16)
                                                         clknet_3_7__leaf_clk (net)
                      0.036150    0.000112   25.279507 ^ _453_/CLK (sky130_fd_sc_hd__dfrtp_2)
                                 -0.250000   25.029509   clock uncertainty
                                  0.000000   25.029509   clock reconvergence pessimism
                                 -0.070195   24.959312   library setup time
                                             24.959312   data required time
---------------------------------------------------------------------------------------------
                                             24.959312   data required time
                                             -1.051102   data arrival time
---------------------------------------------------------------------------------------------
                                             23.908209   slack (MET)


Startpoint: _414_ (rising edge-triggered flip-flop clocked by clk)
Endpoint: _419_ (rising edge-triggered flip-flop clocked by clk)
Path Group: clk
Path Type: max

Fanout         Cap        Slew       Delay        Time   Description
---------------------------------------------------------------------------------------------
                                  0.000000    0.000000   clock clk (rise edge)
                                  0.000000    0.000000   clock source latency
     2    0.019028    0.068483    0.046759    0.046759 ^ clk (in)
                                                         clk (net)
                      0.068490    0.000000    0.046759 ^ clkbuf_0_clk/A (sky130_fd_sc_hd__clkbuf_16)
     8    0.082689    0.076027    0.130394    0.177154 ^ clkbuf_0_clk/X (sky130_fd_sc_hd__clkbuf_16)
                                                         clknet_0_clk (net)
                      0.076148    0.002421    0.179575 ^ clkbuf_3_3__f_clk/A (sky130_fd_sc_hd__clkbuf_16)
    10    0.029599    0.038144    0.103520    0.283095 ^ clkbuf_3_3__f_clk/X (sky130_fd_sc_hd__clkbuf_16)
                                                         clknet_3_3__leaf_clk (net)
                      0.038145    0.000257    0.283352 ^ _414_/CLK (sky130_fd_sc_hd__dfrtp_2)
     6    0.019389    0.055933    0.276237    0.559589 v _414_/Q (sky130_fd_sc_hd__dfrtp_2)
                                                         TOP.top_rng_inst.lut1.ecstate.count_out[0] (net)
                      0.055933    0.000233    0.559822 v _217_/A1 (sky130_fd_sc_hd__o21a_2)
     1    0.006110    0.030684    0.143398    0.703219 v _217_/X (sky130_fd_sc_hd__o21a_2)
                                                         _059_ (net)
                      0.030684    0.000101    0.703320 v _218_/A3 (sky130_fd_sc_hd__o31ai_2)
     2    0.008114    0.183967    0.162637    0.865957 ^ _218_/Y (sky130_fd_sc_hd__o31ai_2)
                                                         _060_ (net)
                      0.183967    0.000028    0.865984 ^ _219_/B (sky130_fd_sc_hd__and2_2)
     5    0.017477    0.075704    0.147605    1.013589 ^ _219_/X (sky130_fd_sc_hd__and2_2)
                                                         _061_ (net)
                      0.075704    0.000192    1.013781 ^ _226_/B1 (sky130_fd_sc_hd__o21a_2)
     2    0.006214    0.033599    0.074125    1.087906 ^ _226_/X (sky130_fd_sc_hd__o21a_2)
                                                         TOP.top_rng_inst.lut1.ecstate.next_count[5] (net)
                      0.033599    0.000032    1.087938 ^ _419_/D (sky130_fd_sc_hd__dfrtp_2)
                                              1.087938   data arrival time

                                 25.000000   25.000000   clock clk (rise edge)
                                  0.000000   25.000000   clock source latency
     2    0.019028    0.068483    0.046759   25.046759 ^ clk (in)
                                                         clk (net)
                      0.068490    0.000000   25.046759 ^ clkbuf_0_clk/A (sky130_fd_sc_hd__clkbuf_16)
     8    0.082689    0.076027    0.130395   25.177153 ^ clkbuf_0_clk/X (sky130_fd_sc_hd__clkbuf_16)
                                                         clknet_0_clk (net)
                      0.076148    0.002421   25.179575 ^ clkbuf_3_3__f_clk/A (sky130_fd_sc_hd__clkbuf_16)
    10    0.029599    0.038144    0.103519   25.283094 ^ clkbuf_3_3__f_clk/X (sky130_fd_sc_hd__clkbuf_16)
                                                         clknet_3_3__leaf_clk (net)
                      0.038153    0.000552   25.283646 ^ _419_/CLK (sky130_fd_sc_hd__dfrtp_2)
                                 -0.250000   25.033648   clock uncertainty
                                  0.000000   25.033648   clock reconvergence pessimism
                                 -0.036345   24.997303   library setup time
                                             24.997303   data required time
---------------------------------------------------------------------------------------------
                                             24.997303   data required time
                                             -1.087938   data arrival time
---------------------------------------------------------------------------------------------
                                             23.909367   slack (MET)


Startpoint: _448_ (rising edge-triggered flip-flop clocked by clk)
Endpoint: _454_ (rising edge-triggered flip-flop clocked by clk)
Path Group: clk
Path Type: max

Fanout         Cap        Slew       Delay        Time   Description
---------------------------------------------------------------------------------------------
                                  0.000000    0.000000   clock clk (rise edge)
                                  0.000000    0.000000   clock source latency
     2    0.019028    0.068483    0.046759    0.046759 ^ clk (in)
                                                         clk (net)
                      0.068490    0.000000    0.046759 ^ clkbuf_0_clk/A (sky130_fd_sc_hd__clkbuf_16)
     8    0.082689    0.076027    0.130394    0.177154 ^ clkbuf_0_clk/X (sky130_fd_sc_hd__clkbuf_16)
                                                         clknet_0_clk (net)
                      0.076035    0.000651    0.177804 ^ clkbuf_3_6__f_clk/A (sky130_fd_sc_hd__clkbuf_16)
    10    0.029771    0.038256    0.103675    0.281480 ^ clkbuf_3_6__f_clk/X (sky130_fd_sc_hd__clkbuf_16)
                                                         clknet_3_6__leaf_clk (net)
                      0.038260    0.000405    0.281885 ^ _448_/CLK (sky130_fd_sc_hd__dfrtp_2)
     9    0.053893    0.195094    0.339671    0.621556 ^ _448_/Q (sky130_fd_sc_hd__dfrtp_2)
                                                         net14 (net)
                      0.195105    0.001668    0.623223 ^ _372_/S0 (sky130_fd_sc_hd__mux4_2)
     1    0.005507    0.064448    0.311698    0.934922 v _372_/X (sky130_fd_sc_hd__mux4_2)
                                                         _168_ (net)
                      0.064448    0.000122    0.935044 v _373_/B2 (sky130_fd_sc_hd__a22o_2)
     1    0.002326    0.022801    0.112805    1.047849 v _373_/X (sky130_fd_sc_hd__a22o_2)
                                                         _022_ (net)
                      0.022801    0.000020    1.047868 v _454_/D (sky130_fd_sc_hd__dfrtp_2)
                                              1.047868   data arrival time

                                 25.000000   25.000000   clock clk (rise edge)
                                  0.000000   25.000000   clock source latency
     2    0.019028    0.068483    0.046759   25.046759 ^ clk (in)
                                                         clk (net)
                      0.068490    0.000000   25.046759 ^ clkbuf_0_clk/A (sky130_fd_sc_hd__clkbuf_16)
     8    0.082689    0.076027    0.130395   25.177153 ^ clkbuf_0_clk/X (sky130_fd_sc_hd__clkbuf_16)
                                                         clknet_0_clk (net)
                      0.076034    0.000588   25.177742 ^ clkbuf_3_7__f_clk/A (sky130_fd_sc_hd__clkbuf_16)
     9    0.026754    0.036150    0.101654   25.279396 ^ clkbuf_3_7__f_clk/X (sky130_fd_sc_hd__clkbuf_16)
                                                         clknet_3_7__leaf_clk (net)
                      0.036151    0.000174   25.279570 ^ _454_/CLK (sky130_fd_sc_hd__dfrtp_2)
                                 -0.250000   25.029570   clock uncertainty
                                  0.000000   25.029570   clock reconvergence pessimism
                                 -0.069981   24.959589   library setup time
                                             24.959589   data required time
---------------------------------------------------------------------------------------------
                                             24.959589   data required time
                                             -1.047868   data arrival time
---------------------------------------------------------------------------------------------
                                             23.911722   slack (MET)


Startpoint: _450_ (rising edge-triggered flip-flop clocked by clk)
Endpoint: _450_ (rising edge-triggered flip-flop clocked by clk)
Path Group: clk
Path Type: max

Fanout         Cap        Slew       Delay        Time   Description
---------------------------------------------------------------------------------------------
                                  0.000000    0.000000   clock clk (rise edge)
                                  0.000000    0.000000   clock source latency
     2    0.019028    0.068483    0.046759    0.046759 ^ clk (in)
                                                         clk (net)
                      0.068490    0.000000    0.046759 ^ clkbuf_0_clk/A (sky130_fd_sc_hd__clkbuf_16)
     8    0.082689    0.076027    0.130394    0.177154 ^ clkbuf_0_clk/X (sky130_fd_sc_hd__clkbuf_16)
                                                         clknet_0_clk (net)
                      0.076035    0.000651    0.177804 ^ clkbuf_3_6__f_clk/A (sky130_fd_sc_hd__clkbuf_16)
    10    0.029771    0.038256    0.103675    0.281480 ^ clkbuf_3_6__f_clk/X (sky130_fd_sc_hd__clkbuf_16)
                                                         clknet_3_6__leaf_clk (net)
                      0.038259    0.000372    0.281851 ^ _450_/CLK (sky130_fd_sc_hd__dfrtp_2)
     3    0.009905    0.040954    0.256962    0.538813 v _450_/Q (sky130_fd_sc_hd__dfrtp_2)
                                                         net16 (net)
                      0.040954    0.000053    0.538866 v hold133/A (sky130_fd_sc_hd__dlygate4sd3_1)
     1    0.008920    0.059667    0.391911    0.930777 v hold133/X (sky130_fd_sc_hd__dlygate4sd3_1)
                                                         net133 (net)
                      0.059667    0.000047    0.930824 v _361_/A (sky130_fd_sc_hd__xor2_2)
     1    0.002488    0.030575    0.112819    1.043643 v _361_/X (sky130_fd_sc_hd__xor2_2)
                                                         _018_ (net)
                      0.030575    0.000023    1.043666 v _450_/D (sky130_fd_sc_hd__dfrtp_2)
                                              1.043666   data arrival time

                                 25.000000   25.000000   clock clk (rise edge)
                                  0.000000   25.000000   clock source latency
     2    0.019028    0.068483    0.046759   25.046759 ^ clk (in)
                                                         clk (net)
                      0.068490    0.000000   25.046759 ^ clkbuf_0_clk/A (sky130_fd_sc_hd__clkbuf_16)
     8    0.082689    0.076027    0.130395   25.177153 ^ clkbuf_0_clk/X (sky130_fd_sc_hd__clkbuf_16)
                                                         clknet_0_clk (net)
                      0.076035    0.000650   25.177803 ^ clkbuf_3_6__f_clk/A (sky130_fd_sc_hd__clkbuf_16)
    10    0.029771    0.038256    0.103675   25.281479 ^ clkbuf_3_6__f_clk/X (sky130_fd_sc_hd__clkbuf_16)
                                                         clknet_3_6__leaf_clk (net)
                      0.038259    0.000371   25.281851 ^ _450_/CLK (sky130_fd_sc_hd__dfrtp_2)
                                 -0.250000   25.031851   clock uncertainty
                                  0.000000   25.031851   clock reconvergence pessimism
                                 -0.072554   24.959297   library setup time
                                             24.959297   data required time
---------------------------------------------------------------------------------------------
                                             24.959297   data required time
                                             -1.043666   data arrival time
---------------------------------------------------------------------------------------------
                                             23.915630   slack (MET)


Startpoint: _431_ (rising edge-triggered flip-flop clocked by clk)
Endpoint: _449_ (rising edge-triggered flip-flop clocked by clk)
Path Group: clk
Path Type: max

Fanout         Cap        Slew       Delay        Time   Description
---------------------------------------------------------------------------------------------
                                  0.000000    0.000000   clock clk (rise edge)
                                  0.000000    0.000000   clock source latency
     2    0.019028    0.068483    0.046759    0.046759 ^ clk (in)
                                                         clk (net)
                      0.068490    0.000000    0.046759 ^ clkbuf_0_clk/A (sky130_fd_sc_hd__clkbuf_16)
     8    0.082689    0.076027    0.130394    0.177154 ^ clkbuf_0_clk/X (sky130_fd_sc_hd__clkbuf_16)
                                                         clknet_0_clk (net)
                      0.076035    0.000651    0.177804 ^ clkbuf_3_6__f_clk/A (sky130_fd_sc_hd__clkbuf_16)
    10    0.029771    0.038256    0.103675    0.281480 ^ clkbuf_3_6__f_clk/X (sky130_fd_sc_hd__clkbuf_16)
                                                         clknet_3_6__leaf_clk (net)
                      0.038256    0.000106    0.281585 ^ _431_/CLK (sky130_fd_sc_hd__dfrtp_2)
     4    0.011998    0.045264    0.262109    0.543695 v _431_/Q (sky130_fd_sc_hd__dfrtp_2)
                                                         TOP.top_rng_inst.display.psc.rollover_flag (net)
                      0.045264    0.000079    0.543774 v hold159/A (sky130_fd_sc_hd__dlygate4sd3_1)
     1    0.004810    0.045399    0.375609    0.919382 v hold159/X (sky130_fd_sc_hd__dlygate4sd3_1)
                                                         net159 (net)
                      0.045399    0.000019    0.919401 v _359_/A2 (sky130_fd_sc_hd__a21oi_2)
     1    0.005736    0.079576    0.104355    1.023756 ^ _359_/Y (sky130_fd_sc_hd__a21oi_2)
                                                         _160_ (net)
                      0.079576    0.000048    1.023804 ^ _360_/B (sky130_fd_sc_hd__nor2_2)
     1    0.002326    0.021519    0.016198    1.040003 v _360_/Y (sky130_fd_sc_hd__nor2_2)
                                                         _017_ (net)
                      0.021519    0.000020    1.040022 v _449_/D (sky130_fd_sc_hd__dfrtp_2)
                                              1.040022   data arrival time

                                 25.000000   25.000000   clock clk (rise edge)
                                  0.000000   25.000000   clock source latency
     2    0.019028    0.068483    0.046759   25.046759 ^ clk (in)
                                                         clk (net)
                      0.068490    0.000000   25.046759 ^ clkbuf_0_clk/A (sky130_fd_sc_hd__clkbuf_16)
     8    0.082689    0.076027    0.130395   25.177153 ^ clkbuf_0_clk/X (sky130_fd_sc_hd__clkbuf_16)
                                                         clknet_0_clk (net)
                      0.076035    0.000650   25.177803 ^ clkbuf_3_6__f_clk/A (sky130_fd_sc_hd__clkbuf_16)
    10    0.029771    0.038256    0.103675   25.281479 ^ clkbuf_3_6__f_clk/X (sky130_fd_sc_hd__clkbuf_16)
                                                         clknet_3_6__leaf_clk (net)
                      0.038257    0.000291   25.281771 ^ _449_/CLK (sky130_fd_sc_hd__dfrtp_2)
                                 -0.250000   25.031771   clock uncertainty
                                  0.000000   25.031771   clock reconvergence pessimism
                                 -0.069321   24.962450   library setup time
                                             24.962450   data required time
---------------------------------------------------------------------------------------------
                                             24.962450   data required time
                                             -1.040022   data arrival time
---------------------------------------------------------------------------------------------
                                             23.922430   slack (MET)


Startpoint: _431_ (rising edge-triggered flip-flop clocked by clk)
Endpoint: _448_ (rising edge-triggered flip-flop clocked by clk)
Path Group: clk
Path Type: max

Fanout         Cap        Slew       Delay        Time   Description
---------------------------------------------------------------------------------------------
                                  0.000000    0.000000   clock clk (rise edge)
                                  0.000000    0.000000   clock source latency
     2    0.019028    0.068483    0.046759    0.046759 ^ clk (in)
                                                         clk (net)
                      0.068490    0.000000    0.046759 ^ clkbuf_0_clk/A (sky130_fd_sc_hd__clkbuf_16)
     8    0.082689    0.076027    0.130394    0.177154 ^ clkbuf_0_clk/X (sky130_fd_sc_hd__clkbuf_16)
                                                         clknet_0_clk (net)
                      0.076035    0.000651    0.177804 ^ clkbuf_3_6__f_clk/A (sky130_fd_sc_hd__clkbuf_16)
    10    0.029771    0.038256    0.103675    0.281480 ^ clkbuf_3_6__f_clk/X (sky130_fd_sc_hd__clkbuf_16)
                                                         clknet_3_6__leaf_clk (net)
                      0.038256    0.000106    0.281585 ^ _431_/CLK (sky130_fd_sc_hd__dfrtp_2)
     4    0.011998    0.045264    0.262109    0.543695 v _431_/Q (sky130_fd_sc_hd__dfrtp_2)
                                                         TOP.top_rng_inst.display.psc.rollover_flag (net)
                      0.045264    0.000070    0.543765 v hold134/A (sky130_fd_sc_hd__dlygate4sd3_1)
     1    0.007905    0.055733    0.389112    0.932877 v hold134/X (sky130_fd_sc_hd__dlygate4sd3_1)
                                                         net134 (net)
                      0.055733    0.000055    0.932932 v _357_/B (sky130_fd_sc_hd__xor2_2)
     1    0.002668    0.046032    0.092534    1.025465 v _357_/X (sky130_fd_sc_hd__xor2_2)
                                                         _016_ (net)
                      0.046032    0.000027    1.025493 v _448_/D (sky130_fd_sc_hd__dfrtp_2)
                                              1.025493   data arrival time

                                 25.000000   25.000000   clock clk (rise edge)
                                  0.000000   25.000000   clock source latency
     2    0.019028    0.068483    0.046759   25.046759 ^ clk (in)
                                                         clk (net)
                      0.068490    0.000000   25.046759 ^ clkbuf_0_clk/A (sky130_fd_sc_hd__clkbuf_16)
     8    0.082689    0.076027    0.130395   25.177153 ^ clkbuf_0_clk/X (sky130_fd_sc_hd__clkbuf_16)
                                                         clknet_0_clk (net)
                      0.076035    0.000650   25.177803 ^ clkbuf_3_6__f_clk/A (sky130_fd_sc_hd__clkbuf_16)
    10    0.029771    0.038256    0.103675   25.281479 ^ clkbuf_3_6__f_clk/X (sky130_fd_sc_hd__clkbuf_16)
                                                         clknet_3_6__leaf_clk (net)
                      0.038260    0.000405   25.281883 ^ _448_/CLK (sky130_fd_sc_hd__dfrtp_2)
                                 -0.250000   25.031885   clock uncertainty
                                  0.000000   25.031885   clock reconvergence pessimism
                                 -0.078073   24.953812   library setup time
                                             24.953812   data required time
---------------------------------------------------------------------------------------------
                                             24.953812   data required time
                                             -1.025493   data arrival time
---------------------------------------------------------------------------------------------
                                             23.928320   slack (MET)


Startpoint: _475_ (rising edge-triggered flip-flop clocked by clk)
Endpoint: _473_ (rising edge-triggered flip-flop clocked by clk)
Path Group: clk
Path Type: max

Fanout         Cap        Slew       Delay        Time   Description
---------------------------------------------------------------------------------------------
                                  0.000000    0.000000   clock clk (rise edge)
                                  0.000000    0.000000   clock source latency
     2    0.019028    0.068483    0.046759    0.046759 ^ clk (in)
                                                         clk (net)
                      0.068490    0.000000    0.046759 ^ clkbuf_0_clk/A (sky130_fd_sc_hd__clkbuf_16)
     8    0.082689    0.076027    0.130394    0.177154 ^ clkbuf_0_clk/X (sky130_fd_sc_hd__clkbuf_16)
                                                         clknet_0_clk (net)
                      0.076122    0.002149    0.179303 ^ clkbuf_3_0__f_clk/A (sky130_fd_sc_hd__clkbuf_16)
    10    0.030821    0.039003    0.104422    0.283725 ^ clkbuf_3_0__f_clk/X (sky130_fd_sc_hd__clkbuf_16)
                                                         clknet_3_0__leaf_clk (net)
                      0.039003    0.000161    0.283886 ^ _475_/CLK (sky130_fd_sc_hd__dfrtp_2)
     5    0.013580    0.060363    0.241313    0.525198 ^ _475_/Q (sky130_fd_sc_hd__dfrtp_2)
                                                         TOP.top_rng_inst.k1.psc.count_out[3] (net)
                      0.060363    0.000106    0.525305 ^ hold153/A (sky130_fd_sc_hd__dlygate4sd3_1)
     1    0.006078    0.059403    0.395379    0.920684 ^ hold153/X (sky130_fd_sc_hd__dlygate4sd3_1)
                                                         net153 (net)
                      0.059403    0.000082    0.920766 ^ _242_/B1 (sky130_fd_sc_hd__a21oi_2)
     1    0.002928    0.029930    0.017690    0.938457 v _242_/Y (sky130_fd_sc_hd__a21oi_2)
                                                         _071_ (net)
                      0.029930    0.000029    0.938485 v _243_/B1 (sky130_fd_sc_hd__o21a_2)
     1    0.002704    0.024208    0.067231    1.005717 v _243_/X (sky130_fd_sc_hd__o21a_2)
                                                         TOP.top_rng_inst.k1.psc.next_count[1] (net)
                      0.024208    0.000028    1.005745 v _473_/D (sky130_fd_sc_hd__dfrtp_2)
                                              1.005745   data arrival time

                                 25.000000   25.000000   clock clk (rise edge)
                                  0.000000   25.000000   clock source latency
     2    0.019028    0.068483    0.046759   25.046759 ^ clk (in)
                                                         clk (net)
                      0.068490    0.000000   25.046759 ^ clkbuf_0_clk/A (sky130_fd_sc_hd__clkbuf_16)
     8    0.082689    0.076027    0.130395   25.177153 ^ clkbuf_0_clk/X (sky130_fd_sc_hd__clkbuf_16)
                                                         clknet_0_clk (net)
                      0.076122    0.002149   25.179302 ^ clkbuf_3_0__f_clk/A (sky130_fd_sc_hd__clkbuf_16)
    10    0.030821    0.039003    0.104421   25.283724 ^ clkbuf_3_0__f_clk/X (sky130_fd_sc_hd__clkbuf_16)
                                                         clknet_3_0__leaf_clk (net)
                      0.039004    0.000224   25.283949 ^ _473_/CLK (sky130_fd_sc_hd__dfrtp_2)
                                 -0.250000   25.033949   clock uncertainty
                                  0.000000   25.033949   clock reconvergence pessimism
                                 -0.070209   24.963739   library setup time
                                             24.963739   data required time
---------------------------------------------------------------------------------------------
                                             24.963739   data required time
                                             -1.005745   data arrival time
---------------------------------------------------------------------------------------------
                                             23.957994   slack (MET)


Startpoint: _483_ (rising edge-triggered flip-flop clocked by clk)
Endpoint: _484_ (rising edge-triggered flip-flop clocked by clk)
Path Group: clk
Path Type: max

Fanout         Cap        Slew       Delay        Time   Description
---------------------------------------------------------------------------------------------
                                  0.000000    0.000000   clock clk (rise edge)
                                  0.000000    0.000000   clock source latency
     2    0.019028    0.068483    0.046759    0.046759 ^ clk (in)
                                                         clk (net)
                      0.068490    0.000000    0.046759 ^ clkbuf_0_clk/A (sky130_fd_sc_hd__clkbuf_16)
     8    0.082689    0.076027    0.130394    0.177154 ^ clkbuf_0_clk/X (sky130_fd_sc_hd__clkbuf_16)
                                                         clknet_0_clk (net)
                      0.076116    0.002078    0.179232 ^ clkbuf_3_1__f_clk/A (sky130_fd_sc_hd__clkbuf_16)
    10    0.035455    0.042282    0.106940    0.286172 ^ clkbuf_3_1__f_clk/X (sky130_fd_sc_hd__clkbuf_16)
                                                         clknet_3_1__leaf_clk (net)
                      0.042295    0.000846    0.287017 ^ _483_/CLK (sky130_fd_sc_hd__dfrtp_2)
     1    0.002970    0.027736    0.239101    0.526119 v _483_/Q (sky130_fd_sc_hd__dfrtp_2)
                                                         TOP.top_rng_inst.k1.sync_r0.n_sr[1] (net)
                      0.027736    0.000039    0.526158 v hold111/A (sky130_fd_sc_hd__dlygate4sd3_1)
     1    0.002376    0.036701    0.356121    0.882279 v hold111/X (sky130_fd_sc_hd__dlygate4sd3_1)
                                                         net111 (net)
                      0.036701    0.000011    0.882290 v _484_/D (sky130_fd_sc_hd__dfrtp_2)
                                              0.882290   data arrival time

                                 25.000000   25.000000   clock clk (rise edge)
                                  0.000000   25.000000   clock source latency
     2    0.019028    0.068483    0.046759   25.046759 ^ clk (in)
                                                         clk (net)
                      0.068490    0.000000   25.046759 ^ clkbuf_0_clk/A (sky130_fd_sc_hd__clkbuf_16)
     8    0.082689    0.076027    0.130395   25.177153 ^ clkbuf_0_clk/X (sky130_fd_sc_hd__clkbuf_16)
                                                         clknet_0_clk (net)
                      0.076116    0.002077   25.179230 ^ clkbuf_3_1__f_clk/A (sky130_fd_sc_hd__clkbuf_16)
    10    0.035455    0.042282    0.106940   25.286171 ^ clkbuf_3_1__f_clk/X (sky130_fd_sc_hd__clkbuf_16)
                                                         clknet_3_1__leaf_clk (net)
                      0.042294    0.000815   25.286985 ^ _484_/CLK (sky130_fd_sc_hd__dfrtp_2)
                                 -0.250000   25.036987   clock uncertainty
                                  0.000000   25.036987   clock reconvergence pessimism
                                 -0.074353   24.962633   library setup time
                                             24.962633   data required time
---------------------------------------------------------------------------------------------
                                             24.962633   data required time
                                             -0.882290   data arrival time
---------------------------------------------------------------------------------------------
                                             24.080343   slack (MET)


Startpoint: _477_ (rising edge-triggered flip-flop clocked by clk)
Endpoint: _478_ (rising edge-triggered flip-flop clocked by clk)
Path Group: clk
Path Type: max

Fanout         Cap        Slew       Delay        Time   Description
---------------------------------------------------------------------------------------------
                                  0.000000    0.000000   clock clk (rise edge)
                                  0.000000    0.000000   clock source latency
     2    0.019028    0.068483    0.046759    0.046759 ^ clk (in)
                                                         clk (net)
                      0.068490    0.000000    0.046759 ^ clkbuf_0_clk/A (sky130_fd_sc_hd__clkbuf_16)
     8    0.082689    0.076027    0.130394    0.177154 ^ clkbuf_0_clk/X (sky130_fd_sc_hd__clkbuf_16)
                                                         clknet_0_clk (net)
                      0.076122    0.002149    0.179303 ^ clkbuf_3_0__f_clk/A (sky130_fd_sc_hd__clkbuf_16)
    10    0.030821    0.039003    0.104422    0.283725 ^ clkbuf_3_0__f_clk/X (sky130_fd_sc_hd__clkbuf_16)
                                                         clknet_3_0__leaf_clk (net)
                      0.039007    0.000350    0.284075 ^ _477_/CLK (sky130_fd_sc_hd__dfrtp_2)
     1    0.002544    0.026818    0.236619    0.520694 v _477_/Q (sky130_fd_sc_hd__dfrtp_2)
                                                         TOP.top_rng_inst.k1.sync_r3.n_sr[1] (net)
                      0.026818    0.000019    0.520713 v hold108/A (sky130_fd_sc_hd__dlygate4sd3_1)
     1    0.002542    0.037180    0.356770    0.877483 v hold108/X (sky130_fd_sc_hd__dlygate4sd3_1)
                                                         net108 (net)
                      0.037180    0.000023    0.877506 v _478_/D (sky130_fd_sc_hd__dfrtp_2)
                                              0.877506   data arrival time

                                 25.000000   25.000000   clock clk (rise edge)
                                  0.000000   25.000000   clock source latency
     2    0.019028    0.068483    0.046759   25.046759 ^ clk (in)
                                                         clk (net)
                      0.068490    0.000000   25.046759 ^ clkbuf_0_clk/A (sky130_fd_sc_hd__clkbuf_16)
     8    0.082689    0.076027    0.130395   25.177153 ^ clkbuf_0_clk/X (sky130_fd_sc_hd__clkbuf_16)
                                                         clknet_0_clk (net)
                      0.076122    0.002149   25.179302 ^ clkbuf_3_0__f_clk/A (sky130_fd_sc_hd__clkbuf_16)
    10    0.030821    0.039003    0.104421   25.283724 ^ clkbuf_3_0__f_clk/X (sky130_fd_sc_hd__clkbuf_16)
                                                         clknet_3_0__leaf_clk (net)
                      0.039007    0.000357   25.284081 ^ _478_/CLK (sky130_fd_sc_hd__dfrtp_2)
                                 -0.250000   25.034082   clock uncertainty
                                  0.000000   25.034082   clock reconvergence pessimism
                                 -0.074840   24.959242   library setup time
                                             24.959242   data required time
---------------------------------------------------------------------------------------------
                                             24.959242   data required time
                                             -0.877506   data arrival time
---------------------------------------------------------------------------------------------
                                             24.081736   slack (MET)


Startpoint: _481_ (rising edge-triggered flip-flop clocked by clk)
Endpoint: _482_ (rising edge-triggered flip-flop clocked by clk)
Path Group: clk
Path Type: max

Fanout         Cap        Slew       Delay        Time   Description
---------------------------------------------------------------------------------------------
                                  0.000000    0.000000   clock clk (rise edge)
                                  0.000000    0.000000   clock source latency
     2    0.019028    0.068483    0.046759    0.046759 ^ clk (in)
                                                         clk (net)
                      0.068490    0.000000    0.046759 ^ clkbuf_0_clk/A (sky130_fd_sc_hd__clkbuf_16)
     8    0.082689    0.076027    0.130394    0.177154 ^ clkbuf_0_clk/X (sky130_fd_sc_hd__clkbuf_16)
                                                         clknet_0_clk (net)
                      0.076116    0.002078    0.179232 ^ clkbuf_3_1__f_clk/A (sky130_fd_sc_hd__clkbuf_16)
    10    0.035455    0.042282    0.106940    0.286172 ^ clkbuf_3_1__f_clk/X (sky130_fd_sc_hd__clkbuf_16)
                                                         clknet_3_1__leaf_clk (net)
                      0.042294    0.000821    0.286993 ^ _481_/CLK (sky130_fd_sc_hd__dfrtp_2)
     1    0.002185    0.026044    0.236307    0.523300 v _481_/Q (sky130_fd_sc_hd__dfrtp_2)
                                                         TOP.top_rng_inst.k1.sync_r1.n_sr[1] (net)
                      0.026044    0.000020    0.523320 v hold109/A (sky130_fd_sc_hd__dlygate4sd3_1)
     1    0.002511    0.037088    0.356288    0.879609 v hold109/X (sky130_fd_sc_hd__dlygate4sd3_1)
                                                         net109 (net)
                      0.037088    0.000023    0.879632 v _482_/D (sky130_fd_sc_hd__dfrtp_2)
                                              0.879632   data arrival time

                                 25.000000   25.000000   clock clk (rise edge)
                                  0.000000   25.000000   clock source latency
     2    0.019028    0.068483    0.046759   25.046759 ^ clk (in)
                                                         clk (net)
                      0.068490    0.000000   25.046759 ^ clkbuf_0_clk/A (sky130_fd_sc_hd__clkbuf_16)
     8    0.082689    0.076027    0.130395   25.177153 ^ clkbuf_0_clk/X (sky130_fd_sc_hd__clkbuf_16)
                                                         clknet_0_clk (net)
                      0.076116    0.002077   25.179230 ^ clkbuf_3_1__f_clk/A (sky130_fd_sc_hd__clkbuf_16)
    10    0.035455    0.042282    0.106940   25.286171 ^ clkbuf_3_1__f_clk/X (sky130_fd_sc_hd__clkbuf_16)
                                                         clknet_3_1__leaf_clk (net)
                      0.042293    0.000801   25.286972 ^ _482_/CLK (sky130_fd_sc_hd__dfrtp_2)
                                 -0.250000   25.036972   clock uncertainty
                                  0.000000   25.036972   clock reconvergence pessimism
                                 -0.074491   24.962481   library setup time
                                             24.962481   data required time
---------------------------------------------------------------------------------------------
                                             24.962481   data required time
                                             -0.879632   data arrival time
---------------------------------------------------------------------------------------------
                                             24.082848   slack (MET)


Startpoint: _479_ (rising edge-triggered flip-flop clocked by clk)
Endpoint: _480_ (rising edge-triggered flip-flop clocked by clk)
Path Group: clk
Path Type: max

Fanout         Cap        Slew       Delay        Time   Description
---------------------------------------------------------------------------------------------
                                  0.000000    0.000000   clock clk (rise edge)
                                  0.000000    0.000000   clock source latency
     2    0.019028    0.068483    0.046759    0.046759 ^ clk (in)
                                                         clk (net)
                      0.068490    0.000000    0.046759 ^ clkbuf_0_clk/A (sky130_fd_sc_hd__clkbuf_16)
     8    0.082689    0.076027    0.130394    0.177154 ^ clkbuf_0_clk/X (sky130_fd_sc_hd__clkbuf_16)
                                                         clknet_0_clk (net)
                      0.076116    0.002078    0.179232 ^ clkbuf_3_1__f_clk/A (sky130_fd_sc_hd__clkbuf_16)
    10    0.035455    0.042282    0.106940    0.286172 ^ clkbuf_3_1__f_clk/X (sky130_fd_sc_hd__clkbuf_16)
                                                         clknet_3_1__leaf_clk (net)
                      0.042291    0.000758    0.286930 ^ _479_/CLK (sky130_fd_sc_hd__dfrtp_2)
     1    0.002049    0.025747    0.235820    0.522750 v _479_/Q (sky130_fd_sc_hd__dfrtp_2)
                                                         TOP.top_rng_inst.k1.sync_r2.n_sr[1] (net)
                      0.025747    0.000019    0.522769 v hold110/A (sky130_fd_sc_hd__dlygate4sd3_1)
     1    0.002515    0.037101    0.356201    0.878969 v hold110/X (sky130_fd_sc_hd__dlygate4sd3_1)
                                                         net110 (net)
                      0.037101    0.000024    0.878993 v _480_/D (sky130_fd_sc_hd__dfrtp_2)
                                              0.878993   data arrival time

                                 25.000000   25.000000   clock clk (rise edge)
                                  0.000000   25.000000   clock source latency
     2    0.019028    0.068483    0.046759   25.046759 ^ clk (in)
                                                         clk (net)
                      0.068490    0.000000   25.046759 ^ clkbuf_0_clk/A (sky130_fd_sc_hd__clkbuf_16)
     8    0.082689    0.076027    0.130395   25.177153 ^ clkbuf_0_clk/X (sky130_fd_sc_hd__clkbuf_16)
                                                         clknet_0_clk (net)
                      0.076116    0.002077   25.179230 ^ clkbuf_3_1__f_clk/A (sky130_fd_sc_hd__clkbuf_16)
    10    0.035455    0.042282    0.106940   25.286171 ^ clkbuf_3_1__f_clk/X (sky130_fd_sc_hd__clkbuf_16)
                                                         clknet_3_1__leaf_clk (net)
                      0.042290    0.000737   25.286907 ^ _480_/CLK (sky130_fd_sc_hd__dfrtp_2)
                                 -0.250000   25.036909   clock uncertainty
                                  0.000000   25.036909   clock reconvergence pessimism
                                 -0.074496   24.962412   library setup time
                                             24.962412   data required time
---------------------------------------------------------------------------------------------
                                             24.962412   data required time
                                             -0.878993   data arrival time
---------------------------------------------------------------------------------------------
                                             24.083418   slack (MET)


Startpoint: _472_ (rising edge-triggered flip-flop clocked by clk)
Endpoint: _476_ (rising edge-triggered flip-flop clocked by clk)
Path Group: clk
Path Type: max

Fanout         Cap        Slew       Delay        Time   Description
---------------------------------------------------------------------------------------------
                                  0.000000    0.000000   clock clk (rise edge)
                                  0.000000    0.000000   clock source latency
     2    0.019028    0.068483    0.046759    0.046759 ^ clk (in)
                                                         clk (net)
                      0.068490    0.000000    0.046759 ^ clkbuf_0_clk/A (sky130_fd_sc_hd__clkbuf_16)
     8    0.082689    0.076027    0.130394    0.177154 ^ clkbuf_0_clk/X (sky130_fd_sc_hd__clkbuf_16)
                                                         clknet_0_clk (net)
                      0.076122    0.002149    0.179303 ^ clkbuf_3_0__f_clk/A (sky130_fd_sc_hd__clkbuf_16)
    10    0.030821    0.039003    0.104422    0.283725 ^ clkbuf_3_0__f_clk/X (sky130_fd_sc_hd__clkbuf_16)
                                                         clknet_3_0__leaf_clk (net)
                      0.039004    0.000239    0.283963 ^ _472_/CLK (sky130_fd_sc_hd__dfrtp_2)
     7    0.024547    0.063859    0.284836    0.568800 v _472_/Q (sky130_fd_sc_hd__dfrtp_2)
                                                         TOP.top_rng_inst.k1.psc.count_out[0] (net)
                      0.063860    0.000366    0.569165 v _413_/D (sky130_fd_sc_hd__and4b_2)
     1    0.003069    0.031721    0.157218    0.726383 v _413_/X (sky130_fd_sc_hd__and4b_2)
                                                         TOP.top_rng_inst.k1.psc.next_flag (net)
                      0.031721    0.000035    0.726418 v _476_/D (sky130_fd_sc_hd__dfrtp_2)
                                              0.726418   data arrival time

                                 25.000000   25.000000   clock clk (rise edge)
                                  0.000000   25.000000   clock source latency
     2    0.019028    0.068483    0.046759   25.046759 ^ clk (in)
                                                         clk (net)
                      0.068490    0.000000   25.046759 ^ clkbuf_0_clk/A (sky130_fd_sc_hd__clkbuf_16)
     8    0.082689    0.076027    0.130395   25.177153 ^ clkbuf_0_clk/X (sky130_fd_sc_hd__clkbuf_16)
                                                         clknet_0_clk (net)
                      0.076122    0.002149   25.179302 ^ clkbuf_3_0__f_clk/A (sky130_fd_sc_hd__clkbuf_16)
    10    0.030821    0.039003    0.104421   25.283724 ^ clkbuf_3_0__f_clk/X (sky130_fd_sc_hd__clkbuf_16)
                                                         clknet_3_0__leaf_clk (net)
                      0.039006    0.000300   25.284025 ^ _476_/CLK (sky130_fd_sc_hd__dfrtp_2)
                                 -0.250000   25.034025   clock uncertainty
                                  0.000000   25.034025   clock reconvergence pessimism
                                 -0.072892   24.961134   library setup time
                                             24.961134   data required time
---------------------------------------------------------------------------------------------
                                             24.961134   data required time
                                             -0.726418   data arrival time
---------------------------------------------------------------------------------------------
                                             24.234716   slack (MET)


Startpoint: _472_ (rising edge-triggered flip-flop clocked by clk)
Endpoint: _475_ (rising edge-triggered flip-flop clocked by clk)
Path Group: clk
Path Type: max

Fanout         Cap        Slew       Delay        Time   Description
---------------------------------------------------------------------------------------------
                                  0.000000    0.000000   clock clk (rise edge)
                                  0.000000    0.000000   clock source latency
     2    0.019028    0.068483    0.046759    0.046759 ^ clk (in)
                                                         clk (net)
                      0.068490    0.000000    0.046759 ^ clkbuf_0_clk/A (sky130_fd_sc_hd__clkbuf_16)
     8    0.082689    0.076027    0.130394    0.177154 ^ clkbuf_0_clk/X (sky130_fd_sc_hd__clkbuf_16)
                                                         clknet_0_clk (net)
                      0.076122    0.002149    0.179303 ^ clkbuf_3_0__f_clk/A (sky130_fd_sc_hd__clkbuf_16)
    10    0.030821    0.039003    0.104422    0.283725 ^ clkbuf_3_0__f_clk/X (sky130_fd_sc_hd__clkbuf_16)
                                                         clknet_3_0__leaf_clk (net)
                      0.039004    0.000239    0.283963 ^ _472_/CLK (sky130_fd_sc_hd__dfrtp_2)
     7    0.024547    0.063859    0.284836    0.568800 v _472_/Q (sky130_fd_sc_hd__dfrtp_2)
                                                         TOP.top_rng_inst.k1.psc.count_out[0] (net)
                      0.063860    0.000355    0.569154 v _227_/D (sky130_fd_sc_hd__and4b_2)
     1    0.002337    0.030126    0.154555    0.723709 v _227_/X (sky130_fd_sc_hd__and4b_2)
                                                         TOP.top_rng_inst.k1.psc.next_count[3] (net)
                      0.030126    0.000010    0.723720 v _475_/D (sky130_fd_sc_hd__dfrtp_2)
                                              0.723720   data arrival time

                                 25.000000   25.000000   clock clk (rise edge)
                                  0.000000   25.000000   clock source latency
     2    0.019028    0.068483    0.046759   25.046759 ^ clk (in)
                                                         clk (net)
                      0.068490    0.000000   25.046759 ^ clkbuf_0_clk/A (sky130_fd_sc_hd__clkbuf_16)
     8    0.082689    0.076027    0.130395   25.177153 ^ clkbuf_0_clk/X (sky130_fd_sc_hd__clkbuf_16)
                                                         clknet_0_clk (net)
                      0.076122    0.002149   25.179302 ^ clkbuf_3_0__f_clk/A (sky130_fd_sc_hd__clkbuf_16)
    10    0.030821    0.039003    0.104421   25.283724 ^ clkbuf_3_0__f_clk/X (sky130_fd_sc_hd__clkbuf_16)
                                                         clknet_3_0__leaf_clk (net)
                      0.039003    0.000162   25.283886 ^ _475_/CLK (sky130_fd_sc_hd__dfrtp_2)
                                 -0.250000   25.033886   clock uncertainty
                                  0.000000   25.033886   clock reconvergence pessimism
                                 -0.072322   24.961565   library setup time
                                             24.961565   data required time
---------------------------------------------------------------------------------------------
                                             24.961565   data required time
                                             -0.723720   data arrival time
---------------------------------------------------------------------------------------------
                                             24.237844   slack (MET)



