
===========================================================================
report_checks -path_delay max (Setup)
============================================================================
======================= max_tt_025C_1v80 Corner ===================================

Startpoint: _1022_ (rising edge-triggered flip-flop clocked by clk)
Endpoint: gpio_out[17] (output port clocked by clk)
Path Group: clk
Path Type: max

Fanout         Cap        Slew       Delay        Time   Description
---------------------------------------------------------------------------------------------
                                  0.000000    0.000000   clock clk (rise edge)
                                  0.000000    0.000000   clock source latency
     2    0.018194    0.087443    0.060612    0.060612 ^ clk (in)
                                                         clk (net)
                      0.087487    0.000000    0.060612 ^ clkbuf_0_clk/A (sky130_fd_sc_hd__clkbuf_16)
    17    0.112789    0.126581    0.207490    0.268102 ^ clkbuf_0_clk/X (sky130_fd_sc_hd__clkbuf_16)
                                                         clknet_0_clk (net)
                      0.127162    0.006860    0.274962 ^ clkbuf_3_4__f_clk/A (sky130_fd_sc_hd__clkbuf_16)
    15    0.051117    0.070086    0.178731    0.453693 ^ clkbuf_3_4__f_clk/X (sky130_fd_sc_hd__clkbuf_16)
                                                         clknet_3_4__leaf_clk (net)
                      0.070480    0.003801    0.457494 ^ _1022_/CLK (sky130_fd_sc_hd__dfstp_1)
     4    0.010269    0.058562    0.386842    0.844335 v _1022_/Q (sky130_fd_sc_hd__dfstp_1)
                                                         MATMULT_INST.prod_adder.gen_for_loop[1].adder_n.b (net)
                      0.058562    0.000557    0.844893 v _0698_/A1 (sky130_fd_sc_hd__o211a_1)
     3    0.009323    0.067212    0.256416    1.101308 v _0698_/X (sky130_fd_sc_hd__o211a_1)
                                                         _0272_ (net)
                      0.067212    0.000282    1.101590 v _0701_/A3 (sky130_fd_sc_hd__o31a_1)
     2    0.005688    0.060095    0.256237    1.357827 v _0701_/X (sky130_fd_sc_hd__o31a_1)
                                                         _0275_ (net)
                      0.060095    0.000290    1.358117 v _0703_/C (sky130_fd_sc_hd__or3_1)
     2    0.005312    0.078727    0.326084    1.684201 v _0703_/X (sky130_fd_sc_hd__or3_1)
                                                         _0277_ (net)
                      0.078727    0.000228    1.684430 v _0704_/B1_N (sky130_fd_sc_hd__a21bo_1)
     3    0.009160    0.085706    0.221108    1.905538 ^ _0704_/X (sky130_fd_sc_hd__a21bo_1)
                                                         _0278_ (net)
                      0.085707    0.000517    1.906055 ^ _0705_/A2 (sky130_fd_sc_hd__a21boi_1)
     2    0.007887    0.072098    0.095312    2.001367 v _0705_/Y (sky130_fd_sc_hd__a21boi_1)
                                                         _0279_ (net)
                      0.072099    0.000405    2.001772 v _0706_/A2 (sky130_fd_sc_hd__o21ai_1)
     3    0.011727    0.251231    0.237772    2.239545 ^ _0706_/Y (sky130_fd_sc_hd__o21ai_1)
                                                         _0280_ (net)
                      0.251232    0.000580    2.240125 ^ _0708_/A2 (sky130_fd_sc_hd__o21ba_1)
     1    0.005568    0.068942    0.169448    2.409573 ^ _0708_/X (sky130_fd_sc_hd__o21ba_1)
                                                         _0282_ (net)
                      0.068943    0.000429    2.410002 ^ _0711_/A (sky130_fd_sc_hd__xnor2_1)
     1    0.002690    0.047238    0.069338    2.479340 v _0711_/Y (sky130_fd_sc_hd__xnor2_1)
                                                         _0285_ (net)
                      0.047238    0.000195    2.479535 v _0719_/A2 (sky130_fd_sc_hd__o221a_1)
     1    0.003288    0.048280    0.238632    2.718167 v _0719_/X (sky130_fd_sc_hd__o221a_1)
                                                         _0293_ (net)
                      0.048280    0.000216    2.718383 v _0748_/A2 (sky130_fd_sc_hd__o21ai_1)
     1    0.005531    0.143638    0.147889    2.866272 ^ _0748_/Y (sky130_fd_sc_hd__o21ai_1)
                                                         MATMULT_INST.serial_out (net)
                      0.143638    0.000391    2.866663 ^ _1109_/A (sky130_fd_sc_hd__clkbuf_1)
     1    0.002240    0.039256    0.099918    2.966581 ^ _1109_/X (sky130_fd_sc_hd__clkbuf_1)
                                                         net20 (net)
                      0.039256    0.000152    2.966733 ^ output20/A (sky130_fd_sc_hd__buf_2)
     1    0.034377    0.170854    0.195477    3.162210 ^ output20/X (sky130_fd_sc_hd__buf_2)
                                                         gpio_out[17] (net)
                      0.170876    0.001595    3.163805 ^ gpio_out[17] (out)
                                              3.163805   data arrival time

                                 25.000000   25.000000   clock clk (rise edge)
                                  0.000000   25.000000   clock network delay (propagated)
                                 -0.250000   24.750000   clock uncertainty
                                  0.000000   24.750000   clock reconvergence pessimism
                                 -5.000000   19.750000   output external delay
                                             19.750000   data required time
---------------------------------------------------------------------------------------------
                                             19.750000   data required time
                                             -3.163805   data arrival time
---------------------------------------------------------------------------------------------
                                             16.586195   slack (MET)


Startpoint: gpio_in[2] (input port clocked by clk)
Endpoint: _0944_ (rising edge-triggered flip-flop clocked by clk)
Path Group: clk
Path Type: max

Fanout         Cap        Slew       Delay        Time   Description
---------------------------------------------------------------------------------------------
                                  0.000000    0.000000   clock clk (rise edge)
                                  0.000000    0.000000   clock network delay (propagated)
                                  5.000000    5.000000 ^ input external delay
     2    0.005014    0.029357    0.017963    5.017962 ^ gpio_in[2] (in)
                                                         gpio_in[2] (net)
                      0.029359    0.000000    5.017962 ^ input10/A (sky130_fd_sc_hd__buf_1)
     3    0.016003    0.193062    0.179003    5.196965 ^ input10/X (sky130_fd_sc_hd__buf_1)
                                                         net10 (net)
                      0.193071    0.001095    5.198060 ^ _0497_/A_N (sky130_fd_sc_hd__and2b_1)
     1    0.002726    0.033452    0.202760    5.400819 v _0497_/X (sky130_fd_sc_hd__and2b_1)
                                                         _0105_ (net)
                      0.033452    0.000191    5.401010 v _0516_/B1 (sky130_fd_sc_hd__a2111o_1)
     1    0.004024    0.065535    0.380522    5.781532 v _0516_/X (sky130_fd_sc_hd__a2111o_1)
                                                         _0124_ (net)
                      0.065535    0.000256    5.781788 v _0518_/C (sky130_fd_sc_hd__nor4_1)
     2    0.007817    0.390528    0.362886    6.144674 ^ _0518_/Y (sky130_fd_sc_hd__nor4_1)
                                                         _0126_ (net)
                      0.390529    0.000482    6.145156 ^ max_cap23/A (sky130_fd_sc_hd__clkbuf_1)
     1    0.005988    0.081630    0.157272    6.302429 ^ max_cap23/X (sky130_fd_sc_hd__clkbuf_1)
                                                         net23 (net)
                      0.081631    0.000441    6.302869 ^ _0521_/A2 (sky130_fd_sc_hd__a21boi_2)
     4    0.016201    0.074209    0.091465    6.394334 v _0521_/Y (sky130_fd_sc_hd__a21boi_2)
                                                         _0128_ (net)
                      0.074227    0.000936    6.395269 v fanout22/A (sky130_fd_sc_hd__clkbuf_2)
    10    0.036528    0.140520    0.204748    6.600018 v fanout22/X (sky130_fd_sc_hd__clkbuf_2)
                                                         net22 (net)
                      0.140844    0.005570    6.605587 v _0540_/C (sky130_fd_sc_hd__and3b_1)
     2    0.008581    0.061112    0.244819    6.850406 v _0540_/X (sky130_fd_sc_hd__and3b_1)
                                                         MATMULT_INST.uart_tx.count.next_cnt_out[6] (net)
                      0.061113    0.000376    6.850782 v _0570_/B (sky130_fd_sc_hd__xnor2_1)
     1    0.003884    0.136245    0.148662    6.999445 ^ _0570_/Y (sky130_fd_sc_hd__xnor2_1)
                                                         _0164_ (net)
                      0.136245    0.000254    6.999698 ^ _0571_/C1 (sky130_fd_sc_hd__o221a_1)
     1    0.005832    0.079445    0.207751    7.207449 ^ _0571_/X (sky130_fd_sc_hd__o221a_1)
                                                         _0165_ (net)
                      0.079446    0.000413    7.207861 ^ _0572_/D_N (sky130_fd_sc_hd__or4b_1)
     1    0.002306    0.078254    0.425432    7.633293 v _0572_/X (sky130_fd_sc_hd__or4b_1)
                                                         _0166_ (net)
                      0.078254    0.000141    7.633435 v _0574_/C (sky130_fd_sc_hd__or4_1)
     1    0.008538    0.120321    0.524829    8.158263 v _0574_/X (sky130_fd_sc_hd__or4_1)
                                                         _0168_ (net)
                      0.120322    0.000638    8.158901 v _0581_/A_N (sky130_fd_sc_hd__and4b_1)
     1    0.003014    0.057946    0.268223    8.427124 ^ _0581_/X (sky130_fd_sc_hd__and4b_1)
                                                         MATMULT_INST.uart_tx.count.next_roflag (net)
                      0.057946    0.000195    8.427320 ^ _0944_/D (sky130_fd_sc_hd__dfrtp_1)
                                              8.427320   data arrival time

                                 25.000000   25.000000   clock clk (rise edge)
                                  0.000000   25.000000   clock source latency
     2    0.018194    0.087443    0.060611   25.060610 ^ clk (in)
                                                         clk (net)
                      0.087487    0.000000   25.060610 ^ clkbuf_0_clk/A (sky130_fd_sc_hd__clkbuf_16)
    17    0.112789    0.126581    0.207491   25.268101 ^ clkbuf_0_clk/X (sky130_fd_sc_hd__clkbuf_16)
                                                         clknet_0_clk (net)
                      0.127219    0.007180   25.275282 ^ clkbuf_3_6__f_clk/A (sky130_fd_sc_hd__clkbuf_16)
    15    0.050695    0.069711    0.178572   25.453854 ^ clkbuf_3_6__f_clk/X (sky130_fd_sc_hd__clkbuf_16)
                                                         clknet_3_6__leaf_clk (net)
                      0.069811    0.002318   25.456171 ^ _0944_/CLK (sky130_fd_sc_hd__dfrtp_1)
                                 -0.250000   25.206173   clock uncertainty
                                  0.000000   25.206173   clock reconvergence pessimism
                                 -0.059074   25.147097   library setup time
                                             25.147097   data required time
---------------------------------------------------------------------------------------------
                                             25.147097   data required time
                                             -8.427320   data arrival time
---------------------------------------------------------------------------------------------
                                             16.719778   slack (MET)


Startpoint: _0994_ (rising edge-triggered flip-flop clocked by clk)
Endpoint: gpio_out[16] (output port clocked by clk)
Path Group: clk
Path Type: max

Fanout         Cap        Slew       Delay        Time   Description
---------------------------------------------------------------------------------------------
                                  0.000000    0.000000   clock clk (rise edge)
                                  0.000000    0.000000   clock source latency
     2    0.018194    0.087443    0.060612    0.060612 ^ clk (in)
                                                         clk (net)
                      0.087487    0.000000    0.060612 ^ clkbuf_0_clk/A (sky130_fd_sc_hd__clkbuf_16)
    17    0.112789    0.126581    0.207490    0.268102 ^ clkbuf_0_clk/X (sky130_fd_sc_hd__clkbuf_16)
                                                         clknet_0_clk (net)
                      0.127259    0.007394    0.275496 ^ clkbuf_3_5__f_clk/A (sky130_fd_sc_hd__clkbuf_16)
    10    0.050701    0.069700    0.178622    0.454118 ^ clkbuf_3_5__f_clk/X (sky130_fd_sc_hd__clkbuf_16)
                                                         clknet_3_5__leaf_clk (net)
                      0.070010    0.003300    0.457418 ^ _0994_/CLK (sky130_fd_sc_hd__dfrtp_4)
     8    0.025575    0.086807    0.516835    0.974253 v _0994_/Q (sky130_fd_sc_hd__dfrtp_4)
                                                         MATMULT_INST.cntrl.state[2] (net)
                      0.086824    0.001717    0.975970 v _0479_/B (sky130_fd_sc_hd__or2_1)
     4    0.013809    0.096088    0.275121    1.251092 v _0479_/X (sky130_fd_sc_hd__or2_1)
                                                         _0090_ (net)
                      0.096094    0.000809    1.251900 v _0480_/B (sky130_fd_sc_hd__or2_1)
     3    0.016073    0.105981    0.288361    1.540262 v _0480_/X (sky130_fd_sc_hd__or2_1)
                                                         _0091_ (net)
                      0.105988    0.000951    1.541213 v _0481_/B (sky130_fd_sc_hd__nor2_4)
    19    0.064629    0.400433    0.340713    1.881926 ^ _0481_/Y (sky130_fd_sc_hd__nor2_4)
                                                         _0092_ (net)
                      0.400522    0.005025    1.886951 ^ _0486_/A (sky130_fd_sc_hd__or2_2)
     5    0.022922    0.126905    0.258682    2.145633 ^ _0486_/X (sky130_fd_sc_hd__or2_2)
                                                         MATMULT_INST.cntrl.data_read (net)
                      0.126945    0.002143    2.147776 ^ _1108_/A (sky130_fd_sc_hd__clkbuf_1)
     1    0.002233    0.038970    0.097486    2.245262 ^ _1108_/X (sky130_fd_sc_hd__clkbuf_1)
                                                         net19 (net)
                      0.038970    0.000101    2.245363 ^ output19/A (sky130_fd_sc_hd__buf_2)
     1    0.034192    0.170001    0.194691    2.440054 ^ output19/X (sky130_fd_sc_hd__buf_2)
                                                         gpio_out[16] (net)
                      0.170025    0.001671    2.441725 ^ gpio_out[16] (out)
                                              2.441725   data arrival time

                                 25.000000   25.000000   clock clk (rise edge)
                                  0.000000   25.000000   clock network delay (propagated)
                                 -0.250000   24.750000   clock uncertainty
                                  0.000000   24.750000   clock reconvergence pessimism
                                 -5.000000   19.750000   output external delay
                                             19.750000   data required time
---------------------------------------------------------------------------------------------
                                             19.750000   data required time
                                             -2.441725   data arrival time
---------------------------------------------------------------------------------------------
                                             17.308275   slack (MET)


Startpoint: gpio_in[7] (input port clocked by clk)
Endpoint: _1016_ (rising edge-triggered flip-flop clocked by clk)
Path Group: clk
Path Type: max

Fanout         Cap        Slew       Delay        Time   Description
---------------------------------------------------------------------------------------------
                                  0.000000    0.000000   clock clk (rise edge)
                                  0.000000    0.000000   clock network delay (propagated)
                                  5.000000    5.000000 ^ input external delay
     2    0.004443    0.026869    0.016107    5.016107 ^ gpio_in[7] (in)
                                                         gpio_in[7] (net)
                      0.026870    0.000000    5.016107 ^ input15/A (sky130_fd_sc_hd__clkbuf_2)
     7    0.029953    0.166359    0.184020    5.200128 ^ input15/X (sky130_fd_sc_hd__clkbuf_2)
                                                         net15 (net)
                      0.166375    0.001349    5.201477 ^ _0586_/A_N (sky130_fd_sc_hd__and2b_1)
     1    0.008411    0.057824    0.225304    5.426781 v _0586_/X (sky130_fd_sc_hd__and2b_1)
                                                         _0178_ (net)
                      0.057831    0.000647    5.427428 v _0606_/B1 (sky130_fd_sc_hd__a2111oi_1)
     1    0.002332    0.291301    0.338304    5.765731 ^ _0606_/Y (sky130_fd_sc_hd__a2111oi_1)
                                                         _0198_ (net)
                      0.291301    0.000148    5.765879 ^ _0608_/C (sky130_fd_sc_hd__and4_1)
     2    0.010098    0.116649    0.288291    6.054170 ^ _0608_/X (sky130_fd_sc_hd__and4_1)
                                                         _0200_ (net)
                      0.116650    0.000623    6.054793 ^ _0614_/A2 (sky130_fd_sc_hd__a31oi_2)
     4    0.018226    0.148011    0.159457    6.214250 v _0614_/Y (sky130_fd_sc_hd__a31oi_2)
                                                         _0205_ (net)
                      0.148015    0.001056    6.215306 v fanout21/A (sky130_fd_sc_hd__clkbuf_2)
    10    0.036130    0.138181    0.236204    6.451510 v fanout21/X (sky130_fd_sc_hd__clkbuf_2)
                                                         net21 (net)
                      0.138344    0.004233    6.455744 v _0617_/C (sky130_fd_sc_hd__and3b_1)
     3    0.007892    0.059191    0.240258    6.696002 v _0617_/X (sky130_fd_sc_hd__and3b_1)
                                                         MATMULT_INST.uart_rcv.tim.clock_count.next_cnt_out[1] (net)
                      0.059192    0.000363    6.696365 v _0664_/B2 (sky130_fd_sc_hd__a2bb2o_1)
     1    0.002949    0.051386    0.244878    6.941243 v _0664_/X (sky130_fd_sc_hd__a2bb2o_1)
                                                         _0242_ (net)
                      0.051386    0.000200    6.941443 v _0668_/C1 (sky130_fd_sc_hd__a2111o_1)
     1    0.003572    0.063288    0.343780    7.285223 v _0668_/X (sky130_fd_sc_hd__a2111o_1)
                                                         _0246_ (net)
                      0.063288    0.000149    7.285372 v _0669_/B_N (sky130_fd_sc_hd__and4bb_1)
     1    0.009608    0.115175    0.317603    7.602975 ^ _0669_/X (sky130_fd_sc_hd__and4bb_1)
                                                         _0247_ (net)
                      0.115178    0.000774    7.603750 ^ _0678_/A (sky130_fd_sc_hd__and3_1)
     1    0.002840    0.049856    0.156943    7.760693 ^ _0678_/X (sky130_fd_sc_hd__and3_1)
                                                         MATMULT_INST.uart_rcv.tim.clock_count.next_roflag (net)
                      0.049856    0.000116    7.760809 ^ _1016_/D (sky130_fd_sc_hd__dfrtp_1)
                                              7.760809   data arrival time

                                 25.000000   25.000000   clock clk (rise edge)
                                  0.000000   25.000000   clock source latency
     2    0.018194    0.087443    0.060611   25.060610 ^ clk (in)
                                                         clk (net)
                      0.087487    0.000000   25.060610 ^ clkbuf_0_clk/A (sky130_fd_sc_hd__clkbuf_16)
    17    0.112789    0.126581    0.207491   25.268101 ^ clkbuf_0_clk/X (sky130_fd_sc_hd__clkbuf_16)
                                                         clknet_0_clk (net)
                      0.127219    0.007180   25.275282 ^ clkbuf_3_6__f_clk/A (sky130_fd_sc_hd__clkbuf_16)
    15    0.050695    0.069711    0.178572   25.453854 ^ clkbuf_3_6__f_clk/X (sky130_fd_sc_hd__clkbuf_16)
                                                         clknet_3_6__leaf_clk (net)
                      0.069826    0.002464   25.456316 ^ _1016_/CLK (sky130_fd_sc_hd__dfrtp_1)
                                 -0.250000   25.206318   clock uncertainty
                                  0.000000   25.206318   clock reconvergence pessimism
                                 -0.057214   25.149103   library setup time
                                             25.149103   data required time
---------------------------------------------------------------------------------------------
                                             25.149103   data required time
                                             -7.760809   data arrival time
---------------------------------------------------------------------------------------------
                                             17.388294   slack (MET)


Startpoint: gpio_in[2] (input port clocked by clk)
Endpoint: _0949_ (rising edge-triggered flip-flop clocked by clk)
Path Group: clk
Path Type: max

Fanout         Cap        Slew       Delay        Time   Description
---------------------------------------------------------------------------------------------
                                  0.000000    0.000000   clock clk (rise edge)
                                  0.000000    0.000000   clock network delay (propagated)
                                  5.000000    5.000000 ^ input external delay
     2    0.005014    0.029357    0.017963    5.017962 ^ gpio_in[2] (in)
                                                         gpio_in[2] (net)
                      0.029359    0.000000    5.017962 ^ input10/A (sky130_fd_sc_hd__buf_1)
     3    0.016003    0.193062    0.179003    5.196965 ^ input10/X (sky130_fd_sc_hd__buf_1)
                                                         net10 (net)
                      0.193071    0.001095    5.198060 ^ _0497_/A_N (sky130_fd_sc_hd__and2b_1)
     1    0.002726    0.033452    0.202760    5.400819 v _0497_/X (sky130_fd_sc_hd__and2b_1)
                                                         _0105_ (net)
                      0.033452    0.000191    5.401010 v _0516_/B1 (sky130_fd_sc_hd__a2111o_1)
     1    0.004024    0.065535    0.380522    5.781532 v _0516_/X (sky130_fd_sc_hd__a2111o_1)
                                                         _0124_ (net)
                      0.065535    0.000256    5.781788 v _0518_/C (sky130_fd_sc_hd__nor4_1)
     2    0.007817    0.390528    0.362886    6.144674 ^ _0518_/Y (sky130_fd_sc_hd__nor4_1)
                                                         _0126_ (net)
                      0.390529    0.000482    6.145156 ^ max_cap23/A (sky130_fd_sc_hd__clkbuf_1)
     1    0.005988    0.081630    0.157272    6.302429 ^ max_cap23/X (sky130_fd_sc_hd__clkbuf_1)
                                                         net23 (net)
                      0.081631    0.000441    6.302869 ^ _0521_/A2 (sky130_fd_sc_hd__a21boi_2)
     4    0.016201    0.074209    0.091465    6.394334 v _0521_/Y (sky130_fd_sc_hd__a21boi_2)
                                                         _0128_ (net)
                      0.074227    0.000936    6.395269 v fanout22/A (sky130_fd_sc_hd__clkbuf_2)
    10    0.036528    0.140520    0.204748    6.600018 v fanout22/X (sky130_fd_sc_hd__clkbuf_2)
                                                         net22 (net)
                      0.140834    0.005493    6.605511 v _0531_/B1 (sky130_fd_sc_hd__o21ai_1)
     1    0.003970    0.117997    0.121026    6.726536 ^ _0531_/Y (sky130_fd_sc_hd__o21ai_1)
                                                         _0135_ (net)
                      0.117997    0.000283    6.726820 ^ _0532_/B1 (sky130_fd_sc_hd__a21o_1)
     3    0.012780    0.118122    0.154888    6.881707 ^ _0532_/X (sky130_fd_sc_hd__a21o_1)
                                                         _0136_ (net)
                      0.118130    0.001078    6.882786 ^ _0533_/A (sky130_fd_sc_hd__inv_2)
     1    0.002594    0.025795    0.035262    6.918048 v _0533_/Y (sky130_fd_sc_hd__inv_2)
                                                         MATMULT_INST.uart_tx.count.next_cnt_out[4] (net)
                      0.025795    0.000189    6.918237 v _0949_/D (sky130_fd_sc_hd__dfrtp_1)
                                              6.918237   data arrival time

                                 25.000000   25.000000   clock clk (rise edge)
                                  0.000000   25.000000   clock source latency
     2    0.018194    0.087443    0.060611   25.060610 ^ clk (in)
                                                         clk (net)
                      0.087487    0.000000   25.060610 ^ clkbuf_0_clk/A (sky130_fd_sc_hd__clkbuf_16)
    17    0.112789    0.126581    0.207491   25.268101 ^ clkbuf_0_clk/X (sky130_fd_sc_hd__clkbuf_16)
                                                         clknet_0_clk (net)
                      0.127178    0.006949   25.275051 ^ clkbuf_3_2__f_clk/A (sky130_fd_sc_hd__clkbuf_16)
    13    0.050595    0.069612    0.178316   25.453367 ^ clkbuf_3_2__f_clk/X (sky130_fd_sc_hd__clkbuf_16)
                                                         clknet_3_2__leaf_clk (net)
                      0.069942    0.003418   25.456783 ^ _0949_/CLK (sky130_fd_sc_hd__dfrtp_1)
                                 -0.250000   25.206785   clock uncertainty
                                  0.000000   25.206785   clock reconvergence pessimism
                                 -0.100199   25.106586   library setup time
                                             25.106586   data required time
---------------------------------------------------------------------------------------------
                                             25.106586   data required time
                                             -6.918237   data arrival time
---------------------------------------------------------------------------------------------
                                             18.188349   slack (MET)


Startpoint: gpio_in[2] (input port clocked by clk)
Endpoint: _0953_ (rising edge-triggered flip-flop clocked by clk)
Path Group: clk
Path Type: max

Fanout         Cap        Slew       Delay        Time   Description
---------------------------------------------------------------------------------------------
                                  0.000000    0.000000   clock clk (rise edge)
                                  0.000000    0.000000   clock network delay (propagated)
                                  5.000000    5.000000 ^ input external delay
     2    0.005014    0.029357    0.017963    5.017962 ^ gpio_in[2] (in)
                                                         gpio_in[2] (net)
                      0.029359    0.000000    5.017962 ^ input10/A (sky130_fd_sc_hd__buf_1)
     3    0.016003    0.193062    0.179003    5.196965 ^ input10/X (sky130_fd_sc_hd__buf_1)
                                                         net10 (net)
                      0.193071    0.001095    5.198060 ^ _0497_/A_N (sky130_fd_sc_hd__and2b_1)
     1    0.002726    0.033452    0.202760    5.400819 v _0497_/X (sky130_fd_sc_hd__and2b_1)
                                                         _0105_ (net)
                      0.033452    0.000191    5.401010 v _0516_/B1 (sky130_fd_sc_hd__a2111o_1)
     1    0.004024    0.065535    0.380522    5.781532 v _0516_/X (sky130_fd_sc_hd__a2111o_1)
                                                         _0124_ (net)
                      0.065535    0.000256    5.781788 v _0518_/C (sky130_fd_sc_hd__nor4_1)
     2    0.007817    0.390528    0.362886    6.144674 ^ _0518_/Y (sky130_fd_sc_hd__nor4_1)
                                                         _0126_ (net)
                      0.390529    0.000482    6.145156 ^ max_cap23/A (sky130_fd_sc_hd__clkbuf_1)
     1    0.005988    0.081630    0.157272    6.302429 ^ max_cap23/X (sky130_fd_sc_hd__clkbuf_1)
                                                         net23 (net)
                      0.081631    0.000441    6.302869 ^ _0521_/A2 (sky130_fd_sc_hd__a21boi_2)
     4    0.016201    0.074209    0.091465    6.394334 v _0521_/Y (sky130_fd_sc_hd__a21boi_2)
                                                         _0128_ (net)
                      0.074227    0.000936    6.395269 v fanout22/A (sky130_fd_sc_hd__clkbuf_2)
    10    0.036528    0.140520    0.204748    6.600018 v fanout22/X (sky130_fd_sc_hd__clkbuf_2)
                                                         net22 (net)
                      0.140689    0.004059    6.604077 v _0545_/C_N (sky130_fd_sc_hd__or3b_1)
     3    0.012469    0.121104    0.256144    6.860220 ^ _0545_/X (sky130_fd_sc_hd__or3b_1)
                                                         _0145_ (net)
                      0.121106    0.000722    6.860942 ^ _0546_/A (sky130_fd_sc_hd__inv_2)
     1    0.002613    0.026293    0.035722    6.896664 v _0546_/Y (sky130_fd_sc_hd__inv_2)
                                                         MATMULT_INST.uart_tx.count.next_cnt_out[8] (net)
                      0.026293    0.000175    6.896839 v _0953_/D (sky130_fd_sc_hd__dfrtp_1)
                                              6.896839   data arrival time

                                 25.000000   25.000000   clock clk (rise edge)
                                  0.000000   25.000000   clock source latency
     2    0.018194    0.087443    0.060611   25.060610 ^ clk (in)
                                                         clk (net)
                      0.087487    0.000000   25.060610 ^ clkbuf_0_clk/A (sky130_fd_sc_hd__clkbuf_16)
    17    0.112789    0.126581    0.207491   25.268101 ^ clkbuf_0_clk/X (sky130_fd_sc_hd__clkbuf_16)
                                                         clknet_0_clk (net)
                      0.127083    0.006391   25.274492 ^ clkbuf_3_3__f_clk/A (sky130_fd_sc_hd__clkbuf_16)
    11    0.051178    0.070143    0.179082   25.453575 ^ clkbuf_3_3__f_clk/X (sky130_fd_sc_hd__clkbuf_16)
                                                         clknet_3_3__leaf_clk (net)
                      0.070260    0.002476   25.456051 ^ _0953_/CLK (sky130_fd_sc_hd__dfrtp_1)
                                 -0.250000   25.206051   clock uncertainty
                                  0.000000   25.206051   clock reconvergence pessimism
                                 -0.100344   25.105707   library setup time
                                             25.105707   data required time
---------------------------------------------------------------------------------------------
                                             25.105707   data required time
                                             -6.896839   data arrival time
---------------------------------------------------------------------------------------------
                                             18.208868   slack (MET)


Startpoint: gpio_in[2] (input port clocked by clk)
Endpoint: _0950_ (rising edge-triggered flip-flop clocked by clk)
Path Group: clk
Path Type: max

Fanout         Cap        Slew       Delay        Time   Description
---------------------------------------------------------------------------------------------
                                  0.000000    0.000000   clock clk (rise edge)
                                  0.000000    0.000000   clock network delay (propagated)
                                  5.000000    5.000000 ^ input external delay
     2    0.005014    0.029357    0.017963    5.017962 ^ gpio_in[2] (in)
                                                         gpio_in[2] (net)
                      0.029359    0.000000    5.017962 ^ input10/A (sky130_fd_sc_hd__buf_1)
     3    0.016003    0.193062    0.179003    5.196965 ^ input10/X (sky130_fd_sc_hd__buf_1)
                                                         net10 (net)
                      0.193071    0.001095    5.198060 ^ _0497_/A_N (sky130_fd_sc_hd__and2b_1)
     1    0.002726    0.033452    0.202760    5.400819 v _0497_/X (sky130_fd_sc_hd__and2b_1)
                                                         _0105_ (net)
                      0.033452    0.000191    5.401010 v _0516_/B1 (sky130_fd_sc_hd__a2111o_1)
     1    0.004024    0.065535    0.380522    5.781532 v _0516_/X (sky130_fd_sc_hd__a2111o_1)
                                                         _0124_ (net)
                      0.065535    0.000256    5.781788 v _0518_/C (sky130_fd_sc_hd__nor4_1)
     2    0.007817    0.390528    0.362886    6.144674 ^ _0518_/Y (sky130_fd_sc_hd__nor4_1)
                                                         _0126_ (net)
                      0.390529    0.000482    6.145156 ^ max_cap23/A (sky130_fd_sc_hd__clkbuf_1)
     1    0.005988    0.081630    0.157272    6.302429 ^ max_cap23/X (sky130_fd_sc_hd__clkbuf_1)
                                                         net23 (net)
                      0.081631    0.000441    6.302869 ^ _0521_/A2 (sky130_fd_sc_hd__a21boi_2)
     4    0.016201    0.074209    0.091465    6.394334 v _0521_/Y (sky130_fd_sc_hd__a21boi_2)
                                                         _0128_ (net)
                      0.074227    0.000936    6.395269 v fanout22/A (sky130_fd_sc_hd__clkbuf_2)
    10    0.036528    0.140520    0.204748    6.600018 v fanout22/X (sky130_fd_sc_hd__clkbuf_2)
                                                         net22 (net)
                      0.140837    0.005515    6.605532 v _0536_/C_N (sky130_fd_sc_hd__or3b_1)
     3    0.011031    0.108464    0.247377    6.852910 ^ _0536_/X (sky130_fd_sc_hd__or3b_1)
                                                         _0139_ (net)
                      0.108464    0.000371    6.853281 ^ _0537_/A (sky130_fd_sc_hd__inv_2)
     1    0.002990    0.025236    0.035745    6.889026 v _0537_/Y (sky130_fd_sc_hd__inv_2)
                                                         MATMULT_INST.uart_tx.count.next_cnt_out[5] (net)
                      0.025237    0.000193    6.889219 v _0950_/D (sky130_fd_sc_hd__dfrtp_1)
                                              6.889219   data arrival time

                                 25.000000   25.000000   clock clk (rise edge)
                                  0.000000   25.000000   clock source latency
     2    0.018194    0.087443    0.060611   25.060610 ^ clk (in)
                                                         clk (net)
                      0.087487    0.000000   25.060610 ^ clkbuf_0_clk/A (sky130_fd_sc_hd__clkbuf_16)
    17    0.112789    0.126581    0.207491   25.268101 ^ clkbuf_0_clk/X (sky130_fd_sc_hd__clkbuf_16)
                                                         clknet_0_clk (net)
                      0.127178    0.006949   25.275051 ^ clkbuf_3_2__f_clk/A (sky130_fd_sc_hd__clkbuf_16)
    13    0.050595    0.069612    0.178316   25.453367 ^ clkbuf_3_2__f_clk/X (sky130_fd_sc_hd__clkbuf_16)
                                                         clknet_3_2__leaf_clk (net)
                      0.069810    0.002462   25.455828 ^ _0950_/CLK (sky130_fd_sc_hd__dfrtp_1)
                                 -0.250000   25.205830   clock uncertainty
                                  0.000000   25.205830   clock reconvergence pessimism
                                 -0.099986   25.105843   library setup time
                                             25.105843   data required time
---------------------------------------------------------------------------------------------
                                             25.105843   data required time
                                             -6.889219   data arrival time
---------------------------------------------------------------------------------------------
                                             18.216625   slack (MET)


Startpoint: gpio_in[2] (input port clocked by clk)
Endpoint: _0958_ (rising edge-triggered flip-flop clocked by clk)
Path Group: clk
Path Type: max

Fanout         Cap        Slew       Delay        Time   Description
---------------------------------------------------------------------------------------------
                                  0.000000    0.000000   clock clk (rise edge)
                                  0.000000    0.000000   clock network delay (propagated)
                                  5.000000    5.000000 ^ input external delay
     2    0.005014    0.029357    0.017963    5.017962 ^ gpio_in[2] (in)
                                                         gpio_in[2] (net)
                      0.029359    0.000000    5.017962 ^ input10/A (sky130_fd_sc_hd__buf_1)
     3    0.016003    0.193062    0.179003    5.196965 ^ input10/X (sky130_fd_sc_hd__buf_1)
                                                         net10 (net)
                      0.193071    0.001095    5.198060 ^ _0497_/A_N (sky130_fd_sc_hd__and2b_1)
     1    0.002726    0.033452    0.202760    5.400819 v _0497_/X (sky130_fd_sc_hd__and2b_1)
                                                         _0105_ (net)
                      0.033452    0.000191    5.401010 v _0516_/B1 (sky130_fd_sc_hd__a2111o_1)
     1    0.004024    0.065535    0.380522    5.781532 v _0516_/X (sky130_fd_sc_hd__a2111o_1)
                                                         _0124_ (net)
                      0.065535    0.000256    5.781788 v _0518_/C (sky130_fd_sc_hd__nor4_1)
     2    0.007817    0.390528    0.362886    6.144674 ^ _0518_/Y (sky130_fd_sc_hd__nor4_1)
                                                         _0126_ (net)
                      0.390529    0.000482    6.145156 ^ max_cap23/A (sky130_fd_sc_hd__clkbuf_1)
     1    0.005988    0.081630    0.157272    6.302429 ^ max_cap23/X (sky130_fd_sc_hd__clkbuf_1)
                                                         net23 (net)
                      0.081631    0.000441    6.302869 ^ _0521_/A2 (sky130_fd_sc_hd__a21boi_2)
     4    0.016201    0.074209    0.091465    6.394334 v _0521_/Y (sky130_fd_sc_hd__a21boi_2)
                                                         _0128_ (net)
                      0.074227    0.000936    6.395269 v fanout22/A (sky130_fd_sc_hd__clkbuf_2)
    10    0.036528    0.140520    0.204748    6.600018 v fanout22/X (sky130_fd_sc_hd__clkbuf_2)
                                                         net22 (net)
                      0.140531    0.001068    6.601086 v _0559_/B1 (sky130_fd_sc_hd__o21ai_1)
     1    0.003053    0.102532    0.112257    6.713344 ^ _0559_/Y (sky130_fd_sc_hd__o21ai_1)
                                                         _0154_ (net)
                      0.102532    0.000143    6.713487 ^ _0560_/B1 (sky130_fd_sc_hd__a21o_1)
     3    0.010276    0.096999    0.136069    6.849556 ^ _0560_/X (sky130_fd_sc_hd__a21o_1)
                                                         _0155_ (net)
                      0.097002    0.000683    6.850239 ^ _0561_/A (sky130_fd_sc_hd__inv_2)
     1    0.002674    0.022714    0.032979    6.883218 v _0561_/Y (sky130_fd_sc_hd__inv_2)
                                                         MATMULT_INST.uart_tx.count.next_cnt_out[13] (net)
                      0.022714    0.000181    6.883399 v _0958_/D (sky130_fd_sc_hd__dfrtp_1)
                                              6.883399   data arrival time

                                 25.000000   25.000000   clock clk (rise edge)
                                  0.000000   25.000000   clock source latency
     2    0.018194    0.087443    0.060611   25.060610 ^ clk (in)
                                                         clk (net)
                      0.087487    0.000000   25.060610 ^ clkbuf_0_clk/A (sky130_fd_sc_hd__clkbuf_16)
    17    0.112789    0.126581    0.207491   25.268101 ^ clkbuf_0_clk/X (sky130_fd_sc_hd__clkbuf_16)
                                                         clknet_0_clk (net)
                      0.127219    0.007180   25.275282 ^ clkbuf_3_6__f_clk/A (sky130_fd_sc_hd__clkbuf_16)
    15    0.050695    0.069711    0.178572   25.453854 ^ clkbuf_3_6__f_clk/X (sky130_fd_sc_hd__clkbuf_16)
                                                         clknet_3_6__leaf_clk (net)
                      0.069911    0.003157   25.457010 ^ _0958_/CLK (sky130_fd_sc_hd__dfrtp_1)
                                 -0.250000   25.207010   clock uncertainty
                                  0.000000   25.207010   clock reconvergence pessimism
                                 -0.098864   25.108145   library setup time
                                             25.108145   data required time
---------------------------------------------------------------------------------------------
                                             25.108145   data required time
                                             -6.883399   data arrival time
---------------------------------------------------------------------------------------------
                                             18.224747   slack (MET)


Startpoint: gpio_in[2] (input port clocked by clk)
Endpoint: _0947_ (rising edge-triggered flip-flop clocked by clk)
Path Group: clk
Path Type: max

Fanout         Cap        Slew       Delay        Time   Description
---------------------------------------------------------------------------------------------
                                  0.000000    0.000000   clock clk (rise edge)
                                  0.000000    0.000000   clock network delay (propagated)
                                  5.000000    5.000000 ^ input external delay
     2    0.005014    0.029357    0.017963    5.017962 ^ gpio_in[2] (in)
                                                         gpio_in[2] (net)
                      0.029359    0.000000    5.017962 ^ input10/A (sky130_fd_sc_hd__buf_1)
     3    0.016003    0.193062    0.179003    5.196965 ^ input10/X (sky130_fd_sc_hd__buf_1)
                                                         net10 (net)
                      0.193071    0.001095    5.198060 ^ _0497_/A_N (sky130_fd_sc_hd__and2b_1)
     1    0.002726    0.033452    0.202760    5.400819 v _0497_/X (sky130_fd_sc_hd__and2b_1)
                                                         _0105_ (net)
                      0.033452    0.000191    5.401010 v _0516_/B1 (sky130_fd_sc_hd__a2111o_1)
     1    0.004024    0.065535    0.380522    5.781532 v _0516_/X (sky130_fd_sc_hd__a2111o_1)
                                                         _0124_ (net)
                      0.065535    0.000256    5.781788 v _0518_/C (sky130_fd_sc_hd__nor4_1)
     2    0.007817    0.390528    0.362886    6.144674 ^ _0518_/Y (sky130_fd_sc_hd__nor4_1)
                                                         _0126_ (net)
                      0.390529    0.000482    6.145156 ^ max_cap23/A (sky130_fd_sc_hd__clkbuf_1)
     1    0.005988    0.081630    0.157272    6.302429 ^ max_cap23/X (sky130_fd_sc_hd__clkbuf_1)
                                                         net23 (net)
                      0.081631    0.000441    6.302869 ^ _0521_/A2 (sky130_fd_sc_hd__a21boi_2)
     4    0.016201    0.074209    0.091465    6.394334 v _0521_/Y (sky130_fd_sc_hd__a21boi_2)
                                                         _0128_ (net)
                      0.074227    0.000936    6.395269 v fanout22/A (sky130_fd_sc_hd__clkbuf_2)
    10    0.036528    0.140520    0.204748    6.600018 v fanout22/X (sky130_fd_sc_hd__clkbuf_2)
                                                         net22 (net)
                      0.140764    0.004859    6.604877 v _0527_/C (sky130_fd_sc_hd__and3b_1)
     2    0.008807    0.061812    0.245803    6.850680 v _0527_/X (sky130_fd_sc_hd__and3b_1)
                                                         MATMULT_INST.uart_tx.count.next_cnt_out[2] (net)
                      0.061815    0.000506    6.851186 v _0947_/D (sky130_fd_sc_hd__dfrtp_1)
                                              6.851186   data arrival time

                                 25.000000   25.000000   clock clk (rise edge)
                                  0.000000   25.000000   clock source latency
     2    0.018194    0.087443    0.060611   25.060610 ^ clk (in)
                                                         clk (net)
                      0.087487    0.000000   25.060610 ^ clkbuf_0_clk/A (sky130_fd_sc_hd__clkbuf_16)
    17    0.112789    0.126581    0.207491   25.268101 ^ clkbuf_0_clk/X (sky130_fd_sc_hd__clkbuf_16)
                                                         clknet_0_clk (net)
                      0.127178    0.006949   25.275051 ^ clkbuf_3_2__f_clk/A (sky130_fd_sc_hd__clkbuf_16)
    13    0.050595    0.069612    0.178316   25.453367 ^ clkbuf_3_2__f_clk/X (sky130_fd_sc_hd__clkbuf_16)
                                                         clknet_3_2__leaf_clk (net)
                      0.069699    0.002222   25.455589 ^ _0947_/CLK (sky130_fd_sc_hd__dfrtp_1)
                                 -0.250000   25.205589   clock uncertainty
                                  0.000000   25.205589   clock reconvergence pessimism
                                 -0.115948   25.089642   library setup time
                                             25.089642   data required time
---------------------------------------------------------------------------------------------
                                             25.089642   data required time
                                             -6.851186   data arrival time
---------------------------------------------------------------------------------------------
                                             18.238457   slack (MET)


Startpoint: gpio_in[2] (input port clocked by clk)
Endpoint: _0951_ (rising edge-triggered flip-flop clocked by clk)
Path Group: clk
Path Type: max

Fanout         Cap        Slew       Delay        Time   Description
---------------------------------------------------------------------------------------------
                                  0.000000    0.000000   clock clk (rise edge)
                                  0.000000    0.000000   clock network delay (propagated)
                                  5.000000    5.000000 ^ input external delay
     2    0.005014    0.029357    0.017963    5.017962 ^ gpio_in[2] (in)
                                                         gpio_in[2] (net)
                      0.029359    0.000000    5.017962 ^ input10/A (sky130_fd_sc_hd__buf_1)
     3    0.016003    0.193062    0.179003    5.196965 ^ input10/X (sky130_fd_sc_hd__buf_1)
                                                         net10 (net)
                      0.193071    0.001095    5.198060 ^ _0497_/A_N (sky130_fd_sc_hd__and2b_1)
     1    0.002726    0.033452    0.202760    5.400819 v _0497_/X (sky130_fd_sc_hd__and2b_1)
                                                         _0105_ (net)
                      0.033452    0.000191    5.401010 v _0516_/B1 (sky130_fd_sc_hd__a2111o_1)
     1    0.004024    0.065535    0.380522    5.781532 v _0516_/X (sky130_fd_sc_hd__a2111o_1)
                                                         _0124_ (net)
                      0.065535    0.000256    5.781788 v _0518_/C (sky130_fd_sc_hd__nor4_1)
     2    0.007817    0.390528    0.362886    6.144674 ^ _0518_/Y (sky130_fd_sc_hd__nor4_1)
                                                         _0126_ (net)
                      0.390529    0.000482    6.145156 ^ max_cap23/A (sky130_fd_sc_hd__clkbuf_1)
     1    0.005988    0.081630    0.157272    6.302429 ^ max_cap23/X (sky130_fd_sc_hd__clkbuf_1)
                                                         net23 (net)
                      0.081631    0.000441    6.302869 ^ _0521_/A2 (sky130_fd_sc_hd__a21boi_2)
     4    0.016201    0.074209    0.091465    6.394334 v _0521_/Y (sky130_fd_sc_hd__a21boi_2)
                                                         _0128_ (net)
                      0.074227    0.000936    6.395269 v fanout22/A (sky130_fd_sc_hd__clkbuf_2)
    10    0.036528    0.140520    0.204748    6.600018 v fanout22/X (sky130_fd_sc_hd__clkbuf_2)
                                                         net22 (net)
                      0.140844    0.005570    6.605587 v _0540_/C (sky130_fd_sc_hd__and3b_1)
     2    0.008581    0.061112    0.244819    6.850406 v _0540_/X (sky130_fd_sc_hd__and3b_1)
                                                         MATMULT_INST.uart_tx.count.next_cnt_out[6] (net)
                      0.061113    0.000400    6.850806 v _0951_/D (sky130_fd_sc_hd__dfrtp_1)
                                              6.850806   data arrival time

                                 25.000000   25.000000   clock clk (rise edge)
                                  0.000000   25.000000   clock source latency
     2    0.018194    0.087443    0.060611   25.060610 ^ clk (in)
                                                         clk (net)
                      0.087487    0.000000   25.060610 ^ clkbuf_0_clk/A (sky130_fd_sc_hd__clkbuf_16)
    17    0.112789    0.126581    0.207491   25.268101 ^ clkbuf_0_clk/X (sky130_fd_sc_hd__clkbuf_16)
                                                         clknet_0_clk (net)
                      0.127178    0.006949   25.275051 ^ clkbuf_3_2__f_clk/A (sky130_fd_sc_hd__clkbuf_16)
    13    0.050595    0.069612    0.178316   25.453367 ^ clkbuf_3_2__f_clk/X (sky130_fd_sc_hd__clkbuf_16)
                                                         clknet_3_2__leaf_clk (net)
                      0.069939    0.003398   25.456764 ^ _0951_/CLK (sky130_fd_sc_hd__dfrtp_1)
                                 -0.250000   25.206766   clock uncertainty
                                  0.000000   25.206766   clock reconvergence pessimism
                                 -0.115587   25.091177   library setup time
                                             25.091177   data required time
---------------------------------------------------------------------------------------------
                                             25.091177   data required time
                                             -6.850806   data arrival time
---------------------------------------------------------------------------------------------
                                             18.240372   slack (MET)


Startpoint: gpio_in[2] (input port clocked by clk)
Endpoint: _0948_ (rising edge-triggered flip-flop clocked by clk)
Path Group: clk
Path Type: max

Fanout         Cap        Slew       Delay        Time   Description
---------------------------------------------------------------------------------------------
                                  0.000000    0.000000   clock clk (rise edge)
                                  0.000000    0.000000   clock network delay (propagated)
                                  5.000000    5.000000 ^ input external delay
     2    0.005014    0.029357    0.017963    5.017962 ^ gpio_in[2] (in)
                                                         gpio_in[2] (net)
                      0.029359    0.000000    5.017962 ^ input10/A (sky130_fd_sc_hd__buf_1)
     3    0.016003    0.193062    0.179003    5.196965 ^ input10/X (sky130_fd_sc_hd__buf_1)
                                                         net10 (net)
                      0.193071    0.001095    5.198060 ^ _0497_/A_N (sky130_fd_sc_hd__and2b_1)
     1    0.002726    0.033452    0.202760    5.400819 v _0497_/X (sky130_fd_sc_hd__and2b_1)
                                                         _0105_ (net)
                      0.033452    0.000191    5.401010 v _0516_/B1 (sky130_fd_sc_hd__a2111o_1)
     1    0.004024    0.065535    0.380522    5.781532 v _0516_/X (sky130_fd_sc_hd__a2111o_1)
                                                         _0124_ (net)
                      0.065535    0.000256    5.781788 v _0518_/C (sky130_fd_sc_hd__nor4_1)
     2    0.007817    0.390528    0.362886    6.144674 ^ _0518_/Y (sky130_fd_sc_hd__nor4_1)
                                                         _0126_ (net)
                      0.390529    0.000482    6.145156 ^ max_cap23/A (sky130_fd_sc_hd__clkbuf_1)
     1    0.005988    0.081630    0.157272    6.302429 ^ max_cap23/X (sky130_fd_sc_hd__clkbuf_1)
                                                         net23 (net)
                      0.081631    0.000441    6.302869 ^ _0521_/A2 (sky130_fd_sc_hd__a21boi_2)
     4    0.016201    0.074209    0.091465    6.394334 v _0521_/Y (sky130_fd_sc_hd__a21boi_2)
                                                         _0128_ (net)
                      0.074227    0.000936    6.395269 v fanout22/A (sky130_fd_sc_hd__clkbuf_2)
    10    0.036528    0.140520    0.204748    6.600018 v fanout22/X (sky130_fd_sc_hd__clkbuf_2)
                                                         net22 (net)
                      0.140782    0.005029    6.605046 v _0530_/C (sky130_fd_sc_hd__and3b_1)
     2    0.007688    0.058272    0.240426    6.845472 v _0530_/X (sky130_fd_sc_hd__and3b_1)
                                                         MATMULT_INST.uart_tx.count.next_cnt_out[3] (net)
                      0.058273    0.000308    6.845780 v _0948_/D (sky130_fd_sc_hd__dfrtp_1)
                                              6.845780   data arrival time

                                 25.000000   25.000000   clock clk (rise edge)
                                  0.000000   25.000000   clock source latency
     2    0.018194    0.087443    0.060611   25.060610 ^ clk (in)
                                                         clk (net)
                      0.087487    0.000000   25.060610 ^ clkbuf_0_clk/A (sky130_fd_sc_hd__clkbuf_16)
    17    0.112789    0.126581    0.207491   25.268101 ^ clkbuf_0_clk/X (sky130_fd_sc_hd__clkbuf_16)
                                                         clknet_0_clk (net)
                      0.127083    0.006391   25.274492 ^ clkbuf_3_3__f_clk/A (sky130_fd_sc_hd__clkbuf_16)
    11    0.051178    0.070143    0.179082   25.453575 ^ clkbuf_3_3__f_clk/X (sky130_fd_sc_hd__clkbuf_16)
                                                         clknet_3_3__leaf_clk (net)
                      0.070258    0.002458   25.456032 ^ _0948_/CLK (sky130_fd_sc_hd__dfrtp_1)
                                 -0.250000   25.206034   clock uncertainty
                                  0.000000   25.206034   clock reconvergence pessimism
                                 -0.114277   25.091757   library setup time
                                             25.091757   data required time
---------------------------------------------------------------------------------------------
                                             25.091757   data required time
                                             -6.845780   data arrival time
---------------------------------------------------------------------------------------------
                                             18.245975   slack (MET)


Startpoint: gpio_in[2] (input port clocked by clk)
Endpoint: _0955_ (rising edge-triggered flip-flop clocked by clk)
Path Group: clk
Path Type: max

Fanout         Cap        Slew       Delay        Time   Description
---------------------------------------------------------------------------------------------
                                  0.000000    0.000000   clock clk (rise edge)
                                  0.000000    0.000000   clock network delay (propagated)
                                  5.000000    5.000000 ^ input external delay
     2    0.005014    0.029357    0.017963    5.017962 ^ gpio_in[2] (in)
                                                         gpio_in[2] (net)
                      0.029359    0.000000    5.017962 ^ input10/A (sky130_fd_sc_hd__buf_1)
     3    0.016003    0.193062    0.179003    5.196965 ^ input10/X (sky130_fd_sc_hd__buf_1)
                                                         net10 (net)
                      0.193071    0.001095    5.198060 ^ _0497_/A_N (sky130_fd_sc_hd__and2b_1)
     1    0.002726    0.033452    0.202760    5.400819 v _0497_/X (sky130_fd_sc_hd__and2b_1)
                                                         _0105_ (net)
                      0.033452    0.000191    5.401010 v _0516_/B1 (sky130_fd_sc_hd__a2111o_1)
     1    0.004024    0.065535    0.380522    5.781532 v _0516_/X (sky130_fd_sc_hd__a2111o_1)
                                                         _0124_ (net)
                      0.065535    0.000256    5.781788 v _0518_/C (sky130_fd_sc_hd__nor4_1)
     2    0.007817    0.390528    0.362886    6.144674 ^ _0518_/Y (sky130_fd_sc_hd__nor4_1)
                                                         _0126_ (net)
                      0.390529    0.000482    6.145156 ^ max_cap23/A (sky130_fd_sc_hd__clkbuf_1)
     1    0.005988    0.081630    0.157272    6.302429 ^ max_cap23/X (sky130_fd_sc_hd__clkbuf_1)
                                                         net23 (net)
                      0.081631    0.000441    6.302869 ^ _0521_/A2 (sky130_fd_sc_hd__a21boi_2)
     4    0.016201    0.074209    0.091465    6.394334 v _0521_/Y (sky130_fd_sc_hd__a21boi_2)
                                                         _0128_ (net)
                      0.074227    0.000936    6.395269 v fanout22/A (sky130_fd_sc_hd__clkbuf_2)
    10    0.036528    0.140520    0.204748    6.600018 v fanout22/X (sky130_fd_sc_hd__clkbuf_2)
                                                         net22 (net)
                      0.140558    0.001942    6.601960 v _0552_/B (sky130_fd_sc_hd__and3b_1)
     2    0.007676    0.058199    0.224707    6.826667 v _0552_/X (sky130_fd_sc_hd__and3b_1)
                                                         MATMULT_INST.uart_tx.count.next_cnt_out[10] (net)
                      0.058200    0.000331    6.826999 v _0955_/D (sky130_fd_sc_hd__dfrtp_1)
                                              6.826999   data arrival time

                                 25.000000   25.000000   clock clk (rise edge)
                                  0.000000   25.000000   clock source latency
     2    0.018194    0.087443    0.060611   25.060610 ^ clk (in)
                                                         clk (net)
                      0.087487    0.000000   25.060610 ^ clkbuf_0_clk/A (sky130_fd_sc_hd__clkbuf_16)
    17    0.112789    0.126581    0.207491   25.268101 ^ clkbuf_0_clk/X (sky130_fd_sc_hd__clkbuf_16)
                                                         clknet_0_clk (net)
                      0.127219    0.007180   25.275282 ^ clkbuf_3_6__f_clk/A (sky130_fd_sc_hd__clkbuf_16)
    15    0.050695    0.069711    0.178572   25.453854 ^ clkbuf_3_6__f_clk/X (sky130_fd_sc_hd__clkbuf_16)
                                                         clknet_3_6__leaf_clk (net)
                      0.069900    0.003071   25.456924 ^ _0955_/CLK (sky130_fd_sc_hd__dfrtp_1)
                                 -0.250000   25.206924   clock uncertainty
                                  0.000000   25.206924   clock reconvergence pessimism
                                 -0.114327   25.092600   library setup time
                                             25.092600   data required time
---------------------------------------------------------------------------------------------
                                             25.092600   data required time
                                             -6.826999   data arrival time
---------------------------------------------------------------------------------------------
                                             18.265600   slack (MET)


Startpoint: gpio_in[2] (input port clocked by clk)
Endpoint: _0946_ (rising edge-triggered flip-flop clocked by clk)
Path Group: clk
Path Type: max

Fanout         Cap        Slew       Delay        Time   Description
---------------------------------------------------------------------------------------------
                                  0.000000    0.000000   clock clk (rise edge)
                                  0.000000    0.000000   clock network delay (propagated)
                                  5.000000    5.000000 ^ input external delay
     2    0.005014    0.029357    0.017963    5.017962 ^ gpio_in[2] (in)
                                                         gpio_in[2] (net)
                      0.029359    0.000000    5.017962 ^ input10/A (sky130_fd_sc_hd__buf_1)
     3    0.016003    0.193062    0.179003    5.196965 ^ input10/X (sky130_fd_sc_hd__buf_1)
                                                         net10 (net)
                      0.193071    0.001095    5.198060 ^ _0497_/A_N (sky130_fd_sc_hd__and2b_1)
     1    0.002726    0.033452    0.202760    5.400819 v _0497_/X (sky130_fd_sc_hd__and2b_1)
                                                         _0105_ (net)
                      0.033452    0.000191    5.401010 v _0516_/B1 (sky130_fd_sc_hd__a2111o_1)
     1    0.004024    0.065535    0.380522    5.781532 v _0516_/X (sky130_fd_sc_hd__a2111o_1)
                                                         _0124_ (net)
                      0.065535    0.000256    5.781788 v _0518_/C (sky130_fd_sc_hd__nor4_1)
     2    0.007817    0.390528    0.362886    6.144674 ^ _0518_/Y (sky130_fd_sc_hd__nor4_1)
                                                         _0126_ (net)
                      0.390529    0.000482    6.145156 ^ max_cap23/A (sky130_fd_sc_hd__clkbuf_1)
     1    0.005988    0.081630    0.157272    6.302429 ^ max_cap23/X (sky130_fd_sc_hd__clkbuf_1)
                                                         net23 (net)
                      0.081631    0.000441    6.302869 ^ _0521_/A2 (sky130_fd_sc_hd__a21boi_2)
     4    0.016201    0.074209    0.091465    6.394334 v _0521_/Y (sky130_fd_sc_hd__a21boi_2)
                                                         _0128_ (net)
                      0.074227    0.000936    6.395269 v fanout22/A (sky130_fd_sc_hd__clkbuf_2)
    10    0.036528    0.140520    0.204748    6.600018 v fanout22/X (sky130_fd_sc_hd__clkbuf_2)
                                                         net22 (net)
                      0.140830    0.005453    6.605471 v _0524_/A (sky130_fd_sc_hd__and3_1)
     2    0.009852    0.066345    0.214076    6.819547 v _0524_/X (sky130_fd_sc_hd__and3_1)
                                                         MATMULT_INST.uart_tx.count.next_cnt_out[1] (net)
                      0.066349    0.000621    6.820168 v _0946_/D (sky130_fd_sc_hd__dfrtp_1)
                                              6.820168   data arrival time

                                 25.000000   25.000000   clock clk (rise edge)
                                  0.000000   25.000000   clock source latency
     2    0.018194    0.087443    0.060611   25.060610 ^ clk (in)
                                                         clk (net)
                      0.087487    0.000000   25.060610 ^ clkbuf_0_clk/A (sky130_fd_sc_hd__clkbuf_16)
    17    0.112789    0.126581    0.207491   25.268101 ^ clkbuf_0_clk/X (sky130_fd_sc_hd__clkbuf_16)
                                                         clknet_0_clk (net)
                      0.127178    0.006949   25.275051 ^ clkbuf_3_2__f_clk/A (sky130_fd_sc_hd__clkbuf_16)
    13    0.050595    0.069612    0.178316   25.453367 ^ clkbuf_3_2__f_clk/X (sky130_fd_sc_hd__clkbuf_16)
                                                         clknet_3_2__leaf_clk (net)
                      0.069691    0.002137   25.455503 ^ _0946_/CLK (sky130_fd_sc_hd__dfrtp_1)
                                 -0.250000   25.205503   clock uncertainty
                                  0.000000   25.205503   clock reconvergence pessimism
                                 -0.117925   25.087580   library setup time
                                             25.087580   data required time
---------------------------------------------------------------------------------------------
                                             25.087580   data required time
                                             -6.820168   data arrival time
---------------------------------------------------------------------------------------------
                                             18.267410   slack (MET)


Startpoint: gpio_in[2] (input port clocked by clk)
Endpoint: _0956_ (rising edge-triggered flip-flop clocked by clk)
Path Group: clk
Path Type: max

Fanout         Cap        Slew       Delay        Time   Description
---------------------------------------------------------------------------------------------
                                  0.000000    0.000000   clock clk (rise edge)
                                  0.000000    0.000000   clock network delay (propagated)
                                  5.000000    5.000000 ^ input external delay
     2    0.005014    0.029357    0.017963    5.017962 ^ gpio_in[2] (in)
                                                         gpio_in[2] (net)
                      0.029359    0.000000    5.017962 ^ input10/A (sky130_fd_sc_hd__buf_1)
     3    0.016003    0.193062    0.179003    5.196965 ^ input10/X (sky130_fd_sc_hd__buf_1)
                                                         net10 (net)
                      0.193071    0.001095    5.198060 ^ _0497_/A_N (sky130_fd_sc_hd__and2b_1)
     1    0.002726    0.033452    0.202760    5.400819 v _0497_/X (sky130_fd_sc_hd__and2b_1)
                                                         _0105_ (net)
                      0.033452    0.000191    5.401010 v _0516_/B1 (sky130_fd_sc_hd__a2111o_1)
     1    0.004024    0.065535    0.380522    5.781532 v _0516_/X (sky130_fd_sc_hd__a2111o_1)
                                                         _0124_ (net)
                      0.065535    0.000256    5.781788 v _0518_/C (sky130_fd_sc_hd__nor4_1)
     2    0.007817    0.390528    0.362886    6.144674 ^ _0518_/Y (sky130_fd_sc_hd__nor4_1)
                                                         _0126_ (net)
                      0.390529    0.000482    6.145156 ^ max_cap23/A (sky130_fd_sc_hd__clkbuf_1)
     1    0.005988    0.081630    0.157272    6.302429 ^ max_cap23/X (sky130_fd_sc_hd__clkbuf_1)
                                                         net23 (net)
                      0.081631    0.000441    6.302869 ^ _0521_/A2 (sky130_fd_sc_hd__a21boi_2)
     4    0.016201    0.074209    0.091465    6.394334 v _0521_/Y (sky130_fd_sc_hd__a21boi_2)
                                                         _0128_ (net)
                      0.074227    0.000936    6.395269 v fanout22/A (sky130_fd_sc_hd__clkbuf_2)
    10    0.036528    0.140520    0.204748    6.600018 v fanout22/X (sky130_fd_sc_hd__clkbuf_2)
                                                         net22 (net)
                      0.140530    0.000985    6.601003 v _0554_/B1 (sky130_fd_sc_hd__o21ai_1)
     1    0.003639    0.112247    0.117772    6.718775 ^ _0554_/Y (sky130_fd_sc_hd__o21ai_1)
                                                         _0151_ (net)
                      0.112247    0.000280    6.719055 ^ _0555_/B (sky130_fd_sc_hd__nor2_1)
     2    0.007568    0.050700    0.074313    6.793368 v _0555_/Y (sky130_fd_sc_hd__nor2_1)
                                                         MATMULT_INST.uart_tx.count.next_cnt_out[11] (net)
                      0.050702    0.000385    6.793753 v _0956_/D (sky130_fd_sc_hd__dfrtp_1)
                                              6.793753   data arrival time

                                 25.000000   25.000000   clock clk (rise edge)
                                  0.000000   25.000000   clock source latency
     2    0.018194    0.087443    0.060611   25.060610 ^ clk (in)
                                                         clk (net)
                      0.087487    0.000000   25.060610 ^ clkbuf_0_clk/A (sky130_fd_sc_hd__clkbuf_16)
    17    0.112789    0.126581    0.207491   25.268101 ^ clkbuf_0_clk/X (sky130_fd_sc_hd__clkbuf_16)
                                                         clknet_0_clk (net)
                      0.127219    0.007180   25.275282 ^ clkbuf_3_6__f_clk/A (sky130_fd_sc_hd__clkbuf_16)
    15    0.050695    0.069711    0.178572   25.453854 ^ clkbuf_3_6__f_clk/X (sky130_fd_sc_hd__clkbuf_16)
                                                         clknet_3_6__leaf_clk (net)
                      0.069896    0.003039   25.456892 ^ _0956_/CLK (sky130_fd_sc_hd__dfrtp_1)
                                 -0.250000   25.206894   clock uncertainty
                                  0.000000   25.206894   clock reconvergence pessimism
                                 -0.111061   25.095833   library setup time
                                             25.095833   data required time
---------------------------------------------------------------------------------------------
                                             25.095833   data required time
                                             -6.793753   data arrival time
---------------------------------------------------------------------------------------------
                                             18.302078   slack (MET)


Startpoint: gpio_in[3] (input port clocked by clk)
Endpoint: _1007_ (rising edge-triggered flip-flop clocked by clk)
Path Group: clk
Path Type: max

Fanout         Cap        Slew       Delay        Time   Description
---------------------------------------------------------------------------------------------
                                  0.000000    0.000000   clock clk (rise edge)
                                  0.000000    0.000000   clock network delay (propagated)
                                  5.000000    5.000000 ^ input external delay
     2    0.004820    0.028511    0.017333    5.017333 ^ gpio_in[3] (in)
                                                         gpio_in[3] (net)
                      0.028513    0.000000    5.017333 ^ input11/A (sky130_fd_sc_hd__buf_1)
     3    0.014912    0.180587    0.170309    5.187642 ^ input11/X (sky130_fd_sc_hd__buf_1)
                                                         net11 (net)
                      0.180594    0.000937    5.188579 ^ _0456_/A (sky130_fd_sc_hd__inv_2)
     4    0.015557    0.062821    0.084415    5.272994 v _0456_/Y (sky130_fd_sc_hd__inv_2)
                                                         _0069_ (net)
                      0.062860    0.000755    5.273749 v _0607_/A1 (sky130_fd_sc_hd__o2111a_1)
     1    0.006429    0.059354    0.266812    5.540561 v _0607_/X (sky130_fd_sc_hd__o2111a_1)
                                                         _0199_ (net)
                      0.059356    0.000471    5.541032 v _0608_/D (sky130_fd_sc_hd__and4_1)
     2    0.009538    0.065643    0.232495    5.773527 v _0608_/X (sky130_fd_sc_hd__and4_1)
                                                         _0200_ (net)
                      0.065647    0.000582    5.774109 v _0614_/A2 (sky130_fd_sc_hd__a31oi_2)
     4    0.018602    0.293088    0.296698    6.070807 ^ _0614_/Y (sky130_fd_sc_hd__a31oi_2)
                                                         _0205_ (net)
                      0.293095    0.001092    6.071899 ^ fanout21/A (sky130_fd_sc_hd__clkbuf_2)
    10    0.037070    0.203457    0.287098    6.358998 ^ fanout21/X (sky130_fd_sc_hd__clkbuf_2)
                                                         net21 (net)
                      0.203669    0.004305    6.363303 ^ _0629_/C_N (sky130_fd_sc_hd__or3b_1)
     3    0.010550    0.106471    0.423600    6.786903 v _0629_/X (sky130_fd_sc_hd__or3b_1)
                                                         _0216_ (net)
                      0.106478    0.000913    6.787816 v _0630_/A (sky130_fd_sc_hd__inv_2)
     1    0.002422    0.033528    0.058496    6.846311 ^ _0630_/Y (sky130_fd_sc_hd__inv_2)
                                                         MATMULT_INST.uart_rcv.tim.clock_count.next_cnt_out[5] (net)
                      0.033528    0.000176    6.846487 ^ _1007_/D (sky130_fd_sc_hd__dfrtp_1)
                                              6.846487   data arrival time

                                 25.000000   25.000000   clock clk (rise edge)
                                  0.000000   25.000000   clock source latency
     2    0.018194    0.087443    0.060611   25.060610 ^ clk (in)
                                                         clk (net)
                      0.087487    0.000000   25.060610 ^ clkbuf_0_clk/A (sky130_fd_sc_hd__clkbuf_16)
    17    0.112789    0.126581    0.207491   25.268101 ^ clkbuf_0_clk/X (sky130_fd_sc_hd__clkbuf_16)
                                                         clknet_0_clk (net)
                      0.127178    0.006949   25.275051 ^ clkbuf_3_2__f_clk/A (sky130_fd_sc_hd__clkbuf_16)
    13    0.050595    0.069612    0.178316   25.453367 ^ clkbuf_3_2__f_clk/X (sky130_fd_sc_hd__clkbuf_16)
                                                         clknet_3_2__leaf_clk (net)
                      0.069979    0.003647   25.457014 ^ _1007_/CLK (sky130_fd_sc_hd__dfrtp_1)
                                 -0.250000   25.207014   clock uncertainty
                                  0.000000   25.207014   clock reconvergence pessimism
                                 -0.053443   25.153570   library setup time
                                             25.153570   data required time
---------------------------------------------------------------------------------------------
                                             25.153570   data required time
                                             -6.846487   data arrival time
---------------------------------------------------------------------------------------------
                                             18.307085   slack (MET)


Startpoint: gpio_in[7] (input port clocked by clk)
Endpoint: _1005_ (rising edge-triggered flip-flop clocked by clk)
Path Group: clk
Path Type: max

Fanout         Cap        Slew       Delay        Time   Description
---------------------------------------------------------------------------------------------
                                  0.000000    0.000000   clock clk (rise edge)
                                  0.000000    0.000000   clock network delay (propagated)
                                  5.000000    5.000000 ^ input external delay
     2    0.004443    0.026869    0.016107    5.016107 ^ gpio_in[7] (in)
                                                         gpio_in[7] (net)
                      0.026870    0.000000    5.016107 ^ input15/A (sky130_fd_sc_hd__clkbuf_2)
     7    0.029953    0.166359    0.184020    5.200128 ^ input15/X (sky130_fd_sc_hd__clkbuf_2)
                                                         net15 (net)
                      0.166375    0.001349    5.201477 ^ _0586_/A_N (sky130_fd_sc_hd__and2b_1)
     1    0.008411    0.057824    0.225304    5.426781 v _0586_/X (sky130_fd_sc_hd__and2b_1)
                                                         _0178_ (net)
                      0.057831    0.000647    5.427428 v _0606_/B1 (sky130_fd_sc_hd__a2111oi_1)
     1    0.002332    0.291301    0.338304    5.765731 ^ _0606_/Y (sky130_fd_sc_hd__a2111oi_1)
                                                         _0198_ (net)
                      0.291301    0.000148    5.765879 ^ _0608_/C (sky130_fd_sc_hd__and4_1)
     2    0.010098    0.116649    0.288291    6.054170 ^ _0608_/X (sky130_fd_sc_hd__and4_1)
                                                         _0200_ (net)
                      0.116650    0.000623    6.054793 ^ _0614_/A2 (sky130_fd_sc_hd__a31oi_2)
     4    0.018226    0.148011    0.159457    6.214250 v _0614_/Y (sky130_fd_sc_hd__a31oi_2)
                                                         _0205_ (net)
                      0.148015    0.001056    6.215306 v fanout21/A (sky130_fd_sc_hd__clkbuf_2)
    10    0.036130    0.138181    0.236204    6.451510 v fanout21/X (sky130_fd_sc_hd__clkbuf_2)
                                                         net21 (net)
                      0.138358    0.004398    6.455908 v _0623_/C (sky130_fd_sc_hd__and3b_1)
     2    0.008423    0.060642    0.242852    6.698761 v _0623_/X (sky130_fd_sc_hd__and3b_1)
                                                         MATMULT_INST.uart_rcv.tim.clock_count.next_cnt_out[3] (net)
                      0.060642    0.000292    6.699053 v _1005_/D (sky130_fd_sc_hd__dfrtp_1)
                                              6.699053   data arrival time

                                 25.000000   25.000000   clock clk (rise edge)
                                  0.000000   25.000000   clock source latency
     2    0.018194    0.087443    0.060611   25.060610 ^ clk (in)
                                                         clk (net)
                      0.087487    0.000000   25.060610 ^ clkbuf_0_clk/A (sky130_fd_sc_hd__clkbuf_16)
    17    0.112789    0.126581    0.207491   25.268101 ^ clkbuf_0_clk/X (sky130_fd_sc_hd__clkbuf_16)
                                                         clknet_0_clk (net)
                      0.127178    0.006949   25.275051 ^ clkbuf_3_2__f_clk/A (sky130_fd_sc_hd__clkbuf_16)
    13    0.050595    0.069612    0.178316   25.453367 ^ clkbuf_3_2__f_clk/X (sky130_fd_sc_hd__clkbuf_16)
                                                         clknet_3_2__leaf_clk (net)
                      0.069882    0.003011   25.456377 ^ _1005_/CLK (sky130_fd_sc_hd__dfrtp_1)
                                 -0.250000   25.206379   clock uncertainty
                                  0.000000   25.206379   clock reconvergence pessimism
                                 -0.115395   25.090982   library setup time
                                             25.090982   data required time
---------------------------------------------------------------------------------------------
                                             25.090982   data required time
                                             -6.699053   data arrival time
---------------------------------------------------------------------------------------------
                                             18.391930   slack (MET)


Startpoint: gpio_in[7] (input port clocked by clk)
Endpoint: _1003_ (rising edge-triggered flip-flop clocked by clk)
Path Group: clk
Path Type: max

Fanout         Cap        Slew       Delay        Time   Description
---------------------------------------------------------------------------------------------
                                  0.000000    0.000000   clock clk (rise edge)
                                  0.000000    0.000000   clock network delay (propagated)
                                  5.000000    5.000000 ^ input external delay
     2    0.004443    0.026869    0.016107    5.016107 ^ gpio_in[7] (in)
                                                         gpio_in[7] (net)
                      0.026870    0.000000    5.016107 ^ input15/A (sky130_fd_sc_hd__clkbuf_2)
     7    0.029953    0.166359    0.184020    5.200128 ^ input15/X (sky130_fd_sc_hd__clkbuf_2)
                                                         net15 (net)
                      0.166375    0.001349    5.201477 ^ _0586_/A_N (sky130_fd_sc_hd__and2b_1)
     1    0.008411    0.057824    0.225304    5.426781 v _0586_/X (sky130_fd_sc_hd__and2b_1)
                                                         _0178_ (net)
                      0.057831    0.000647    5.427428 v _0606_/B1 (sky130_fd_sc_hd__a2111oi_1)
     1    0.002332    0.291301    0.338304    5.765731 ^ _0606_/Y (sky130_fd_sc_hd__a2111oi_1)
                                                         _0198_ (net)
                      0.291301    0.000148    5.765879 ^ _0608_/C (sky130_fd_sc_hd__and4_1)
     2    0.010098    0.116649    0.288291    6.054170 ^ _0608_/X (sky130_fd_sc_hd__and4_1)
                                                         _0200_ (net)
                      0.116650    0.000623    6.054793 ^ _0614_/A2 (sky130_fd_sc_hd__a31oi_2)
     4    0.018226    0.148011    0.159457    6.214250 v _0614_/Y (sky130_fd_sc_hd__a31oi_2)
                                                         _0205_ (net)
                      0.148015    0.001056    6.215306 v fanout21/A (sky130_fd_sc_hd__clkbuf_2)
    10    0.036130    0.138181    0.236204    6.451510 v fanout21/X (sky130_fd_sc_hd__clkbuf_2)
                                                         net21 (net)
                      0.138344    0.004233    6.455744 v _0617_/C (sky130_fd_sc_hd__and3b_1)
     3    0.007892    0.059191    0.240258    6.696002 v _0617_/X (sky130_fd_sc_hd__and3b_1)
                                                         MATMULT_INST.uart_rcv.tim.clock_count.next_cnt_out[1] (net)
                      0.059193    0.000407    6.696409 v _1003_/D (sky130_fd_sc_hd__dfrtp_1)
                                              6.696409   data arrival time

                                 25.000000   25.000000   clock clk (rise edge)
                                  0.000000   25.000000   clock source latency
     2    0.018194    0.087443    0.060611   25.060610 ^ clk (in)
                                                         clk (net)
                      0.087487    0.000000   25.060610 ^ clkbuf_0_clk/A (sky130_fd_sc_hd__clkbuf_16)
    17    0.112789    0.126581    0.207491   25.268101 ^ clkbuf_0_clk/X (sky130_fd_sc_hd__clkbuf_16)
                                                         clknet_0_clk (net)
                      0.127178    0.006949   25.275051 ^ clkbuf_3_2__f_clk/A (sky130_fd_sc_hd__clkbuf_16)
    13    0.050595    0.069612    0.178316   25.453367 ^ clkbuf_3_2__f_clk/X (sky130_fd_sc_hd__clkbuf_16)
                                                         clknet_3_2__leaf_clk (net)
                      0.069836    0.002673   25.456039 ^ _1003_/CLK (sky130_fd_sc_hd__dfrtp_1)
                                 -0.250000   25.206041   clock uncertainty
                                  0.000000   25.206041   clock reconvergence pessimism
                                 -0.114774   25.091267   library setup time
                                             25.091267   data required time
---------------------------------------------------------------------------------------------
                                             25.091267   data required time
                                             -6.696409   data arrival time
---------------------------------------------------------------------------------------------
                                             18.394857   slack (MET)


Startpoint: gpio_in[7] (input port clocked by clk)
Endpoint: _1004_ (rising edge-triggered flip-flop clocked by clk)
Path Group: clk
Path Type: max

Fanout         Cap        Slew       Delay        Time   Description
---------------------------------------------------------------------------------------------
                                  0.000000    0.000000   clock clk (rise edge)
                                  0.000000    0.000000   clock network delay (propagated)
                                  5.000000    5.000000 ^ input external delay
     2    0.004443    0.026869    0.016107    5.016107 ^ gpio_in[7] (in)
                                                         gpio_in[7] (net)
                      0.026870    0.000000    5.016107 ^ input15/A (sky130_fd_sc_hd__clkbuf_2)
     7    0.029953    0.166359    0.184020    5.200128 ^ input15/X (sky130_fd_sc_hd__clkbuf_2)
                                                         net15 (net)
                      0.166375    0.001349    5.201477 ^ _0586_/A_N (sky130_fd_sc_hd__and2b_1)
     1    0.008411    0.057824    0.225304    5.426781 v _0586_/X (sky130_fd_sc_hd__and2b_1)
                                                         _0178_ (net)
                      0.057831    0.000647    5.427428 v _0606_/B1 (sky130_fd_sc_hd__a2111oi_1)
     1    0.002332    0.291301    0.338304    5.765731 ^ _0606_/Y (sky130_fd_sc_hd__a2111oi_1)
                                                         _0198_ (net)
                      0.291301    0.000148    5.765879 ^ _0608_/C (sky130_fd_sc_hd__and4_1)
     2    0.010098    0.116649    0.288291    6.054170 ^ _0608_/X (sky130_fd_sc_hd__and4_1)
                                                         _0200_ (net)
                      0.116650    0.000623    6.054793 ^ _0614_/A2 (sky130_fd_sc_hd__a31oi_2)
     4    0.018226    0.148011    0.159457    6.214250 v _0614_/Y (sky130_fd_sc_hd__a31oi_2)
                                                         _0205_ (net)
                      0.148015    0.001056    6.215306 v fanout21/A (sky130_fd_sc_hd__clkbuf_2)
    10    0.036130    0.138181    0.236204    6.451510 v fanout21/X (sky130_fd_sc_hd__clkbuf_2)
                                                         net21 (net)
                      0.138358    0.004401    6.455912 v _0620_/C (sky130_fd_sc_hd__and3b_1)
     2    0.007886    0.059167    0.240248    6.696160 v _0620_/X (sky130_fd_sc_hd__and3b_1)
                                                         MATMULT_INST.uart_rcv.tim.clock_count.next_cnt_out[2] (net)
                      0.059169    0.000350    6.696511 v _1004_/D (sky130_fd_sc_hd__dfrtp_1)
                                              6.696511   data arrival time

                                 25.000000   25.000000   clock clk (rise edge)
                                  0.000000   25.000000   clock source latency
     2    0.018194    0.087443    0.060611   25.060610 ^ clk (in)
                                                         clk (net)
                      0.087487    0.000000   25.060610 ^ clkbuf_0_clk/A (sky130_fd_sc_hd__clkbuf_16)
    17    0.112789    0.126581    0.207491   25.268101 ^ clkbuf_0_clk/X (sky130_fd_sc_hd__clkbuf_16)
                                                         clknet_0_clk (net)
                      0.127178    0.006949   25.275051 ^ clkbuf_3_2__f_clk/A (sky130_fd_sc_hd__clkbuf_16)
    13    0.050595    0.069612    0.178316   25.453367 ^ clkbuf_3_2__f_clk/X (sky130_fd_sc_hd__clkbuf_16)
                                                         clknet_3_2__leaf_clk (net)
                      0.069937    0.003386   25.456753 ^ _1004_/CLK (sky130_fd_sc_hd__dfrtp_1)
                                 -0.250000   25.206753   clock uncertainty
                                  0.000000   25.206753   clock reconvergence pessimism
                                 -0.114740   25.092012   library setup time
                                             25.092012   data required time
---------------------------------------------------------------------------------------------
                                             25.092012   data required time
                                             -6.696511   data arrival time
---------------------------------------------------------------------------------------------
                                             18.395502   slack (MET)


Startpoint: gpio_in[7] (input port clocked by clk)
Endpoint: _1012_ (rising edge-triggered flip-flop clocked by clk)
Path Group: clk
Path Type: max

Fanout         Cap        Slew       Delay        Time   Description
---------------------------------------------------------------------------------------------
                                  0.000000    0.000000   clock clk (rise edge)
                                  0.000000    0.000000   clock network delay (propagated)
                                  5.000000    5.000000 ^ input external delay
     2    0.004443    0.026869    0.016107    5.016107 ^ gpio_in[7] (in)
                                                         gpio_in[7] (net)
                      0.026870    0.000000    5.016107 ^ input15/A (sky130_fd_sc_hd__clkbuf_2)
     7    0.029953    0.166359    0.184020    5.200128 ^ input15/X (sky130_fd_sc_hd__clkbuf_2)
                                                         net15 (net)
                      0.166375    0.001349    5.201477 ^ _0586_/A_N (sky130_fd_sc_hd__and2b_1)
     1    0.008411    0.057824    0.225304    5.426781 v _0586_/X (sky130_fd_sc_hd__and2b_1)
                                                         _0178_ (net)
                      0.057831    0.000647    5.427428 v _0606_/B1 (sky130_fd_sc_hd__a2111oi_1)
     1    0.002332    0.291301    0.338304    5.765731 ^ _0606_/Y (sky130_fd_sc_hd__a2111oi_1)
                                                         _0198_ (net)
                      0.291301    0.000148    5.765879 ^ _0608_/C (sky130_fd_sc_hd__and4_1)
     2    0.010098    0.116649    0.288291    6.054170 ^ _0608_/X (sky130_fd_sc_hd__and4_1)
                                                         _0200_ (net)
                      0.116650    0.000623    6.054793 ^ _0614_/A2 (sky130_fd_sc_hd__a31oi_2)
     4    0.018226    0.148011    0.159457    6.214250 v _0614_/Y (sky130_fd_sc_hd__a31oi_2)
                                                         _0205_ (net)
                      0.148015    0.001056    6.215306 v fanout21/A (sky130_fd_sc_hd__clkbuf_2)
    10    0.036130    0.138181    0.236204    6.451510 v fanout21/X (sky130_fd_sc_hd__clkbuf_2)
                                                         net21 (net)
                      0.138232    0.002538    6.454049 v _0645_/B (sky130_fd_sc_hd__and3b_1)
     3    0.007630    0.057917    0.223380    6.677429 v _0645_/X (sky130_fd_sc_hd__and3b_1)
                                                         MATMULT_INST.uart_rcv.tim.clock_count.next_cnt_out[10] (net)
                      0.057919    0.000381    6.677810 v _1012_/D (sky130_fd_sc_hd__dfrtp_1)
                                              6.677810   data arrival time

                                 25.000000   25.000000   clock clk (rise edge)
                                  0.000000   25.000000   clock source latency
     2    0.018194    0.087443    0.060611   25.060610 ^ clk (in)
                                                         clk (net)
                      0.087487    0.000000   25.060610 ^ clkbuf_0_clk/A (sky130_fd_sc_hd__clkbuf_16)
    17    0.112789    0.126581    0.207491   25.268101 ^ clkbuf_0_clk/X (sky130_fd_sc_hd__clkbuf_16)
                                                         clknet_0_clk (net)
                      0.127219    0.007180   25.275282 ^ clkbuf_3_6__f_clk/A (sky130_fd_sc_hd__clkbuf_16)
    15    0.050695    0.069711    0.178572   25.453854 ^ clkbuf_3_6__f_clk/X (sky130_fd_sc_hd__clkbuf_16)
                                                         clknet_3_6__leaf_clk (net)
                      0.069849    0.002666   25.456520 ^ _1012_/CLK (sky130_fd_sc_hd__dfrtp_1)
                                 -0.250000   25.206520   clock uncertainty
                                  0.000000   25.206520   clock reconvergence pessimism
                                 -0.114216   25.092304   library setup time
                                             25.092304   data required time
---------------------------------------------------------------------------------------------
                                             25.092304   data required time
                                             -6.677810   data arrival time
---------------------------------------------------------------------------------------------
                                             18.414494   slack (MET)


Startpoint: gpio_in[7] (input port clocked by clk)
Endpoint: _1009_ (rising edge-triggered flip-flop clocked by clk)
Path Group: clk
Path Type: max

Fanout         Cap        Slew       Delay        Time   Description
---------------------------------------------------------------------------------------------
                                  0.000000    0.000000   clock clk (rise edge)
                                  0.000000    0.000000   clock network delay (propagated)
                                  5.000000    5.000000 ^ input external delay
     2    0.004443    0.026869    0.016107    5.016107 ^ gpio_in[7] (in)
                                                         gpio_in[7] (net)
                      0.026870    0.000000    5.016107 ^ input15/A (sky130_fd_sc_hd__clkbuf_2)
     7    0.029953    0.166359    0.184020    5.200128 ^ input15/X (sky130_fd_sc_hd__clkbuf_2)
                                                         net15 (net)
                      0.166375    0.001349    5.201477 ^ _0586_/A_N (sky130_fd_sc_hd__and2b_1)
     1    0.008411    0.057824    0.225304    5.426781 v _0586_/X (sky130_fd_sc_hd__and2b_1)
                                                         _0178_ (net)
                      0.057831    0.000647    5.427428 v _0606_/B1 (sky130_fd_sc_hd__a2111oi_1)
     1    0.002332    0.291301    0.338304    5.765731 ^ _0606_/Y (sky130_fd_sc_hd__a2111oi_1)
                                                         _0198_ (net)
                      0.291301    0.000148    5.765879 ^ _0608_/C (sky130_fd_sc_hd__and4_1)
     2    0.010098    0.116649    0.288291    6.054170 ^ _0608_/X (sky130_fd_sc_hd__and4_1)
                                                         _0200_ (net)
                      0.116650    0.000623    6.054793 ^ _0614_/A2 (sky130_fd_sc_hd__a31oi_2)
     4    0.018226    0.148011    0.159457    6.214250 v _0614_/Y (sky130_fd_sc_hd__a31oi_2)
                                                         _0205_ (net)
                      0.148015    0.001056    6.215306 v fanout21/A (sky130_fd_sc_hd__clkbuf_2)
    10    0.036130    0.138181    0.236204    6.451510 v fanout21/X (sky130_fd_sc_hd__clkbuf_2)
                                                         net21 (net)
                      0.138245    0.002785    6.454296 v _0636_/B (sky130_fd_sc_hd__and3b_1)
     3    0.007397    0.056924    0.222254    6.676550 v _0636_/X (sky130_fd_sc_hd__and3b_1)
                                                         MATMULT_INST.uart_rcv.tim.clock_count.next_cnt_out[7] (net)
                      0.056926    0.000366    6.676916 v _1009_/D (sky130_fd_sc_hd__dfrtp_1)
                                              6.676916   data arrival time

                                 25.000000   25.000000   clock clk (rise edge)
                                  0.000000   25.000000   clock source latency
     2    0.018194    0.087443    0.060611   25.060610 ^ clk (in)
                                                         clk (net)
                      0.087487    0.000000   25.060610 ^ clkbuf_0_clk/A (sky130_fd_sc_hd__clkbuf_16)
    17    0.112789    0.126581    0.207491   25.268101 ^ clkbuf_0_clk/X (sky130_fd_sc_hd__clkbuf_16)
                                                         clknet_0_clk (net)
                      0.127083    0.006391   25.274492 ^ clkbuf_3_3__f_clk/A (sky130_fd_sc_hd__clkbuf_16)
    11    0.051178    0.070143    0.179082   25.453575 ^ clkbuf_3_3__f_clk/X (sky130_fd_sc_hd__clkbuf_16)
                                                         clknet_3_3__leaf_clk (net)
                      0.070197    0.001778   25.455353 ^ _1009_/CLK (sky130_fd_sc_hd__dfrtp_1)
                                 -0.250000   25.205353   clock uncertainty
                                  0.000000   25.205353   clock reconvergence pessimism
                                 -0.113704   25.091650   library setup time
                                             25.091650   data required time
---------------------------------------------------------------------------------------------
                                             25.091650   data required time
                                             -6.676916   data arrival time
---------------------------------------------------------------------------------------------
                                             18.414736   slack (MET)


Startpoint: gpio_in[7] (input port clocked by clk)
Endpoint: _1015_ (rising edge-triggered flip-flop clocked by clk)
Path Group: clk
Path Type: max

Fanout         Cap        Slew       Delay        Time   Description
---------------------------------------------------------------------------------------------
                                  0.000000    0.000000   clock clk (rise edge)
                                  0.000000    0.000000   clock network delay (propagated)
                                  5.000000    5.000000 ^ input external delay
     2    0.004443    0.026869    0.016107    5.016107 ^ gpio_in[7] (in)
                                                         gpio_in[7] (net)
                      0.026870    0.000000    5.016107 ^ input15/A (sky130_fd_sc_hd__clkbuf_2)
     7    0.029953    0.166359    0.184020    5.200128 ^ input15/X (sky130_fd_sc_hd__clkbuf_2)
                                                         net15 (net)
                      0.166375    0.001349    5.201477 ^ _0586_/A_N (sky130_fd_sc_hd__and2b_1)
     1    0.008411    0.057824    0.225304    5.426781 v _0586_/X (sky130_fd_sc_hd__and2b_1)
                                                         _0178_ (net)
                      0.057831    0.000647    5.427428 v _0606_/B1 (sky130_fd_sc_hd__a2111oi_1)
     1    0.002332    0.291301    0.338304    5.765731 ^ _0606_/Y (sky130_fd_sc_hd__a2111oi_1)
                                                         _0198_ (net)
                      0.291301    0.000148    5.765879 ^ _0608_/C (sky130_fd_sc_hd__and4_1)
     2    0.010098    0.116649    0.288291    6.054170 ^ _0608_/X (sky130_fd_sc_hd__and4_1)
                                                         _0200_ (net)
                      0.116650    0.000623    6.054793 ^ _0614_/A2 (sky130_fd_sc_hd__a31oi_2)
     4    0.018226    0.148011    0.159457    6.214250 v _0614_/Y (sky130_fd_sc_hd__a31oi_2)
                                                         _0205_ (net)
                      0.148015    0.001056    6.215306 v fanout21/A (sky130_fd_sc_hd__clkbuf_2)
    10    0.036130    0.138181    0.236204    6.451510 v fanout21/X (sky130_fd_sc_hd__clkbuf_2)
                                                         net21 (net)
                      0.138184    0.000898    6.452408 v _0652_/B1 (sky130_fd_sc_hd__o21ai_1)
     1    0.002761    0.097786    0.108650    6.561058 ^ _0652_/Y (sky130_fd_sc_hd__o21ai_1)
                                                         _0231_ (net)
                      0.097786    0.000128    6.561185 ^ _0653_/B1 (sky130_fd_sc_hd__a21oi_1)
     3    0.008503    0.079512    0.073818    6.635004 v _0653_/Y (sky130_fd_sc_hd__a21oi_1)
                                                         MATMULT_INST.uart_rcv.tim.clock_count.next_cnt_out[13] (net)
                      0.079513    0.000504    6.635508 v _1015_/D (sky130_fd_sc_hd__dfrtp_1)
                                              6.635508   data arrival time

                                 25.000000   25.000000   clock clk (rise edge)
                                  0.000000   25.000000   clock source latency
     2    0.018194    0.087443    0.060611   25.060610 ^ clk (in)
                                                         clk (net)
                      0.087487    0.000000   25.060610 ^ clkbuf_0_clk/A (sky130_fd_sc_hd__clkbuf_16)
    17    0.112789    0.126581    0.207491   25.268101 ^ clkbuf_0_clk/X (sky130_fd_sc_hd__clkbuf_16)
                                                         clknet_0_clk (net)
                      0.127219    0.007180   25.275282 ^ clkbuf_3_6__f_clk/A (sky130_fd_sc_hd__clkbuf_16)
    15    0.050695    0.069711    0.178572   25.453854 ^ clkbuf_3_6__f_clk/X (sky130_fd_sc_hd__clkbuf_16)
                                                         clknet_3_6__leaf_clk (net)
                      0.069802    0.002222   25.456076 ^ _1015_/CLK (sky130_fd_sc_hd__dfrtp_1)
                                 -0.250000   25.206076   clock uncertainty
                                  0.000000   25.206076   clock reconvergence pessimism
                                 -0.123635   25.082441   library setup time
                                             25.082441   data required time
---------------------------------------------------------------------------------------------
                                             25.082441   data required time
                                             -6.635508   data arrival time
---------------------------------------------------------------------------------------------
                                             18.446934   slack (MET)


Startpoint: gpio_in[7] (input port clocked by clk)
Endpoint: _1008_ (rising edge-triggered flip-flop clocked by clk)
Path Group: clk
Path Type: max

Fanout         Cap        Slew       Delay        Time   Description
---------------------------------------------------------------------------------------------
                                  0.000000    0.000000   clock clk (rise edge)
                                  0.000000    0.000000   clock network delay (propagated)
                                  5.000000    5.000000 ^ input external delay
     2    0.004443    0.026869    0.016107    5.016107 ^ gpio_in[7] (in)
                                                         gpio_in[7] (net)
                      0.026870    0.000000    5.016107 ^ input15/A (sky130_fd_sc_hd__clkbuf_2)
     7    0.029953    0.166359    0.184020    5.200128 ^ input15/X (sky130_fd_sc_hd__clkbuf_2)
                                                         net15 (net)
                      0.166375    0.001349    5.201477 ^ _0586_/A_N (sky130_fd_sc_hd__and2b_1)
     1    0.008411    0.057824    0.225304    5.426781 v _0586_/X (sky130_fd_sc_hd__and2b_1)
                                                         _0178_ (net)
                      0.057831    0.000647    5.427428 v _0606_/B1 (sky130_fd_sc_hd__a2111oi_1)
     1    0.002332    0.291301    0.338304    5.765731 ^ _0606_/Y (sky130_fd_sc_hd__a2111oi_1)
                                                         _0198_ (net)
                      0.291301    0.000148    5.765879 ^ _0608_/C (sky130_fd_sc_hd__and4_1)
     2    0.010098    0.116649    0.288291    6.054170 ^ _0608_/X (sky130_fd_sc_hd__and4_1)
                                                         _0200_ (net)
                      0.116650    0.000623    6.054793 ^ _0614_/A2 (sky130_fd_sc_hd__a31oi_2)
     4    0.018226    0.148011    0.159457    6.214250 v _0614_/Y (sky130_fd_sc_hd__a31oi_2)
                                                         _0205_ (net)
                      0.148015    0.001056    6.215306 v fanout21/A (sky130_fd_sc_hd__clkbuf_2)
    10    0.036130    0.138181    0.236204    6.451510 v fanout21/X (sky130_fd_sc_hd__clkbuf_2)
                                                         net21 (net)
                      0.138301    0.003694    6.455205 v _0632_/B1 (sky130_fd_sc_hd__o21ai_1)
     1    0.002677    0.096385    0.107804    6.563008 ^ _0632_/Y (sky130_fd_sc_hd__o21ai_1)
                                                         _0218_ (net)
                      0.096385    0.000124    6.563133 ^ _0633_/B (sky130_fd_sc_hd__nor2_1)
     2    0.009158    0.072526    0.074477    6.637610 v _0633_/Y (sky130_fd_sc_hd__nor2_1)
                                                         MATMULT_INST.uart_rcv.tim.clock_count.next_cnt_out[6] (net)
                      0.072533    0.000753    6.638363 v _1008_/D (sky130_fd_sc_hd__dfrtp_1)
                                              6.638363   data arrival time

                                 25.000000   25.000000   clock clk (rise edge)
                                  0.000000   25.000000   clock source latency
     2    0.018194    0.087443    0.060611   25.060610 ^ clk (in)
                                                         clk (net)
                      0.087487    0.000000   25.060610 ^ clkbuf_0_clk/A (sky130_fd_sc_hd__clkbuf_16)
    17    0.112789    0.126581    0.207491   25.268101 ^ clkbuf_0_clk/X (sky130_fd_sc_hd__clkbuf_16)
                                                         clknet_0_clk (net)
                      0.127178    0.006949   25.275051 ^ clkbuf_3_2__f_clk/A (sky130_fd_sc_hd__clkbuf_16)
    13    0.050595    0.069612    0.178316   25.453367 ^ clkbuf_3_2__f_clk/X (sky130_fd_sc_hd__clkbuf_16)
                                                         clknet_3_2__leaf_clk (net)
                      0.070023    0.003904   25.457272 ^ _1008_/CLK (sky130_fd_sc_hd__dfrtp_1)
                                 -0.250000   25.207272   clock uncertainty
                                  0.000000   25.207272   clock reconvergence pessimism
                                 -0.120543   25.086727   library setup time
                                             25.086727   data required time
---------------------------------------------------------------------------------------------
                                             25.086727   data required time
                                             -6.638363   data arrival time
---------------------------------------------------------------------------------------------
                                             18.448364   slack (MET)


Startpoint: gpio_in[7] (input port clocked by clk)
Endpoint: _1011_ (rising edge-triggered flip-flop clocked by clk)
Path Group: clk
Path Type: max

Fanout         Cap        Slew       Delay        Time   Description
---------------------------------------------------------------------------------------------
                                  0.000000    0.000000   clock clk (rise edge)
                                  0.000000    0.000000   clock network delay (propagated)
                                  5.000000    5.000000 ^ input external delay
     2    0.004443    0.026869    0.016107    5.016107 ^ gpio_in[7] (in)
                                                         gpio_in[7] (net)
                      0.026870    0.000000    5.016107 ^ input15/A (sky130_fd_sc_hd__clkbuf_2)
     7    0.029953    0.166359    0.184020    5.200128 ^ input15/X (sky130_fd_sc_hd__clkbuf_2)
                                                         net15 (net)
                      0.166375    0.001349    5.201477 ^ _0586_/A_N (sky130_fd_sc_hd__and2b_1)
     1    0.008411    0.057824    0.225304    5.426781 v _0586_/X (sky130_fd_sc_hd__and2b_1)
                                                         _0178_ (net)
                      0.057831    0.000647    5.427428 v _0606_/B1 (sky130_fd_sc_hd__a2111oi_1)
     1    0.002332    0.291301    0.338304    5.765731 ^ _0606_/Y (sky130_fd_sc_hd__a2111oi_1)
                                                         _0198_ (net)
                      0.291301    0.000148    5.765879 ^ _0608_/C (sky130_fd_sc_hd__and4_1)
     2    0.010098    0.116649    0.288291    6.054170 ^ _0608_/X (sky130_fd_sc_hd__and4_1)
                                                         _0200_ (net)
                      0.116650    0.000623    6.054793 ^ _0614_/A2 (sky130_fd_sc_hd__a31oi_2)
     4    0.018226    0.148011    0.159457    6.214250 v _0614_/Y (sky130_fd_sc_hd__a31oi_2)
                                                         _0205_ (net)
                      0.148015    0.001056    6.215306 v fanout21/A (sky130_fd_sc_hd__clkbuf_2)
    10    0.036130    0.138181    0.236204    6.451510 v fanout21/X (sky130_fd_sc_hd__clkbuf_2)
                                                         net21 (net)
                      0.138250    0.002880    6.454391 v _0642_/C1 (sky130_fd_sc_hd__o211a_1)
     3    0.009535    0.067889    0.176264    6.630655 v _0642_/X (sky130_fd_sc_hd__o211a_1)
                                                         MATMULT_INST.uart_rcv.tim.clock_count.next_cnt_out[9] (net)
                      0.067898    0.000786    6.631441 v _1011_/D (sky130_fd_sc_hd__dfrtp_1)
                                              6.631441   data arrival time

                                 25.000000   25.000000   clock clk (rise edge)
                                  0.000000   25.000000   clock source latency
     2    0.018194    0.087443    0.060611   25.060610 ^ clk (in)
                                                         clk (net)
                      0.087487    0.000000   25.060610 ^ clkbuf_0_clk/A (sky130_fd_sc_hd__clkbuf_16)
    17    0.112789    0.126581    0.207491   25.268101 ^ clkbuf_0_clk/X (sky130_fd_sc_hd__clkbuf_16)
                                                         clknet_0_clk (net)
                      0.127083    0.006391   25.274492 ^ clkbuf_3_3__f_clk/A (sky130_fd_sc_hd__clkbuf_16)
    11    0.051178    0.070143    0.179082   25.453575 ^ clkbuf_3_3__f_clk/X (sky130_fd_sc_hd__clkbuf_16)
                                                         clknet_3_3__leaf_clk (net)
                      0.070207    0.001917   25.455490 ^ _1011_/CLK (sky130_fd_sc_hd__dfrtp_1)
                                 -0.250000   25.205492   clock uncertainty
                                  0.000000   25.205492   clock reconvergence pessimism
                                 -0.118481   25.087011   library setup time
                                             25.087011   data required time
---------------------------------------------------------------------------------------------
                                             25.087011   data required time
                                             -6.631441   data arrival time
---------------------------------------------------------------------------------------------
                                             18.455570   slack (MET)


Startpoint: gpio_in[7] (input port clocked by clk)
Endpoint: _1006_ (rising edge-triggered flip-flop clocked by clk)
Path Group: clk
Path Type: max

Fanout         Cap        Slew       Delay        Time   Description
---------------------------------------------------------------------------------------------
                                  0.000000    0.000000   clock clk (rise edge)
                                  0.000000    0.000000   clock network delay (propagated)
                                  5.000000    5.000000 ^ input external delay
     2    0.004443    0.026869    0.016107    5.016107 ^ gpio_in[7] (in)
                                                         gpio_in[7] (net)
                      0.026870    0.000000    5.016107 ^ input15/A (sky130_fd_sc_hd__clkbuf_2)
     7    0.029953    0.166359    0.184020    5.200128 ^ input15/X (sky130_fd_sc_hd__clkbuf_2)
                                                         net15 (net)
                      0.166375    0.001349    5.201477 ^ _0586_/A_N (sky130_fd_sc_hd__and2b_1)
     1    0.008411    0.057824    0.225304    5.426781 v _0586_/X (sky130_fd_sc_hd__and2b_1)
                                                         _0178_ (net)
                      0.057831    0.000647    5.427428 v _0606_/B1 (sky130_fd_sc_hd__a2111oi_1)
     1    0.002332    0.291301    0.338304    5.765731 ^ _0606_/Y (sky130_fd_sc_hd__a2111oi_1)
                                                         _0198_ (net)
                      0.291301    0.000148    5.765879 ^ _0608_/C (sky130_fd_sc_hd__and4_1)
     2    0.010098    0.116649    0.288291    6.054170 ^ _0608_/X (sky130_fd_sc_hd__and4_1)
                                                         _0200_ (net)
                      0.116650    0.000623    6.054793 ^ _0614_/A2 (sky130_fd_sc_hd__a31oi_2)
     4    0.018226    0.148011    0.159457    6.214250 v _0614_/Y (sky130_fd_sc_hd__a31oi_2)
                                                         _0205_ (net)
                      0.148015    0.001056    6.215306 v fanout21/A (sky130_fd_sc_hd__clkbuf_2)
    10    0.036130    0.138181    0.236204    6.451510 v fanout21/X (sky130_fd_sc_hd__clkbuf_2)
                                                         net21 (net)
                      0.138320    0.003948    6.455459 v _0625_/A (sky130_fd_sc_hd__nand2_1)
     3    0.010297    0.106451    0.141714    6.597173 ^ _0625_/Y (sky130_fd_sc_hd__nand2_1)
                                                         _0213_ (net)
                      0.106457    0.000658    6.597831 ^ _0626_/A (sky130_fd_sc_hd__inv_2)
     1    0.004417    0.028760    0.041356    6.639187 v _0626_/Y (sky130_fd_sc_hd__inv_2)
                                                         MATMULT_INST.uart_rcv.tim.clock_count.next_cnt_out[4] (net)
                      0.028761    0.000285    6.639472 v _1006_/D (sky130_fd_sc_hd__dfrtp_1)
                                              6.639472   data arrival time

                                 25.000000   25.000000   clock clk (rise edge)
                                  0.000000   25.000000   clock source latency
     2    0.018194    0.087443    0.060611   25.060610 ^ clk (in)
                                                         clk (net)
                      0.087487    0.000000   25.060610 ^ clkbuf_0_clk/A (sky130_fd_sc_hd__clkbuf_16)
    17    0.112789    0.126581    0.207491   25.268101 ^ clkbuf_0_clk/X (sky130_fd_sc_hd__clkbuf_16)
                                                         clknet_0_clk (net)
                      0.127178    0.006949   25.275051 ^ clkbuf_3_2__f_clk/A (sky130_fd_sc_hd__clkbuf_16)
    13    0.050595    0.069612    0.178316   25.453367 ^ clkbuf_3_2__f_clk/X (sky130_fd_sc_hd__clkbuf_16)
                                                         clknet_3_2__leaf_clk (net)
                      0.070023    0.003903   25.457270 ^ _1006_/CLK (sky130_fd_sc_hd__dfrtp_1)
                                 -0.250000   25.207270   clock uncertainty
                                  0.000000   25.207270   clock reconvergence pessimism
                                 -0.101473   25.105797   library setup time
                                             25.105797   data required time
---------------------------------------------------------------------------------------------
                                             25.105797   data required time
                                             -6.639472   data arrival time
---------------------------------------------------------------------------------------------
                                             18.466326   slack (MET)


Startpoint: gpio_in[2] (input port clocked by clk)
Endpoint: _0954_ (rising edge-triggered flip-flop clocked by clk)
Path Group: clk
Path Type: max

Fanout         Cap        Slew       Delay        Time   Description
---------------------------------------------------------------------------------------------
                                  0.000000    0.000000   clock clk (rise edge)
                                  0.000000    0.000000   clock network delay (propagated)
                                  5.000000    5.000000 ^ input external delay
     2    0.005014    0.029357    0.017963    5.017962 ^ gpio_in[2] (in)
                                                         gpio_in[2] (net)
                      0.029359    0.000000    5.017962 ^ input10/A (sky130_fd_sc_hd__buf_1)
     3    0.016003    0.193062    0.179003    5.196965 ^ input10/X (sky130_fd_sc_hd__buf_1)
                                                         net10 (net)
                      0.193071    0.001095    5.198060 ^ _0497_/A_N (sky130_fd_sc_hd__and2b_1)
     1    0.002726    0.033452    0.202760    5.400819 v _0497_/X (sky130_fd_sc_hd__and2b_1)
                                                         _0105_ (net)
                      0.033452    0.000191    5.401010 v _0516_/B1 (sky130_fd_sc_hd__a2111o_1)
     1    0.004024    0.065535    0.380522    5.781532 v _0516_/X (sky130_fd_sc_hd__a2111o_1)
                                                         _0124_ (net)
                      0.065535    0.000256    5.781788 v _0518_/C (sky130_fd_sc_hd__nor4_1)
     2    0.007817    0.390528    0.362886    6.144674 ^ _0518_/Y (sky130_fd_sc_hd__nor4_1)
                                                         _0126_ (net)
                      0.390529    0.000482    6.145156 ^ max_cap23/A (sky130_fd_sc_hd__clkbuf_1)
     1    0.005988    0.081630    0.157272    6.302429 ^ max_cap23/X (sky130_fd_sc_hd__clkbuf_1)
                                                         net23 (net)
                      0.081631    0.000441    6.302869 ^ _0521_/A2 (sky130_fd_sc_hd__a21boi_2)
     4    0.016201    0.074209    0.091465    6.394334 v _0521_/Y (sky130_fd_sc_hd__a21boi_2)
                                                         _0128_ (net)
                      0.074241    0.001220    6.395554 v _0549_/B (sky130_fd_sc_hd__and3b_1)
     2    0.010447    0.068595    0.206144    6.601698 v _0549_/X (sky130_fd_sc_hd__and3b_1)
                                                         MATMULT_INST.uart_tx.count.next_cnt_out[9] (net)
                      0.068598    0.000551    6.602249 v _0954_/D (sky130_fd_sc_hd__dfrtp_1)
                                              6.602249   data arrival time

                                 25.000000   25.000000   clock clk (rise edge)
                                  0.000000   25.000000   clock source latency
     2    0.018194    0.087443    0.060611   25.060610 ^ clk (in)
                                                         clk (net)
                      0.087487    0.000000   25.060610 ^ clkbuf_0_clk/A (sky130_fd_sc_hd__clkbuf_16)
    17    0.112789    0.126581    0.207491   25.268101 ^ clkbuf_0_clk/X (sky130_fd_sc_hd__clkbuf_16)
                                                         clknet_0_clk (net)
                      0.127219    0.007180   25.275282 ^ clkbuf_3_6__f_clk/A (sky130_fd_sc_hd__clkbuf_16)
    15    0.050695    0.069711    0.178572   25.453854 ^ clkbuf_3_6__f_clk/X (sky130_fd_sc_hd__clkbuf_16)
                                                         clknet_3_6__leaf_clk (net)
                      0.069900    0.003075   25.456928 ^ _0954_/CLK (sky130_fd_sc_hd__dfrtp_1)
                                 -0.250000   25.206928   clock uncertainty
                                  0.000000   25.206928   clock reconvergence pessimism
                                 -0.118857   25.088072   library setup time
                                             25.088072   data required time
---------------------------------------------------------------------------------------------
                                             25.088072   data required time
                                             -6.602249   data arrival time
---------------------------------------------------------------------------------------------
                                             18.485823   slack (MET)


Startpoint: gpio_in[2] (input port clocked by clk)
Endpoint: _0957_ (rising edge-triggered flip-flop clocked by clk)
Path Group: clk
Path Type: max

Fanout         Cap        Slew       Delay        Time   Description
---------------------------------------------------------------------------------------------
                                  0.000000    0.000000   clock clk (rise edge)
                                  0.000000    0.000000   clock network delay (propagated)
                                  5.000000    5.000000 ^ input external delay
     2    0.005014    0.029357    0.017963    5.017962 ^ gpio_in[2] (in)
                                                         gpio_in[2] (net)
                      0.029359    0.000000    5.017962 ^ input10/A (sky130_fd_sc_hd__buf_1)
     3    0.016003    0.193062    0.179003    5.196965 ^ input10/X (sky130_fd_sc_hd__buf_1)
                                                         net10 (net)
                      0.193071    0.001095    5.198060 ^ _0497_/A_N (sky130_fd_sc_hd__and2b_1)
     1    0.002726    0.033452    0.202760    5.400819 v _0497_/X (sky130_fd_sc_hd__and2b_1)
                                                         _0105_ (net)
                      0.033452    0.000191    5.401010 v _0516_/B1 (sky130_fd_sc_hd__a2111o_1)
     1    0.004024    0.065535    0.380522    5.781532 v _0516_/X (sky130_fd_sc_hd__a2111o_1)
                                                         _0124_ (net)
                      0.065535    0.000256    5.781788 v _0518_/C (sky130_fd_sc_hd__nor4_1)
     2    0.007817    0.390528    0.362886    6.144674 ^ _0518_/Y (sky130_fd_sc_hd__nor4_1)
                                                         _0126_ (net)
                      0.390529    0.000482    6.145156 ^ max_cap23/A (sky130_fd_sc_hd__clkbuf_1)
     1    0.005988    0.081630    0.157272    6.302429 ^ max_cap23/X (sky130_fd_sc_hd__clkbuf_1)
                                                         net23 (net)
                      0.081631    0.000441    6.302869 ^ _0521_/A2 (sky130_fd_sc_hd__a21boi_2)
     4    0.016201    0.074209    0.091465    6.394334 v _0521_/Y (sky130_fd_sc_hd__a21boi_2)
                                                         _0128_ (net)
                      0.074230    0.000993    6.395326 v _0557_/B1 (sky130_fd_sc_hd__o21ai_1)
     1    0.003994    0.117990    0.092156    6.487482 ^ _0557_/Y (sky130_fd_sc_hd__o21ai_1)
                                                         _0153_ (net)
                      0.117990    0.000286    6.487767 ^ _0558_/B (sky130_fd_sc_hd__nor2_1)
     2    0.008896    0.056122    0.081046    6.568813 v _0558_/Y (sky130_fd_sc_hd__nor2_1)
                                                         MATMULT_INST.uart_tx.count.next_cnt_out[12] (net)
                      0.056123    0.000302    6.569115 v _0957_/D (sky130_fd_sc_hd__dfrtp_1)
                                              6.569115   data arrival time

                                 25.000000   25.000000   clock clk (rise edge)
                                  0.000000   25.000000   clock source latency
     2    0.018194    0.087443    0.060611   25.060610 ^ clk (in)
                                                         clk (net)
                      0.087487    0.000000   25.060610 ^ clkbuf_0_clk/A (sky130_fd_sc_hd__clkbuf_16)
    17    0.112789    0.126581    0.207491   25.268101 ^ clkbuf_0_clk/X (sky130_fd_sc_hd__clkbuf_16)
                                                         clknet_0_clk (net)
                      0.127219    0.007180   25.275282 ^ clkbuf_3_6__f_clk/A (sky130_fd_sc_hd__clkbuf_16)
    15    0.050695    0.069711    0.178572   25.453854 ^ clkbuf_3_6__f_clk/X (sky130_fd_sc_hd__clkbuf_16)
                                                         clknet_3_6__leaf_clk (net)
                      0.069793    0.002133   25.455986 ^ _0957_/CLK (sky130_fd_sc_hd__dfrtp_1)
                                 -0.250000   25.205988   clock uncertainty
                                  0.000000   25.205988   clock reconvergence pessimism
                                 -0.113446   25.092541   library setup time
                                             25.092541   data required time
---------------------------------------------------------------------------------------------
                                             25.092541   data required time
                                             -6.569115   data arrival time
---------------------------------------------------------------------------------------------
                                             18.523424   slack (MET)


Startpoint: gpio_in[2] (input port clocked by clk)
Endpoint: _0952_ (rising edge-triggered flip-flop clocked by clk)
Path Group: clk
Path Type: max

Fanout         Cap        Slew       Delay        Time   Description
---------------------------------------------------------------------------------------------
                                  0.000000    0.000000   clock clk (rise edge)
                                  0.000000    0.000000   clock network delay (propagated)
                                  5.000000    5.000000 ^ input external delay
     2    0.005014    0.029357    0.017963    5.017962 ^ gpio_in[2] (in)
                                                         gpio_in[2] (net)
                      0.029359    0.000000    5.017962 ^ input10/A (sky130_fd_sc_hd__buf_1)
     3    0.016003    0.193062    0.179003    5.196965 ^ input10/X (sky130_fd_sc_hd__buf_1)
                                                         net10 (net)
                      0.193071    0.001095    5.198060 ^ _0497_/A_N (sky130_fd_sc_hd__and2b_1)
     1    0.002726    0.033452    0.202760    5.400819 v _0497_/X (sky130_fd_sc_hd__and2b_1)
                                                         _0105_ (net)
                      0.033452    0.000191    5.401010 v _0516_/B1 (sky130_fd_sc_hd__a2111o_1)
     1    0.004024    0.065535    0.380522    5.781532 v _0516_/X (sky130_fd_sc_hd__a2111o_1)
                                                         _0124_ (net)
                      0.065535    0.000256    5.781788 v _0518_/C (sky130_fd_sc_hd__nor4_1)
     2    0.007817    0.390528    0.362886    6.144674 ^ _0518_/Y (sky130_fd_sc_hd__nor4_1)
                                                         _0126_ (net)
                      0.390529    0.000482    6.145156 ^ max_cap23/A (sky130_fd_sc_hd__clkbuf_1)
     1    0.005988    0.081630    0.157272    6.302429 ^ max_cap23/X (sky130_fd_sc_hd__clkbuf_1)
                                                         net23 (net)
                      0.081631    0.000441    6.302869 ^ _0521_/A2 (sky130_fd_sc_hd__a21boi_2)
     4    0.016201    0.074209    0.091465    6.394334 v _0521_/Y (sky130_fd_sc_hd__a21boi_2)
                                                         _0128_ (net)
                      0.074245    0.001304    6.395638 v _0542_/C1 (sky130_fd_sc_hd__o211a_1)
     2    0.009716    0.068598    0.149337    6.544974 v _0542_/X (sky130_fd_sc_hd__o211a_1)
                                                         MATMULT_INST.uart_tx.count.next_cnt_out[7] (net)
                      0.068599    0.000419    6.545393 v _0952_/D (sky130_fd_sc_hd__dfrtp_2)
                                              6.545393   data arrival time

                                 25.000000   25.000000   clock clk (rise edge)
                                  0.000000   25.000000   clock source latency
     2    0.018194    0.087443    0.060611   25.060610 ^ clk (in)
                                                         clk (net)
                      0.087487    0.000000   25.060610 ^ clkbuf_0_clk/A (sky130_fd_sc_hd__clkbuf_16)
    17    0.112789    0.126581    0.207491   25.268101 ^ clkbuf_0_clk/X (sky130_fd_sc_hd__clkbuf_16)
                                                         clknet_0_clk (net)
                      0.127083    0.006391   25.274492 ^ clkbuf_3_3__f_clk/A (sky130_fd_sc_hd__clkbuf_16)
    11    0.051178    0.070143    0.179082   25.453575 ^ clkbuf_3_3__f_clk/X (sky130_fd_sc_hd__clkbuf_16)
                                                         clknet_3_3__leaf_clk (net)
                      0.070273    0.002597   25.456171 ^ _0952_/CLK (sky130_fd_sc_hd__dfrtp_2)
                                 -0.250000   25.206173   clock uncertainty
                                  0.000000   25.206173   clock reconvergence pessimism
                                 -0.119988   25.086185   library setup time
                                             25.086185   data required time
---------------------------------------------------------------------------------------------
                                             25.086185   data required time
                                             -6.545393   data arrival time
---------------------------------------------------------------------------------------------
                                             18.540791   slack (MET)


Startpoint: gpio_in[2] (input port clocked by clk)
Endpoint: _0945_ (rising edge-triggered flip-flop clocked by clk)
Path Group: clk
Path Type: max

Fanout         Cap        Slew       Delay        Time   Description
---------------------------------------------------------------------------------------------
                                  0.000000    0.000000   clock clk (rise edge)
                                  0.000000    0.000000   clock network delay (propagated)
                                  5.000000    5.000000 ^ input external delay
     2    0.005014    0.029357    0.017963    5.017962 ^ gpio_in[2] (in)
                                                         gpio_in[2] (net)
                      0.029359    0.000000    5.017962 ^ input10/A (sky130_fd_sc_hd__buf_1)
     3    0.016003    0.193062    0.179003    5.196965 ^ input10/X (sky130_fd_sc_hd__buf_1)
                                                         net10 (net)
                      0.193071    0.001095    5.198060 ^ _0497_/A_N (sky130_fd_sc_hd__and2b_1)
     1    0.002726    0.033452    0.202760    5.400819 v _0497_/X (sky130_fd_sc_hd__and2b_1)
                                                         _0105_ (net)
                      0.033452    0.000191    5.401010 v _0516_/B1 (sky130_fd_sc_hd__a2111o_1)
     1    0.004024    0.065535    0.380522    5.781532 v _0516_/X (sky130_fd_sc_hd__a2111o_1)
                                                         _0124_ (net)
                      0.065535    0.000256    5.781788 v _0518_/C (sky130_fd_sc_hd__nor4_1)
     2    0.007817    0.390528    0.362886    6.144674 ^ _0518_/Y (sky130_fd_sc_hd__nor4_1)
                                                         _0126_ (net)
                      0.390529    0.000518    6.145192 ^ _0519_/B (sky130_fd_sc_hd__nand2_1)
     1    0.004557    0.083818    0.116025    6.261218 v _0519_/Y (sky130_fd_sc_hd__nand2_1)
                                                         _0127_ (net)
                      0.083818    0.000361    6.261579 v _0520_/A2 (sky130_fd_sc_hd__a21boi_1)
     2    0.008397    0.205687    0.227476    6.489055 ^ _0520_/Y (sky130_fd_sc_hd__a21boi_1)
                                                         MATMULT_INST.uart_tx.count.next_cnt_out[0] (net)
                      0.205687    0.000336    6.489390 ^ _0945_/D (sky130_fd_sc_hd__dfrtp_1)
                                              6.489390   data arrival time

                                 25.000000   25.000000   clock clk (rise edge)
                                  0.000000   25.000000   clock source latency
     2    0.018194    0.087443    0.060611   25.060610 ^ clk (in)
                                                         clk (net)
                      0.087487    0.000000   25.060610 ^ clkbuf_0_clk/A (sky130_fd_sc_hd__clkbuf_16)
    17    0.112789    0.126581    0.207491   25.268101 ^ clkbuf_0_clk/X (sky130_fd_sc_hd__clkbuf_16)
                                                         clknet_0_clk (net)
                      0.127219    0.007180   25.275282 ^ clkbuf_3_6__f_clk/A (sky130_fd_sc_hd__clkbuf_16)
    15    0.050695    0.069711    0.178572   25.453854 ^ clkbuf_3_6__f_clk/X (sky130_fd_sc_hd__clkbuf_16)
                                                         clknet_3_6__leaf_clk (net)
                      0.069910    0.003148   25.457001 ^ _0945_/CLK (sky130_fd_sc_hd__dfrtp_1)
                                 -0.250000   25.207001   clock uncertainty
                                  0.000000   25.207001   clock reconvergence pessimism
                                 -0.092975   25.114027   library setup time
                                             25.114027   data required time
---------------------------------------------------------------------------------------------
                                             25.114027   data required time
                                             -6.489390   data arrival time
---------------------------------------------------------------------------------------------
                                             18.624636   slack (MET)


Startpoint: gpio_in[7] (input port clocked by clk)
Endpoint: _1010_ (rising edge-triggered flip-flop clocked by clk)
Path Group: clk
Path Type: max

Fanout         Cap        Slew       Delay        Time   Description
---------------------------------------------------------------------------------------------
                                  0.000000    0.000000   clock clk (rise edge)
                                  0.000000    0.000000   clock network delay (propagated)
                                  5.000000    5.000000 ^ input external delay
     2    0.004443    0.026869    0.016107    5.016107 ^ gpio_in[7] (in)
                                                         gpio_in[7] (net)
                      0.026870    0.000000    5.016107 ^ input15/A (sky130_fd_sc_hd__clkbuf_2)
     7    0.029953    0.166359    0.184020    5.200128 ^ input15/X (sky130_fd_sc_hd__clkbuf_2)
                                                         net15 (net)
                      0.166375    0.001349    5.201477 ^ _0586_/A_N (sky130_fd_sc_hd__and2b_1)
     1    0.008411    0.057824    0.225304    5.426781 v _0586_/X (sky130_fd_sc_hd__and2b_1)
                                                         _0178_ (net)
                      0.057831    0.000647    5.427428 v _0606_/B1 (sky130_fd_sc_hd__a2111oi_1)
     1    0.002332    0.291301    0.338304    5.765731 ^ _0606_/Y (sky130_fd_sc_hd__a2111oi_1)
                                                         _0198_ (net)
                      0.291301    0.000148    5.765879 ^ _0608_/C (sky130_fd_sc_hd__and4_1)
     2    0.010098    0.116649    0.288291    6.054170 ^ _0608_/X (sky130_fd_sc_hd__and4_1)
                                                         _0200_ (net)
                      0.116650    0.000623    6.054793 ^ _0614_/A2 (sky130_fd_sc_hd__a31oi_2)
     4    0.018226    0.148011    0.159457    6.214250 v _0614_/Y (sky130_fd_sc_hd__a31oi_2)
                                                         _0205_ (net)
                      0.148094    0.001575    6.215825 v _0639_/B (sky130_fd_sc_hd__and3b_1)
     2    0.008275    0.060240    0.231109    6.446934 v _0639_/X (sky130_fd_sc_hd__and3b_1)
                                                         MATMULT_INST.uart_rcv.tim.clock_count.next_cnt_out[8] (net)
                      0.060241    0.000376    6.447309 v _1010_/D (sky130_fd_sc_hd__dfrtp_1)
                                              6.447309   data arrival time

                                 25.000000   25.000000   clock clk (rise edge)
                                  0.000000   25.000000   clock source latency
     2    0.018194    0.087443    0.060611   25.060610 ^ clk (in)
                                                         clk (net)
                      0.087487    0.000000   25.060610 ^ clkbuf_0_clk/A (sky130_fd_sc_hd__clkbuf_16)
    17    0.112789    0.126581    0.207491   25.268101 ^ clkbuf_0_clk/X (sky130_fd_sc_hd__clkbuf_16)
                                                         clknet_0_clk (net)
                      0.127083    0.006391   25.274492 ^ clkbuf_3_3__f_clk/A (sky130_fd_sc_hd__clkbuf_16)
    11    0.051178    0.070143    0.179082   25.453575 ^ clkbuf_3_3__f_clk/X (sky130_fd_sc_hd__clkbuf_16)
                                                         clknet_3_3__leaf_clk (net)
                      0.070204    0.001874   25.455448 ^ _1010_/CLK (sky130_fd_sc_hd__dfrtp_1)
                                 -0.250000   25.205450   clock uncertainty
                                  0.000000   25.205450   clock reconvergence pessimism
                                 -0.115146   25.090302   library setup time
                                             25.090302   data required time
---------------------------------------------------------------------------------------------
                                             25.090302   data required time
                                             -6.447309   data arrival time
---------------------------------------------------------------------------------------------
                                             18.642994   slack (MET)


Startpoint: gpio_in[7] (input port clocked by clk)
Endpoint: _1002_ (rising edge-triggered flip-flop clocked by clk)
Path Group: clk
Path Type: max

Fanout         Cap        Slew       Delay        Time   Description
---------------------------------------------------------------------------------------------
                                  0.000000    0.000000   clock clk (rise edge)
                                  0.000000    0.000000   clock network delay (propagated)
                                  5.000000    5.000000 ^ input external delay
     2    0.004443    0.026869    0.016107    5.016107 ^ gpio_in[7] (in)
                                                         gpio_in[7] (net)
                      0.026870    0.000000    5.016107 ^ input15/A (sky130_fd_sc_hd__clkbuf_2)
     7    0.029953    0.166359    0.184020    5.200128 ^ input15/X (sky130_fd_sc_hd__clkbuf_2)
                                                         net15 (net)
                      0.166375    0.001349    5.201477 ^ _0586_/A_N (sky130_fd_sc_hd__and2b_1)
     1    0.008411    0.057824    0.225304    5.426781 v _0586_/X (sky130_fd_sc_hd__and2b_1)
                                                         _0178_ (net)
                      0.057831    0.000647    5.427428 v _0606_/B1 (sky130_fd_sc_hd__a2111oi_1)
     1    0.002332    0.291301    0.338304    5.765731 ^ _0606_/Y (sky130_fd_sc_hd__a2111oi_1)
                                                         _0198_ (net)
                      0.291301    0.000148    5.765879 ^ _0608_/C (sky130_fd_sc_hd__and4_1)
     2    0.010098    0.116649    0.288291    6.054170 ^ _0608_/X (sky130_fd_sc_hd__and4_1)
                                                         _0200_ (net)
                      0.116649    0.000420    6.054590 ^ _0609_/B (sky130_fd_sc_hd__nand2_1)
     1    0.004847    0.056246    0.078342    6.132932 v _0609_/Y (sky130_fd_sc_hd__nand2_1)
                                                         _0201_ (net)
                      0.056246    0.000223    6.133155 v _0613_/A1 (sky130_fd_sc_hd__a211oi_2)
     2    0.012966    0.290972    0.288204    6.421359 ^ _0613_/Y (sky130_fd_sc_hd__a211oi_2)
                                                         MATMULT_INST.uart_rcv.tim.clock_count.next_cnt_out[0] (net)
                      0.290972    0.000594    6.421952 ^ _1002_/D (sky130_fd_sc_hd__dfrtp_1)
                                              6.421952   data arrival time

                                 25.000000   25.000000   clock clk (rise edge)
                                  0.000000   25.000000   clock source latency
     2    0.018194    0.087443    0.060611   25.060610 ^ clk (in)
                                                         clk (net)
                      0.087487    0.000000   25.060610 ^ clkbuf_0_clk/A (sky130_fd_sc_hd__clkbuf_16)
    17    0.112789    0.126581    0.207491   25.268101 ^ clkbuf_0_clk/X (sky130_fd_sc_hd__clkbuf_16)
                                                         clknet_0_clk (net)
                      0.127219    0.007180   25.275282 ^ clkbuf_3_6__f_clk/A (sky130_fd_sc_hd__clkbuf_16)
    15    0.050695    0.069711    0.178572   25.453854 ^ clkbuf_3_6__f_clk/X (sky130_fd_sc_hd__clkbuf_16)
                                                         clknet_3_6__leaf_clk (net)
                      0.069797    0.002172   25.456026 ^ _1002_/CLK (sky130_fd_sc_hd__dfrtp_1)
                                 -0.250000   25.206026   clock uncertainty
                                  0.000000   25.206026   clock reconvergence pessimism
                                 -0.112571   25.093454   library setup time
                                             25.093454   data required time
---------------------------------------------------------------------------------------------
                                             25.093454   data required time
                                             -6.421952   data arrival time
---------------------------------------------------------------------------------------------
                                             18.671503   slack (MET)


Startpoint: gpio_in[7] (input port clocked by clk)
Endpoint: _1014_ (rising edge-triggered flip-flop clocked by clk)
Path Group: clk
Path Type: max

Fanout         Cap        Slew       Delay        Time   Description
---------------------------------------------------------------------------------------------
                                  0.000000    0.000000   clock clk (rise edge)
                                  0.000000    0.000000   clock network delay (propagated)
                                  5.000000    5.000000 ^ input external delay
     2    0.004443    0.026869    0.016107    5.016107 ^ gpio_in[7] (in)
                                                         gpio_in[7] (net)
                      0.026870    0.000000    5.016107 ^ input15/A (sky130_fd_sc_hd__clkbuf_2)
     7    0.029953    0.166359    0.184020    5.200128 ^ input15/X (sky130_fd_sc_hd__clkbuf_2)
                                                         net15 (net)
                      0.166375    0.001349    5.201477 ^ _0586_/A_N (sky130_fd_sc_hd__and2b_1)
     1    0.008411    0.057824    0.225304    5.426781 v _0586_/X (sky130_fd_sc_hd__and2b_1)
                                                         _0178_ (net)
                      0.057831    0.000647    5.427428 v _0606_/B1 (sky130_fd_sc_hd__a2111oi_1)
     1    0.002332    0.291301    0.338304    5.765731 ^ _0606_/Y (sky130_fd_sc_hd__a2111oi_1)
                                                         _0198_ (net)
                      0.291301    0.000148    5.765879 ^ _0608_/C (sky130_fd_sc_hd__and4_1)
     2    0.010098    0.116649    0.288291    6.054170 ^ _0608_/X (sky130_fd_sc_hd__and4_1)
                                                         _0200_ (net)
                      0.116650    0.000623    6.054793 ^ _0614_/A2 (sky130_fd_sc_hd__a31oi_2)
     4    0.018226    0.148011    0.159457    6.214250 v _0614_/Y (sky130_fd_sc_hd__a31oi_2)
                                                         _0205_ (net)
                      0.148014    0.000956    6.215205 v _0650_/B1 (sky130_fd_sc_hd__o21ai_1)
     1    0.003548    0.110661    0.119775    6.334980 ^ _0650_/Y (sky130_fd_sc_hd__o21ai_1)
                                                         _0230_ (net)
                      0.110661    0.000238    6.335219 ^ _0651_/B (sky130_fd_sc_hd__nor2_1)
     2    0.008872    0.059391    0.078420    6.413639 v _0651_/Y (sky130_fd_sc_hd__nor2_1)
                                                         MATMULT_INST.uart_rcv.tim.clock_count.next_cnt_out[12] (net)
                      0.059394    0.000487    6.414126 v _1014_/D (sky130_fd_sc_hd__dfrtp_1)
                                              6.414126   data arrival time

                                 25.000000   25.000000   clock clk (rise edge)
                                  0.000000   25.000000   clock source latency
     2    0.018194    0.087443    0.060611   25.060610 ^ clk (in)
                                                         clk (net)
                      0.087487    0.000000   25.060610 ^ clkbuf_0_clk/A (sky130_fd_sc_hd__clkbuf_16)
    17    0.112789    0.126581    0.207491   25.268101 ^ clkbuf_0_clk/X (sky130_fd_sc_hd__clkbuf_16)
                                                         clknet_0_clk (net)
                      0.127219    0.007180   25.275282 ^ clkbuf_3_6__f_clk/A (sky130_fd_sc_hd__clkbuf_16)
    15    0.050695    0.069711    0.178572   25.453854 ^ clkbuf_3_6__f_clk/X (sky130_fd_sc_hd__clkbuf_16)
                                                         clknet_3_6__leaf_clk (net)
                      0.069816    0.002366   25.456219 ^ _1014_/CLK (sky130_fd_sc_hd__dfrtp_1)
                                 -0.250000   25.206221   clock uncertainty
                                  0.000000   25.206221   clock reconvergence pessimism
                                 -0.114866   25.091354   library setup time
                                             25.091354   data required time
---------------------------------------------------------------------------------------------
                                             25.091354   data required time
                                             -6.414126   data arrival time
---------------------------------------------------------------------------------------------
                                             18.677227   slack (MET)


Startpoint: gpio_in[7] (input port clocked by clk)
Endpoint: _1013_ (rising edge-triggered flip-flop clocked by clk)
Path Group: clk
Path Type: max

Fanout         Cap        Slew       Delay        Time   Description
---------------------------------------------------------------------------------------------
                                  0.000000    0.000000   clock clk (rise edge)
                                  0.000000    0.000000   clock network delay (propagated)
                                  5.000000    5.000000 ^ input external delay
     2    0.004443    0.026869    0.016107    5.016107 ^ gpio_in[7] (in)
                                                         gpio_in[7] (net)
                      0.026870    0.000000    5.016107 ^ input15/A (sky130_fd_sc_hd__clkbuf_2)
     7    0.029953    0.166359    0.184020    5.200128 ^ input15/X (sky130_fd_sc_hd__clkbuf_2)
                                                         net15 (net)
                      0.166375    0.001349    5.201477 ^ _0586_/A_N (sky130_fd_sc_hd__and2b_1)
     1    0.008411    0.057824    0.225304    5.426781 v _0586_/X (sky130_fd_sc_hd__and2b_1)
                                                         _0178_ (net)
                      0.057831    0.000647    5.427428 v _0606_/B1 (sky130_fd_sc_hd__a2111oi_1)
     1    0.002332    0.291301    0.338304    5.765731 ^ _0606_/Y (sky130_fd_sc_hd__a2111oi_1)
                                                         _0198_ (net)
                      0.291301    0.000148    5.765879 ^ _0608_/C (sky130_fd_sc_hd__and4_1)
     2    0.010098    0.116649    0.288291    6.054170 ^ _0608_/X (sky130_fd_sc_hd__and4_1)
                                                         _0200_ (net)
                      0.116650    0.000623    6.054793 ^ _0614_/A2 (sky130_fd_sc_hd__a31oi_2)
     4    0.018226    0.148011    0.159457    6.214250 v _0614_/Y (sky130_fd_sc_hd__a31oi_2)
                                                         _0205_ (net)
                      0.148088    0.001401    6.215651 v _0647_/B1 (sky130_fd_sc_hd__o21ai_1)
     1    0.003454    0.109138    0.118895    6.334546 ^ _0647_/Y (sky130_fd_sc_hd__o21ai_1)
                                                         _0228_ (net)
                      0.109139    0.000244    6.334789 ^ _0648_/B (sky130_fd_sc_hd__nor2_1)
     2    0.007700    0.050537    0.073836    6.408625 v _0648_/Y (sky130_fd_sc_hd__nor2_1)
                                                         MATMULT_INST.uart_rcv.tim.clock_count.next_cnt_out[11] (net)
                      0.050538    0.000300    6.408925 v _1013_/D (sky130_fd_sc_hd__dfrtp_1)
                                              6.408925   data arrival time

                                 25.000000   25.000000   clock clk (rise edge)
                                  0.000000   25.000000   clock source latency
     2    0.018194    0.087443    0.060611   25.060610 ^ clk (in)
                                                         clk (net)
                      0.087487    0.000000   25.060610 ^ clkbuf_0_clk/A (sky130_fd_sc_hd__clkbuf_16)
    17    0.112789    0.126581    0.207491   25.268101 ^ clkbuf_0_clk/X (sky130_fd_sc_hd__clkbuf_16)
                                                         clknet_0_clk (net)
                      0.127219    0.007180   25.275282 ^ clkbuf_3_6__f_clk/A (sky130_fd_sc_hd__clkbuf_16)
    15    0.050695    0.069711    0.178572   25.453854 ^ clkbuf_3_6__f_clk/X (sky130_fd_sc_hd__clkbuf_16)
                                                         clknet_3_6__leaf_clk (net)
                      0.069830    0.002501   25.456354 ^ _1013_/CLK (sky130_fd_sc_hd__dfrtp_1)
                                 -0.250000   25.206354   clock uncertainty
                                  0.000000   25.206354   clock reconvergence pessimism
                                 -0.111005   25.095350   library setup time
                                             25.095350   data required time
---------------------------------------------------------------------------------------------
                                             25.095350   data required time
                                             -6.408925   data arrival time
---------------------------------------------------------------------------------------------
                                             18.686426   slack (MET)


Startpoint: gpio_in[1] (input port clocked by clk)
Endpoint: _0994_ (rising edge-triggered flip-flop clocked by clk)
Path Group: clk
Path Type: max

Fanout         Cap        Slew       Delay        Time   Description
---------------------------------------------------------------------------------------------
                                  0.000000    0.000000   clock clk (rise edge)
                                  0.000000    0.000000   clock network delay (propagated)
                                  5.000000    5.000000 ^ input external delay
     2    0.004138    0.025548    0.015047    5.015047 ^ gpio_in[1] (in)
                                                         gpio_in[1] (net)
                      0.025549    0.000000    5.015047 ^ input9/A (sky130_fd_sc_hd__buf_1)
     3    0.011713    0.144196    0.144033    5.159080 ^ input9/X (sky130_fd_sc_hd__buf_1)
                                                         net9 (net)
                      0.144200    0.000588    5.159668 ^ _0849_/A1_N (sky130_fd_sc_hd__o2bb2a_1)
     1    0.007376    0.075063    0.255203    5.414870 v _0849_/X (sky130_fd_sc_hd__o2bb2a_1)
                                                         _0383_ (net)
                      0.075065    0.000543    5.415413 v _0850_/B (sky130_fd_sc_hd__nand2_2)
     4    0.020398    0.118899    0.131210    5.546623 ^ _0850_/Y (sky130_fd_sc_hd__nand2_2)
                                                         _0384_ (net)
                      0.118905    0.000693    5.547316 ^ _0869_/S (sky130_fd_sc_hd__mux2_1)
     1    0.003409    0.058994    0.334496    5.881813 v _0869_/X (sky130_fd_sc_hd__mux2_1)
                                                         _0040_ (net)
                      0.058994    0.000238    5.882051 v _0994_/D (sky130_fd_sc_hd__dfrtp_4)
                                              5.882051   data arrival time

                                 25.000000   25.000000   clock clk (rise edge)
                                  0.000000   25.000000   clock source latency
     2    0.018194    0.087443    0.060611   25.060610 ^ clk (in)
                                                         clk (net)
                      0.087487    0.000000   25.060610 ^ clkbuf_0_clk/A (sky130_fd_sc_hd__clkbuf_16)
    17    0.112789    0.126581    0.207491   25.268101 ^ clkbuf_0_clk/X (sky130_fd_sc_hd__clkbuf_16)
                                                         clknet_0_clk (net)
                      0.127259    0.007393   25.275494 ^ clkbuf_3_5__f_clk/A (sky130_fd_sc_hd__clkbuf_16)
    10    0.050701    0.069700    0.178623   25.454117 ^ clkbuf_3_5__f_clk/X (sky130_fd_sc_hd__clkbuf_16)
                                                         clknet_3_5__leaf_clk (net)
                      0.070010    0.003299   25.457417 ^ _0994_/CLK (sky130_fd_sc_hd__dfrtp_4)
                                 -0.250000   25.207417   clock uncertainty
                                  0.000000   25.207417   clock reconvergence pessimism
                                 -0.114648   25.092770   library setup time
                                             25.092770   data required time
---------------------------------------------------------------------------------------------
                                             25.092770   data required time
                                             -5.882051   data arrival time
---------------------------------------------------------------------------------------------
                                             19.210718   slack (MET)


Startpoint: gpio_in[1] (input port clocked by clk)
Endpoint: _0993_ (rising edge-triggered flip-flop clocked by clk)
Path Group: clk
Path Type: max

Fanout         Cap        Slew       Delay        Time   Description
---------------------------------------------------------------------------------------------
                                  0.000000    0.000000   clock clk (rise edge)
                                  0.000000    0.000000   clock network delay (propagated)
                                  5.000000    5.000000 ^ input external delay
     2    0.004138    0.025548    0.015047    5.015047 ^ gpio_in[1] (in)
                                                         gpio_in[1] (net)
                      0.025549    0.000000    5.015047 ^ input9/A (sky130_fd_sc_hd__buf_1)
     3    0.011713    0.144196    0.144033    5.159080 ^ input9/X (sky130_fd_sc_hd__buf_1)
                                                         net9 (net)
                      0.144200    0.000588    5.159668 ^ _0849_/A1_N (sky130_fd_sc_hd__o2bb2a_1)
     1    0.007376    0.075063    0.255203    5.414870 v _0849_/X (sky130_fd_sc_hd__o2bb2a_1)
                                                         _0383_ (net)
                      0.075065    0.000543    5.415413 v _0850_/B (sky130_fd_sc_hd__nand2_2)
     4    0.020398    0.118899    0.131210    5.546623 ^ _0850_/Y (sky130_fd_sc_hd__nand2_2)
                                                         _0384_ (net)
                      0.118923    0.001341    5.547964 ^ _0865_/S (sky130_fd_sc_hd__mux2_1)
     1    0.002400    0.052925    0.325032    5.872995 v _0865_/X (sky130_fd_sc_hd__mux2_1)
                                                         _0039_ (net)
                      0.052925    0.000164    5.873159 v _0993_/D (sky130_fd_sc_hd__dfrtp_2)
                                              5.873159   data arrival time

                                 25.000000   25.000000   clock clk (rise edge)
                                  0.000000   25.000000   clock source latency
     2    0.018194    0.087443    0.060611   25.060610 ^ clk (in)
                                                         clk (net)
                      0.087487    0.000000   25.060610 ^ clkbuf_0_clk/A (sky130_fd_sc_hd__clkbuf_16)
    17    0.112789    0.126581    0.207491   25.268101 ^ clkbuf_0_clk/X (sky130_fd_sc_hd__clkbuf_16)
                                                         clknet_0_clk (net)
                      0.127328    0.007756   25.275856 ^ clkbuf_3_7__f_clk/A (sky130_fd_sc_hd__clkbuf_16)
    18    0.053999    0.072776    0.180540   25.456396 ^ clkbuf_3_7__f_clk/X (sky130_fd_sc_hd__clkbuf_16)
                                                         clknet_3_7__leaf_clk (net)
                      0.073279    0.004444   25.460842 ^ _0993_/CLK (sky130_fd_sc_hd__dfrtp_2)
                                 -0.250000   25.210842   clock uncertainty
                                  0.000000   25.210842   clock reconvergence pessimism
                                 -0.112425   25.098419   library setup time
                                             25.098419   data required time
---------------------------------------------------------------------------------------------
                                             25.098419   data required time
                                             -5.873159   data arrival time
---------------------------------------------------------------------------------------------
                                             19.225258   slack (MET)


Startpoint: en (input port clocked by clk)
Endpoint: _0964_ (recovery check against rising-edge clock clk)
Path Group: asynchronous
Path Type: max

Fanout         Cap        Slew       Delay        Time   Description
---------------------------------------------------------------------------------------------
                                  0.000000    0.000000   clock clk (rise edge)
                                  0.000000    0.000000   clock network delay (propagated)
                                  5.000000    5.000000 ^ input external delay
     2    0.004296    0.026230    0.015592    5.015592 ^ en (in)
                                                         en (net)
                      0.026231    0.000000    5.015592 ^ input1/A (sky130_fd_sc_hd__clkbuf_1)
     1    0.002045    0.035945    0.067812    5.083405 ^ input1/X (sky130_fd_sc_hd__clkbuf_1)
                                                         net1 (net)
                      0.035945    0.000094    5.083498 ^ _0749_/B (sky130_fd_sc_hd__and2_1)
     1    0.003817    0.054559    0.119301    5.202799 ^ _0749_/X (sky130_fd_sc_hd__and2_1)
                                                         MATMULT_INST.cntrl.n_rst (net)
                      0.054560    0.000277    5.203076 ^ fanout37/A (sky130_fd_sc_hd__buf_2)
    17    0.055063    0.268539    0.265529    5.468605 ^ fanout37/X (sky130_fd_sc_hd__buf_2)
                                                         net37 (net)
                      0.268643    0.004412    5.473018 ^ fanout30/A (sky130_fd_sc_hd__clkbuf_4)
    21    0.074618    0.226208    0.336904    5.809922 ^ fanout30/X (sky130_fd_sc_hd__clkbuf_4)
                                                         net30 (net)
                      0.226287    0.003577    5.813498 ^ fanout28/A (sky130_fd_sc_hd__clkbuf_4)
    10    0.048180    0.151619    0.276289    6.089787 ^ fanout28/X (sky130_fd_sc_hd__clkbuf_4)
                                                         net28 (net)
                      0.151696    0.003145    6.092933 ^ _0964_/SET_B (sky130_fd_sc_hd__dfstp_1)
                                              6.092933   data arrival time

                                 25.000000   25.000000   clock clk (rise edge)
                                  0.000000   25.000000   clock source latency
     2    0.018194    0.087443    0.060611   25.060610 ^ clk (in)
                                                         clk (net)
                      0.087487    0.000000   25.060610 ^ clkbuf_0_clk/A (sky130_fd_sc_hd__clkbuf_16)
    17    0.112789    0.126581    0.207491   25.268101 ^ clkbuf_0_clk/X (sky130_fd_sc_hd__clkbuf_16)
                                                         clknet_0_clk (net)
                      0.127178    0.006949   25.275051 ^ clkbuf_3_2__f_clk/A (sky130_fd_sc_hd__clkbuf_16)
    13    0.050595    0.069612    0.178316   25.453367 ^ clkbuf_3_2__f_clk/X (sky130_fd_sc_hd__clkbuf_16)
                                                         clknet_3_2__leaf_clk (net)
                      0.069818    0.002530   25.455896 ^ _0964_/CLK (sky130_fd_sc_hd__dfstp_1)
                                 -0.250000   25.205896   clock uncertainty
                                  0.000000   25.205896   clock reconvergence pessimism
                                  0.134146   25.340044   library recovery time
                                             25.340044   data required time
---------------------------------------------------------------------------------------------
                                             25.340044   data required time
                                             -6.092933   data arrival time
---------------------------------------------------------------------------------------------
                                             19.247110   slack (MET)


Startpoint: en (input port clocked by clk)
Endpoint: _1040_ (recovery check against rising-edge clock clk)
Path Group: asynchronous
Path Type: max

Fanout         Cap        Slew       Delay        Time   Description
---------------------------------------------------------------------------------------------
                                  0.000000    0.000000   clock clk (rise edge)
                                  0.000000    0.000000   clock network delay (propagated)
                                  5.000000    5.000000 ^ input external delay
     2    0.004296    0.026230    0.015592    5.015592 ^ en (in)
                                                         en (net)
                      0.026231    0.000000    5.015592 ^ input1/A (sky130_fd_sc_hd__clkbuf_1)
     1    0.002045    0.035945    0.067812    5.083405 ^ input1/X (sky130_fd_sc_hd__clkbuf_1)
                                                         net1 (net)
                      0.035945    0.000094    5.083498 ^ _0749_/B (sky130_fd_sc_hd__and2_1)
     1    0.003817    0.054559    0.119301    5.202799 ^ _0749_/X (sky130_fd_sc_hd__and2_1)
                                                         MATMULT_INST.cntrl.n_rst (net)
                      0.054560    0.000277    5.203076 ^ fanout37/A (sky130_fd_sc_hd__buf_2)
    17    0.055063    0.268539    0.265529    5.468605 ^ fanout37/X (sky130_fd_sc_hd__buf_2)
                                                         net37 (net)
                      0.268643    0.004412    5.473018 ^ fanout30/A (sky130_fd_sc_hd__clkbuf_4)
    21    0.074618    0.226208    0.336904    5.809922 ^ fanout30/X (sky130_fd_sc_hd__clkbuf_4)
                                                         net30 (net)
                      0.226287    0.003577    5.813498 ^ fanout28/A (sky130_fd_sc_hd__clkbuf_4)
    10    0.048180    0.151619    0.276289    6.089787 ^ fanout28/X (sky130_fd_sc_hd__clkbuf_4)
                                                         net28 (net)
                      0.151705    0.003299    6.093086 ^ _1040_/SET_B (sky130_fd_sc_hd__dfstp_1)
                                              6.093086   data arrival time

                                 25.000000   25.000000   clock clk (rise edge)
                                  0.000000   25.000000   clock source latency
     2    0.018194    0.087443    0.060611   25.060610 ^ clk (in)
                                                         clk (net)
                      0.087487    0.000000   25.060610 ^ clkbuf_0_clk/A (sky130_fd_sc_hd__clkbuf_16)
    17    0.112789    0.126581    0.207491   25.268101 ^ clkbuf_0_clk/X (sky130_fd_sc_hd__clkbuf_16)
                                                         clknet_0_clk (net)
                      0.127083    0.006391   25.274492 ^ clkbuf_3_3__f_clk/A (sky130_fd_sc_hd__clkbuf_16)
    11    0.051178    0.070143    0.179082   25.453575 ^ clkbuf_3_3__f_clk/X (sky130_fd_sc_hd__clkbuf_16)
                                                         clknet_3_3__leaf_clk (net)
                      0.070324    0.003014   25.456589 ^ _1040_/CLK (sky130_fd_sc_hd__dfstp_1)
                                 -0.250000   25.206589   clock uncertainty
                                  0.000000   25.206589   clock reconvergence pessimism
                                  0.134286   25.340878   library recovery time
                                             25.340878   data required time
---------------------------------------------------------------------------------------------
                                             25.340878   data required time
                                             -6.093086   data arrival time
---------------------------------------------------------------------------------------------
                                             19.247791   slack (MET)


Startpoint: en (input port clocked by clk)
Endpoint: _0965_ (recovery check against rising-edge clock clk)
Path Group: asynchronous
Path Type: max

Fanout         Cap        Slew       Delay        Time   Description
---------------------------------------------------------------------------------------------
                                  0.000000    0.000000   clock clk (rise edge)
                                  0.000000    0.000000   clock network delay (propagated)
                                  5.000000    5.000000 ^ input external delay
     2    0.004296    0.026230    0.015592    5.015592 ^ en (in)
                                                         en (net)
                      0.026231    0.000000    5.015592 ^ input1/A (sky130_fd_sc_hd__clkbuf_1)
     1    0.002045    0.035945    0.067812    5.083405 ^ input1/X (sky130_fd_sc_hd__clkbuf_1)
                                                         net1 (net)
                      0.035945    0.000094    5.083498 ^ _0749_/B (sky130_fd_sc_hd__and2_1)
     1    0.003817    0.054559    0.119301    5.202799 ^ _0749_/X (sky130_fd_sc_hd__and2_1)
                                                         MATMULT_INST.cntrl.n_rst (net)
                      0.054560    0.000277    5.203076 ^ fanout37/A (sky130_fd_sc_hd__buf_2)
    17    0.055063    0.268539    0.265529    5.468605 ^ fanout37/X (sky130_fd_sc_hd__buf_2)
                                                         net37 (net)
                      0.268643    0.004412    5.473018 ^ fanout30/A (sky130_fd_sc_hd__clkbuf_4)
    21    0.074618    0.226208    0.336904    5.809922 ^ fanout30/X (sky130_fd_sc_hd__clkbuf_4)
                                                         net30 (net)
                      0.226287    0.003577    5.813498 ^ fanout28/A (sky130_fd_sc_hd__clkbuf_4)
    10    0.048180    0.151619    0.276289    6.089787 ^ fanout28/X (sky130_fd_sc_hd__clkbuf_4)
                                                         net28 (net)
                      0.151695    0.003132    6.092919 ^ _0965_/SET_B (sky130_fd_sc_hd__dfstp_1)
                                              6.092919   data arrival time

                                 25.000000   25.000000   clock clk (rise edge)
                                  0.000000   25.000000   clock source latency
     2    0.018194    0.087443    0.060611   25.060610 ^ clk (in)
                                                         clk (net)
                      0.087487    0.000000   25.060610 ^ clkbuf_0_clk/A (sky130_fd_sc_hd__clkbuf_16)
    17    0.112789    0.126581    0.207491   25.268101 ^ clkbuf_0_clk/X (sky130_fd_sc_hd__clkbuf_16)
                                                         clknet_0_clk (net)
                      0.127083    0.006391   25.274492 ^ clkbuf_3_3__f_clk/A (sky130_fd_sc_hd__clkbuf_16)
    11    0.051178    0.070143    0.179082   25.453575 ^ clkbuf_3_3__f_clk/X (sky130_fd_sc_hd__clkbuf_16)
                                                         clknet_3_3__leaf_clk (net)
                      0.070324    0.003018   25.456593 ^ _0965_/CLK (sky130_fd_sc_hd__dfstp_1)
                                 -0.250000   25.206593   clock uncertainty
                                  0.000000   25.206593   clock reconvergence pessimism
                                  0.134287   25.340879   library recovery time
                                             25.340879   data required time
---------------------------------------------------------------------------------------------
                                             25.340879   data required time
                                             -6.092919   data arrival time
---------------------------------------------------------------------------------------------
                                             19.247961   slack (MET)


Startpoint: en (input port clocked by clk)
Endpoint: _1025_ (recovery check against rising-edge clock clk)
Path Group: asynchronous
Path Type: max

Fanout         Cap        Slew       Delay        Time   Description
---------------------------------------------------------------------------------------------
                                  0.000000    0.000000   clock clk (rise edge)
                                  0.000000    0.000000   clock network delay (propagated)
                                  5.000000    5.000000 ^ input external delay
     2    0.004296    0.026230    0.015592    5.015592 ^ en (in)
                                                         en (net)
                      0.026231    0.000000    5.015592 ^ input1/A (sky130_fd_sc_hd__clkbuf_1)
     1    0.002045    0.035945    0.067812    5.083405 ^ input1/X (sky130_fd_sc_hd__clkbuf_1)
                                                         net1 (net)
                      0.035945    0.000094    5.083498 ^ _0749_/B (sky130_fd_sc_hd__and2_1)
     1    0.003817    0.054559    0.119301    5.202799 ^ _0749_/X (sky130_fd_sc_hd__and2_1)
                                                         MATMULT_INST.cntrl.n_rst (net)
                      0.054560    0.000277    5.203076 ^ fanout37/A (sky130_fd_sc_hd__buf_2)
    17    0.055063    0.268539    0.265529    5.468605 ^ fanout37/X (sky130_fd_sc_hd__buf_2)
                                                         net37 (net)
                      0.268931    0.008457    5.477063 ^ fanout32/A (sky130_fd_sc_hd__clkbuf_4)
    10    0.051877    0.161346    0.297160    5.774222 ^ fanout32/X (sky130_fd_sc_hd__clkbuf_4)
                                                         net32 (net)
                      0.161510    0.003051    5.777273 ^ fanout31/A (sky130_fd_sc_hd__clkbuf_4)
    10    0.048373    0.152730    0.252989    6.030262 ^ fanout31/X (sky130_fd_sc_hd__clkbuf_4)
                                                         net31 (net)
                      0.153233    0.006616    6.036878 ^ _1025_/SET_B (sky130_fd_sc_hd__dfstp_1)
                                              6.036878   data arrival time

                                 25.000000   25.000000   clock clk (rise edge)
                                  0.000000   25.000000   clock source latency
     2    0.018194    0.087443    0.060611   25.060610 ^ clk (in)
                                                         clk (net)
                      0.087487    0.000000   25.060610 ^ clkbuf_0_clk/A (sky130_fd_sc_hd__clkbuf_16)
    17    0.112789    0.126581    0.207491   25.268101 ^ clkbuf_0_clk/X (sky130_fd_sc_hd__clkbuf_16)
                                                         clknet_0_clk (net)
                      0.127162    0.006860   25.274961 ^ clkbuf_3_4__f_clk/A (sky130_fd_sc_hd__clkbuf_16)
    15    0.051117    0.070086    0.178730   25.453691 ^ clkbuf_3_4__f_clk/X (sky130_fd_sc_hd__clkbuf_16)
                                                         clknet_3_4__leaf_clk (net)
                      0.070244    0.002082   25.455772 ^ _1025_/CLK (sky130_fd_sc_hd__dfstp_1)
                                 -0.250000   25.205774   clock uncertainty
                                  0.000000   25.205774   clock reconvergence pessimism
                                  0.134117   25.339891   library recovery time
                                             25.339891   data required time
---------------------------------------------------------------------------------------------
                                             25.339891   data required time
                                             -6.036878   data arrival time
---------------------------------------------------------------------------------------------
                                             19.303013   slack (MET)


Startpoint: en (input port clocked by clk)
Endpoint: _0969_ (recovery check against rising-edge clock clk)
Path Group: asynchronous
Path Type: max

Fanout         Cap        Slew       Delay        Time   Description
---------------------------------------------------------------------------------------------
                                  0.000000    0.000000   clock clk (rise edge)
                                  0.000000    0.000000   clock network delay (propagated)
                                  5.000000    5.000000 ^ input external delay
     2    0.004296    0.026230    0.015592    5.015592 ^ en (in)
                                                         en (net)
                      0.026231    0.000000    5.015592 ^ input1/A (sky130_fd_sc_hd__clkbuf_1)
     1    0.002045    0.035945    0.067812    5.083405 ^ input1/X (sky130_fd_sc_hd__clkbuf_1)
                                                         net1 (net)
                      0.035945    0.000094    5.083498 ^ _0749_/B (sky130_fd_sc_hd__and2_1)
     1    0.003817    0.054559    0.119301    5.202799 ^ _0749_/X (sky130_fd_sc_hd__and2_1)
                                                         MATMULT_INST.cntrl.n_rst (net)
                      0.054560    0.000277    5.203076 ^ fanout37/A (sky130_fd_sc_hd__buf_2)
    17    0.055063    0.268539    0.265529    5.468605 ^ fanout37/X (sky130_fd_sc_hd__buf_2)
                                                         net37 (net)
                      0.268931    0.008457    5.477063 ^ fanout32/A (sky130_fd_sc_hd__clkbuf_4)
    10    0.051877    0.161346    0.297160    5.774222 ^ fanout32/X (sky130_fd_sc_hd__clkbuf_4)
                                                         net32 (net)
                      0.161510    0.003051    5.777273 ^ fanout31/A (sky130_fd_sc_hd__clkbuf_4)
    10    0.048373    0.152730    0.252989    6.030262 ^ fanout31/X (sky130_fd_sc_hd__clkbuf_4)
                                                         net31 (net)
                      0.153127    0.005774    6.036036 ^ _0969_/SET_B (sky130_fd_sc_hd__dfstp_1)
                                              6.036036   data arrival time

                                 25.000000   25.000000   clock clk (rise edge)
                                  0.000000   25.000000   clock source latency
     2    0.018194    0.087443    0.060611   25.060610 ^ clk (in)
                                                         clk (net)
                      0.087487    0.000000   25.060610 ^ clkbuf_0_clk/A (sky130_fd_sc_hd__clkbuf_16)
    17    0.112789    0.126581    0.207491   25.268101 ^ clkbuf_0_clk/X (sky130_fd_sc_hd__clkbuf_16)
                                                         clknet_0_clk (net)
                      0.127162    0.006860   25.274961 ^ clkbuf_3_4__f_clk/A (sky130_fd_sc_hd__clkbuf_16)
    15    0.051117    0.070086    0.178730   25.453691 ^ clkbuf_3_4__f_clk/X (sky130_fd_sc_hd__clkbuf_16)
                                                         clknet_3_4__leaf_clk (net)
                      0.070389    0.003231   25.456923 ^ _0969_/CLK (sky130_fd_sc_hd__dfstp_1)
                                 -0.250000   25.206923   clock uncertainty
                                  0.000000   25.206923   clock reconvergence pessimism
                                  0.134167   25.341089   library recovery time
                                             25.341089   data required time
---------------------------------------------------------------------------------------------
                                             25.341089   data required time
                                             -6.036036   data arrival time
---------------------------------------------------------------------------------------------
                                             19.305054   slack (MET)


Startpoint: en (input port clocked by clk)
Endpoint: _1023_ (recovery check against rising-edge clock clk)
Path Group: asynchronous
Path Type: max

Fanout         Cap        Slew       Delay        Time   Description
---------------------------------------------------------------------------------------------
                                  0.000000    0.000000   clock clk (rise edge)
                                  0.000000    0.000000   clock network delay (propagated)
                                  5.000000    5.000000 ^ input external delay
     2    0.004296    0.026230    0.015592    5.015592 ^ en (in)
                                                         en (net)
                      0.026231    0.000000    5.015592 ^ input1/A (sky130_fd_sc_hd__clkbuf_1)
     1    0.002045    0.035945    0.067812    5.083405 ^ input1/X (sky130_fd_sc_hd__clkbuf_1)
                                                         net1 (net)
                      0.035945    0.000094    5.083498 ^ _0749_/B (sky130_fd_sc_hd__and2_1)
     1    0.003817    0.054559    0.119301    5.202799 ^ _0749_/X (sky130_fd_sc_hd__and2_1)
                                                         MATMULT_INST.cntrl.n_rst (net)
                      0.054560    0.000277    5.203076 ^ fanout37/A (sky130_fd_sc_hd__buf_2)
    17    0.055063    0.268539    0.265529    5.468605 ^ fanout37/X (sky130_fd_sc_hd__buf_2)
                                                         net37 (net)
                      0.268931    0.008457    5.477063 ^ fanout32/A (sky130_fd_sc_hd__clkbuf_4)
    10    0.051877    0.161346    0.297160    5.774222 ^ fanout32/X (sky130_fd_sc_hd__clkbuf_4)
                                                         net32 (net)
                      0.161510    0.003051    5.777273 ^ fanout31/A (sky130_fd_sc_hd__clkbuf_4)
    10    0.048373    0.152730    0.252989    6.030262 ^ fanout31/X (sky130_fd_sc_hd__clkbuf_4)
                                                         net31 (net)
                      0.153238    0.006656    6.036918 ^ _1023_/SET_B (sky130_fd_sc_hd__dfstp_1)
                                              6.036918   data arrival time

                                 25.000000   25.000000   clock clk (rise edge)
                                  0.000000   25.000000   clock source latency
     2    0.018194    0.087443    0.060611   25.060610 ^ clk (in)
                                                         clk (net)
                      0.087487    0.000000   25.060610 ^ clkbuf_0_clk/A (sky130_fd_sc_hd__clkbuf_16)
    17    0.112789    0.126581    0.207491   25.268101 ^ clkbuf_0_clk/X (sky130_fd_sc_hd__clkbuf_16)
                                                         clknet_0_clk (net)
                      0.127162    0.006860   25.274961 ^ clkbuf_3_4__f_clk/A (sky130_fd_sc_hd__clkbuf_16)
    15    0.051117    0.070086    0.178730   25.453691 ^ clkbuf_3_4__f_clk/X (sky130_fd_sc_hd__clkbuf_16)
                                                         clknet_3_4__leaf_clk (net)
                      0.070538    0.004130   25.457821 ^ _1023_/CLK (sky130_fd_sc_hd__dfstp_1)
                                 -0.250000   25.207823   clock uncertainty
                                  0.000000   25.207823   clock reconvergence pessimism
                                  0.134198   25.342020   library recovery time
                                             25.342020   data required time
---------------------------------------------------------------------------------------------
                                             25.342020   data required time
                                             -6.036918   data arrival time
---------------------------------------------------------------------------------------------
                                             19.305101   slack (MET)


Startpoint: en (input port clocked by clk)
Endpoint: _1024_ (recovery check against rising-edge clock clk)
Path Group: asynchronous
Path Type: max

Fanout         Cap        Slew       Delay        Time   Description
---------------------------------------------------------------------------------------------
                                  0.000000    0.000000   clock clk (rise edge)
                                  0.000000    0.000000   clock network delay (propagated)
                                  5.000000    5.000000 ^ input external delay
     2    0.004296    0.026230    0.015592    5.015592 ^ en (in)
                                                         en (net)
                      0.026231    0.000000    5.015592 ^ input1/A (sky130_fd_sc_hd__clkbuf_1)
     1    0.002045    0.035945    0.067812    5.083405 ^ input1/X (sky130_fd_sc_hd__clkbuf_1)
                                                         net1 (net)
                      0.035945    0.000094    5.083498 ^ _0749_/B (sky130_fd_sc_hd__and2_1)
     1    0.003817    0.054559    0.119301    5.202799 ^ _0749_/X (sky130_fd_sc_hd__and2_1)
                                                         MATMULT_INST.cntrl.n_rst (net)
                      0.054560    0.000277    5.203076 ^ fanout37/A (sky130_fd_sc_hd__buf_2)
    17    0.055063    0.268539    0.265529    5.468605 ^ fanout37/X (sky130_fd_sc_hd__buf_2)
                                                         net37 (net)
                      0.268931    0.008457    5.477063 ^ fanout32/A (sky130_fd_sc_hd__clkbuf_4)
    10    0.051877    0.161346    0.297160    5.774222 ^ fanout32/X (sky130_fd_sc_hd__clkbuf_4)
                                                         net32 (net)
                      0.161510    0.003051    5.777273 ^ fanout31/A (sky130_fd_sc_hd__clkbuf_4)
    10    0.048373    0.152730    0.252989    6.030262 ^ fanout31/X (sky130_fd_sc_hd__clkbuf_4)
                                                         net31 (net)
                      0.153240    0.006666    6.036928 ^ _1024_/SET_B (sky130_fd_sc_hd__dfstp_1)
                                              6.036928   data arrival time

                                 25.000000   25.000000   clock clk (rise edge)
                                  0.000000   25.000000   clock source latency
     2    0.018194    0.087443    0.060611   25.060610 ^ clk (in)
                                                         clk (net)
                      0.087487    0.000000   25.060610 ^ clkbuf_0_clk/A (sky130_fd_sc_hd__clkbuf_16)
    17    0.112789    0.126581    0.207491   25.268101 ^ clkbuf_0_clk/X (sky130_fd_sc_hd__clkbuf_16)
                                                         clknet_0_clk (net)
                      0.127162    0.006860   25.274961 ^ clkbuf_3_4__f_clk/A (sky130_fd_sc_hd__clkbuf_16)
    15    0.051117    0.070086    0.178730   25.453691 ^ clkbuf_3_4__f_clk/X (sky130_fd_sc_hd__clkbuf_16)
                                                         clknet_3_4__leaf_clk (net)
                      0.070554    0.004217   25.457909 ^ _1024_/CLK (sky130_fd_sc_hd__dfstp_1)
                                 -0.250000   25.207909   clock uncertainty
                                  0.000000   25.207909   clock reconvergence pessimism
                                  0.134202   25.342112   library recovery time
                                             25.342112   data required time
---------------------------------------------------------------------------------------------
                                             25.342112   data required time
                                             -6.036928   data arrival time
---------------------------------------------------------------------------------------------
                                             19.305183   slack (MET)


Startpoint: en (input port clocked by clk)
Endpoint: _0968_ (recovery check against rising-edge clock clk)
Path Group: asynchronous
Path Type: max

Fanout         Cap        Slew       Delay        Time   Description
---------------------------------------------------------------------------------------------
                                  0.000000    0.000000   clock clk (rise edge)
                                  0.000000    0.000000   clock network delay (propagated)
                                  5.000000    5.000000 ^ input external delay
     2    0.004296    0.026230    0.015592    5.015592 ^ en (in)
                                                         en (net)
                      0.026231    0.000000    5.015592 ^ input1/A (sky130_fd_sc_hd__clkbuf_1)
     1    0.002045    0.035945    0.067812    5.083405 ^ input1/X (sky130_fd_sc_hd__clkbuf_1)
                                                         net1 (net)
                      0.035945    0.000094    5.083498 ^ _0749_/B (sky130_fd_sc_hd__and2_1)
     1    0.003817    0.054559    0.119301    5.202799 ^ _0749_/X (sky130_fd_sc_hd__and2_1)
                                                         MATMULT_INST.cntrl.n_rst (net)
                      0.054560    0.000277    5.203076 ^ fanout37/A (sky130_fd_sc_hd__buf_2)
    17    0.055063    0.268539    0.265529    5.468605 ^ fanout37/X (sky130_fd_sc_hd__buf_2)
                                                         net37 (net)
                      0.268931    0.008457    5.477063 ^ fanout32/A (sky130_fd_sc_hd__clkbuf_4)
    10    0.051877    0.161346    0.297160    5.774222 ^ fanout32/X (sky130_fd_sc_hd__clkbuf_4)
                                                         net32 (net)
                      0.161510    0.003051    5.777273 ^ fanout31/A (sky130_fd_sc_hd__clkbuf_4)
    10    0.048373    0.152730    0.252989    6.030262 ^ fanout31/X (sky130_fd_sc_hd__clkbuf_4)
                                                         net31 (net)
                      0.153146    0.005933    6.036195 ^ _0968_/SET_B (sky130_fd_sc_hd__dfstp_1)
                                              6.036195   data arrival time

                                 25.000000   25.000000   clock clk (rise edge)
                                  0.000000   25.000000   clock source latency
     2    0.018194    0.087443    0.060611   25.060610 ^ clk (in)
                                                         clk (net)
                      0.087487    0.000000   25.060610 ^ clkbuf_0_clk/A (sky130_fd_sc_hd__clkbuf_16)
    17    0.112789    0.126581    0.207491   25.268101 ^ clkbuf_0_clk/X (sky130_fd_sc_hd__clkbuf_16)
                                                         clknet_0_clk (net)
                      0.127162    0.006860   25.274961 ^ clkbuf_3_4__f_clk/A (sky130_fd_sc_hd__clkbuf_16)
    15    0.051117    0.070086    0.178730   25.453691 ^ clkbuf_3_4__f_clk/X (sky130_fd_sc_hd__clkbuf_16)
                                                         clknet_3_4__leaf_clk (net)
                      0.070440    0.003560   25.457251 ^ _0968_/CLK (sky130_fd_sc_hd__dfstp_1)
                                 -0.250000   25.207253   clock uncertainty
                                  0.000000   25.207253   clock reconvergence pessimism
                                  0.134180   25.341431   library recovery time
                                             25.341431   data required time
---------------------------------------------------------------------------------------------
                                             25.341431   data required time
                                             -6.036195   data arrival time
---------------------------------------------------------------------------------------------
                                             19.305235   slack (MET)


Startpoint: en (input port clocked by clk)
Endpoint: _0970_ (recovery check against rising-edge clock clk)
Path Group: asynchronous
Path Type: max

Fanout         Cap        Slew       Delay        Time   Description
---------------------------------------------------------------------------------------------
                                  0.000000    0.000000   clock clk (rise edge)
                                  0.000000    0.000000   clock network delay (propagated)
                                  5.000000    5.000000 ^ input external delay
     2    0.004296    0.026230    0.015592    5.015592 ^ en (in)
                                                         en (net)
                      0.026231    0.000000    5.015592 ^ input1/A (sky130_fd_sc_hd__clkbuf_1)
     1    0.002045    0.035945    0.067812    5.083405 ^ input1/X (sky130_fd_sc_hd__clkbuf_1)
                                                         net1 (net)
                      0.035945    0.000094    5.083498 ^ _0749_/B (sky130_fd_sc_hd__and2_1)
     1    0.003817    0.054559    0.119301    5.202799 ^ _0749_/X (sky130_fd_sc_hd__and2_1)
                                                         MATMULT_INST.cntrl.n_rst (net)
                      0.054560    0.000277    5.203076 ^ fanout37/A (sky130_fd_sc_hd__buf_2)
    17    0.055063    0.268539    0.265529    5.468605 ^ fanout37/X (sky130_fd_sc_hd__buf_2)
                                                         net37 (net)
                      0.268931    0.008457    5.477063 ^ fanout32/A (sky130_fd_sc_hd__clkbuf_4)
    10    0.051877    0.161346    0.297160    5.774222 ^ fanout32/X (sky130_fd_sc_hd__clkbuf_4)
                                                         net32 (net)
                      0.161510    0.003051    5.777273 ^ fanout31/A (sky130_fd_sc_hd__clkbuf_4)
    10    0.048373    0.152730    0.252989    6.030262 ^ fanout31/X (sky130_fd_sc_hd__clkbuf_4)
                                                         net31 (net)
                      0.153041    0.004970    6.035232 ^ _0970_/SET_B (sky130_fd_sc_hd__dfstp_1)
                                              6.035232   data arrival time

                                 25.000000   25.000000   clock clk (rise edge)
                                  0.000000   25.000000   clock source latency
     2    0.018194    0.087443    0.060611   25.060610 ^ clk (in)
                                                         clk (net)
                      0.087487    0.000000   25.060610 ^ clkbuf_0_clk/A (sky130_fd_sc_hd__clkbuf_16)
    17    0.112789    0.126581    0.207491   25.268101 ^ clkbuf_0_clk/X (sky130_fd_sc_hd__clkbuf_16)
                                                         clknet_0_clk (net)
                      0.127162    0.006860   25.274961 ^ clkbuf_3_4__f_clk/A (sky130_fd_sc_hd__clkbuf_16)
    15    0.051117    0.070086    0.178730   25.453691 ^ clkbuf_3_4__f_clk/X (sky130_fd_sc_hd__clkbuf_16)
                                                         clknet_3_4__leaf_clk (net)
                      0.070304    0.002608   25.456299 ^ _0970_/CLK (sky130_fd_sc_hd__dfstp_1)
                                 -0.250000   25.206301   clock uncertainty
                                  0.000000   25.206301   clock reconvergence pessimism
                                  0.134152   25.340452   library recovery time
                                             25.340452   data required time
---------------------------------------------------------------------------------------------
                                             25.340452   data required time
                                             -6.035232   data arrival time
---------------------------------------------------------------------------------------------
                                             19.305220   slack (MET)


Startpoint: en (input port clocked by clk)
Endpoint: _1022_ (recovery check against rising-edge clock clk)
Path Group: asynchronous
Path Type: max

Fanout         Cap        Slew       Delay        Time   Description
---------------------------------------------------------------------------------------------
                                  0.000000    0.000000   clock clk (rise edge)
                                  0.000000    0.000000   clock network delay (propagated)
                                  5.000000    5.000000 ^ input external delay
     2    0.004296    0.026230    0.015592    5.015592 ^ en (in)
                                                         en (net)
                      0.026231    0.000000    5.015592 ^ input1/A (sky130_fd_sc_hd__clkbuf_1)
     1    0.002045    0.035945    0.067812    5.083405 ^ input1/X (sky130_fd_sc_hd__clkbuf_1)
                                                         net1 (net)
                      0.035945    0.000094    5.083498 ^ _0749_/B (sky130_fd_sc_hd__and2_1)
     1    0.003817    0.054559    0.119301    5.202799 ^ _0749_/X (sky130_fd_sc_hd__and2_1)
                                                         MATMULT_INST.cntrl.n_rst (net)
                      0.054560    0.000277    5.203076 ^ fanout37/A (sky130_fd_sc_hd__buf_2)
    17    0.055063    0.268539    0.265529    5.468605 ^ fanout37/X (sky130_fd_sc_hd__buf_2)
                                                         net37 (net)
                      0.268931    0.008457    5.477063 ^ fanout32/A (sky130_fd_sc_hd__clkbuf_4)
    10    0.051877    0.161346    0.297160    5.774222 ^ fanout32/X (sky130_fd_sc_hd__clkbuf_4)
                                                         net32 (net)
                      0.161510    0.003051    5.777273 ^ fanout31/A (sky130_fd_sc_hd__clkbuf_4)
    10    0.048373    0.152730    0.252989    6.030262 ^ fanout31/X (sky130_fd_sc_hd__clkbuf_4)
                                                         net31 (net)
                      0.153156    0.006014    6.036276 ^ _1022_/SET_B (sky130_fd_sc_hd__dfstp_1)
                                              6.036276   data arrival time

                                 25.000000   25.000000   clock clk (rise edge)
                                  0.000000   25.000000   clock source latency
     2    0.018194    0.087443    0.060611   25.060610 ^ clk (in)
                                                         clk (net)
                      0.087487    0.000000   25.060610 ^ clkbuf_0_clk/A (sky130_fd_sc_hd__clkbuf_16)
    17    0.112789    0.126581    0.207491   25.268101 ^ clkbuf_0_clk/X (sky130_fd_sc_hd__clkbuf_16)
                                                         clknet_0_clk (net)
                      0.127162    0.006860   25.274961 ^ clkbuf_3_4__f_clk/A (sky130_fd_sc_hd__clkbuf_16)
    15    0.051117    0.070086    0.178730   25.453691 ^ clkbuf_3_4__f_clk/X (sky130_fd_sc_hd__clkbuf_16)
                                                         clknet_3_4__leaf_clk (net)
                      0.070480    0.003801   25.457493 ^ _1022_/CLK (sky130_fd_sc_hd__dfstp_1)
                                 -0.250000   25.207493   clock uncertainty
                                  0.000000   25.207493   clock reconvergence pessimism
                                  0.134190   25.341682   library recovery time
                                             25.341682   data required time
---------------------------------------------------------------------------------------------
                                             25.341682   data required time
                                             -6.036276   data arrival time
---------------------------------------------------------------------------------------------
                                             19.305408   slack (MET)


Startpoint: en (input port clocked by clk)
Endpoint: _1021_ (recovery check against rising-edge clock clk)
Path Group: asynchronous
Path Type: max

Fanout         Cap        Slew       Delay        Time   Description
---------------------------------------------------------------------------------------------
                                  0.000000    0.000000   clock clk (rise edge)
                                  0.000000    0.000000   clock network delay (propagated)
                                  5.000000    5.000000 ^ input external delay
     2    0.004296    0.026230    0.015592    5.015592 ^ en (in)
                                                         en (net)
                      0.026231    0.000000    5.015592 ^ input1/A (sky130_fd_sc_hd__clkbuf_1)
     1    0.002045    0.035945    0.067812    5.083405 ^ input1/X (sky130_fd_sc_hd__clkbuf_1)
                                                         net1 (net)
                      0.035945    0.000094    5.083498 ^ _0749_/B (sky130_fd_sc_hd__and2_1)
     1    0.003817    0.054559    0.119301    5.202799 ^ _0749_/X (sky130_fd_sc_hd__and2_1)
                                                         MATMULT_INST.cntrl.n_rst (net)
                      0.054560    0.000277    5.203076 ^ fanout37/A (sky130_fd_sc_hd__buf_2)
    17    0.055063    0.268539    0.265529    5.468605 ^ fanout37/X (sky130_fd_sc_hd__buf_2)
                                                         net37 (net)
                      0.268931    0.008457    5.477063 ^ fanout32/A (sky130_fd_sc_hd__clkbuf_4)
    10    0.051877    0.161346    0.297160    5.774222 ^ fanout32/X (sky130_fd_sc_hd__clkbuf_4)
                                                         net32 (net)
                      0.161510    0.003051    5.777273 ^ fanout31/A (sky130_fd_sc_hd__clkbuf_4)
    10    0.048373    0.152730    0.252989    6.030262 ^ fanout31/X (sky130_fd_sc_hd__clkbuf_4)
                                                         net31 (net)
                      0.153158    0.006032    6.036294 ^ _1021_/SET_B (sky130_fd_sc_hd__dfstp_1)
                                              6.036294   data arrival time

                                 25.000000   25.000000   clock clk (rise edge)
                                  0.000000   25.000000   clock source latency
     2    0.018194    0.087443    0.060611   25.060610 ^ clk (in)
                                                         clk (net)
                      0.087487    0.000000   25.060610 ^ clkbuf_0_clk/A (sky130_fd_sc_hd__clkbuf_16)
    17    0.112789    0.126581    0.207491   25.268101 ^ clkbuf_0_clk/X (sky130_fd_sc_hd__clkbuf_16)
                                                         clknet_0_clk (net)
                      0.127162    0.006860   25.274961 ^ clkbuf_3_4__f_clk/A (sky130_fd_sc_hd__clkbuf_16)
    15    0.051117    0.070086    0.178730   25.453691 ^ clkbuf_3_4__f_clk/X (sky130_fd_sc_hd__clkbuf_16)
                                                         clknet_3_4__leaf_clk (net)
                      0.070528    0.004075   25.457766 ^ _1021_/CLK (sky130_fd_sc_hd__dfstp_1)
                                 -0.250000   25.207767   clock uncertainty
                                  0.000000   25.207767   clock reconvergence pessimism
                                  0.134203   25.341970   library recovery time
                                             25.341970   data required time
---------------------------------------------------------------------------------------------
                                             25.341970   data required time
                                             -6.036294   data arrival time
---------------------------------------------------------------------------------------------
                                             19.305677   slack (MET)


Startpoint: gpio_in[1] (input port clocked by clk)
Endpoint: _0996_ (rising edge-triggered flip-flop clocked by clk)
Path Group: clk
Path Type: max

Fanout         Cap        Slew       Delay        Time   Description
---------------------------------------------------------------------------------------------
                                  0.000000    0.000000   clock clk (rise edge)
                                  0.000000    0.000000   clock network delay (propagated)
                                  5.000000    5.000000 v input external delay
     2    0.003919    0.011232    0.006359    5.006360 v gpio_in[1] (in)
                                                         gpio_in[1] (net)
                      0.011235    0.000000    5.006360 v input9/A (sky130_fd_sc_hd__buf_1)
     3    0.011224    0.071343    0.110660    5.117019 v input9/X (sky130_fd_sc_hd__buf_1)
                                                         net9 (net)
                      0.071346    0.000563    5.117582 v _0849_/A1_N (sky130_fd_sc_hd__o2bb2a_1)
     1    0.007782    0.091043    0.279653    5.397236 ^ _0849_/X (sky130_fd_sc_hd__o2bb2a_1)
                                                         _0383_ (net)
                      0.091044    0.000570    5.397806 ^ _0850_/B (sky130_fd_sc_hd__nand2_2)
     4    0.019307    0.084570    0.102709    5.500515 v _0850_/Y (sky130_fd_sc_hd__nand2_2)
                                                         _0384_ (net)
                      0.084589    0.001033    5.501548 v _0872_/A2 (sky130_fd_sc_hd__a211o_1)
     1    0.002376    0.044662    0.294335    5.795883 v _0872_/X (sky130_fd_sc_hd__a211o_1)
                                                         _0042_ (net)
                      0.044662    0.000166    5.796049 v _0996_/D (sky130_fd_sc_hd__dfrtp_2)
                                              5.796049   data arrival time

                                 25.000000   25.000000   clock clk (rise edge)
                                  0.000000   25.000000   clock source latency
     2    0.018194    0.087443    0.060611   25.060610 ^ clk (in)
                                                         clk (net)
                      0.087487    0.000000   25.060610 ^ clkbuf_0_clk/A (sky130_fd_sc_hd__clkbuf_16)
    17    0.112789    0.126581    0.207491   25.268101 ^ clkbuf_0_clk/X (sky130_fd_sc_hd__clkbuf_16)
                                                         clknet_0_clk (net)
                      0.127328    0.007756   25.275856 ^ clkbuf_3_7__f_clk/A (sky130_fd_sc_hd__clkbuf_16)
    18    0.053999    0.072776    0.180540   25.456396 ^ clkbuf_3_7__f_clk/X (sky130_fd_sc_hd__clkbuf_16)
                                                         clknet_3_7__leaf_clk (net)
                      0.073243    0.004251   25.460648 ^ _0996_/CLK (sky130_fd_sc_hd__dfrtp_2)
                                 -0.250000   25.210648   clock uncertainty
                                  0.000000   25.210648   clock reconvergence pessimism
                                 -0.108813   25.101835   library setup time
                                             25.101835   data required time
---------------------------------------------------------------------------------------------
                                             25.101835   data required time
                                             -5.796049   data arrival time
---------------------------------------------------------------------------------------------
                                             19.305788   slack (MET)


Startpoint: en (input port clocked by clk)
Endpoint: _0972_ (recovery check against rising-edge clock clk)
Path Group: asynchronous
Path Type: max

Fanout         Cap        Slew       Delay        Time   Description
---------------------------------------------------------------------------------------------
                                  0.000000    0.000000   clock clk (rise edge)
                                  0.000000    0.000000   clock network delay (propagated)
                                  5.000000    5.000000 ^ input external delay
     2    0.004296    0.026230    0.015592    5.015592 ^ en (in)
                                                         en (net)
                      0.026231    0.000000    5.015592 ^ input1/A (sky130_fd_sc_hd__clkbuf_1)
     1    0.002045    0.035945    0.067812    5.083405 ^ input1/X (sky130_fd_sc_hd__clkbuf_1)
                                                         net1 (net)
                      0.035945    0.000094    5.083498 ^ _0749_/B (sky130_fd_sc_hd__and2_1)
     1    0.003817    0.054559    0.119301    5.202799 ^ _0749_/X (sky130_fd_sc_hd__and2_1)
                                                         MATMULT_INST.cntrl.n_rst (net)
                      0.054560    0.000277    5.203076 ^ fanout37/A (sky130_fd_sc_hd__buf_2)
    17    0.055063    0.268539    0.265529    5.468605 ^ fanout37/X (sky130_fd_sc_hd__buf_2)
                                                         net37 (net)
                      0.268931    0.008457    5.477063 ^ fanout32/A (sky130_fd_sc_hd__clkbuf_4)
    10    0.051877    0.161346    0.297160    5.774222 ^ fanout32/X (sky130_fd_sc_hd__clkbuf_4)
                                                         net32 (net)
                      0.161510    0.003051    5.777273 ^ fanout31/A (sky130_fd_sc_hd__clkbuf_4)
    10    0.048373    0.152730    0.252989    6.030262 ^ fanout31/X (sky130_fd_sc_hd__clkbuf_4)
                                                         net31 (net)
                      0.152875    0.002765    6.033027 ^ _0972_/SET_B (sky130_fd_sc_hd__dfstp_1)
                                              6.033027   data arrival time

                                 25.000000   25.000000   clock clk (rise edge)
                                  0.000000   25.000000   clock source latency
     2    0.018194    0.087443    0.060611   25.060610 ^ clk (in)
                                                         clk (net)
                      0.087487    0.000000   25.060610 ^ clkbuf_0_clk/A (sky130_fd_sc_hd__clkbuf_16)
    17    0.112789    0.126581    0.207491   25.268101 ^ clkbuf_0_clk/X (sky130_fd_sc_hd__clkbuf_16)
                                                         clknet_0_clk (net)
                      0.127162    0.006860   25.274961 ^ clkbuf_3_4__f_clk/A (sky130_fd_sc_hd__clkbuf_16)
    15    0.051117    0.070086    0.178730   25.453691 ^ clkbuf_3_4__f_clk/X (sky130_fd_sc_hd__clkbuf_16)
                                                         clknet_3_4__leaf_clk (net)
                      0.070280    0.002407   25.456099 ^ _0972_/CLK (sky130_fd_sc_hd__dfstp_1)
                                 -0.250000   25.206099   clock uncertainty
                                  0.000000   25.206099   clock reconvergence pessimism
                                  0.134161   25.340260   library recovery time
                                             25.340260   data required time
---------------------------------------------------------------------------------------------
                                             25.340260   data required time
                                             -6.033027   data arrival time
---------------------------------------------------------------------------------------------
                                             19.307234   slack (MET)


Startpoint: en (input port clocked by clk)
Endpoint: _0973_ (recovery check against rising-edge clock clk)
Path Group: asynchronous
Path Type: max

Fanout         Cap        Slew       Delay        Time   Description
---------------------------------------------------------------------------------------------
                                  0.000000    0.000000   clock clk (rise edge)
                                  0.000000    0.000000   clock network delay (propagated)
                                  5.000000    5.000000 ^ input external delay
     2    0.004296    0.026230    0.015592    5.015592 ^ en (in)
                                                         en (net)
                      0.026231    0.000000    5.015592 ^ input1/A (sky130_fd_sc_hd__clkbuf_1)
     1    0.002045    0.035945    0.067812    5.083405 ^ input1/X (sky130_fd_sc_hd__clkbuf_1)
                                                         net1 (net)
                      0.035945    0.000094    5.083498 ^ _0749_/B (sky130_fd_sc_hd__and2_1)
     1    0.003817    0.054559    0.119301    5.202799 ^ _0749_/X (sky130_fd_sc_hd__and2_1)
                                                         MATMULT_INST.cntrl.n_rst (net)
                      0.054560    0.000277    5.203076 ^ fanout37/A (sky130_fd_sc_hd__buf_2)
    17    0.055063    0.268539    0.265529    5.468605 ^ fanout37/X (sky130_fd_sc_hd__buf_2)
                                                         net37 (net)
                      0.268931    0.008457    5.477063 ^ fanout32/A (sky130_fd_sc_hd__clkbuf_4)
    10    0.051877    0.161346    0.297160    5.774222 ^ fanout32/X (sky130_fd_sc_hd__clkbuf_4)
                                                         net32 (net)
                      0.161510    0.003051    5.777273 ^ fanout31/A (sky130_fd_sc_hd__clkbuf_4)
    10    0.048373    0.152730    0.252989    6.030262 ^ fanout31/X (sky130_fd_sc_hd__clkbuf_4)
                                                         net31 (net)
                      0.152840    0.002005    6.032267 ^ _0973_/SET_B (sky130_fd_sc_hd__dfstp_1)
                                              6.032267   data arrival time

                                 25.000000   25.000000   clock clk (rise edge)
                                  0.000000   25.000000   clock source latency
     2    0.018194    0.087443    0.060611   25.060610 ^ clk (in)
                                                         clk (net)
                      0.087487    0.000000   25.060610 ^ clkbuf_0_clk/A (sky130_fd_sc_hd__clkbuf_16)
    17    0.112789    0.126581    0.207491   25.268101 ^ clkbuf_0_clk/X (sky130_fd_sc_hd__clkbuf_16)
                                                         clknet_0_clk (net)
                      0.127259    0.007393   25.275494 ^ clkbuf_3_5__f_clk/A (sky130_fd_sc_hd__clkbuf_16)
    10    0.050701    0.069700    0.178623   25.454117 ^ clkbuf_3_5__f_clk/X (sky130_fd_sc_hd__clkbuf_16)
                                                         clknet_3_5__leaf_clk (net)
                      0.070014    0.003324   25.457441 ^ _0973_/CLK (sky130_fd_sc_hd__dfstp_1)
                                 -0.250000   25.207441   clock uncertainty
                                  0.000000   25.207441   clock reconvergence pessimism
                                  0.134090   25.341532   library recovery time
                                             25.341532   data required time
---------------------------------------------------------------------------------------------
                                             25.341532   data required time
                                             -6.032267   data arrival time
---------------------------------------------------------------------------------------------
                                             19.309265   slack (MET)


Startpoint: en (input port clocked by clk)
Endpoint: _0947_ (recovery check against rising-edge clock clk)
Path Group: asynchronous
Path Type: max

Fanout         Cap        Slew       Delay        Time   Description
---------------------------------------------------------------------------------------------
                                  0.000000    0.000000   clock clk (rise edge)
                                  0.000000    0.000000   clock network delay (propagated)
                                  5.000000    5.000000 ^ input external delay
     2    0.004296    0.026230    0.015592    5.015592 ^ en (in)
                                                         en (net)
                      0.026231    0.000000    5.015592 ^ input1/A (sky130_fd_sc_hd__clkbuf_1)
     1    0.002045    0.035945    0.067812    5.083405 ^ input1/X (sky130_fd_sc_hd__clkbuf_1)
                                                         net1 (net)
                      0.035945    0.000094    5.083498 ^ _0749_/B (sky130_fd_sc_hd__and2_1)
     1    0.003817    0.054559    0.119301    5.202799 ^ _0749_/X (sky130_fd_sc_hd__and2_1)
                                                         MATMULT_INST.cntrl.n_rst (net)
                      0.054560    0.000277    5.203076 ^ fanout37/A (sky130_fd_sc_hd__buf_2)
    17    0.055063    0.268539    0.265529    5.468605 ^ fanout37/X (sky130_fd_sc_hd__buf_2)
                                                         net37 (net)
                      0.268643    0.004412    5.473018 ^ fanout30/A (sky130_fd_sc_hd__clkbuf_4)
    21    0.074618    0.226208    0.336904    5.809922 ^ fanout30/X (sky130_fd_sc_hd__clkbuf_4)
                                                         net30 (net)
                      0.226287    0.003577    5.813498 ^ fanout28/A (sky130_fd_sc_hd__clkbuf_4)
    10    0.048180    0.151619    0.276289    6.089787 ^ fanout28/X (sky130_fd_sc_hd__clkbuf_4)
                                                         net28 (net)
                      0.151683    0.002903    6.092690 ^ _0947_/RESET_B (sky130_fd_sc_hd__dfrtp_1)
                                              6.092690   data arrival time

                                 25.000000   25.000000   clock clk (rise edge)
                                  0.000000   25.000000   clock source latency
     2    0.018194    0.087443    0.060611   25.060610 ^ clk (in)
                                                         clk (net)
                      0.087487    0.000000   25.060610 ^ clkbuf_0_clk/A (sky130_fd_sc_hd__clkbuf_16)
    17    0.112789    0.126581    0.207491   25.268101 ^ clkbuf_0_clk/X (sky130_fd_sc_hd__clkbuf_16)
                                                         clknet_0_clk (net)
                      0.127178    0.006949   25.275051 ^ clkbuf_3_2__f_clk/A (sky130_fd_sc_hd__clkbuf_16)
    13    0.050595    0.069612    0.178316   25.453367 ^ clkbuf_3_2__f_clk/X (sky130_fd_sc_hd__clkbuf_16)
                                                         clknet_3_2__leaf_clk (net)
                      0.069699    0.002222   25.455589 ^ _0947_/CLK (sky130_fd_sc_hd__dfrtp_1)
                                 -0.250000   25.205589   clock uncertainty
                                  0.000000   25.205589   clock reconvergence pessimism
                                  0.210392   25.415981   library recovery time
                                             25.415981   data required time
---------------------------------------------------------------------------------------------
                                             25.415981   data required time
                                             -6.092690   data arrival time
---------------------------------------------------------------------------------------------
                                             19.323292   slack (MET)


Startpoint: en (input port clocked by clk)
Endpoint: _0950_ (recovery check against rising-edge clock clk)
Path Group: asynchronous
Path Type: max

Fanout         Cap        Slew       Delay        Time   Description
---------------------------------------------------------------------------------------------
                                  0.000000    0.000000   clock clk (rise edge)
                                  0.000000    0.000000   clock network delay (propagated)
                                  5.000000    5.000000 ^ input external delay
     2    0.004296    0.026230    0.015592    5.015592 ^ en (in)
                                                         en (net)
                      0.026231    0.000000    5.015592 ^ input1/A (sky130_fd_sc_hd__clkbuf_1)
     1    0.002045    0.035945    0.067812    5.083405 ^ input1/X (sky130_fd_sc_hd__clkbuf_1)
                                                         net1 (net)
                      0.035945    0.000094    5.083498 ^ _0749_/B (sky130_fd_sc_hd__and2_1)
     1    0.003817    0.054559    0.119301    5.202799 ^ _0749_/X (sky130_fd_sc_hd__and2_1)
                                                         MATMULT_INST.cntrl.n_rst (net)
                      0.054560    0.000277    5.203076 ^ fanout37/A (sky130_fd_sc_hd__buf_2)
    17    0.055063    0.268539    0.265529    5.468605 ^ fanout37/X (sky130_fd_sc_hd__buf_2)
                                                         net37 (net)
                      0.268643    0.004412    5.473018 ^ fanout30/A (sky130_fd_sc_hd__clkbuf_4)
    21    0.074618    0.226208    0.336904    5.809922 ^ fanout30/X (sky130_fd_sc_hd__clkbuf_4)
                                                         net30 (net)
                      0.226287    0.003577    5.813498 ^ fanout28/A (sky130_fd_sc_hd__clkbuf_4)
    10    0.048180    0.151619    0.276289    6.089787 ^ fanout28/X (sky130_fd_sc_hd__clkbuf_4)
                                                         net28 (net)
                      0.151668    0.002583    6.092371 ^ _0950_/RESET_B (sky130_fd_sc_hd__dfrtp_1)
                                              6.092371   data arrival time

                                 25.000000   25.000000   clock clk (rise edge)
                                  0.000000   25.000000   clock source latency
     2    0.018194    0.087443    0.060611   25.060610 ^ clk (in)
                                                         clk (net)
                      0.087487    0.000000   25.060610 ^ clkbuf_0_clk/A (sky130_fd_sc_hd__clkbuf_16)
    17    0.112789    0.126581    0.207491   25.268101 ^ clkbuf_0_clk/X (sky130_fd_sc_hd__clkbuf_16)
                                                         clknet_0_clk (net)
                      0.127178    0.006949   25.275051 ^ clkbuf_3_2__f_clk/A (sky130_fd_sc_hd__clkbuf_16)
    13    0.050595    0.069612    0.178316   25.453367 ^ clkbuf_3_2__f_clk/X (sky130_fd_sc_hd__clkbuf_16)
                                                         clknet_3_2__leaf_clk (net)
                      0.069810    0.002462   25.455828 ^ _0950_/CLK (sky130_fd_sc_hd__dfrtp_1)
                                 -0.250000   25.205830   clock uncertainty
                                  0.000000   25.205830   clock reconvergence pessimism
                                  0.210431   25.416260   library recovery time
                                             25.416260   data required time
---------------------------------------------------------------------------------------------
                                             25.416260   data required time
                                             -6.092371   data arrival time
---------------------------------------------------------------------------------------------
                                             19.323889   slack (MET)


Startpoint: en (input port clocked by clk)
Endpoint: _0948_ (recovery check against rising-edge clock clk)
Path Group: asynchronous
Path Type: max

Fanout         Cap        Slew       Delay        Time   Description
---------------------------------------------------------------------------------------------
                                  0.000000    0.000000   clock clk (rise edge)
                                  0.000000    0.000000   clock network delay (propagated)
                                  5.000000    5.000000 ^ input external delay
     2    0.004296    0.026230    0.015592    5.015592 ^ en (in)
                                                         en (net)
                      0.026231    0.000000    5.015592 ^ input1/A (sky130_fd_sc_hd__clkbuf_1)
     1    0.002045    0.035945    0.067812    5.083405 ^ input1/X (sky130_fd_sc_hd__clkbuf_1)
                                                         net1 (net)
                      0.035945    0.000094    5.083498 ^ _0749_/B (sky130_fd_sc_hd__and2_1)
     1    0.003817    0.054559    0.119301    5.202799 ^ _0749_/X (sky130_fd_sc_hd__and2_1)
                                                         MATMULT_INST.cntrl.n_rst (net)
                      0.054560    0.000277    5.203076 ^ fanout37/A (sky130_fd_sc_hd__buf_2)
    17    0.055063    0.268539    0.265529    5.468605 ^ fanout37/X (sky130_fd_sc_hd__buf_2)
                                                         net37 (net)
                      0.268643    0.004412    5.473018 ^ fanout30/A (sky130_fd_sc_hd__clkbuf_4)
    21    0.074618    0.226208    0.336904    5.809922 ^ fanout30/X (sky130_fd_sc_hd__clkbuf_4)
                                                         net30 (net)
                      0.226287    0.003577    5.813498 ^ fanout28/A (sky130_fd_sc_hd__clkbuf_4)
    10    0.048180    0.151619    0.276289    6.089787 ^ fanout28/X (sky130_fd_sc_hd__clkbuf_4)
                                                         net28 (net)
                      0.151678    0.002803    6.092590 ^ _0948_/RESET_B (sky130_fd_sc_hd__dfrtp_1)
                                              6.092590   data arrival time

                                 25.000000   25.000000   clock clk (rise edge)
                                  0.000000   25.000000   clock source latency
     2    0.018194    0.087443    0.060611   25.060610 ^ clk (in)
                                                         clk (net)
                      0.087487    0.000000   25.060610 ^ clkbuf_0_clk/A (sky130_fd_sc_hd__clkbuf_16)
    17    0.112789    0.126581    0.207491   25.268101 ^ clkbuf_0_clk/X (sky130_fd_sc_hd__clkbuf_16)
                                                         clknet_0_clk (net)
                      0.127083    0.006391   25.274492 ^ clkbuf_3_3__f_clk/A (sky130_fd_sc_hd__clkbuf_16)
    11    0.051178    0.070143    0.179082   25.453575 ^ clkbuf_3_3__f_clk/X (sky130_fd_sc_hd__clkbuf_16)
                                                         clknet_3_3__leaf_clk (net)
                      0.070258    0.002458   25.456032 ^ _0948_/CLK (sky130_fd_sc_hd__dfrtp_1)
                                 -0.250000   25.206034   clock uncertainty
                                  0.000000   25.206034   clock reconvergence pessimism
                                  0.210567   25.416601   library recovery time
                                             25.416601   data required time
---------------------------------------------------------------------------------------------
                                             25.416601   data required time
                                             -6.092590   data arrival time
---------------------------------------------------------------------------------------------
                                             19.324011   slack (MET)


Startpoint: en (input port clocked by clk)
Endpoint: _1005_ (recovery check against rising-edge clock clk)
Path Group: asynchronous
Path Type: max

Fanout         Cap        Slew       Delay        Time   Description
---------------------------------------------------------------------------------------------
                                  0.000000    0.000000   clock clk (rise edge)
                                  0.000000    0.000000   clock network delay (propagated)
                                  5.000000    5.000000 ^ input external delay
     2    0.004296    0.026230    0.015592    5.015592 ^ en (in)
                                                         en (net)
                      0.026231    0.000000    5.015592 ^ input1/A (sky130_fd_sc_hd__clkbuf_1)
     1    0.002045    0.035945    0.067812    5.083405 ^ input1/X (sky130_fd_sc_hd__clkbuf_1)
                                                         net1 (net)
                      0.035945    0.000094    5.083498 ^ _0749_/B (sky130_fd_sc_hd__and2_1)
     1    0.003817    0.054559    0.119301    5.202799 ^ _0749_/X (sky130_fd_sc_hd__and2_1)
                                                         MATMULT_INST.cntrl.n_rst (net)
                      0.054560    0.000277    5.203076 ^ fanout37/A (sky130_fd_sc_hd__buf_2)
    17    0.055063    0.268539    0.265529    5.468605 ^ fanout37/X (sky130_fd_sc_hd__buf_2)
                                                         net37 (net)
                      0.268643    0.004412    5.473018 ^ fanout30/A (sky130_fd_sc_hd__clkbuf_4)
    21    0.074618    0.226208    0.336904    5.809922 ^ fanout30/X (sky130_fd_sc_hd__clkbuf_4)
                                                         net30 (net)
                      0.226287    0.003577    5.813498 ^ fanout28/A (sky130_fd_sc_hd__clkbuf_4)
    10    0.048180    0.151619    0.276289    6.089787 ^ fanout28/X (sky130_fd_sc_hd__clkbuf_4)
                                                         net28 (net)
                      0.151655    0.002279    6.092066 ^ _1005_/RESET_B (sky130_fd_sc_hd__dfrtp_1)
                                              6.092066   data arrival time

                                 25.000000   25.000000   clock clk (rise edge)
                                  0.000000   25.000000   clock source latency
     2    0.018194    0.087443    0.060611   25.060610 ^ clk (in)
                                                         clk (net)
                      0.087487    0.000000   25.060610 ^ clkbuf_0_clk/A (sky130_fd_sc_hd__clkbuf_16)
    17    0.112789    0.126581    0.207491   25.268101 ^ clkbuf_0_clk/X (sky130_fd_sc_hd__clkbuf_16)
                                                         clknet_0_clk (net)
                      0.127178    0.006949   25.275051 ^ clkbuf_3_2__f_clk/A (sky130_fd_sc_hd__clkbuf_16)
    13    0.050595    0.069612    0.178316   25.453367 ^ clkbuf_3_2__f_clk/X (sky130_fd_sc_hd__clkbuf_16)
                                                         clknet_3_2__leaf_clk (net)
                      0.069882    0.003011   25.456377 ^ _1005_/CLK (sky130_fd_sc_hd__dfrtp_1)
                                 -0.250000   25.206379   clock uncertainty
                                  0.000000   25.206379   clock reconvergence pessimism
                                  0.210456   25.416834   library recovery time
                                             25.416834   data required time
---------------------------------------------------------------------------------------------
                                             25.416834   data required time
                                             -6.092066   data arrival time
---------------------------------------------------------------------------------------------
                                             19.324768   slack (MET)


Startpoint: en (input port clocked by clk)
Endpoint: _0951_ (recovery check against rising-edge clock clk)
Path Group: asynchronous
Path Type: max

Fanout         Cap        Slew       Delay        Time   Description
---------------------------------------------------------------------------------------------
                                  0.000000    0.000000   clock clk (rise edge)
                                  0.000000    0.000000   clock network delay (propagated)
                                  5.000000    5.000000 ^ input external delay
     2    0.004296    0.026230    0.015592    5.015592 ^ en (in)
                                                         en (net)
                      0.026231    0.000000    5.015592 ^ input1/A (sky130_fd_sc_hd__clkbuf_1)
     1    0.002045    0.035945    0.067812    5.083405 ^ input1/X (sky130_fd_sc_hd__clkbuf_1)
                                                         net1 (net)
                      0.035945    0.000094    5.083498 ^ _0749_/B (sky130_fd_sc_hd__and2_1)
     1    0.003817    0.054559    0.119301    5.202799 ^ _0749_/X (sky130_fd_sc_hd__and2_1)
                                                         MATMULT_INST.cntrl.n_rst (net)
                      0.054560    0.000277    5.203076 ^ fanout37/A (sky130_fd_sc_hd__buf_2)
    17    0.055063    0.268539    0.265529    5.468605 ^ fanout37/X (sky130_fd_sc_hd__buf_2)
                                                         net37 (net)
                      0.268643    0.004412    5.473018 ^ fanout30/A (sky130_fd_sc_hd__clkbuf_4)
    21    0.074618    0.226208    0.336904    5.809922 ^ fanout30/X (sky130_fd_sc_hd__clkbuf_4)
                                                         net30 (net)
                      0.226287    0.003577    5.813498 ^ fanout28/A (sky130_fd_sc_hd__clkbuf_4)
    10    0.048180    0.151619    0.276289    6.089787 ^ fanout28/X (sky130_fd_sc_hd__clkbuf_4)
                                                         net28 (net)
                      0.151652    0.002204    6.091990 ^ _0951_/RESET_B (sky130_fd_sc_hd__dfrtp_1)
                                              6.091990   data arrival time

                                 25.000000   25.000000   clock clk (rise edge)
                                  0.000000   25.000000   clock source latency
     2    0.018194    0.087443    0.060611   25.060610 ^ clk (in)
                                                         clk (net)
                      0.087487    0.000000   25.060610 ^ clkbuf_0_clk/A (sky130_fd_sc_hd__clkbuf_16)
    17    0.112789    0.126581    0.207491   25.268101 ^ clkbuf_0_clk/X (sky130_fd_sc_hd__clkbuf_16)
                                                         clknet_0_clk (net)
                      0.127178    0.006949   25.275051 ^ clkbuf_3_2__f_clk/A (sky130_fd_sc_hd__clkbuf_16)
    13    0.050595    0.069612    0.178316   25.453367 ^ clkbuf_3_2__f_clk/X (sky130_fd_sc_hd__clkbuf_16)
                                                         clknet_3_2__leaf_clk (net)
                      0.069939    0.003398   25.456764 ^ _0951_/CLK (sky130_fd_sc_hd__dfrtp_1)
                                 -0.250000   25.206766   clock uncertainty
                                  0.000000   25.206766   clock reconvergence pessimism
                                  0.210475   25.417240   library recovery time
                                             25.417240   data required time
---------------------------------------------------------------------------------------------
                                             25.417240   data required time
                                             -6.091990   data arrival time
---------------------------------------------------------------------------------------------
                                             19.325249   slack (MET)


Startpoint: en (input port clocked by clk)
Endpoint: _1007_ (recovery check against rising-edge clock clk)
Path Group: asynchronous
Path Type: max

Fanout         Cap        Slew       Delay        Time   Description
---------------------------------------------------------------------------------------------
                                  0.000000    0.000000   clock clk (rise edge)
                                  0.000000    0.000000   clock network delay (propagated)
                                  5.000000    5.000000 ^ input external delay
     2    0.004296    0.026230    0.015592    5.015592 ^ en (in)
                                                         en (net)
                      0.026231    0.000000    5.015592 ^ input1/A (sky130_fd_sc_hd__clkbuf_1)
     1    0.002045    0.035945    0.067812    5.083405 ^ input1/X (sky130_fd_sc_hd__clkbuf_1)
                                                         net1 (net)
                      0.035945    0.000094    5.083498 ^ _0749_/B (sky130_fd_sc_hd__and2_1)
     1    0.003817    0.054559    0.119301    5.202799 ^ _0749_/X (sky130_fd_sc_hd__and2_1)
                                                         MATMULT_INST.cntrl.n_rst (net)
                      0.054560    0.000277    5.203076 ^ fanout37/A (sky130_fd_sc_hd__buf_2)
    17    0.055063    0.268539    0.265529    5.468605 ^ fanout37/X (sky130_fd_sc_hd__buf_2)
                                                         net37 (net)
                      0.268643    0.004412    5.473018 ^ fanout30/A (sky130_fd_sc_hd__clkbuf_4)
    21    0.074618    0.226208    0.336904    5.809922 ^ fanout30/X (sky130_fd_sc_hd__clkbuf_4)
                                                         net30 (net)
                      0.226287    0.003577    5.813498 ^ fanout28/A (sky130_fd_sc_hd__clkbuf_4)
    10    0.048180    0.151619    0.276289    6.089787 ^ fanout28/X (sky130_fd_sc_hd__clkbuf_4)
                                                         net28 (net)
                      0.151660    0.002403    6.092190 ^ _1007_/RESET_B (sky130_fd_sc_hd__dfrtp_1)
                                              6.092190   data arrival time

                                 25.000000   25.000000   clock clk (rise edge)
                                  0.000000   25.000000   clock source latency
     2    0.018194    0.087443    0.060611   25.060610 ^ clk (in)
                                                         clk (net)
                      0.087487    0.000000   25.060610 ^ clkbuf_0_clk/A (sky130_fd_sc_hd__clkbuf_16)
    17    0.112789    0.126581    0.207491   25.268101 ^ clkbuf_0_clk/X (sky130_fd_sc_hd__clkbuf_16)
                                                         clknet_0_clk (net)
                      0.127178    0.006949   25.275051 ^ clkbuf_3_2__f_clk/A (sky130_fd_sc_hd__clkbuf_16)
    13    0.050595    0.069612    0.178316   25.453367 ^ clkbuf_3_2__f_clk/X (sky130_fd_sc_hd__clkbuf_16)
                                                         clknet_3_2__leaf_clk (net)
                      0.069979    0.003647   25.457014 ^ _1007_/CLK (sky130_fd_sc_hd__dfrtp_1)
                                 -0.250000   25.207014   clock uncertainty
                                  0.000000   25.207014   clock reconvergence pessimism
                                  0.210485   25.417500   library recovery time
                                             25.417500   data required time
---------------------------------------------------------------------------------------------
                                             25.417500   data required time
                                             -6.092190   data arrival time
---------------------------------------------------------------------------------------------
                                             19.325310   slack (MET)


Startpoint: en (input port clocked by clk)
Endpoint: _0949_ (recovery check against rising-edge clock clk)
Path Group: asynchronous
Path Type: max

Fanout         Cap        Slew       Delay        Time   Description
---------------------------------------------------------------------------------------------
                                  0.000000    0.000000   clock clk (rise edge)
                                  0.000000    0.000000   clock network delay (propagated)
                                  5.000000    5.000000 ^ input external delay
     2    0.004296    0.026230    0.015592    5.015592 ^ en (in)
                                                         en (net)
                      0.026231    0.000000    5.015592 ^ input1/A (sky130_fd_sc_hd__clkbuf_1)
     1    0.002045    0.035945    0.067812    5.083405 ^ input1/X (sky130_fd_sc_hd__clkbuf_1)
                                                         net1 (net)
                      0.035945    0.000094    5.083498 ^ _0749_/B (sky130_fd_sc_hd__and2_1)
     1    0.003817    0.054559    0.119301    5.202799 ^ _0749_/X (sky130_fd_sc_hd__and2_1)
                                                         MATMULT_INST.cntrl.n_rst (net)
                      0.054560    0.000277    5.203076 ^ fanout37/A (sky130_fd_sc_hd__buf_2)
    17    0.055063    0.268539    0.265529    5.468605 ^ fanout37/X (sky130_fd_sc_hd__buf_2)
                                                         net37 (net)
                      0.268643    0.004412    5.473018 ^ fanout30/A (sky130_fd_sc_hd__clkbuf_4)
    21    0.074618    0.226208    0.336904    5.809922 ^ fanout30/X (sky130_fd_sc_hd__clkbuf_4)
                                                         net30 (net)
                      0.226287    0.003577    5.813498 ^ fanout28/A (sky130_fd_sc_hd__clkbuf_4)
    10    0.048180    0.151619    0.276289    6.089787 ^ fanout28/X (sky130_fd_sc_hd__clkbuf_4)
                                                         net28 (net)
                      0.151650    0.002121    6.091908 ^ _0949_/RESET_B (sky130_fd_sc_hd__dfrtp_1)
                                              6.091908   data arrival time

                                 25.000000   25.000000   clock clk (rise edge)
                                  0.000000   25.000000   clock source latency
     2    0.018194    0.087443    0.060611   25.060610 ^ clk (in)
                                                         clk (net)
                      0.087487    0.000000   25.060610 ^ clkbuf_0_clk/A (sky130_fd_sc_hd__clkbuf_16)
    17    0.112789    0.126581    0.207491   25.268101 ^ clkbuf_0_clk/X (sky130_fd_sc_hd__clkbuf_16)
                                                         clknet_0_clk (net)
                      0.127178    0.006949   25.275051 ^ clkbuf_3_2__f_clk/A (sky130_fd_sc_hd__clkbuf_16)
    13    0.050595    0.069612    0.178316   25.453367 ^ clkbuf_3_2__f_clk/X (sky130_fd_sc_hd__clkbuf_16)
                                                         clknet_3_2__leaf_clk (net)
                      0.069942    0.003418   25.456783 ^ _0949_/CLK (sky130_fd_sc_hd__dfrtp_1)
                                 -0.250000   25.206785   clock uncertainty
                                  0.000000   25.206785   clock reconvergence pessimism
                                  0.210476   25.417261   library recovery time
                                             25.417261   data required time
---------------------------------------------------------------------------------------------
                                             25.417261   data required time
                                             -6.091908   data arrival time
---------------------------------------------------------------------------------------------
                                             19.325354   slack (MET)


Startpoint: en (input port clocked by clk)
Endpoint: _0987_ (recovery check against rising-edge clock clk)
Path Group: asynchronous
Path Type: max

Fanout         Cap        Slew       Delay        Time   Description
---------------------------------------------------------------------------------------------
                                  0.000000    0.000000   clock clk (rise edge)
                                  0.000000    0.000000   clock network delay (propagated)
                                  5.000000    5.000000 ^ input external delay
     2    0.004296    0.026230    0.015592    5.015592 ^ en (in)
                                                         en (net)
                      0.026231    0.000000    5.015592 ^ input1/A (sky130_fd_sc_hd__clkbuf_1)
     1    0.002045    0.035945    0.067812    5.083405 ^ input1/X (sky130_fd_sc_hd__clkbuf_1)
                                                         net1 (net)
                      0.035945    0.000094    5.083498 ^ _0749_/B (sky130_fd_sc_hd__and2_1)
     1    0.003817    0.054559    0.119301    5.202799 ^ _0749_/X (sky130_fd_sc_hd__and2_1)
                                                         MATMULT_INST.cntrl.n_rst (net)
                      0.054560    0.000277    5.203076 ^ fanout37/A (sky130_fd_sc_hd__buf_2)
    17    0.055063    0.268539    0.265529    5.468605 ^ fanout37/X (sky130_fd_sc_hd__buf_2)
                                                         net37 (net)
                      0.268715    0.005724    5.474329 ^ fanout27/A (sky130_fd_sc_hd__buf_2)
     8    0.035941    0.178076    0.269905    5.744234 ^ fanout27/X (sky130_fd_sc_hd__buf_2)
                                                         net27 (net)
                      0.178266    0.003894    5.748128 ^ fanout26/A (sky130_fd_sc_hd__clkbuf_4)
    10    0.045440    0.143802    0.254365    6.002493 ^ fanout26/X (sky130_fd_sc_hd__clkbuf_4)
                                                         net26 (net)
                      0.143865    0.002806    6.005300 ^ _0987_/SET_B (sky130_fd_sc_hd__dfstp_2)
                                              6.005300   data arrival time

                                 25.000000   25.000000   clock clk (rise edge)
                                  0.000000   25.000000   clock source latency
     2    0.018194    0.087443    0.060611   25.060610 ^ clk (in)
                                                         clk (net)
                      0.087487    0.000000   25.060610 ^ clkbuf_0_clk/A (sky130_fd_sc_hd__clkbuf_16)
    17    0.112789    0.126581    0.207491   25.268101 ^ clkbuf_0_clk/X (sky130_fd_sc_hd__clkbuf_16)
                                                         clknet_0_clk (net)
                      0.127122    0.006624   25.274725 ^ clkbuf_3_1__f_clk/A (sky130_fd_sc_hd__clkbuf_16)
    16    0.047985    0.067209    0.176577   25.451302 ^ clkbuf_3_1__f_clk/X (sky130_fd_sc_hd__clkbuf_16)
                                                         clknet_3_1__leaf_clk (net)
                      0.067289    0.002053   25.453356 ^ _0987_/CLK (sky130_fd_sc_hd__dfstp_2)
                                 -0.250000   25.203356   clock uncertainty
                                  0.000000   25.203356   clock reconvergence pessimism
                                  0.132785   25.336142   library recovery time
                                             25.336142   data required time
---------------------------------------------------------------------------------------------
                                             25.336142   data required time
                                             -6.005300   data arrival time
---------------------------------------------------------------------------------------------
                                             19.330841   slack (MET)


Startpoint: en (input port clocked by clk)
Endpoint: _0982_ (recovery check against rising-edge clock clk)
Path Group: asynchronous
Path Type: max

Fanout         Cap        Slew       Delay        Time   Description
---------------------------------------------------------------------------------------------
                                  0.000000    0.000000   clock clk (rise edge)
                                  0.000000    0.000000   clock network delay (propagated)
                                  5.000000    5.000000 ^ input external delay
     2    0.004296    0.026230    0.015592    5.015592 ^ en (in)
                                                         en (net)
                      0.026231    0.000000    5.015592 ^ input1/A (sky130_fd_sc_hd__clkbuf_1)
     1    0.002045    0.035945    0.067812    5.083405 ^ input1/X (sky130_fd_sc_hd__clkbuf_1)
                                                         net1 (net)
                      0.035945    0.000094    5.083498 ^ _0749_/B (sky130_fd_sc_hd__and2_1)
     1    0.003817    0.054559    0.119301    5.202799 ^ _0749_/X (sky130_fd_sc_hd__and2_1)
                                                         MATMULT_INST.cntrl.n_rst (net)
                      0.054560    0.000277    5.203076 ^ fanout37/A (sky130_fd_sc_hd__buf_2)
    17    0.055063    0.268539    0.265529    5.468605 ^ fanout37/X (sky130_fd_sc_hd__buf_2)
                                                         net37 (net)
                      0.268715    0.005724    5.474329 ^ fanout27/A (sky130_fd_sc_hd__buf_2)
     8    0.035941    0.178076    0.269905    5.744234 ^ fanout27/X (sky130_fd_sc_hd__buf_2)
                                                         net27 (net)
                      0.178266    0.003894    5.748128 ^ fanout26/A (sky130_fd_sc_hd__clkbuf_4)
    10    0.045440    0.143802    0.254365    6.002493 ^ fanout26/X (sky130_fd_sc_hd__clkbuf_4)
                                                         net26 (net)
                      0.143865    0.002798    6.005291 ^ _0982_/SET_B (sky130_fd_sc_hd__dfstp_2)
                                              6.005291   data arrival time

                                 25.000000   25.000000   clock clk (rise edge)
                                  0.000000   25.000000   clock source latency
     2    0.018194    0.087443    0.060611   25.060610 ^ clk (in)
                                                         clk (net)
                      0.087487    0.000000   25.060610 ^ clkbuf_0_clk/A (sky130_fd_sc_hd__clkbuf_16)
    17    0.112789    0.126581    0.207491   25.268101 ^ clkbuf_0_clk/X (sky130_fd_sc_hd__clkbuf_16)
                                                         clknet_0_clk (net)
                      0.127122    0.006624   25.274725 ^ clkbuf_3_1__f_clk/A (sky130_fd_sc_hd__clkbuf_16)
    16    0.047985    0.067209    0.176577   25.451302 ^ clkbuf_3_1__f_clk/X (sky130_fd_sc_hd__clkbuf_16)
                                                         clknet_3_1__leaf_clk (net)
                      0.067339    0.002530   25.453833 ^ _0982_/CLK (sky130_fd_sc_hd__dfstp_2)
                                 -0.250000   25.203833   clock uncertainty
                                  0.000000   25.203833   clock reconvergence pessimism
                                  0.132799   25.336632   library recovery time
                                             25.336632   data required time
---------------------------------------------------------------------------------------------
                                             25.336632   data required time
                                             -6.005291   data arrival time
---------------------------------------------------------------------------------------------
                                             19.331339   slack (MET)


Startpoint: en (input port clocked by clk)
Endpoint: _0985_ (recovery check against rising-edge clock clk)
Path Group: asynchronous
Path Type: max

Fanout         Cap        Slew       Delay        Time   Description
---------------------------------------------------------------------------------------------
                                  0.000000    0.000000   clock clk (rise edge)
                                  0.000000    0.000000   clock network delay (propagated)
                                  5.000000    5.000000 ^ input external delay
     2    0.004296    0.026230    0.015592    5.015592 ^ en (in)
                                                         en (net)
                      0.026231    0.000000    5.015592 ^ input1/A (sky130_fd_sc_hd__clkbuf_1)
     1    0.002045    0.035945    0.067812    5.083405 ^ input1/X (sky130_fd_sc_hd__clkbuf_1)
                                                         net1 (net)
                      0.035945    0.000094    5.083498 ^ _0749_/B (sky130_fd_sc_hd__and2_1)
     1    0.003817    0.054559    0.119301    5.202799 ^ _0749_/X (sky130_fd_sc_hd__and2_1)
                                                         MATMULT_INST.cntrl.n_rst (net)
                      0.054560    0.000277    5.203076 ^ fanout37/A (sky130_fd_sc_hd__buf_2)
    17    0.055063    0.268539    0.265529    5.468605 ^ fanout37/X (sky130_fd_sc_hd__buf_2)
                                                         net37 (net)
                      0.268715    0.005724    5.474329 ^ fanout27/A (sky130_fd_sc_hd__buf_2)
     8    0.035941    0.178076    0.269905    5.744234 ^ fanout27/X (sky130_fd_sc_hd__buf_2)
                                                         net27 (net)
                      0.178266    0.003894    5.748128 ^ fanout26/A (sky130_fd_sc_hd__clkbuf_4)
    10    0.045440    0.143802    0.254365    6.002493 ^ fanout26/X (sky130_fd_sc_hd__clkbuf_4)
                                                         net26 (net)
                      0.143857    0.002640    6.005133 ^ _0985_/SET_B (sky130_fd_sc_hd__dfstp_2)
                                              6.005133   data arrival time

                                 25.000000   25.000000   clock clk (rise edge)
                                  0.000000   25.000000   clock source latency
     2    0.018194    0.087443    0.060611   25.060610 ^ clk (in)
                                                         clk (net)
                      0.087487    0.000000   25.060610 ^ clkbuf_0_clk/A (sky130_fd_sc_hd__clkbuf_16)
    17    0.112789    0.126581    0.207491   25.268101 ^ clkbuf_0_clk/X (sky130_fd_sc_hd__clkbuf_16)
                                                         clknet_0_clk (net)
                      0.127122    0.006624   25.274725 ^ clkbuf_3_1__f_clk/A (sky130_fd_sc_hd__clkbuf_16)
    16    0.047985    0.067209    0.176577   25.451302 ^ clkbuf_3_1__f_clk/X (sky130_fd_sc_hd__clkbuf_16)
                                                         clknet_3_1__leaf_clk (net)
                      0.067328    0.002434   25.453735 ^ _0985_/CLK (sky130_fd_sc_hd__dfstp_2)
                                 -0.250000   25.203737   clock uncertainty
                                  0.000000   25.203737   clock reconvergence pessimism
                                  0.132797   25.336535   library recovery time
                                             25.336535   data required time
---------------------------------------------------------------------------------------------
                                             25.336535   data required time
                                             -6.005133   data arrival time
---------------------------------------------------------------------------------------------
                                             19.331402   slack (MET)


Startpoint: en (input port clocked by clk)
Endpoint: _0978_ (recovery check against rising-edge clock clk)
Path Group: asynchronous
Path Type: max

Fanout         Cap        Slew       Delay        Time   Description
---------------------------------------------------------------------------------------------
                                  0.000000    0.000000   clock clk (rise edge)
                                  0.000000    0.000000   clock network delay (propagated)
                                  5.000000    5.000000 ^ input external delay
     2    0.004296    0.026230    0.015592    5.015592 ^ en (in)
                                                         en (net)
                      0.026231    0.000000    5.015592 ^ input1/A (sky130_fd_sc_hd__clkbuf_1)
     1    0.002045    0.035945    0.067812    5.083405 ^ input1/X (sky130_fd_sc_hd__clkbuf_1)
                                                         net1 (net)
                      0.035945    0.000094    5.083498 ^ _0749_/B (sky130_fd_sc_hd__and2_1)
     1    0.003817    0.054559    0.119301    5.202799 ^ _0749_/X (sky130_fd_sc_hd__and2_1)
                                                         MATMULT_INST.cntrl.n_rst (net)
                      0.054560    0.000277    5.203076 ^ fanout37/A (sky130_fd_sc_hd__buf_2)
    17    0.055063    0.268539    0.265529    5.468605 ^ fanout37/X (sky130_fd_sc_hd__buf_2)
                                                         net37 (net)
                      0.268715    0.005724    5.474329 ^ fanout27/A (sky130_fd_sc_hd__buf_2)
     8    0.035941    0.178076    0.269905    5.744234 ^ fanout27/X (sky130_fd_sc_hd__buf_2)
                                                         net27 (net)
                      0.178266    0.003894    5.748128 ^ fanout26/A (sky130_fd_sc_hd__clkbuf_4)
    10    0.045440    0.143802    0.254365    6.002493 ^ fanout26/X (sky130_fd_sc_hd__clkbuf_4)
                                                         net26 (net)
                      0.143866    0.002833    6.005326 ^ _0978_/SET_B (sky130_fd_sc_hd__dfstp_2)
                                              6.005326   data arrival time

                                 25.000000   25.000000   clock clk (rise edge)
                                  0.000000   25.000000   clock source latency
     2    0.018194    0.087443    0.060611   25.060610 ^ clk (in)
                                                         clk (net)
                      0.087487    0.000000   25.060610 ^ clkbuf_0_clk/A (sky130_fd_sc_hd__clkbuf_16)
    17    0.112789    0.126581    0.207491   25.268101 ^ clkbuf_0_clk/X (sky130_fd_sc_hd__clkbuf_16)
                                                         clknet_0_clk (net)
                      0.127122    0.006624   25.274725 ^ clkbuf_3_1__f_clk/A (sky130_fd_sc_hd__clkbuf_16)
    16    0.047985    0.067209    0.176577   25.451302 ^ clkbuf_3_1__f_clk/X (sky130_fd_sc_hd__clkbuf_16)
                                                         clknet_3_1__leaf_clk (net)
                      0.067373    0.002808   25.454111 ^ _0978_/CLK (sky130_fd_sc_hd__dfstp_2)
                                 -0.250000   25.204111   clock uncertainty
                                  0.000000   25.204111   clock reconvergence pessimism
                                  0.132809   25.336922   library recovery time
                                             25.336922   data required time
---------------------------------------------------------------------------------------------
                                             25.336922   data required time
                                             -6.005326   data arrival time
---------------------------------------------------------------------------------------------
                                             19.331594   slack (MET)


Startpoint: en (input port clocked by clk)
Endpoint: _0988_ (recovery check against rising-edge clock clk)
Path Group: asynchronous
Path Type: max

Fanout         Cap        Slew       Delay        Time   Description
---------------------------------------------------------------------------------------------
                                  0.000000    0.000000   clock clk (rise edge)
                                  0.000000    0.000000   clock network delay (propagated)
                                  5.000000    5.000000 ^ input external delay
     2    0.004296    0.026230    0.015592    5.015592 ^ en (in)
                                                         en (net)
                      0.026231    0.000000    5.015592 ^ input1/A (sky130_fd_sc_hd__clkbuf_1)
     1    0.002045    0.035945    0.067812    5.083405 ^ input1/X (sky130_fd_sc_hd__clkbuf_1)
                                                         net1 (net)
                      0.035945    0.000094    5.083498 ^ _0749_/B (sky130_fd_sc_hd__and2_1)
     1    0.003817    0.054559    0.119301    5.202799 ^ _0749_/X (sky130_fd_sc_hd__and2_1)
                                                         MATMULT_INST.cntrl.n_rst (net)
                      0.054560    0.000277    5.203076 ^ fanout37/A (sky130_fd_sc_hd__buf_2)
    17    0.055063    0.268539    0.265529    5.468605 ^ fanout37/X (sky130_fd_sc_hd__buf_2)
                                                         net37 (net)
                      0.268715    0.005724    5.474329 ^ fanout27/A (sky130_fd_sc_hd__buf_2)
     8    0.035941    0.178076    0.269905    5.744234 ^ fanout27/X (sky130_fd_sc_hd__buf_2)
                                                         net27 (net)
                      0.178266    0.003894    5.748128 ^ fanout26/A (sky130_fd_sc_hd__clkbuf_4)
    10    0.045440    0.143802    0.254365    6.002493 ^ fanout26/X (sky130_fd_sc_hd__clkbuf_4)
                                                         net26 (net)
                      0.143870    0.002898    6.005392 ^ _0988_/SET_B (sky130_fd_sc_hd__dfstp_1)
                                              6.005392   data arrival time

                                 25.000000   25.000000   clock clk (rise edge)
                                  0.000000   25.000000   clock source latency
     2    0.018194    0.087443    0.060611   25.060610 ^ clk (in)
                                                         clk (net)
                      0.087487    0.000000   25.060610 ^ clkbuf_0_clk/A (sky130_fd_sc_hd__clkbuf_16)
    17    0.112789    0.126581    0.207491   25.268101 ^ clkbuf_0_clk/X (sky130_fd_sc_hd__clkbuf_16)
                                                         clknet_0_clk (net)
                      0.127122    0.006624   25.274725 ^ clkbuf_3_1__f_clk/A (sky130_fd_sc_hd__clkbuf_16)
    16    0.047985    0.067209    0.176577   25.451302 ^ clkbuf_3_1__f_clk/X (sky130_fd_sc_hd__clkbuf_16)
                                                         clknet_3_1__leaf_clk (net)
                      0.067290    0.002066   25.453367 ^ _0988_/CLK (sky130_fd_sc_hd__dfstp_1)
                                 -0.250000   25.203369   clock uncertainty
                                  0.000000   25.203369   clock reconvergence pessimism
                                  0.134196   25.337566   library recovery time
                                             25.337566   data required time
---------------------------------------------------------------------------------------------
                                             25.337566   data required time
                                             -6.005392   data arrival time
---------------------------------------------------------------------------------------------
                                             19.332174   slack (MET)


Startpoint: en (input port clocked by clk)
Endpoint: _0989_ (recovery check against rising-edge clock clk)
Path Group: asynchronous
Path Type: max

Fanout         Cap        Slew       Delay        Time   Description
---------------------------------------------------------------------------------------------
                                  0.000000    0.000000   clock clk (rise edge)
                                  0.000000    0.000000   clock network delay (propagated)
                                  5.000000    5.000000 ^ input external delay
     2    0.004296    0.026230    0.015592    5.015592 ^ en (in)
                                                         en (net)
                      0.026231    0.000000    5.015592 ^ input1/A (sky130_fd_sc_hd__clkbuf_1)
     1    0.002045    0.035945    0.067812    5.083405 ^ input1/X (sky130_fd_sc_hd__clkbuf_1)
                                                         net1 (net)
                      0.035945    0.000094    5.083498 ^ _0749_/B (sky130_fd_sc_hd__and2_1)
     1    0.003817    0.054559    0.119301    5.202799 ^ _0749_/X (sky130_fd_sc_hd__and2_1)
                                                         MATMULT_INST.cntrl.n_rst (net)
                      0.054560    0.000277    5.203076 ^ fanout37/A (sky130_fd_sc_hd__buf_2)
    17    0.055063    0.268539    0.265529    5.468605 ^ fanout37/X (sky130_fd_sc_hd__buf_2)
                                                         net37 (net)
                      0.268715    0.005724    5.474329 ^ fanout27/A (sky130_fd_sc_hd__buf_2)
     8    0.035941    0.178076    0.269905    5.744234 ^ fanout27/X (sky130_fd_sc_hd__buf_2)
                                                         net27 (net)
                      0.178266    0.003894    5.748128 ^ fanout26/A (sky130_fd_sc_hd__clkbuf_4)
    10    0.045440    0.143802    0.254365    6.002493 ^ fanout26/X (sky130_fd_sc_hd__clkbuf_4)
                                                         net26 (net)
                      0.143833    0.002086    6.004580 ^ _0989_/SET_B (sky130_fd_sc_hd__dfstp_2)
                                              6.004580   data arrival time

                                 25.000000   25.000000   clock clk (rise edge)
                                  0.000000   25.000000   clock source latency
     2    0.018194    0.087443    0.060611   25.060610 ^ clk (in)
                                                         clk (net)
                      0.087487    0.000000   25.060610 ^ clkbuf_0_clk/A (sky130_fd_sc_hd__clkbuf_16)
    17    0.112789    0.126581    0.207491   25.268101 ^ clkbuf_0_clk/X (sky130_fd_sc_hd__clkbuf_16)
                                                         clknet_0_clk (net)
                      0.127122    0.006624   25.274725 ^ clkbuf_3_1__f_clk/A (sky130_fd_sc_hd__clkbuf_16)
    16    0.047985    0.067209    0.176577   25.451302 ^ clkbuf_3_1__f_clk/X (sky130_fd_sc_hd__clkbuf_16)
                                                         clknet_3_1__leaf_clk (net)
                      0.067365    0.002744   25.454046 ^ _0989_/CLK (sky130_fd_sc_hd__dfstp_2)
                                 -0.250000   25.204048   clock uncertainty
                                  0.000000   25.204048   clock reconvergence pessimism
                                  0.132810   25.336857   library recovery time
                                             25.336857   data required time
---------------------------------------------------------------------------------------------
                                             25.336857   data required time
                                             -6.004580   data arrival time
---------------------------------------------------------------------------------------------
                                             19.332277   slack (MET)


Startpoint: en (input port clocked by clk)
Endpoint: _0980_ (recovery check against rising-edge clock clk)
Path Group: asynchronous
Path Type: max

Fanout         Cap        Slew       Delay        Time   Description
---------------------------------------------------------------------------------------------
                                  0.000000    0.000000   clock clk (rise edge)
                                  0.000000    0.000000   clock network delay (propagated)
                                  5.000000    5.000000 ^ input external delay
     2    0.004296    0.026230    0.015592    5.015592 ^ en (in)
                                                         en (net)
                      0.026231    0.000000    5.015592 ^ input1/A (sky130_fd_sc_hd__clkbuf_1)
     1    0.002045    0.035945    0.067812    5.083405 ^ input1/X (sky130_fd_sc_hd__clkbuf_1)
                                                         net1 (net)
                      0.035945    0.000094    5.083498 ^ _0749_/B (sky130_fd_sc_hd__and2_1)
     1    0.003817    0.054559    0.119301    5.202799 ^ _0749_/X (sky130_fd_sc_hd__and2_1)
                                                         MATMULT_INST.cntrl.n_rst (net)
                      0.054560    0.000277    5.203076 ^ fanout37/A (sky130_fd_sc_hd__buf_2)
    17    0.055063    0.268539    0.265529    5.468605 ^ fanout37/X (sky130_fd_sc_hd__buf_2)
                                                         net37 (net)
                      0.268715    0.005724    5.474329 ^ fanout27/A (sky130_fd_sc_hd__buf_2)
     8    0.035941    0.178076    0.269905    5.744234 ^ fanout27/X (sky130_fd_sc_hd__buf_2)
                                                         net27 (net)
                      0.178266    0.003894    5.748128 ^ fanout26/A (sky130_fd_sc_hd__clkbuf_4)
    10    0.045440    0.143802    0.254365    6.002493 ^ fanout26/X (sky130_fd_sc_hd__clkbuf_4)
                                                         net26 (net)
                      0.143884    0.003153    6.005647 ^ _0980_/SET_B (sky130_fd_sc_hd__dfstp_1)
                                              6.005647   data arrival time

                                 25.000000   25.000000   clock clk (rise edge)
                                  0.000000   25.000000   clock source latency
     2    0.018194    0.087443    0.060611   25.060610 ^ clk (in)
                                                         clk (net)
                      0.087487    0.000000   25.060610 ^ clkbuf_0_clk/A (sky130_fd_sc_hd__clkbuf_16)
    17    0.112789    0.126581    0.207491   25.268101 ^ clkbuf_0_clk/X (sky130_fd_sc_hd__clkbuf_16)
                                                         clknet_0_clk (net)
                      0.127122    0.006624   25.274725 ^ clkbuf_3_1__f_clk/A (sky130_fd_sc_hd__clkbuf_16)
    16    0.047985    0.067209    0.176577   25.451302 ^ clkbuf_3_1__f_clk/X (sky130_fd_sc_hd__clkbuf_16)
                                                         clknet_3_1__leaf_clk (net)
                      0.067392    0.002956   25.454258 ^ _0980_/CLK (sky130_fd_sc_hd__dfstp_1)
                                 -0.250000   25.204260   clock uncertainty
                                  0.000000   25.204260   clock reconvergence pessimism
                                  0.134223   25.338482   library recovery time
                                             25.338482   data required time
---------------------------------------------------------------------------------------------
                                             25.338482   data required time
                                             -6.005647   data arrival time
---------------------------------------------------------------------------------------------
                                             19.332834   slack (MET)


Startpoint: en (input port clocked by clk)
Endpoint: _0977_ (recovery check against rising-edge clock clk)
Path Group: asynchronous
Path Type: max

Fanout         Cap        Slew       Delay        Time   Description
---------------------------------------------------------------------------------------------
                                  0.000000    0.000000   clock clk (rise edge)
                                  0.000000    0.000000   clock network delay (propagated)
                                  5.000000    5.000000 ^ input external delay
     2    0.004296    0.026230    0.015592    5.015592 ^ en (in)
                                                         en (net)
                      0.026231    0.000000    5.015592 ^ input1/A (sky130_fd_sc_hd__clkbuf_1)
     1    0.002045    0.035945    0.067812    5.083405 ^ input1/X (sky130_fd_sc_hd__clkbuf_1)
                                                         net1 (net)
                      0.035945    0.000094    5.083498 ^ _0749_/B (sky130_fd_sc_hd__and2_1)
     1    0.003817    0.054559    0.119301    5.202799 ^ _0749_/X (sky130_fd_sc_hd__and2_1)
                                                         MATMULT_INST.cntrl.n_rst (net)
                      0.054560    0.000277    5.203076 ^ fanout37/A (sky130_fd_sc_hd__buf_2)
    17    0.055063    0.268539    0.265529    5.468605 ^ fanout37/X (sky130_fd_sc_hd__buf_2)
                                                         net37 (net)
                      0.268715    0.005724    5.474329 ^ fanout27/A (sky130_fd_sc_hd__buf_2)
     8    0.035941    0.178076    0.269905    5.744234 ^ fanout27/X (sky130_fd_sc_hd__buf_2)
                                                         net27 (net)
                      0.178266    0.003894    5.748128 ^ fanout26/A (sky130_fd_sc_hd__clkbuf_4)
    10    0.045440    0.143802    0.254365    6.002493 ^ fanout26/X (sky130_fd_sc_hd__clkbuf_4)
                                                         net26 (net)
                      0.143875    0.002986    6.005479 ^ _0977_/SET_B (sky130_fd_sc_hd__dfstp_1)
                                              6.005479   data arrival time

                                 25.000000   25.000000   clock clk (rise edge)
                                  0.000000   25.000000   clock source latency
     2    0.018194    0.087443    0.060611   25.060610 ^ clk (in)
                                                         clk (net)
                      0.087487    0.000000   25.060610 ^ clkbuf_0_clk/A (sky130_fd_sc_hd__clkbuf_16)
    17    0.112789    0.126581    0.207491   25.268101 ^ clkbuf_0_clk/X (sky130_fd_sc_hd__clkbuf_16)
                                                         clknet_0_clk (net)
                      0.127122    0.006624   25.274725 ^ clkbuf_3_1__f_clk/A (sky130_fd_sc_hd__clkbuf_16)
    16    0.047985    0.067209    0.176577   25.451302 ^ clkbuf_3_1__f_clk/X (sky130_fd_sc_hd__clkbuf_16)
                                                         clknet_3_1__leaf_clk (net)
                      0.067376    0.002837   25.454140 ^ _0977_/CLK (sky130_fd_sc_hd__dfstp_1)
                                 -0.250000   25.204140   clock uncertainty
                                  0.000000   25.204140   clock reconvergence pessimism
                                  0.134220   25.338360   library recovery time
                                             25.338360   data required time
---------------------------------------------------------------------------------------------
                                             25.338360   data required time
                                             -6.005479   data arrival time
---------------------------------------------------------------------------------------------
                                             19.332880   slack (MET)


Startpoint: en (input port clocked by clk)
Endpoint: _0984_ (recovery check against rising-edge clock clk)
Path Group: asynchronous
Path Type: max

Fanout         Cap        Slew       Delay        Time   Description
---------------------------------------------------------------------------------------------
                                  0.000000    0.000000   clock clk (rise edge)
                                  0.000000    0.000000   clock network delay (propagated)
                                  5.000000    5.000000 ^ input external delay
     2    0.004296    0.026230    0.015592    5.015592 ^ en (in)
                                                         en (net)
                      0.026231    0.000000    5.015592 ^ input1/A (sky130_fd_sc_hd__clkbuf_1)
     1    0.002045    0.035945    0.067812    5.083405 ^ input1/X (sky130_fd_sc_hd__clkbuf_1)
                                                         net1 (net)
                      0.035945    0.000094    5.083498 ^ _0749_/B (sky130_fd_sc_hd__and2_1)
     1    0.003817    0.054559    0.119301    5.202799 ^ _0749_/X (sky130_fd_sc_hd__and2_1)
                                                         MATMULT_INST.cntrl.n_rst (net)
                      0.054560    0.000277    5.203076 ^ fanout37/A (sky130_fd_sc_hd__buf_2)
    17    0.055063    0.268539    0.265529    5.468605 ^ fanout37/X (sky130_fd_sc_hd__buf_2)
                                                         net37 (net)
                      0.268715    0.005724    5.474329 ^ fanout27/A (sky130_fd_sc_hd__buf_2)
     8    0.035941    0.178076    0.269905    5.744234 ^ fanout27/X (sky130_fd_sc_hd__buf_2)
                                                         net27 (net)
                      0.178266    0.003894    5.748128 ^ fanout26/A (sky130_fd_sc_hd__clkbuf_4)
    10    0.045440    0.143802    0.254365    6.002493 ^ fanout26/X (sky130_fd_sc_hd__clkbuf_4)
                                                         net26 (net)
                      0.143854    0.002590    6.005083 ^ _0984_/SET_B (sky130_fd_sc_hd__dfstp_1)
                                              6.005083   data arrival time

                                 25.000000   25.000000   clock clk (rise edge)
                                  0.000000   25.000000   clock source latency
     2    0.018194    0.087443    0.060611   25.060610 ^ clk (in)
                                                         clk (net)
                      0.087487    0.000000   25.060610 ^ clkbuf_0_clk/A (sky130_fd_sc_hd__clkbuf_16)
    17    0.112789    0.126581    0.207491   25.268101 ^ clkbuf_0_clk/X (sky130_fd_sc_hd__clkbuf_16)
                                                         clknet_0_clk (net)
                      0.127122    0.006624   25.274725 ^ clkbuf_3_1__f_clk/A (sky130_fd_sc_hd__clkbuf_16)
    16    0.047985    0.067209    0.176577   25.451302 ^ clkbuf_3_1__f_clk/X (sky130_fd_sc_hd__clkbuf_16)
                                                         clknet_3_1__leaf_clk (net)
                      0.067356    0.002675   25.453978 ^ _0984_/CLK (sky130_fd_sc_hd__dfstp_1)
                                 -0.250000   25.203978   clock uncertainty
                                  0.000000   25.203978   clock reconvergence pessimism
                                  0.134216   25.338194   library recovery time
                                             25.338194   data required time
---------------------------------------------------------------------------------------------
                                             25.338194   data required time
                                             -6.005083   data arrival time
---------------------------------------------------------------------------------------------
                                             19.333111   slack (MET)


Startpoint: en (input port clocked by clk)
Endpoint: _0986_ (recovery check against rising-edge clock clk)
Path Group: asynchronous
Path Type: max

Fanout         Cap        Slew       Delay        Time   Description
---------------------------------------------------------------------------------------------
                                  0.000000    0.000000   clock clk (rise edge)
                                  0.000000    0.000000   clock network delay (propagated)
                                  5.000000    5.000000 ^ input external delay
     2    0.004296    0.026230    0.015592    5.015592 ^ en (in)
                                                         en (net)
                      0.026231    0.000000    5.015592 ^ input1/A (sky130_fd_sc_hd__clkbuf_1)
     1    0.002045    0.035945    0.067812    5.083405 ^ input1/X (sky130_fd_sc_hd__clkbuf_1)
                                                         net1 (net)
                      0.035945    0.000094    5.083498 ^ _0749_/B (sky130_fd_sc_hd__and2_1)
     1    0.003817    0.054559    0.119301    5.202799 ^ _0749_/X (sky130_fd_sc_hd__and2_1)
                                                         MATMULT_INST.cntrl.n_rst (net)
                      0.054560    0.000277    5.203076 ^ fanout37/A (sky130_fd_sc_hd__buf_2)
    17    0.055063    0.268539    0.265529    5.468605 ^ fanout37/X (sky130_fd_sc_hd__buf_2)
                                                         net37 (net)
                      0.268715    0.005724    5.474329 ^ fanout27/A (sky130_fd_sc_hd__buf_2)
     8    0.035941    0.178076    0.269905    5.744234 ^ fanout27/X (sky130_fd_sc_hd__buf_2)
                                                         net27 (net)
                      0.178266    0.003894    5.748128 ^ fanout26/A (sky130_fd_sc_hd__clkbuf_4)
    10    0.045440    0.143802    0.254365    6.002493 ^ fanout26/X (sky130_fd_sc_hd__clkbuf_4)
                                                         net26 (net)
                      0.143847    0.002421    6.004914 ^ _0986_/SET_B (sky130_fd_sc_hd__dfstp_1)
                                              6.004914   data arrival time

                                 25.000000   25.000000   clock clk (rise edge)
                                  0.000000   25.000000   clock source latency
     2    0.018194    0.087443    0.060611   25.060610 ^ clk (in)
                                                         clk (net)
                      0.087487    0.000000   25.060610 ^ clkbuf_0_clk/A (sky130_fd_sc_hd__clkbuf_16)
    17    0.112789    0.126581    0.207491   25.268101 ^ clkbuf_0_clk/X (sky130_fd_sc_hd__clkbuf_16)
                                                         clknet_0_clk (net)
                      0.127122    0.006624   25.274725 ^ clkbuf_3_1__f_clk/A (sky130_fd_sc_hd__clkbuf_16)
    16    0.047985    0.067209    0.176577   25.451302 ^ clkbuf_3_1__f_clk/X (sky130_fd_sc_hd__clkbuf_16)
                                                         clknet_3_1__leaf_clk (net)
                      0.067358    0.002693   25.453995 ^ _0986_/CLK (sky130_fd_sc_hd__dfstp_1)
                                 -0.250000   25.203997   clock uncertainty
                                  0.000000   25.203997   clock reconvergence pessimism
                                  0.134218   25.338215   library recovery time
                                             25.338215   data required time
---------------------------------------------------------------------------------------------
                                             25.338215   data required time
                                             -6.004914   data arrival time
---------------------------------------------------------------------------------------------
                                             19.333300   slack (MET)


Startpoint: en (input port clocked by clk)
Endpoint: _1034_ (recovery check against rising-edge clock clk)
Path Group: asynchronous
Path Type: max

Fanout         Cap        Slew       Delay        Time   Description
---------------------------------------------------------------------------------------------
                                  0.000000    0.000000   clock clk (rise edge)
                                  0.000000    0.000000   clock network delay (propagated)
                                  5.000000    5.000000 ^ input external delay
     2    0.004296    0.026230    0.015592    5.015592 ^ en (in)
                                                         en (net)
                      0.026231    0.000000    5.015592 ^ input1/A (sky130_fd_sc_hd__clkbuf_1)
     1    0.002045    0.035945    0.067812    5.083405 ^ input1/X (sky130_fd_sc_hd__clkbuf_1)
                                                         net1 (net)
                      0.035945    0.000094    5.083498 ^ _0749_/B (sky130_fd_sc_hd__and2_1)
     1    0.003817    0.054559    0.119301    5.202799 ^ _0749_/X (sky130_fd_sc_hd__and2_1)
                                                         MATMULT_INST.cntrl.n_rst (net)
                      0.054560    0.000277    5.203076 ^ fanout37/A (sky130_fd_sc_hd__buf_2)
    17    0.055063    0.268539    0.265529    5.468605 ^ fanout37/X (sky130_fd_sc_hd__buf_2)
                                                         net37 (net)
                      0.268715    0.005724    5.474329 ^ fanout27/A (sky130_fd_sc_hd__buf_2)
     8    0.035941    0.178076    0.269905    5.744234 ^ fanout27/X (sky130_fd_sc_hd__buf_2)
                                                         net27 (net)
                      0.178190    0.002464    5.746697 ^ fanout25/A (sky130_fd_sc_hd__clkbuf_4)
    10    0.044167    0.141049    0.250162    5.996859 ^ fanout25/X (sky130_fd_sc_hd__clkbuf_4)
                                                         net25 (net)
                      0.141479    0.005839    6.002698 ^ _1034_/SET_B (sky130_fd_sc_hd__dfstp_1)
                                              6.002698   data arrival time

                                 25.000000   25.000000   clock clk (rise edge)
                                  0.000000   25.000000   clock source latency
     2    0.018194    0.087443    0.060611   25.060610 ^ clk (in)
                                                         clk (net)
                      0.087487    0.000000   25.060610 ^ clkbuf_0_clk/A (sky130_fd_sc_hd__clkbuf_16)
    17    0.112789    0.126581    0.207491   25.268101 ^ clkbuf_0_clk/X (sky130_fd_sc_hd__clkbuf_16)
                                                         clknet_0_clk (net)
                      0.127233    0.007255   25.275356 ^ clkbuf_3_0__f_clk/A (sky130_fd_sc_hd__clkbuf_16)
    12    0.045397    0.064813    0.174575   25.449930 ^ clkbuf_3_0__f_clk/X (sky130_fd_sc_hd__clkbuf_16)
                                                         clknet_3_0__leaf_clk (net)
                      0.065172    0.003446   25.453377 ^ _1034_/CLK (sky130_fd_sc_hd__dfstp_1)
                                 -0.250000   25.203379   clock uncertainty
                                  0.000000   25.203379   clock reconvergence pessimism
                                  0.133836   25.337214   library recovery time
                                             25.337214   data required time
---------------------------------------------------------------------------------------------
                                             25.337214   data required time
                                             -6.002698   data arrival time
---------------------------------------------------------------------------------------------
                                             19.334515   slack (MET)


Startpoint: en (input port clocked by clk)
Endpoint: _1035_ (recovery check against rising-edge clock clk)
Path Group: asynchronous
Path Type: max

Fanout         Cap        Slew       Delay        Time   Description
---------------------------------------------------------------------------------------------
                                  0.000000    0.000000   clock clk (rise edge)
                                  0.000000    0.000000   clock network delay (propagated)
                                  5.000000    5.000000 ^ input external delay
     2    0.004296    0.026230    0.015592    5.015592 ^ en (in)
                                                         en (net)
                      0.026231    0.000000    5.015592 ^ input1/A (sky130_fd_sc_hd__clkbuf_1)
     1    0.002045    0.035945    0.067812    5.083405 ^ input1/X (sky130_fd_sc_hd__clkbuf_1)
                                                         net1 (net)
                      0.035945    0.000094    5.083498 ^ _0749_/B (sky130_fd_sc_hd__and2_1)
     1    0.003817    0.054559    0.119301    5.202799 ^ _0749_/X (sky130_fd_sc_hd__and2_1)
                                                         MATMULT_INST.cntrl.n_rst (net)
                      0.054560    0.000277    5.203076 ^ fanout37/A (sky130_fd_sc_hd__buf_2)
    17    0.055063    0.268539    0.265529    5.468605 ^ fanout37/X (sky130_fd_sc_hd__buf_2)
                                                         net37 (net)
                      0.268715    0.005724    5.474329 ^ fanout27/A (sky130_fd_sc_hd__buf_2)
     8    0.035941    0.178076    0.269905    5.744234 ^ fanout27/X (sky130_fd_sc_hd__buf_2)
                                                         net27 (net)
                      0.178190    0.002464    5.746697 ^ fanout25/A (sky130_fd_sc_hd__clkbuf_4)
    10    0.044167    0.141049    0.250162    5.996859 ^ fanout25/X (sky130_fd_sc_hd__clkbuf_4)
                                                         net25 (net)
                      0.141460    0.005687    6.002547 ^ _1035_/SET_B (sky130_fd_sc_hd__dfstp_1)
                                              6.002547   data arrival time

                                 25.000000   25.000000   clock clk (rise edge)
                                  0.000000   25.000000   clock source latency
     2    0.018194    0.087443    0.060611   25.060610 ^ clk (in)
                                                         clk (net)
                      0.087487    0.000000   25.060610 ^ clkbuf_0_clk/A (sky130_fd_sc_hd__clkbuf_16)
    17    0.112789    0.126581    0.207491   25.268101 ^ clkbuf_0_clk/X (sky130_fd_sc_hd__clkbuf_16)
                                                         clknet_0_clk (net)
                      0.127233    0.007255   25.275356 ^ clkbuf_3_0__f_clk/A (sky130_fd_sc_hd__clkbuf_16)
    12    0.045397    0.064813    0.174575   25.449930 ^ clkbuf_3_0__f_clk/X (sky130_fd_sc_hd__clkbuf_16)
                                                         clknet_3_0__leaf_clk (net)
                      0.065151    0.003313   25.453243 ^ _1035_/CLK (sky130_fd_sc_hd__dfstp_1)
                                 -0.250000   25.203245   clock uncertainty
                                  0.000000   25.203245   clock reconvergence pessimism
                                  0.133832   25.337078   library recovery time
                                             25.337078   data required time
---------------------------------------------------------------------------------------------
                                             25.337078   data required time
                                             -6.002547   data arrival time
---------------------------------------------------------------------------------------------
                                             19.334532   slack (MET)


Startpoint: en (input port clocked by clk)
Endpoint: _1037_ (recovery check against rising-edge clock clk)
Path Group: asynchronous
Path Type: max

Fanout         Cap        Slew       Delay        Time   Description
---------------------------------------------------------------------------------------------
                                  0.000000    0.000000   clock clk (rise edge)
                                  0.000000    0.000000   clock network delay (propagated)
                                  5.000000    5.000000 ^ input external delay
     2    0.004296    0.026230    0.015592    5.015592 ^ en (in)
                                                         en (net)
                      0.026231    0.000000    5.015592 ^ input1/A (sky130_fd_sc_hd__clkbuf_1)
     1    0.002045    0.035945    0.067812    5.083405 ^ input1/X (sky130_fd_sc_hd__clkbuf_1)
                                                         net1 (net)
                      0.035945    0.000094    5.083498 ^ _0749_/B (sky130_fd_sc_hd__and2_1)
     1    0.003817    0.054559    0.119301    5.202799 ^ _0749_/X (sky130_fd_sc_hd__and2_1)
                                                         MATMULT_INST.cntrl.n_rst (net)
                      0.054560    0.000277    5.203076 ^ fanout37/A (sky130_fd_sc_hd__buf_2)
    17    0.055063    0.268539    0.265529    5.468605 ^ fanout37/X (sky130_fd_sc_hd__buf_2)
                                                         net37 (net)
                      0.268715    0.005724    5.474329 ^ fanout27/A (sky130_fd_sc_hd__buf_2)
     8    0.035941    0.178076    0.269905    5.744234 ^ fanout27/X (sky130_fd_sc_hd__buf_2)
                                                         net27 (net)
                      0.178190    0.002464    5.746697 ^ fanout25/A (sky130_fd_sc_hd__clkbuf_4)
    10    0.044167    0.141049    0.250162    5.996859 ^ fanout25/X (sky130_fd_sc_hd__clkbuf_4)
                                                         net25 (net)
                      0.141239    0.003459    6.000318 ^ _1037_/SET_B (sky130_fd_sc_hd__dfstp_1)
                                              6.000318   data arrival time

                                 25.000000   25.000000   clock clk (rise edge)
                                  0.000000   25.000000   clock source latency
     2    0.018194    0.087443    0.060611   25.060610 ^ clk (in)
                                                         clk (net)
                      0.087487    0.000000   25.060610 ^ clkbuf_0_clk/A (sky130_fd_sc_hd__clkbuf_16)
    17    0.112789    0.126581    0.207491   25.268101 ^ clkbuf_0_clk/X (sky130_fd_sc_hd__clkbuf_16)
                                                         clknet_0_clk (net)
                      0.127233    0.007255   25.275356 ^ clkbuf_3_0__f_clk/A (sky130_fd_sc_hd__clkbuf_16)
    12    0.045397    0.064813    0.174575   25.449930 ^ clkbuf_3_0__f_clk/X (sky130_fd_sc_hd__clkbuf_16)
                                                         clknet_3_0__leaf_clk (net)
                      0.064828    0.001195   25.451126 ^ _1037_/CLK (sky130_fd_sc_hd__dfstp_1)
                                 -0.250000   25.201128   clock uncertainty
                                  0.000000   25.201128   clock reconvergence pessimism
                                  0.133764   25.334890   library recovery time
                                             25.334890   data required time
---------------------------------------------------------------------------------------------
                                             25.334890   data required time
                                             -6.000318   data arrival time
---------------------------------------------------------------------------------------------
                                             19.334572   slack (MET)


Startpoint: en (input port clocked by clk)
Endpoint: _0959_ (recovery check against rising-edge clock clk)
Path Group: asynchronous
Path Type: max

Fanout         Cap        Slew       Delay        Time   Description
---------------------------------------------------------------------------------------------
                                  0.000000    0.000000   clock clk (rise edge)
                                  0.000000    0.000000   clock network delay (propagated)
                                  5.000000    5.000000 ^ input external delay
     2    0.004296    0.026230    0.015592    5.015592 ^ en (in)
                                                         en (net)
                      0.026231    0.000000    5.015592 ^ input1/A (sky130_fd_sc_hd__clkbuf_1)
     1    0.002045    0.035945    0.067812    5.083405 ^ input1/X (sky130_fd_sc_hd__clkbuf_1)
                                                         net1 (net)
                      0.035945    0.000094    5.083498 ^ _0749_/B (sky130_fd_sc_hd__and2_1)
     1    0.003817    0.054559    0.119301    5.202799 ^ _0749_/X (sky130_fd_sc_hd__and2_1)
                                                         MATMULT_INST.cntrl.n_rst (net)
                      0.054560    0.000277    5.203076 ^ fanout37/A (sky130_fd_sc_hd__buf_2)
    17    0.055063    0.268539    0.265529    5.468605 ^ fanout37/X (sky130_fd_sc_hd__buf_2)
                                                         net37 (net)
                      0.268715    0.005724    5.474329 ^ fanout27/A (sky130_fd_sc_hd__buf_2)
     8    0.035941    0.178076    0.269905    5.744234 ^ fanout27/X (sky130_fd_sc_hd__buf_2)
                                                         net27 (net)
                      0.178190    0.002464    5.746697 ^ fanout25/A (sky130_fd_sc_hd__clkbuf_4)
    10    0.044167    0.141049    0.250162    5.996859 ^ fanout25/X (sky130_fd_sc_hd__clkbuf_4)
                                                         net25 (net)
                      0.141413    0.005299    6.002159 ^ _0959_/SET_B (sky130_fd_sc_hd__dfstp_1)
                                              6.002159   data arrival time

                                 25.000000   25.000000   clock clk (rise edge)
                                  0.000000   25.000000   clock source latency
     2    0.018194    0.087443    0.060611   25.060610 ^ clk (in)
                                                         clk (net)
                      0.087487    0.000000   25.060610 ^ clkbuf_0_clk/A (sky130_fd_sc_hd__clkbuf_16)
    17    0.112789    0.126581    0.207491   25.268101 ^ clkbuf_0_clk/X (sky130_fd_sc_hd__clkbuf_16)
                                                         clknet_0_clk (net)
                      0.127233    0.007255   25.275356 ^ clkbuf_3_0__f_clk/A (sky130_fd_sc_hd__clkbuf_16)
    12    0.045397    0.064813    0.174575   25.449930 ^ clkbuf_3_0__f_clk/X (sky130_fd_sc_hd__clkbuf_16)
                                                         clknet_3_0__leaf_clk (net)
                      0.065172    0.003444   25.453375 ^ _0959_/CLK (sky130_fd_sc_hd__dfstp_1)
                                 -0.250000   25.203377   clock uncertainty
                                  0.000000   25.203377   clock reconvergence pessimism
                                  0.133843   25.337219   library recovery time
                                             25.337219   data required time
---------------------------------------------------------------------------------------------
                                             25.337219   data required time
                                             -6.002159   data arrival time
---------------------------------------------------------------------------------------------
                                             19.335060   slack (MET)


Startpoint: en (input port clocked by clk)
Endpoint: _0960_ (recovery check against rising-edge clock clk)
Path Group: asynchronous
Path Type: max

Fanout         Cap        Slew       Delay        Time   Description
---------------------------------------------------------------------------------------------
                                  0.000000    0.000000   clock clk (rise edge)
                                  0.000000    0.000000   clock network delay (propagated)
                                  5.000000    5.000000 ^ input external delay
     2    0.004296    0.026230    0.015592    5.015592 ^ en (in)
                                                         en (net)
                      0.026231    0.000000    5.015592 ^ input1/A (sky130_fd_sc_hd__clkbuf_1)
     1    0.002045    0.035945    0.067812    5.083405 ^ input1/X (sky130_fd_sc_hd__clkbuf_1)
                                                         net1 (net)
                      0.035945    0.000094    5.083498 ^ _0749_/B (sky130_fd_sc_hd__and2_1)
     1    0.003817    0.054559    0.119301    5.202799 ^ _0749_/X (sky130_fd_sc_hd__and2_1)
                                                         MATMULT_INST.cntrl.n_rst (net)
                      0.054560    0.000277    5.203076 ^ fanout37/A (sky130_fd_sc_hd__buf_2)
    17    0.055063    0.268539    0.265529    5.468605 ^ fanout37/X (sky130_fd_sc_hd__buf_2)
                                                         net37 (net)
                      0.268715    0.005724    5.474329 ^ fanout27/A (sky130_fd_sc_hd__buf_2)
     8    0.035941    0.178076    0.269905    5.744234 ^ fanout27/X (sky130_fd_sc_hd__buf_2)
                                                         net27 (net)
                      0.178190    0.002464    5.746697 ^ fanout25/A (sky130_fd_sc_hd__clkbuf_4)
    10    0.044167    0.141049    0.250162    5.996859 ^ fanout25/X (sky130_fd_sc_hd__clkbuf_4)
                                                         net25 (net)
                      0.141362    0.004838    6.001698 ^ _0960_/SET_B (sky130_fd_sc_hd__dfstp_1)
                                              6.001698   data arrival time

                                 25.000000   25.000000   clock clk (rise edge)
                                  0.000000   25.000000   clock source latency
     2    0.018194    0.087443    0.060611   25.060610 ^ clk (in)
                                                         clk (net)
                      0.087487    0.000000   25.060610 ^ clkbuf_0_clk/A (sky130_fd_sc_hd__clkbuf_16)
    17    0.112789    0.126581    0.207491   25.268101 ^ clkbuf_0_clk/X (sky130_fd_sc_hd__clkbuf_16)
                                                         clknet_0_clk (net)
                      0.127233    0.007255   25.275356 ^ clkbuf_3_0__f_clk/A (sky130_fd_sc_hd__clkbuf_16)
    12    0.045397    0.064813    0.174575   25.449930 ^ clkbuf_3_0__f_clk/X (sky130_fd_sc_hd__clkbuf_16)
                                                         clknet_3_0__leaf_clk (net)
                      0.065136    0.003221   25.453152 ^ _0960_/CLK (sky130_fd_sc_hd__dfstp_1)
                                 -0.250000   25.203152   clock uncertainty
                                  0.000000   25.203152   clock reconvergence pessimism
                                  0.133838   25.336990   library recovery time
                                             25.336990   data required time
---------------------------------------------------------------------------------------------
                                             25.336990   data required time
                                             -6.001698   data arrival time
---------------------------------------------------------------------------------------------
                                             19.335293   slack (MET)


Startpoint: en (input port clocked by clk)
Endpoint: _0961_ (recovery check against rising-edge clock clk)
Path Group: asynchronous
Path Type: max

Fanout         Cap        Slew       Delay        Time   Description
---------------------------------------------------------------------------------------------
                                  0.000000    0.000000   clock clk (rise edge)
                                  0.000000    0.000000   clock network delay (propagated)
                                  5.000000    5.000000 ^ input external delay
     2    0.004296    0.026230    0.015592    5.015592 ^ en (in)
                                                         en (net)
                      0.026231    0.000000    5.015592 ^ input1/A (sky130_fd_sc_hd__clkbuf_1)
     1    0.002045    0.035945    0.067812    5.083405 ^ input1/X (sky130_fd_sc_hd__clkbuf_1)
                                                         net1 (net)
                      0.035945    0.000094    5.083498 ^ _0749_/B (sky130_fd_sc_hd__and2_1)
     1    0.003817    0.054559    0.119301    5.202799 ^ _0749_/X (sky130_fd_sc_hd__and2_1)
                                                         MATMULT_INST.cntrl.n_rst (net)
                      0.054560    0.000277    5.203076 ^ fanout37/A (sky130_fd_sc_hd__buf_2)
    17    0.055063    0.268539    0.265529    5.468605 ^ fanout37/X (sky130_fd_sc_hd__buf_2)
                                                         net37 (net)
                      0.268715    0.005724    5.474329 ^ fanout27/A (sky130_fd_sc_hd__buf_2)
     8    0.035941    0.178076    0.269905    5.744234 ^ fanout27/X (sky130_fd_sc_hd__buf_2)
                                                         net27 (net)
                      0.178190    0.002464    5.746697 ^ fanout25/A (sky130_fd_sc_hd__clkbuf_4)
    10    0.044167    0.141049    0.250162    5.996859 ^ fanout25/X (sky130_fd_sc_hd__clkbuf_4)
                                                         net25 (net)
                      0.141350    0.004724    6.001583 ^ _0961_/SET_B (sky130_fd_sc_hd__dfstp_1)
                                              6.001583   data arrival time

                                 25.000000   25.000000   clock clk (rise edge)
                                  0.000000   25.000000   clock source latency
     2    0.018194    0.087443    0.060611   25.060610 ^ clk (in)
                                                         clk (net)
                      0.087487    0.000000   25.060610 ^ clkbuf_0_clk/A (sky130_fd_sc_hd__clkbuf_16)
    17    0.112789    0.126581    0.207491   25.268101 ^ clkbuf_0_clk/X (sky130_fd_sc_hd__clkbuf_16)
                                                         clknet_0_clk (net)
                      0.127233    0.007255   25.275356 ^ clkbuf_3_0__f_clk/A (sky130_fd_sc_hd__clkbuf_16)
    12    0.045397    0.064813    0.174575   25.449930 ^ clkbuf_3_0__f_clk/X (sky130_fd_sc_hd__clkbuf_16)
                                                         clknet_3_0__leaf_clk (net)
                      0.065135    0.003212   25.453142 ^ _0961_/CLK (sky130_fd_sc_hd__dfstp_1)
                                 -0.250000   25.203144   clock uncertainty
                                  0.000000   25.203144   clock reconvergence pessimism
                                  0.133838   25.336981   library recovery time
                                             25.336981   data required time
---------------------------------------------------------------------------------------------
                                             25.336981   data required time
                                             -6.001583   data arrival time
---------------------------------------------------------------------------------------------
                                             19.335398   slack (MET)


Startpoint: en (input port clocked by clk)
Endpoint: _0976_ (recovery check against rising-edge clock clk)
Path Group: asynchronous
Path Type: max

Fanout         Cap        Slew       Delay        Time   Description
---------------------------------------------------------------------------------------------
                                  0.000000    0.000000   clock clk (rise edge)
                                  0.000000    0.000000   clock network delay (propagated)
                                  5.000000    5.000000 ^ input external delay
     2    0.004296    0.026230    0.015592    5.015592 ^ en (in)
                                                         en (net)
                      0.026231    0.000000    5.015592 ^ input1/A (sky130_fd_sc_hd__clkbuf_1)
     1    0.002045    0.035945    0.067812    5.083405 ^ input1/X (sky130_fd_sc_hd__clkbuf_1)
                                                         net1 (net)
                      0.035945    0.000094    5.083498 ^ _0749_/B (sky130_fd_sc_hd__and2_1)
     1    0.003817    0.054559    0.119301    5.202799 ^ _0749_/X (sky130_fd_sc_hd__and2_1)
                                                         MATMULT_INST.cntrl.n_rst (net)
                      0.054560    0.000277    5.203076 ^ fanout37/A (sky130_fd_sc_hd__buf_2)
    17    0.055063    0.268539    0.265529    5.468605 ^ fanout37/X (sky130_fd_sc_hd__buf_2)
                                                         net37 (net)
                      0.268715    0.005724    5.474329 ^ fanout27/A (sky130_fd_sc_hd__buf_2)
     8    0.035941    0.178076    0.269905    5.744234 ^ fanout27/X (sky130_fd_sc_hd__buf_2)
                                                         net27 (net)
                      0.178190    0.002464    5.746697 ^ fanout25/A (sky130_fd_sc_hd__clkbuf_4)
    10    0.044167    0.141049    0.250162    5.996859 ^ fanout25/X (sky130_fd_sc_hd__clkbuf_4)
                                                         net25 (net)
                      0.141527    0.006200    6.003059 ^ _0976_/SET_B (sky130_fd_sc_hd__dfstp_1)
                                              6.003059   data arrival time

                                 25.000000   25.000000   clock clk (rise edge)
                                  0.000000   25.000000   clock source latency
     2    0.018194    0.087443    0.060611   25.060610 ^ clk (in)
                                                         clk (net)
                      0.087487    0.000000   25.060610 ^ clkbuf_0_clk/A (sky130_fd_sc_hd__clkbuf_16)
    17    0.112789    0.126581    0.207491   25.268101 ^ clkbuf_0_clk/X (sky130_fd_sc_hd__clkbuf_16)
                                                         clknet_0_clk (net)
                      0.127122    0.006624   25.274725 ^ clkbuf_3_1__f_clk/A (sky130_fd_sc_hd__clkbuf_16)
    16    0.047985    0.067209    0.176577   25.451302 ^ clkbuf_3_1__f_clk/X (sky130_fd_sc_hd__clkbuf_16)
                                                         clknet_3_1__leaf_clk (net)
                      0.067387    0.002915   25.454218 ^ _0976_/CLK (sky130_fd_sc_hd__dfstp_1)
                                 -0.250000   25.204218   clock uncertainty
                                  0.000000   25.204218   clock reconvergence pessimism
                                  0.134449   25.338667   library recovery time
                                             25.338667   data required time
---------------------------------------------------------------------------------------------
                                             25.338667   data required time
                                             -6.003059   data arrival time
---------------------------------------------------------------------------------------------
                                             19.335608   slack (MET)


Startpoint: en (input port clocked by clk)
Endpoint: _0981_ (recovery check against rising-edge clock clk)
Path Group: asynchronous
Path Type: max

Fanout         Cap        Slew       Delay        Time   Description
---------------------------------------------------------------------------------------------
                                  0.000000    0.000000   clock clk (rise edge)
                                  0.000000    0.000000   clock network delay (propagated)
                                  5.000000    5.000000 ^ input external delay
     2    0.004296    0.026230    0.015592    5.015592 ^ en (in)
                                                         en (net)
                      0.026231    0.000000    5.015592 ^ input1/A (sky130_fd_sc_hd__clkbuf_1)
     1    0.002045    0.035945    0.067812    5.083405 ^ input1/X (sky130_fd_sc_hd__clkbuf_1)
                                                         net1 (net)
                      0.035945    0.000094    5.083498 ^ _0749_/B (sky130_fd_sc_hd__and2_1)
     1    0.003817    0.054559    0.119301    5.202799 ^ _0749_/X (sky130_fd_sc_hd__and2_1)
                                                         MATMULT_INST.cntrl.n_rst (net)
                      0.054560    0.000277    5.203076 ^ fanout37/A (sky130_fd_sc_hd__buf_2)
    17    0.055063    0.268539    0.265529    5.468605 ^ fanout37/X (sky130_fd_sc_hd__buf_2)
                                                         net37 (net)
                      0.268715    0.005724    5.474329 ^ fanout27/A (sky130_fd_sc_hd__buf_2)
     8    0.035941    0.178076    0.269905    5.744234 ^ fanout27/X (sky130_fd_sc_hd__buf_2)
                                                         net27 (net)
                      0.178190    0.002464    5.746697 ^ fanout25/A (sky130_fd_sc_hd__clkbuf_4)
    10    0.044167    0.141049    0.250162    5.996859 ^ fanout25/X (sky130_fd_sc_hd__clkbuf_4)
                                                         net25 (net)
                      0.141525    0.006183    6.003042 ^ _0981_/SET_B (sky130_fd_sc_hd__dfstp_1)
                                              6.003042   data arrival time

                                 25.000000   25.000000   clock clk (rise edge)
                                  0.000000   25.000000   clock source latency
     2    0.018194    0.087443    0.060611   25.060610 ^ clk (in)
                                                         clk (net)
                      0.087487    0.000000   25.060610 ^ clkbuf_0_clk/A (sky130_fd_sc_hd__clkbuf_16)
    17    0.112789    0.126581    0.207491   25.268101 ^ clkbuf_0_clk/X (sky130_fd_sc_hd__clkbuf_16)
                                                         clknet_0_clk (net)
                      0.127122    0.006624   25.274725 ^ clkbuf_3_1__f_clk/A (sky130_fd_sc_hd__clkbuf_16)
    16    0.047985    0.067209    0.176577   25.451302 ^ clkbuf_3_1__f_clk/X (sky130_fd_sc_hd__clkbuf_16)
                                                         clknet_3_1__leaf_clk (net)
                      0.067384    0.002895   25.454197 ^ _0981_/CLK (sky130_fd_sc_hd__dfstp_1)
                                 -0.250000   25.204199   clock uncertainty
                                  0.000000   25.204199   clock reconvergence pessimism
                                  0.134449   25.338648   library recovery time
                                             25.338648   data required time
---------------------------------------------------------------------------------------------
                                             25.338648   data required time
                                             -6.003042   data arrival time
---------------------------------------------------------------------------------------------
                                             19.335606   slack (MET)


Startpoint: en (input port clocked by clk)
Endpoint: _1036_ (recovery check against rising-edge clock clk)
Path Group: asynchronous
Path Type: max

Fanout         Cap        Slew       Delay        Time   Description
---------------------------------------------------------------------------------------------
                                  0.000000    0.000000   clock clk (rise edge)
                                  0.000000    0.000000   clock network delay (propagated)
                                  5.000000    5.000000 ^ input external delay
     2    0.004296    0.026230    0.015592    5.015592 ^ en (in)
                                                         en (net)
                      0.026231    0.000000    5.015592 ^ input1/A (sky130_fd_sc_hd__clkbuf_1)
     1    0.002045    0.035945    0.067812    5.083405 ^ input1/X (sky130_fd_sc_hd__clkbuf_1)
                                                         net1 (net)
                      0.035945    0.000094    5.083498 ^ _0749_/B (sky130_fd_sc_hd__and2_1)
     1    0.003817    0.054559    0.119301    5.202799 ^ _0749_/X (sky130_fd_sc_hd__and2_1)
                                                         MATMULT_INST.cntrl.n_rst (net)
                      0.054560    0.000277    5.203076 ^ fanout37/A (sky130_fd_sc_hd__buf_2)
    17    0.055063    0.268539    0.265529    5.468605 ^ fanout37/X (sky130_fd_sc_hd__buf_2)
                                                         net37 (net)
                      0.268715    0.005724    5.474329 ^ fanout27/A (sky130_fd_sc_hd__buf_2)
     8    0.035941    0.178076    0.269905    5.744234 ^ fanout27/X (sky130_fd_sc_hd__buf_2)
                                                         net27 (net)
                      0.178190    0.002464    5.746697 ^ fanout25/A (sky130_fd_sc_hd__clkbuf_4)
    10    0.044167    0.141049    0.250162    5.996859 ^ fanout25/X (sky130_fd_sc_hd__clkbuf_4)
                                                         net25 (net)
                      0.141290    0.004094    6.000953 ^ _1036_/SET_B (sky130_fd_sc_hd__dfstp_1)
                                              6.000953   data arrival time

                                 25.000000   25.000000   clock clk (rise edge)
                                  0.000000   25.000000   clock source latency
     2    0.018194    0.087443    0.060611   25.060610 ^ clk (in)
                                                         clk (net)
                      0.087487    0.000000   25.060610 ^ clkbuf_0_clk/A (sky130_fd_sc_hd__clkbuf_16)
    17    0.112789    0.126581    0.207491   25.268101 ^ clkbuf_0_clk/X (sky130_fd_sc_hd__clkbuf_16)
                                                         clknet_0_clk (net)
                      0.127233    0.007255   25.275356 ^ clkbuf_3_0__f_clk/A (sky130_fd_sc_hd__clkbuf_16)
    12    0.045397    0.064813    0.174575   25.449930 ^ clkbuf_3_0__f_clk/X (sky130_fd_sc_hd__clkbuf_16)
                                                         clknet_3_0__leaf_clk (net)
                      0.065121    0.003125   25.453056 ^ _1036_/CLK (sky130_fd_sc_hd__dfstp_1)
                                 -0.250000   25.203056   clock uncertainty
                                  0.000000   25.203056   clock reconvergence pessimism
                                  0.133840   25.336897   library recovery time
                                             25.336897   data required time
---------------------------------------------------------------------------------------------
                                             25.336897   data required time
                                             -6.000953   data arrival time
---------------------------------------------------------------------------------------------
                                             19.335943   slack (MET)


Startpoint: en (input port clocked by clk)
Endpoint: _1038_ (recovery check against rising-edge clock clk)
Path Group: asynchronous
Path Type: max

Fanout         Cap        Slew       Delay        Time   Description
---------------------------------------------------------------------------------------------
                                  0.000000    0.000000   clock clk (rise edge)
                                  0.000000    0.000000   clock network delay (propagated)
                                  5.000000    5.000000 ^ input external delay
     2    0.004296    0.026230    0.015592    5.015592 ^ en (in)
                                                         en (net)
                      0.026231    0.000000    5.015592 ^ input1/A (sky130_fd_sc_hd__clkbuf_1)
     1    0.002045    0.035945    0.067812    5.083405 ^ input1/X (sky130_fd_sc_hd__clkbuf_1)
                                                         net1 (net)
                      0.035945    0.000094    5.083498 ^ _0749_/B (sky130_fd_sc_hd__and2_1)
     1    0.003817    0.054559    0.119301    5.202799 ^ _0749_/X (sky130_fd_sc_hd__and2_1)
                                                         MATMULT_INST.cntrl.n_rst (net)
                      0.054560    0.000277    5.203076 ^ fanout37/A (sky130_fd_sc_hd__buf_2)
    17    0.055063    0.268539    0.265529    5.468605 ^ fanout37/X (sky130_fd_sc_hd__buf_2)
                                                         net37 (net)
                      0.268715    0.005724    5.474329 ^ fanout27/A (sky130_fd_sc_hd__buf_2)
     8    0.035941    0.178076    0.269905    5.744234 ^ fanout27/X (sky130_fd_sc_hd__buf_2)
                                                         net27 (net)
                      0.178190    0.002464    5.746697 ^ fanout25/A (sky130_fd_sc_hd__clkbuf_4)
    10    0.044167    0.141049    0.250162    5.996859 ^ fanout25/X (sky130_fd_sc_hd__clkbuf_4)
                                                         net25 (net)
                      0.141185    0.002612    5.999471 ^ _1038_/SET_B (sky130_fd_sc_hd__dfstp_1)
                                              5.999471   data arrival time

                                 25.000000   25.000000   clock clk (rise edge)
                                  0.000000   25.000000   clock source latency
     2    0.018194    0.087443    0.060611   25.060610 ^ clk (in)
                                                         clk (net)
                      0.087487    0.000000   25.060610 ^ clkbuf_0_clk/A (sky130_fd_sc_hd__clkbuf_16)
    17    0.112789    0.126581    0.207491   25.268101 ^ clkbuf_0_clk/X (sky130_fd_sc_hd__clkbuf_16)
                                                         clknet_0_clk (net)
                      0.127233    0.007255   25.275356 ^ clkbuf_3_0__f_clk/A (sky130_fd_sc_hd__clkbuf_16)
    12    0.045397    0.064813    0.174575   25.449930 ^ clkbuf_3_0__f_clk/X (sky130_fd_sc_hd__clkbuf_16)
                                                         clknet_3_0__leaf_clk (net)
                      0.065058    0.002684   25.452616 ^ _1038_/CLK (sky130_fd_sc_hd__dfstp_1)
                                 -0.250000   25.202616   clock uncertainty
                                  0.000000   25.202616   clock reconvergence pessimism
                                  0.133833   25.336449   library recovery time
                                             25.336449   data required time
---------------------------------------------------------------------------------------------
                                             25.336449   data required time
                                             -5.999471   data arrival time
---------------------------------------------------------------------------------------------
                                             19.336977   slack (MET)


Startpoint: en (input port clocked by clk)
Endpoint: _1032_ (recovery check against rising-edge clock clk)
Path Group: asynchronous
Path Type: max

Fanout         Cap        Slew       Delay        Time   Description
---------------------------------------------------------------------------------------------
                                  0.000000    0.000000   clock clk (rise edge)
                                  0.000000    0.000000   clock network delay (propagated)
                                  5.000000    5.000000 ^ input external delay
     2    0.004296    0.026230    0.015592    5.015592 ^ en (in)
                                                         en (net)
                      0.026231    0.000000    5.015592 ^ input1/A (sky130_fd_sc_hd__clkbuf_1)
     1    0.002045    0.035945    0.067812    5.083405 ^ input1/X (sky130_fd_sc_hd__clkbuf_1)
                                                         net1 (net)
                      0.035945    0.000094    5.083498 ^ _0749_/B (sky130_fd_sc_hd__and2_1)
     1    0.003817    0.054559    0.119301    5.202799 ^ _0749_/X (sky130_fd_sc_hd__and2_1)
                                                         MATMULT_INST.cntrl.n_rst (net)
                      0.054560    0.000277    5.203076 ^ fanout37/A (sky130_fd_sc_hd__buf_2)
    17    0.055063    0.268539    0.265529    5.468605 ^ fanout37/X (sky130_fd_sc_hd__buf_2)
                                                         net37 (net)
                      0.268839    0.007417    5.476022 ^ fanout36/A (sky130_fd_sc_hd__clkbuf_2)
     5    0.027787    0.155934    0.249182    5.725204 ^ fanout36/X (sky130_fd_sc_hd__clkbuf_2)
                                                         net36 (net)
                      0.155978    0.002514    5.727717 ^ fanout35/A (sky130_fd_sc_hd__buf_2)
     9    0.042105    0.207198    0.260450    5.988167 ^ fanout35/X (sky130_fd_sc_hd__buf_2)
                                                         net35 (net)
                      0.207296    0.002227    5.990395 ^ _1032_/SET_B (sky130_fd_sc_hd__dfstp_1)
                                              5.990395   data arrival time

                                 25.000000   25.000000   clock clk (rise edge)
                                  0.000000   25.000000   clock source latency
     2    0.018194    0.087443    0.060611   25.060610 ^ clk (in)
                                                         clk (net)
                      0.087487    0.000000   25.060610 ^ clkbuf_0_clk/A (sky130_fd_sc_hd__clkbuf_16)
    17    0.112789    0.126581    0.207491   25.268101 ^ clkbuf_0_clk/X (sky130_fd_sc_hd__clkbuf_16)
                                                         clknet_0_clk (net)
                      0.127328    0.007756   25.275856 ^ clkbuf_3_7__f_clk/A (sky130_fd_sc_hd__clkbuf_16)
    18    0.053999    0.072776    0.180540   25.456396 ^ clkbuf_3_7__f_clk/X (sky130_fd_sc_hd__clkbuf_16)
                                                         clknet_3_7__leaf_clk (net)
                      0.073091    0.003357   25.459755 ^ _1032_/CLK (sky130_fd_sc_hd__dfstp_1)
                                 -0.250000   25.209755   clock uncertainty
                                  0.000000   25.209755   clock reconvergence pessimism
                                  0.129691   25.339447   library recovery time
                                             25.339447   data required time
---------------------------------------------------------------------------------------------
                                             25.339447   data required time
                                             -5.990395   data arrival time
---------------------------------------------------------------------------------------------
                                             19.349052   slack (MET)


Startpoint: en (input port clocked by clk)
Endpoint: _0974_ (recovery check against rising-edge clock clk)
Path Group: asynchronous
Path Type: max

Fanout         Cap        Slew       Delay        Time   Description
---------------------------------------------------------------------------------------------
                                  0.000000    0.000000   clock clk (rise edge)
                                  0.000000    0.000000   clock network delay (propagated)
                                  5.000000    5.000000 ^ input external delay
     2    0.004296    0.026230    0.015592    5.015592 ^ en (in)
                                                         en (net)
                      0.026231    0.000000    5.015592 ^ input1/A (sky130_fd_sc_hd__clkbuf_1)
     1    0.002045    0.035945    0.067812    5.083405 ^ input1/X (sky130_fd_sc_hd__clkbuf_1)
                                                         net1 (net)
                      0.035945    0.000094    5.083498 ^ _0749_/B (sky130_fd_sc_hd__and2_1)
     1    0.003817    0.054559    0.119301    5.202799 ^ _0749_/X (sky130_fd_sc_hd__and2_1)
                                                         MATMULT_INST.cntrl.n_rst (net)
                      0.054560    0.000277    5.203076 ^ fanout37/A (sky130_fd_sc_hd__buf_2)
    17    0.055063    0.268539    0.265529    5.468605 ^ fanout37/X (sky130_fd_sc_hd__buf_2)
                                                         net37 (net)
                      0.268839    0.007417    5.476022 ^ fanout36/A (sky130_fd_sc_hd__clkbuf_2)
     5    0.027787    0.155934    0.249182    5.725204 ^ fanout36/X (sky130_fd_sc_hd__clkbuf_2)
                                                         net36 (net)
                      0.155934    0.000707    5.725911 ^ fanout33/A (sky130_fd_sc_hd__clkbuf_4)
    10    0.052402    0.161885    0.261052    5.986963 ^ fanout33/X (sky130_fd_sc_hd__clkbuf_4)
                                                         net33 (net)
                      0.161956    0.003157    5.990119 ^ _0974_/SET_B (sky130_fd_sc_hd__dfstp_1)
                                              5.990119   data arrival time

                                 25.000000   25.000000   clock clk (rise edge)
                                  0.000000   25.000000   clock source latency
     2    0.018194    0.087443    0.060611   25.060610 ^ clk (in)
                                                         clk (net)
                      0.087487    0.000000   25.060610 ^ clkbuf_0_clk/A (sky130_fd_sc_hd__clkbuf_16)
    17    0.112789    0.126581    0.207491   25.268101 ^ clkbuf_0_clk/X (sky130_fd_sc_hd__clkbuf_16)
                                                         clknet_0_clk (net)
                      0.127162    0.006860   25.274961 ^ clkbuf_3_4__f_clk/A (sky130_fd_sc_hd__clkbuf_16)
    15    0.051117    0.070086    0.178730   25.453691 ^ clkbuf_3_4__f_clk/X (sky130_fd_sc_hd__clkbuf_16)
                                                         clknet_3_4__leaf_clk (net)
                      0.070295    0.002540   25.456232 ^ _0974_/CLK (sky130_fd_sc_hd__dfstp_1)
                                 -0.250000   25.206232   clock uncertainty
                                  0.000000   25.206232   clock reconvergence pessimism
                                  0.133289   25.339521   library recovery time
                                             25.339521   data required time
---------------------------------------------------------------------------------------------
                                             25.339521   data required time
                                             -5.990119   data arrival time
---------------------------------------------------------------------------------------------
                                             19.349401   slack (MET)


Startpoint: en (input port clocked by clk)
Endpoint: _0975_ (recovery check against rising-edge clock clk)
Path Group: asynchronous
Path Type: max

Fanout         Cap        Slew       Delay        Time   Description
---------------------------------------------------------------------------------------------
                                  0.000000    0.000000   clock clk (rise edge)
                                  0.000000    0.000000   clock network delay (propagated)
                                  5.000000    5.000000 ^ input external delay
     2    0.004296    0.026230    0.015592    5.015592 ^ en (in)
                                                         en (net)
                      0.026231    0.000000    5.015592 ^ input1/A (sky130_fd_sc_hd__clkbuf_1)
     1    0.002045    0.035945    0.067812    5.083405 ^ input1/X (sky130_fd_sc_hd__clkbuf_1)
                                                         net1 (net)
                      0.035945    0.000094    5.083498 ^ _0749_/B (sky130_fd_sc_hd__and2_1)
     1    0.003817    0.054559    0.119301    5.202799 ^ _0749_/X (sky130_fd_sc_hd__and2_1)
                                                         MATMULT_INST.cntrl.n_rst (net)
                      0.054560    0.000277    5.203076 ^ fanout37/A (sky130_fd_sc_hd__buf_2)
    17    0.055063    0.268539    0.265529    5.468605 ^ fanout37/X (sky130_fd_sc_hd__buf_2)
                                                         net37 (net)
                      0.268839    0.007417    5.476022 ^ fanout36/A (sky130_fd_sc_hd__clkbuf_2)
     5    0.027787    0.155934    0.249182    5.725204 ^ fanout36/X (sky130_fd_sc_hd__clkbuf_2)
                                                         net36 (net)
                      0.155934    0.000707    5.725911 ^ fanout33/A (sky130_fd_sc_hd__clkbuf_4)
    10    0.052402    0.161885    0.261052    5.986963 ^ fanout33/X (sky130_fd_sc_hd__clkbuf_4)
                                                         net33 (net)
                      0.161956    0.003154    5.990117 ^ _0975_/SET_B (sky130_fd_sc_hd__dfstp_1)
                                              5.990117   data arrival time

                                 25.000000   25.000000   clock clk (rise edge)
                                  0.000000   25.000000   clock source latency
     2    0.018194    0.087443    0.060611   25.060610 ^ clk (in)
                                                         clk (net)
                      0.087487    0.000000   25.060610 ^ clkbuf_0_clk/A (sky130_fd_sc_hd__clkbuf_16)
    17    0.112789    0.126581    0.207491   25.268101 ^ clkbuf_0_clk/X (sky130_fd_sc_hd__clkbuf_16)
                                                         clknet_0_clk (net)
                      0.127162    0.006860   25.274961 ^ clkbuf_3_4__f_clk/A (sky130_fd_sc_hd__clkbuf_16)
    15    0.051117    0.070086    0.178730   25.453691 ^ clkbuf_3_4__f_clk/X (sky130_fd_sc_hd__clkbuf_16)
                                                         clknet_3_4__leaf_clk (net)
                      0.070307    0.002636   25.456327 ^ _0975_/CLK (sky130_fd_sc_hd__dfstp_1)
                                 -0.250000   25.206329   clock uncertainty
                                  0.000000   25.206329   clock reconvergence pessimism
                                  0.133292   25.339621   library recovery time
                                             25.339621   data required time
---------------------------------------------------------------------------------------------
                                             25.339621   data required time
                                             -5.990117   data arrival time
---------------------------------------------------------------------------------------------
                                             19.349504   slack (MET)


Startpoint: en (input port clocked by clk)
Endpoint: _0946_ (recovery check against rising-edge clock clk)
Path Group: asynchronous
Path Type: max

Fanout         Cap        Slew       Delay        Time   Description
---------------------------------------------------------------------------------------------
                                  0.000000    0.000000   clock clk (rise edge)
                                  0.000000    0.000000   clock network delay (propagated)
                                  5.000000    5.000000 ^ input external delay
     2    0.004296    0.026230    0.015592    5.015592 ^ en (in)
                                                         en (net)
                      0.026231    0.000000    5.015592 ^ input1/A (sky130_fd_sc_hd__clkbuf_1)
     1    0.002045    0.035945    0.067812    5.083405 ^ input1/X (sky130_fd_sc_hd__clkbuf_1)
                                                         net1 (net)
                      0.035945    0.000094    5.083498 ^ _0749_/B (sky130_fd_sc_hd__and2_1)
     1    0.003817    0.054559    0.119301    5.202799 ^ _0749_/X (sky130_fd_sc_hd__and2_1)
                                                         MATMULT_INST.cntrl.n_rst (net)
                      0.054560    0.000277    5.203076 ^ fanout37/A (sky130_fd_sc_hd__buf_2)
    17    0.055063    0.268539    0.265529    5.468605 ^ fanout37/X (sky130_fd_sc_hd__buf_2)
                                                         net37 (net)
                      0.268643    0.004412    5.473018 ^ fanout30/A (sky130_fd_sc_hd__clkbuf_4)
    21    0.074618    0.226208    0.336904    5.809922 ^ fanout30/X (sky130_fd_sc_hd__clkbuf_4)
                                                         net30 (net)
                      0.227963    0.016096    5.826017 ^ fanout29/A (sky130_fd_sc_hd__clkbuf_2)
     5    0.027352    0.153424    0.236904    6.062922 ^ fanout29/X (sky130_fd_sc_hd__clkbuf_2)
                                                         net29 (net)
                      0.153455    0.002149    6.065070 ^ _0946_/RESET_B (sky130_fd_sc_hd__dfrtp_1)
                                              6.065070   data arrival time

                                 25.000000   25.000000   clock clk (rise edge)
                                  0.000000   25.000000   clock source latency
     2    0.018194    0.087443    0.060611   25.060610 ^ clk (in)
                                                         clk (net)
                      0.087487    0.000000   25.060610 ^ clkbuf_0_clk/A (sky130_fd_sc_hd__clkbuf_16)
    17    0.112789    0.126581    0.207491   25.268101 ^ clkbuf_0_clk/X (sky130_fd_sc_hd__clkbuf_16)
                                                         clknet_0_clk (net)
                      0.127178    0.006949   25.275051 ^ clkbuf_3_2__f_clk/A (sky130_fd_sc_hd__clkbuf_16)
    13    0.050595    0.069612    0.178316   25.453367 ^ clkbuf_3_2__f_clk/X (sky130_fd_sc_hd__clkbuf_16)
                                                         clknet_3_2__leaf_clk (net)
                      0.069691    0.002137   25.455503 ^ _0946_/CLK (sky130_fd_sc_hd__dfrtp_1)
                                 -0.250000   25.205503   clock uncertainty
                                  0.000000   25.205503   clock reconvergence pessimism
                                  0.209933   25.415438   library recovery time
                                             25.415438   data required time
---------------------------------------------------------------------------------------------
                                             25.415438   data required time
                                             -6.065070   data arrival time
---------------------------------------------------------------------------------------------
                                             19.350367   slack (MET)


Startpoint: en (input port clocked by clk)
Endpoint: _1003_ (recovery check against rising-edge clock clk)
Path Group: asynchronous
Path Type: max

Fanout         Cap        Slew       Delay        Time   Description
---------------------------------------------------------------------------------------------
                                  0.000000    0.000000   clock clk (rise edge)
                                  0.000000    0.000000   clock network delay (propagated)
                                  5.000000    5.000000 ^ input external delay
     2    0.004296    0.026230    0.015592    5.015592 ^ en (in)
                                                         en (net)
                      0.026231    0.000000    5.015592 ^ input1/A (sky130_fd_sc_hd__clkbuf_1)
     1    0.002045    0.035945    0.067812    5.083405 ^ input1/X (sky130_fd_sc_hd__clkbuf_1)
                                                         net1 (net)
                      0.035945    0.000094    5.083498 ^ _0749_/B (sky130_fd_sc_hd__and2_1)
     1    0.003817    0.054559    0.119301    5.202799 ^ _0749_/X (sky130_fd_sc_hd__and2_1)
                                                         MATMULT_INST.cntrl.n_rst (net)
                      0.054560    0.000277    5.203076 ^ fanout37/A (sky130_fd_sc_hd__buf_2)
    17    0.055063    0.268539    0.265529    5.468605 ^ fanout37/X (sky130_fd_sc_hd__buf_2)
                                                         net37 (net)
                      0.268643    0.004412    5.473018 ^ fanout30/A (sky130_fd_sc_hd__clkbuf_4)
    21    0.074618    0.226208    0.336904    5.809922 ^ fanout30/X (sky130_fd_sc_hd__clkbuf_4)
                                                         net30 (net)
                      0.227963    0.016096    5.826017 ^ fanout29/A (sky130_fd_sc_hd__clkbuf_2)
     5    0.027352    0.153424    0.236904    6.062922 ^ fanout29/X (sky130_fd_sc_hd__clkbuf_2)
                                                         net29 (net)
                      0.153454    0.002120    6.065042 ^ _1003_/RESET_B (sky130_fd_sc_hd__dfrtp_1)
                                              6.065042   data arrival time

                                 25.000000   25.000000   clock clk (rise edge)
                                  0.000000   25.000000   clock source latency
     2    0.018194    0.087443    0.060611   25.060610 ^ clk (in)
                                                         clk (net)
                      0.087487    0.000000   25.060610 ^ clkbuf_0_clk/A (sky130_fd_sc_hd__clkbuf_16)
    17    0.112789    0.126581    0.207491   25.268101 ^ clkbuf_0_clk/X (sky130_fd_sc_hd__clkbuf_16)
                                                         clknet_0_clk (net)
                      0.127178    0.006949   25.275051 ^ clkbuf_3_2__f_clk/A (sky130_fd_sc_hd__clkbuf_16)
    13    0.050595    0.069612    0.178316   25.453367 ^ clkbuf_3_2__f_clk/X (sky130_fd_sc_hd__clkbuf_16)
                                                         clknet_3_2__leaf_clk (net)
                      0.069836    0.002673   25.456039 ^ _1003_/CLK (sky130_fd_sc_hd__dfrtp_1)
                                 -0.250000   25.206041   clock uncertainty
                                  0.000000   25.206041   clock reconvergence pessimism
                                  0.209978   25.416018   library recovery time
                                             25.416018   data required time
---------------------------------------------------------------------------------------------
                                             25.416018   data required time
                                             -6.065042   data arrival time
---------------------------------------------------------------------------------------------
                                             19.350977   slack (MET)


Startpoint: en (input port clocked by clk)
Endpoint: _1006_ (recovery check against rising-edge clock clk)
Path Group: asynchronous
Path Type: max

Fanout         Cap        Slew       Delay        Time   Description
---------------------------------------------------------------------------------------------
                                  0.000000    0.000000   clock clk (rise edge)
                                  0.000000    0.000000   clock network delay (propagated)
                                  5.000000    5.000000 ^ input external delay
     2    0.004296    0.026230    0.015592    5.015592 ^ en (in)
                                                         en (net)
                      0.026231    0.000000    5.015592 ^ input1/A (sky130_fd_sc_hd__clkbuf_1)
     1    0.002045    0.035945    0.067812    5.083405 ^ input1/X (sky130_fd_sc_hd__clkbuf_1)
                                                         net1 (net)
                      0.035945    0.000094    5.083498 ^ _0749_/B (sky130_fd_sc_hd__and2_1)
     1    0.003817    0.054559    0.119301    5.202799 ^ _0749_/X (sky130_fd_sc_hd__and2_1)
                                                         MATMULT_INST.cntrl.n_rst (net)
                      0.054560    0.000277    5.203076 ^ fanout37/A (sky130_fd_sc_hd__buf_2)
    17    0.055063    0.268539    0.265529    5.468605 ^ fanout37/X (sky130_fd_sc_hd__buf_2)
                                                         net37 (net)
                      0.268643    0.004412    5.473018 ^ fanout30/A (sky130_fd_sc_hd__clkbuf_4)
    21    0.074618    0.226208    0.336904    5.809922 ^ fanout30/X (sky130_fd_sc_hd__clkbuf_4)
                                                         net30 (net)
                      0.227963    0.016096    5.826017 ^ fanout29/A (sky130_fd_sc_hd__clkbuf_2)
     5    0.027352    0.153424    0.236904    6.062922 ^ fanout29/X (sky130_fd_sc_hd__clkbuf_2)
                                                         net29 (net)
                      0.153463    0.002367    6.065289 ^ _1006_/RESET_B (sky130_fd_sc_hd__dfrtp_1)
                                              6.065289   data arrival time

                                 25.000000   25.000000   clock clk (rise edge)
                                  0.000000   25.000000   clock source latency
     2    0.018194    0.087443    0.060611   25.060610 ^ clk (in)
                                                         clk (net)
                      0.087487    0.000000   25.060610 ^ clkbuf_0_clk/A (sky130_fd_sc_hd__clkbuf_16)
    17    0.112789    0.126581    0.207491   25.268101 ^ clkbuf_0_clk/X (sky130_fd_sc_hd__clkbuf_16)
                                                         clknet_0_clk (net)
                      0.127178    0.006949   25.275051 ^ clkbuf_3_2__f_clk/A (sky130_fd_sc_hd__clkbuf_16)
    13    0.050595    0.069612    0.178316   25.453367 ^ clkbuf_3_2__f_clk/X (sky130_fd_sc_hd__clkbuf_16)
                                                         clknet_3_2__leaf_clk (net)
                      0.070023    0.003903   25.457270 ^ _1006_/CLK (sky130_fd_sc_hd__dfrtp_1)
                                 -0.250000   25.207270   clock uncertainty
                                  0.000000   25.207270   clock reconvergence pessimism
                                  0.210034   25.417303   library recovery time
                                             25.417303   data required time
---------------------------------------------------------------------------------------------
                                             25.417303   data required time
                                             -6.065289   data arrival time
---------------------------------------------------------------------------------------------
                                             19.352015   slack (MET)


Startpoint: en (input port clocked by clk)
Endpoint: _1008_ (recovery check against rising-edge clock clk)
Path Group: asynchronous
Path Type: max

Fanout         Cap        Slew       Delay        Time   Description
---------------------------------------------------------------------------------------------
                                  0.000000    0.000000   clock clk (rise edge)
                                  0.000000    0.000000   clock network delay (propagated)
                                  5.000000    5.000000 ^ input external delay
     2    0.004296    0.026230    0.015592    5.015592 ^ en (in)
                                                         en (net)
                      0.026231    0.000000    5.015592 ^ input1/A (sky130_fd_sc_hd__clkbuf_1)
     1    0.002045    0.035945    0.067812    5.083405 ^ input1/X (sky130_fd_sc_hd__clkbuf_1)
                                                         net1 (net)
                      0.035945    0.000094    5.083498 ^ _0749_/B (sky130_fd_sc_hd__and2_1)
     1    0.003817    0.054559    0.119301    5.202799 ^ _0749_/X (sky130_fd_sc_hd__and2_1)
                                                         MATMULT_INST.cntrl.n_rst (net)
                      0.054560    0.000277    5.203076 ^ fanout37/A (sky130_fd_sc_hd__buf_2)
    17    0.055063    0.268539    0.265529    5.468605 ^ fanout37/X (sky130_fd_sc_hd__buf_2)
                                                         net37 (net)
                      0.268643    0.004412    5.473018 ^ fanout30/A (sky130_fd_sc_hd__clkbuf_4)
    21    0.074618    0.226208    0.336904    5.809922 ^ fanout30/X (sky130_fd_sc_hd__clkbuf_4)
                                                         net30 (net)
                      0.227963    0.016096    5.826017 ^ fanout29/A (sky130_fd_sc_hd__clkbuf_2)
     5    0.027352    0.153424    0.236904    6.062922 ^ fanout29/X (sky130_fd_sc_hd__clkbuf_2)
                                                         net29 (net)
                      0.153462    0.002342    6.065264 ^ _1008_/RESET_B (sky130_fd_sc_hd__dfrtp_1)
                                              6.065264   data arrival time

                                 25.000000   25.000000   clock clk (rise edge)
                                  0.000000   25.000000   clock source latency
     2    0.018194    0.087443    0.060611   25.060610 ^ clk (in)
                                                         clk (net)
                      0.087487    0.000000   25.060610 ^ clkbuf_0_clk/A (sky130_fd_sc_hd__clkbuf_16)
    17    0.112789    0.126581    0.207491   25.268101 ^ clkbuf_0_clk/X (sky130_fd_sc_hd__clkbuf_16)
                                                         clknet_0_clk (net)
                      0.127178    0.006949   25.275051 ^ clkbuf_3_2__f_clk/A (sky130_fd_sc_hd__clkbuf_16)
    13    0.050595    0.069612    0.178316   25.453367 ^ clkbuf_3_2__f_clk/X (sky130_fd_sc_hd__clkbuf_16)
                                                         clknet_3_2__leaf_clk (net)
                      0.070023    0.003904   25.457272 ^ _1008_/CLK (sky130_fd_sc_hd__dfrtp_1)
                                 -0.250000   25.207272   clock uncertainty
                                  0.000000   25.207272   clock reconvergence pessimism
                                  0.210034   25.417307   library recovery time
                                             25.417307   data required time
---------------------------------------------------------------------------------------------
                                             25.417307   data required time
                                             -6.065264   data arrival time
---------------------------------------------------------------------------------------------
                                             19.352043   slack (MET)


Startpoint: en (input port clocked by clk)
Endpoint: _1004_ (recovery check against rising-edge clock clk)
Path Group: asynchronous
Path Type: max

Fanout         Cap        Slew       Delay        Time   Description
---------------------------------------------------------------------------------------------
                                  0.000000    0.000000   clock clk (rise edge)
                                  0.000000    0.000000   clock network delay (propagated)
                                  5.000000    5.000000 ^ input external delay
     2    0.004296    0.026230    0.015592    5.015592 ^ en (in)
                                                         en (net)
                      0.026231    0.000000    5.015592 ^ input1/A (sky130_fd_sc_hd__clkbuf_1)
     1    0.002045    0.035945    0.067812    5.083405 ^ input1/X (sky130_fd_sc_hd__clkbuf_1)
                                                         net1 (net)
                      0.035945    0.000094    5.083498 ^ _0749_/B (sky130_fd_sc_hd__and2_1)
     1    0.003817    0.054559    0.119301    5.202799 ^ _0749_/X (sky130_fd_sc_hd__and2_1)
                                                         MATMULT_INST.cntrl.n_rst (net)
                      0.054560    0.000277    5.203076 ^ fanout37/A (sky130_fd_sc_hd__buf_2)
    17    0.055063    0.268539    0.265529    5.468605 ^ fanout37/X (sky130_fd_sc_hd__buf_2)
                                                         net37 (net)
                      0.268643    0.004412    5.473018 ^ fanout30/A (sky130_fd_sc_hd__clkbuf_4)
    21    0.074618    0.226208    0.336904    5.809922 ^ fanout30/X (sky130_fd_sc_hd__clkbuf_4)
                                                         net30 (net)
                      0.227963    0.016096    5.826017 ^ fanout29/A (sky130_fd_sc_hd__clkbuf_2)
     5    0.027352    0.153424    0.236904    6.062922 ^ fanout29/X (sky130_fd_sc_hd__clkbuf_2)
                                                         net29 (net)
                      0.153425    0.000771    6.063693 ^ _1004_/RESET_B (sky130_fd_sc_hd__dfrtp_1)
                                              6.063693   data arrival time

                                 25.000000   25.000000   clock clk (rise edge)
                                  0.000000   25.000000   clock source latency
     2    0.018194    0.087443    0.060611   25.060610 ^ clk (in)
                                                         clk (net)
                      0.087487    0.000000   25.060610 ^ clkbuf_0_clk/A (sky130_fd_sc_hd__clkbuf_16)
    17    0.112789    0.126581    0.207491   25.268101 ^ clkbuf_0_clk/X (sky130_fd_sc_hd__clkbuf_16)
                                                         clknet_0_clk (net)
                      0.127178    0.006949   25.275051 ^ clkbuf_3_2__f_clk/A (sky130_fd_sc_hd__clkbuf_16)
    13    0.050595    0.069612    0.178316   25.453367 ^ clkbuf_3_2__f_clk/X (sky130_fd_sc_hd__clkbuf_16)
                                                         clknet_3_2__leaf_clk (net)
                      0.069937    0.003386   25.456753 ^ _1004_/CLK (sky130_fd_sc_hd__dfrtp_1)
                                 -0.250000   25.206753   clock uncertainty
                                  0.000000   25.206753   clock reconvergence pessimism
                                  0.210017   25.416769   library recovery time
                                             25.416769   data required time
---------------------------------------------------------------------------------------------
                                             25.416769   data required time
                                             -6.063693   data arrival time
---------------------------------------------------------------------------------------------
                                             19.353079   slack (MET)


Startpoint: en (input port clocked by clk)
Endpoint: _0967_ (recovery check against rising-edge clock clk)
Path Group: asynchronous
Path Type: max

Fanout         Cap        Slew       Delay        Time   Description
---------------------------------------------------------------------------------------------
                                  0.000000    0.000000   clock clk (rise edge)
                                  0.000000    0.000000   clock network delay (propagated)
                                  5.000000    5.000000 ^ input external delay
     2    0.004296    0.026230    0.015592    5.015592 ^ en (in)
                                                         en (net)
                      0.026231    0.000000    5.015592 ^ input1/A (sky130_fd_sc_hd__clkbuf_1)
     1    0.002045    0.035945    0.067812    5.083405 ^ input1/X (sky130_fd_sc_hd__clkbuf_1)
                                                         net1 (net)
                      0.035945    0.000094    5.083498 ^ _0749_/B (sky130_fd_sc_hd__and2_1)
     1    0.003817    0.054559    0.119301    5.202799 ^ _0749_/X (sky130_fd_sc_hd__and2_1)
                                                         MATMULT_INST.cntrl.n_rst (net)
                      0.054560    0.000277    5.203076 ^ fanout37/A (sky130_fd_sc_hd__buf_2)
    17    0.055063    0.268539    0.265529    5.468605 ^ fanout37/X (sky130_fd_sc_hd__buf_2)
                                                         net37 (net)
                      0.268839    0.007417    5.476022 ^ fanout36/A (sky130_fd_sc_hd__clkbuf_2)
     5    0.027787    0.155934    0.249182    5.725204 ^ fanout36/X (sky130_fd_sc_hd__clkbuf_2)
                                                         net36 (net)
                      0.155946    0.001526    5.726730 ^ fanout34/A (sky130_fd_sc_hd__clkbuf_4)
    10    0.046956    0.148658    0.248972    5.975701 ^ fanout34/X (sky130_fd_sc_hd__clkbuf_4)
                                                         net34 (net)
                      0.148969    0.004999    5.980700 ^ _0967_/SET_B (sky130_fd_sc_hd__dfstp_1)
                                              5.980700   data arrival time

                                 25.000000   25.000000   clock clk (rise edge)
                                  0.000000   25.000000   clock source latency
     2    0.018194    0.087443    0.060611   25.060610 ^ clk (in)
                                                         clk (net)
                      0.087487    0.000000   25.060610 ^ clkbuf_0_clk/A (sky130_fd_sc_hd__clkbuf_16)
    17    0.112789    0.126581    0.207491   25.268101 ^ clkbuf_0_clk/X (sky130_fd_sc_hd__clkbuf_16)
                                                         clknet_0_clk (net)
                      0.127328    0.007756   25.275856 ^ clkbuf_3_7__f_clk/A (sky130_fd_sc_hd__clkbuf_16)
    18    0.053999    0.072776    0.180540   25.456396 ^ clkbuf_3_7__f_clk/X (sky130_fd_sc_hd__clkbuf_16)
                                                         clknet_3_7__leaf_clk (net)
                      0.073120    0.003539   25.459936 ^ _0967_/CLK (sky130_fd_sc_hd__dfstp_1)
                                 -0.250000   25.209936   clock uncertainty
                                  0.000000   25.209936   clock reconvergence pessimism
                                  0.135330   25.345266   library recovery time
                                             25.345266   data required time
---------------------------------------------------------------------------------------------
                                             25.345266   data required time
                                             -5.980700   data arrival time
---------------------------------------------------------------------------------------------
                                             19.364565   slack (MET)


Startpoint: en (input port clocked by clk)
Endpoint: _1031_ (recovery check against rising-edge clock clk)
Path Group: asynchronous
Path Type: max

Fanout         Cap        Slew       Delay        Time   Description
---------------------------------------------------------------------------------------------
                                  0.000000    0.000000   clock clk (rise edge)
                                  0.000000    0.000000   clock network delay (propagated)
                                  5.000000    5.000000 ^ input external delay
     2    0.004296    0.026230    0.015592    5.015592 ^ en (in)
                                                         en (net)
                      0.026231    0.000000    5.015592 ^ input1/A (sky130_fd_sc_hd__clkbuf_1)
     1    0.002045    0.035945    0.067812    5.083405 ^ input1/X (sky130_fd_sc_hd__clkbuf_1)
                                                         net1 (net)
                      0.035945    0.000094    5.083498 ^ _0749_/B (sky130_fd_sc_hd__and2_1)
     1    0.003817    0.054559    0.119301    5.202799 ^ _0749_/X (sky130_fd_sc_hd__and2_1)
                                                         MATMULT_INST.cntrl.n_rst (net)
                      0.054560    0.000277    5.203076 ^ fanout37/A (sky130_fd_sc_hd__buf_2)
    17    0.055063    0.268539    0.265529    5.468605 ^ fanout37/X (sky130_fd_sc_hd__buf_2)
                                                         net37 (net)
                      0.268839    0.007417    5.476022 ^ fanout36/A (sky130_fd_sc_hd__clkbuf_2)
     5    0.027787    0.155934    0.249182    5.725204 ^ fanout36/X (sky130_fd_sc_hd__clkbuf_2)
                                                         net36 (net)
                      0.155946    0.001526    5.726730 ^ fanout34/A (sky130_fd_sc_hd__clkbuf_4)
    10    0.046956    0.148658    0.248972    5.975701 ^ fanout34/X (sky130_fd_sc_hd__clkbuf_4)
                                                         net34 (net)
                      0.148961    0.004917    5.980618 ^ _1031_/SET_B (sky130_fd_sc_hd__dfstp_1)
                                              5.980618   data arrival time

                                 25.000000   25.000000   clock clk (rise edge)
                                  0.000000   25.000000   clock source latency
     2    0.018194    0.087443    0.060611   25.060610 ^ clk (in)
                                                         clk (net)
                      0.087487    0.000000   25.060610 ^ clkbuf_0_clk/A (sky130_fd_sc_hd__clkbuf_16)
    17    0.112789    0.126581    0.207491   25.268101 ^ clkbuf_0_clk/X (sky130_fd_sc_hd__clkbuf_16)
                                                         clknet_0_clk (net)
                      0.127328    0.007756   25.275856 ^ clkbuf_3_7__f_clk/A (sky130_fd_sc_hd__clkbuf_16)
    18    0.053999    0.072776    0.180540   25.456396 ^ clkbuf_3_7__f_clk/X (sky130_fd_sc_hd__clkbuf_16)
                                                         clknet_3_7__leaf_clk (net)
                      0.073113    0.003496   25.459892 ^ _1031_/CLK (sky130_fd_sc_hd__dfstp_1)
                                 -0.250000   25.209894   clock uncertainty
                                  0.000000   25.209894   clock reconvergence pessimism
                                  0.135329   25.345222   library recovery time
                                             25.345222   data required time
---------------------------------------------------------------------------------------------
                                             25.345222   data required time
                                             -5.980618   data arrival time
---------------------------------------------------------------------------------------------
                                             19.364603   slack (MET)


Startpoint: en (input port clocked by clk)
Endpoint: _1033_ (recovery check against rising-edge clock clk)
Path Group: asynchronous
Path Type: max

Fanout         Cap        Slew       Delay        Time   Description
---------------------------------------------------------------------------------------------
                                  0.000000    0.000000   clock clk (rise edge)
                                  0.000000    0.000000   clock network delay (propagated)
                                  5.000000    5.000000 ^ input external delay
     2    0.004296    0.026230    0.015592    5.015592 ^ en (in)
                                                         en (net)
                      0.026231    0.000000    5.015592 ^ input1/A (sky130_fd_sc_hd__clkbuf_1)
     1    0.002045    0.035945    0.067812    5.083405 ^ input1/X (sky130_fd_sc_hd__clkbuf_1)
                                                         net1 (net)
                      0.035945    0.000094    5.083498 ^ _0749_/B (sky130_fd_sc_hd__and2_1)
     1    0.003817    0.054559    0.119301    5.202799 ^ _0749_/X (sky130_fd_sc_hd__and2_1)
                                                         MATMULT_INST.cntrl.n_rst (net)
                      0.054560    0.000277    5.203076 ^ fanout37/A (sky130_fd_sc_hd__buf_2)
    17    0.055063    0.268539    0.265529    5.468605 ^ fanout37/X (sky130_fd_sc_hd__buf_2)
                                                         net37 (net)
                      0.268839    0.007417    5.476022 ^ fanout36/A (sky130_fd_sc_hd__clkbuf_2)
     5    0.027787    0.155934    0.249182    5.725204 ^ fanout36/X (sky130_fd_sc_hd__clkbuf_2)
                                                         net36 (net)
                      0.155946    0.001526    5.726730 ^ fanout34/A (sky130_fd_sc_hd__clkbuf_4)
    10    0.046956    0.148658    0.248972    5.975701 ^ fanout34/X (sky130_fd_sc_hd__clkbuf_4)
                                                         net34 (net)
                      0.148954    0.004846    5.980548 ^ _1033_/SET_B (sky130_fd_sc_hd__dfstp_1)
                                              5.980548   data arrival time

                                 25.000000   25.000000   clock clk (rise edge)
                                  0.000000   25.000000   clock source latency
     2    0.018194    0.087443    0.060611   25.060610 ^ clk (in)
                                                         clk (net)
                      0.087487    0.000000   25.060610 ^ clkbuf_0_clk/A (sky130_fd_sc_hd__clkbuf_16)
    17    0.112789    0.126581    0.207491   25.268101 ^ clkbuf_0_clk/X (sky130_fd_sc_hd__clkbuf_16)
                                                         clknet_0_clk (net)
                      0.127328    0.007756   25.275856 ^ clkbuf_3_7__f_clk/A (sky130_fd_sc_hd__clkbuf_16)
    18    0.053999    0.072776    0.180540   25.456396 ^ clkbuf_3_7__f_clk/X (sky130_fd_sc_hd__clkbuf_16)
                                                         clknet_3_7__leaf_clk (net)
                      0.073181    0.003910   25.460306 ^ _1033_/CLK (sky130_fd_sc_hd__dfstp_1)
                                 -0.250000   25.210308   clock uncertainty
                                  0.000000   25.210308   clock reconvergence pessimism
                                  0.135349   25.345655   library recovery time
                                             25.345655   data required time
---------------------------------------------------------------------------------------------
                                             25.345655   data required time
                                             -5.980548   data arrival time
---------------------------------------------------------------------------------------------
                                             19.365107   slack (MET)


Startpoint: en (input port clocked by clk)
Endpoint: _0966_ (recovery check against rising-edge clock clk)
Path Group: asynchronous
Path Type: max

Fanout         Cap        Slew       Delay        Time   Description
---------------------------------------------------------------------------------------------
                                  0.000000    0.000000   clock clk (rise edge)
                                  0.000000    0.000000   clock network delay (propagated)
                                  5.000000    5.000000 ^ input external delay
     2    0.004296    0.026230    0.015592    5.015592 ^ en (in)
                                                         en (net)
                      0.026231    0.000000    5.015592 ^ input1/A (sky130_fd_sc_hd__clkbuf_1)
     1    0.002045    0.035945    0.067812    5.083405 ^ input1/X (sky130_fd_sc_hd__clkbuf_1)
                                                         net1 (net)
                      0.035945    0.000094    5.083498 ^ _0749_/B (sky130_fd_sc_hd__and2_1)
     1    0.003817    0.054559    0.119301    5.202799 ^ _0749_/X (sky130_fd_sc_hd__and2_1)
                                                         MATMULT_INST.cntrl.n_rst (net)
                      0.054560    0.000277    5.203076 ^ fanout37/A (sky130_fd_sc_hd__buf_2)
    17    0.055063    0.268539    0.265529    5.468605 ^ fanout37/X (sky130_fd_sc_hd__buf_2)
                                                         net37 (net)
                      0.268839    0.007417    5.476022 ^ fanout36/A (sky130_fd_sc_hd__clkbuf_2)
     5    0.027787    0.155934    0.249182    5.725204 ^ fanout36/X (sky130_fd_sc_hd__clkbuf_2)
                                                         net36 (net)
                      0.155946    0.001526    5.726730 ^ fanout34/A (sky130_fd_sc_hd__clkbuf_4)
    10    0.046956    0.148658    0.248972    5.975701 ^ fanout34/X (sky130_fd_sc_hd__clkbuf_4)
                                                         net34 (net)
                      0.148811    0.003067    5.978768 ^ _0966_/SET_B (sky130_fd_sc_hd__dfstp_1)
                                              5.978768   data arrival time

                                 25.000000   25.000000   clock clk (rise edge)
                                  0.000000   25.000000   clock source latency
     2    0.018194    0.087443    0.060611   25.060610 ^ clk (in)
                                                         clk (net)
                      0.087487    0.000000   25.060610 ^ clkbuf_0_clk/A (sky130_fd_sc_hd__clkbuf_16)
    17    0.112789    0.126581    0.207491   25.268101 ^ clkbuf_0_clk/X (sky130_fd_sc_hd__clkbuf_16)
                                                         clknet_0_clk (net)
                      0.127328    0.007756   25.275856 ^ clkbuf_3_7__f_clk/A (sky130_fd_sc_hd__clkbuf_16)
    18    0.053999    0.072776    0.180540   25.456396 ^ clkbuf_3_7__f_clk/X (sky130_fd_sc_hd__clkbuf_16)
                                                         clknet_3_7__leaf_clk (net)
                      0.073303    0.004569   25.460966 ^ _0966_/CLK (sky130_fd_sc_hd__dfstp_1)
                                 -0.250000   25.210966   clock uncertainty
                                  0.000000   25.210966   clock reconvergence pessimism
                                  0.135396   25.346363   library recovery time
                                             25.346363   data required time
---------------------------------------------------------------------------------------------
                                             25.346363   data required time
                                             -5.978768   data arrival time
---------------------------------------------------------------------------------------------
                                             19.367594   slack (MET)


Startpoint: en (input port clocked by clk)
Endpoint: _1001_ (recovery check against rising-edge clock clk)
Path Group: asynchronous
Path Type: max

Fanout         Cap        Slew       Delay        Time   Description
---------------------------------------------------------------------------------------------
                                  0.000000    0.000000   clock clk (rise edge)
                                  0.000000    0.000000   clock network delay (propagated)
                                  5.000000    5.000000 ^ input external delay
     2    0.004296    0.026230    0.015592    5.015592 ^ en (in)
                                                         en (net)
                      0.026231    0.000000    5.015592 ^ input1/A (sky130_fd_sc_hd__clkbuf_1)
     1    0.002045    0.035945    0.067812    5.083405 ^ input1/X (sky130_fd_sc_hd__clkbuf_1)
                                                         net1 (net)
                      0.035945    0.000094    5.083498 ^ _0749_/B (sky130_fd_sc_hd__and2_1)
     1    0.003817    0.054559    0.119301    5.202799 ^ _0749_/X (sky130_fd_sc_hd__and2_1)
                                                         MATMULT_INST.cntrl.n_rst (net)
                      0.054560    0.000277    5.203076 ^ fanout37/A (sky130_fd_sc_hd__buf_2)
    17    0.055063    0.268539    0.265529    5.468605 ^ fanout37/X (sky130_fd_sc_hd__buf_2)
                                                         net37 (net)
                      0.268839    0.007417    5.476022 ^ fanout36/A (sky130_fd_sc_hd__clkbuf_2)
     5    0.027787    0.155934    0.249182    5.725204 ^ fanout36/X (sky130_fd_sc_hd__clkbuf_2)
                                                         net36 (net)
                      0.155978    0.002514    5.727717 ^ fanout35/A (sky130_fd_sc_hd__buf_2)
     9    0.042105    0.207198    0.260450    5.988167 ^ fanout35/X (sky130_fd_sc_hd__buf_2)
                                                         net35 (net)
                      0.207285    0.001881    5.990048 ^ _1001_/RESET_B (sky130_fd_sc_hd__dfrtp_4)
                                              5.990048   data arrival time

                                 25.000000   25.000000   clock clk (rise edge)
                                  0.000000   25.000000   clock source latency
     2    0.018194    0.087443    0.060611   25.060610 ^ clk (in)
                                                         clk (net)
                      0.087487    0.000000   25.060610 ^ clkbuf_0_clk/A (sky130_fd_sc_hd__clkbuf_16)
    17    0.112789    0.126581    0.207491   25.268101 ^ clkbuf_0_clk/X (sky130_fd_sc_hd__clkbuf_16)
                                                         clknet_0_clk (net)
                      0.127328    0.007756   25.275856 ^ clkbuf_3_7__f_clk/A (sky130_fd_sc_hd__clkbuf_16)
    18    0.053999    0.072776    0.180540   25.456396 ^ clkbuf_3_7__f_clk/X (sky130_fd_sc_hd__clkbuf_16)
                                                         clknet_3_7__leaf_clk (net)
                      0.073089    0.003341   25.459738 ^ _1001_/CLK (sky130_fd_sc_hd__dfrtp_4)
                                 -0.250000   25.209740   clock uncertainty
                                  0.000000   25.209740   clock reconvergence pessimism
                                  0.173570   25.383308   library recovery time
                                             25.383308   data required time
---------------------------------------------------------------------------------------------
                                             25.383308   data required time
                                             -5.990048   data arrival time
---------------------------------------------------------------------------------------------
                                             19.393261   slack (MET)


Startpoint: en (input port clocked by clk)
Endpoint: _1018_ (recovery check against rising-edge clock clk)
Path Group: asynchronous
Path Type: max

Fanout         Cap        Slew       Delay        Time   Description
---------------------------------------------------------------------------------------------
                                  0.000000    0.000000   clock clk (rise edge)
                                  0.000000    0.000000   clock network delay (propagated)
                                  5.000000    5.000000 ^ input external delay
     2    0.004296    0.026230    0.015592    5.015592 ^ en (in)
                                                         en (net)
                      0.026231    0.000000    5.015592 ^ input1/A (sky130_fd_sc_hd__clkbuf_1)
     1    0.002045    0.035945    0.067812    5.083405 ^ input1/X (sky130_fd_sc_hd__clkbuf_1)
                                                         net1 (net)
                      0.035945    0.000094    5.083498 ^ _0749_/B (sky130_fd_sc_hd__and2_1)
     1    0.003817    0.054559    0.119301    5.202799 ^ _0749_/X (sky130_fd_sc_hd__and2_1)
                                                         MATMULT_INST.cntrl.n_rst (net)
                      0.054560    0.000277    5.203076 ^ fanout37/A (sky130_fd_sc_hd__buf_2)
    17    0.055063    0.268539    0.265529    5.468605 ^ fanout37/X (sky130_fd_sc_hd__buf_2)
                                                         net37 (net)
                      0.268839    0.007417    5.476022 ^ fanout36/A (sky130_fd_sc_hd__clkbuf_2)
     5    0.027787    0.155934    0.249182    5.725204 ^ fanout36/X (sky130_fd_sc_hd__clkbuf_2)
                                                         net36 (net)
                      0.155978    0.002514    5.727717 ^ fanout35/A (sky130_fd_sc_hd__buf_2)
     9    0.042105    0.207198    0.260450    5.988167 ^ fanout35/X (sky130_fd_sc_hd__buf_2)
                                                         net35 (net)
                      0.207284    0.001811    5.989979 ^ _1018_/RESET_B (sky130_fd_sc_hd__dfrtp_2)
                                              5.989979   data arrival time

                                 25.000000   25.000000   clock clk (rise edge)
                                  0.000000   25.000000   clock source latency
     2    0.018194    0.087443    0.060611   25.060610 ^ clk (in)
                                                         clk (net)
                      0.087487    0.000000   25.060610 ^ clkbuf_0_clk/A (sky130_fd_sc_hd__clkbuf_16)
    17    0.112789    0.126581    0.207491   25.268101 ^ clkbuf_0_clk/X (sky130_fd_sc_hd__clkbuf_16)
                                                         clknet_0_clk (net)
                      0.127328    0.007756   25.275856 ^ clkbuf_3_7__f_clk/A (sky130_fd_sc_hd__clkbuf_16)
    18    0.053999    0.072776    0.180540   25.456396 ^ clkbuf_3_7__f_clk/X (sky130_fd_sc_hd__clkbuf_16)
                                                         clknet_3_7__leaf_clk (net)
                      0.073102    0.003427   25.459824 ^ _1018_/CLK (sky130_fd_sc_hd__dfrtp_2)
                                 -0.250000   25.209824   clock uncertainty
                                  0.000000   25.209824   clock reconvergence pessimism
                                  0.179616   25.389441   library recovery time
                                             25.389441   data required time
---------------------------------------------------------------------------------------------
                                             25.389441   data required time
                                             -5.989979   data arrival time
---------------------------------------------------------------------------------------------
                                             19.399462   slack (MET)


Startpoint: en (input port clocked by clk)
Endpoint: _0999_ (recovery check against rising-edge clock clk)
Path Group: asynchronous
Path Type: max

Fanout         Cap        Slew       Delay        Time   Description
---------------------------------------------------------------------------------------------
                                  0.000000    0.000000   clock clk (rise edge)
                                  0.000000    0.000000   clock network delay (propagated)
                                  5.000000    5.000000 ^ input external delay
     2    0.004296    0.026230    0.015592    5.015592 ^ en (in)
                                                         en (net)
                      0.026231    0.000000    5.015592 ^ input1/A (sky130_fd_sc_hd__clkbuf_1)
     1    0.002045    0.035945    0.067812    5.083405 ^ input1/X (sky130_fd_sc_hd__clkbuf_1)
                                                         net1 (net)
                      0.035945    0.000094    5.083498 ^ _0749_/B (sky130_fd_sc_hd__and2_1)
     1    0.003817    0.054559    0.119301    5.202799 ^ _0749_/X (sky130_fd_sc_hd__and2_1)
                                                         MATMULT_INST.cntrl.n_rst (net)
                      0.054560    0.000277    5.203076 ^ fanout37/A (sky130_fd_sc_hd__buf_2)
    17    0.055063    0.268539    0.265529    5.468605 ^ fanout37/X (sky130_fd_sc_hd__buf_2)
                                                         net37 (net)
                      0.268839    0.007417    5.476022 ^ fanout36/A (sky130_fd_sc_hd__clkbuf_2)
     5    0.027787    0.155934    0.249182    5.725204 ^ fanout36/X (sky130_fd_sc_hd__clkbuf_2)
                                                         net36 (net)
                      0.155978    0.002514    5.727717 ^ fanout35/A (sky130_fd_sc_hd__buf_2)
     9    0.042105    0.207198    0.260450    5.988167 ^ fanout35/X (sky130_fd_sc_hd__buf_2)
                                                         net35 (net)
                      0.207308    0.002597    5.990765 ^ _0999_/RESET_B (sky130_fd_sc_hd__dfrtp_1)
                                              5.990765   data arrival time

                                 25.000000   25.000000   clock clk (rise edge)
                                  0.000000   25.000000   clock source latency
     2    0.018194    0.087443    0.060611   25.060610 ^ clk (in)
                                                         clk (net)
                      0.087487    0.000000   25.060610 ^ clkbuf_0_clk/A (sky130_fd_sc_hd__clkbuf_16)
    17    0.112789    0.126581    0.207491   25.268101 ^ clkbuf_0_clk/X (sky130_fd_sc_hd__clkbuf_16)
                                                         clknet_0_clk (net)
                      0.127328    0.007756   25.275856 ^ clkbuf_3_7__f_clk/A (sky130_fd_sc_hd__clkbuf_16)
    18    0.053999    0.072776    0.180540   25.456396 ^ clkbuf_3_7__f_clk/X (sky130_fd_sc_hd__clkbuf_16)
                                                         clknet_3_7__leaf_clk (net)
                      0.073014    0.002807   25.459204 ^ _0999_/CLK (sky130_fd_sc_hd__dfrtp_1)
                                 -0.250000   25.209204   clock uncertainty
                                  0.000000   25.209204   clock reconvergence pessimism
                                  0.197085   25.406290   library recovery time
                                             25.406290   data required time
---------------------------------------------------------------------------------------------
                                             25.406290   data required time
                                             -5.990765   data arrival time
---------------------------------------------------------------------------------------------
                                             19.415524   slack (MET)


Startpoint: en (input port clocked by clk)
Endpoint: _1000_ (recovery check against rising-edge clock clk)
Path Group: asynchronous
Path Type: max

Fanout         Cap        Slew       Delay        Time   Description
---------------------------------------------------------------------------------------------
                                  0.000000    0.000000   clock clk (rise edge)
                                  0.000000    0.000000   clock network delay (propagated)
                                  5.000000    5.000000 ^ input external delay
     2    0.004296    0.026230    0.015592    5.015592 ^ en (in)
                                                         en (net)
                      0.026231    0.000000    5.015592 ^ input1/A (sky130_fd_sc_hd__clkbuf_1)
     1    0.002045    0.035945    0.067812    5.083405 ^ input1/X (sky130_fd_sc_hd__clkbuf_1)
                                                         net1 (net)
                      0.035945    0.000094    5.083498 ^ _0749_/B (sky130_fd_sc_hd__and2_1)
     1    0.003817    0.054559    0.119301    5.202799 ^ _0749_/X (sky130_fd_sc_hd__and2_1)
                                                         MATMULT_INST.cntrl.n_rst (net)
                      0.054560    0.000277    5.203076 ^ fanout37/A (sky130_fd_sc_hd__buf_2)
    17    0.055063    0.268539    0.265529    5.468605 ^ fanout37/X (sky130_fd_sc_hd__buf_2)
                                                         net37 (net)
                      0.268839    0.007417    5.476022 ^ fanout36/A (sky130_fd_sc_hd__clkbuf_2)
     5    0.027787    0.155934    0.249182    5.725204 ^ fanout36/X (sky130_fd_sc_hd__clkbuf_2)
                                                         net36 (net)
                      0.155978    0.002514    5.727717 ^ fanout35/A (sky130_fd_sc_hd__buf_2)
     9    0.042105    0.207198    0.260450    5.988167 ^ fanout35/X (sky130_fd_sc_hd__buf_2)
                                                         net35 (net)
                      0.207306    0.002547    5.990715 ^ _1000_/RESET_B (sky130_fd_sc_hd__dfrtp_1)
                                              5.990715   data arrival time

                                 25.000000   25.000000   clock clk (rise edge)
                                  0.000000   25.000000   clock source latency
     2    0.018194    0.087443    0.060611   25.060610 ^ clk (in)
                                                         clk (net)
                      0.087487    0.000000   25.060610 ^ clkbuf_0_clk/A (sky130_fd_sc_hd__clkbuf_16)
    17    0.112789    0.126581    0.207491   25.268101 ^ clkbuf_0_clk/X (sky130_fd_sc_hd__clkbuf_16)
                                                         clknet_0_clk (net)
                      0.127328    0.007756   25.275856 ^ clkbuf_3_7__f_clk/A (sky130_fd_sc_hd__clkbuf_16)
    18    0.053999    0.072776    0.180540   25.456396 ^ clkbuf_3_7__f_clk/X (sky130_fd_sc_hd__clkbuf_16)
                                                         clknet_3_7__leaf_clk (net)
                      0.073009    0.002764   25.459162 ^ _1000_/CLK (sky130_fd_sc_hd__dfrtp_1)
                                 -0.250000   25.209162   clock uncertainty
                                  0.000000   25.209162   clock reconvergence pessimism
                                  0.197084   25.406244   library recovery time
                                             25.406244   data required time
---------------------------------------------------------------------------------------------
                                             25.406244   data required time
                                             -5.990715   data arrival time
---------------------------------------------------------------------------------------------
                                             19.415531   slack (MET)


Startpoint: en (input port clocked by clk)
Endpoint: _1020_ (recovery check against rising-edge clock clk)
Path Group: asynchronous
Path Type: max

Fanout         Cap        Slew       Delay        Time   Description
---------------------------------------------------------------------------------------------
                                  0.000000    0.000000   clock clk (rise edge)
                                  0.000000    0.000000   clock network delay (propagated)
                                  5.000000    5.000000 ^ input external delay
     2    0.004296    0.026230    0.015592    5.015592 ^ en (in)
                                                         en (net)
                      0.026231    0.000000    5.015592 ^ input1/A (sky130_fd_sc_hd__clkbuf_1)
     1    0.002045    0.035945    0.067812    5.083405 ^ input1/X (sky130_fd_sc_hd__clkbuf_1)
                                                         net1 (net)
                      0.035945    0.000094    5.083498 ^ _0749_/B (sky130_fd_sc_hd__and2_1)
     1    0.003817    0.054559    0.119301    5.202799 ^ _0749_/X (sky130_fd_sc_hd__and2_1)
                                                         MATMULT_INST.cntrl.n_rst (net)
                      0.054560    0.000277    5.203076 ^ fanout37/A (sky130_fd_sc_hd__buf_2)
    17    0.055063    0.268539    0.265529    5.468605 ^ fanout37/X (sky130_fd_sc_hd__buf_2)
                                                         net37 (net)
                      0.268839    0.007417    5.476022 ^ fanout36/A (sky130_fd_sc_hd__clkbuf_2)
     5    0.027787    0.155934    0.249182    5.725204 ^ fanout36/X (sky130_fd_sc_hd__clkbuf_2)
                                                         net36 (net)
                      0.155978    0.002514    5.727717 ^ fanout35/A (sky130_fd_sc_hd__buf_2)
     9    0.042105    0.207198    0.260450    5.988167 ^ fanout35/X (sky130_fd_sc_hd__buf_2)
                                                         net35 (net)
                      0.207285    0.001853    5.990021 ^ _1020_/RESET_B (sky130_fd_sc_hd__dfrtp_1)
                                              5.990021   data arrival time

                                 25.000000   25.000000   clock clk (rise edge)
                                  0.000000   25.000000   clock source latency
     2    0.018194    0.087443    0.060611   25.060610 ^ clk (in)
                                                         clk (net)
                      0.087487    0.000000   25.060610 ^ clkbuf_0_clk/A (sky130_fd_sc_hd__clkbuf_16)
    17    0.112789    0.126581    0.207491   25.268101 ^ clkbuf_0_clk/X (sky130_fd_sc_hd__clkbuf_16)
                                                         clknet_0_clk (net)
                      0.127328    0.007756   25.275856 ^ clkbuf_3_7__f_clk/A (sky130_fd_sc_hd__clkbuf_16)
    18    0.053999    0.072776    0.180540   25.456396 ^ clkbuf_3_7__f_clk/X (sky130_fd_sc_hd__clkbuf_16)
                                                         clknet_3_7__leaf_clk (net)
                      0.072953    0.002292   25.458689 ^ _1020_/CLK (sky130_fd_sc_hd__dfrtp_1)
                                 -0.250000   25.208689   clock uncertainty
                                  0.000000   25.208689   clock reconvergence pessimism
                                  0.197072   25.405762   library recovery time
                                             25.405762   data required time
---------------------------------------------------------------------------------------------
                                             25.405762   data required time
                                             -5.990021   data arrival time
---------------------------------------------------------------------------------------------
                                             19.415741   slack (MET)


Startpoint: en (input port clocked by clk)
Endpoint: _0997_ (recovery check against rising-edge clock clk)
Path Group: asynchronous
Path Type: max

Fanout         Cap        Slew       Delay        Time   Description
---------------------------------------------------------------------------------------------
                                  0.000000    0.000000   clock clk (rise edge)
                                  0.000000    0.000000   clock network delay (propagated)
                                  5.000000    5.000000 ^ input external delay
     2    0.004296    0.026230    0.015592    5.015592 ^ en (in)
                                                         en (net)
                      0.026231    0.000000    5.015592 ^ input1/A (sky130_fd_sc_hd__clkbuf_1)
     1    0.002045    0.035945    0.067812    5.083405 ^ input1/X (sky130_fd_sc_hd__clkbuf_1)
                                                         net1 (net)
                      0.035945    0.000094    5.083498 ^ _0749_/B (sky130_fd_sc_hd__and2_1)
     1    0.003817    0.054559    0.119301    5.202799 ^ _0749_/X (sky130_fd_sc_hd__and2_1)
                                                         MATMULT_INST.cntrl.n_rst (net)
                      0.054560    0.000277    5.203076 ^ fanout37/A (sky130_fd_sc_hd__buf_2)
    17    0.055063    0.268539    0.265529    5.468605 ^ fanout37/X (sky130_fd_sc_hd__buf_2)
                                                         net37 (net)
                      0.268839    0.007417    5.476022 ^ fanout36/A (sky130_fd_sc_hd__clkbuf_2)
     5    0.027787    0.155934    0.249182    5.725204 ^ fanout36/X (sky130_fd_sc_hd__clkbuf_2)
                                                         net36 (net)
                      0.155978    0.002514    5.727717 ^ fanout35/A (sky130_fd_sc_hd__buf_2)
     9    0.042105    0.207198    0.260450    5.988167 ^ fanout35/X (sky130_fd_sc_hd__buf_2)
                                                         net35 (net)
                      0.207287    0.001955    5.990122 ^ _0997_/RESET_B (sky130_fd_sc_hd__dfrtp_1)
                                              5.990122   data arrival time

                                 25.000000   25.000000   clock clk (rise edge)
                                  0.000000   25.000000   clock source latency
     2    0.018194    0.087443    0.060611   25.060610 ^ clk (in)
                                                         clk (net)
                      0.087487    0.000000   25.060610 ^ clkbuf_0_clk/A (sky130_fd_sc_hd__clkbuf_16)
    17    0.112789    0.126581    0.207491   25.268101 ^ clkbuf_0_clk/X (sky130_fd_sc_hd__clkbuf_16)
                                                         clknet_0_clk (net)
                      0.127328    0.007756   25.275856 ^ clkbuf_3_7__f_clk/A (sky130_fd_sc_hd__clkbuf_16)
    18    0.053999    0.072776    0.180540   25.456396 ^ clkbuf_3_7__f_clk/X (sky130_fd_sc_hd__clkbuf_16)
                                                         clknet_3_7__leaf_clk (net)
                      0.073038    0.002986   25.459383 ^ _0997_/CLK (sky130_fd_sc_hd__dfrtp_1)
                                 -0.250000   25.209383   clock uncertainty
                                  0.000000   25.209383   clock reconvergence pessimism
                                  0.197098   25.406481   library recovery time
                                             25.406481   data required time
---------------------------------------------------------------------------------------------
                                             25.406481   data required time
                                             -5.990122   data arrival time
---------------------------------------------------------------------------------------------
                                             19.416359   slack (MET)


Startpoint: en (input port clocked by clk)
Endpoint: _0998_ (recovery check against rising-edge clock clk)
Path Group: asynchronous
Path Type: max

Fanout         Cap        Slew       Delay        Time   Description
---------------------------------------------------------------------------------------------
                                  0.000000    0.000000   clock clk (rise edge)
                                  0.000000    0.000000   clock network delay (propagated)
                                  5.000000    5.000000 ^ input external delay
     2    0.004296    0.026230    0.015592    5.015592 ^ en (in)
                                                         en (net)
                      0.026231    0.000000    5.015592 ^ input1/A (sky130_fd_sc_hd__clkbuf_1)
     1    0.002045    0.035945    0.067812    5.083405 ^ input1/X (sky130_fd_sc_hd__clkbuf_1)
                                                         net1 (net)
                      0.035945    0.000094    5.083498 ^ _0749_/B (sky130_fd_sc_hd__and2_1)
     1    0.003817    0.054559    0.119301    5.202799 ^ _0749_/X (sky130_fd_sc_hd__and2_1)
                                                         MATMULT_INST.cntrl.n_rst (net)
                      0.054560    0.000277    5.203076 ^ fanout37/A (sky130_fd_sc_hd__buf_2)
    17    0.055063    0.268539    0.265529    5.468605 ^ fanout37/X (sky130_fd_sc_hd__buf_2)
                                                         net37 (net)
                      0.268839    0.007417    5.476022 ^ fanout36/A (sky130_fd_sc_hd__clkbuf_2)
     5    0.027787    0.155934    0.249182    5.725204 ^ fanout36/X (sky130_fd_sc_hd__clkbuf_2)
                                                         net36 (net)
                      0.155978    0.002514    5.727717 ^ fanout35/A (sky130_fd_sc_hd__buf_2)
     9    0.042105    0.207198    0.260450    5.988167 ^ fanout35/X (sky130_fd_sc_hd__buf_2)
                                                         net35 (net)
                      0.207291    0.002096    5.990263 ^ _0998_/RESET_B (sky130_fd_sc_hd__dfrtp_1)
                                              5.990263   data arrival time

                                 25.000000   25.000000   clock clk (rise edge)
                                  0.000000   25.000000   clock source latency
     2    0.018194    0.087443    0.060611   25.060610 ^ clk (in)
                                                         clk (net)
                      0.087487    0.000000   25.060610 ^ clkbuf_0_clk/A (sky130_fd_sc_hd__clkbuf_16)
    17    0.112789    0.126581    0.207491   25.268101 ^ clkbuf_0_clk/X (sky130_fd_sc_hd__clkbuf_16)
                                                         clknet_0_clk (net)
                      0.127328    0.007756   25.275856 ^ clkbuf_3_7__f_clk/A (sky130_fd_sc_hd__clkbuf_16)
    18    0.053999    0.072776    0.180540   25.456396 ^ clkbuf_3_7__f_clk/X (sky130_fd_sc_hd__clkbuf_16)
                                                         clknet_3_7__leaf_clk (net)
                      0.073081    0.003284   25.459681 ^ _0998_/CLK (sky130_fd_sc_hd__dfrtp_1)
                                 -0.250000   25.209682   clock uncertainty
                                  0.000000   25.209682   clock reconvergence pessimism
                                  0.197110   25.406792   library recovery time
                                             25.406792   data required time
---------------------------------------------------------------------------------------------
                                             25.406792   data required time
                                             -5.990263   data arrival time
---------------------------------------------------------------------------------------------
                                             19.416529   slack (MET)


Startpoint: en (input port clocked by clk)
Endpoint: _1019_ (recovery check against rising-edge clock clk)
Path Group: asynchronous
Path Type: max

Fanout         Cap        Slew       Delay        Time   Description
---------------------------------------------------------------------------------------------
                                  0.000000    0.000000   clock clk (rise edge)
                                  0.000000    0.000000   clock network delay (propagated)
                                  5.000000    5.000000 ^ input external delay
     2    0.004296    0.026230    0.015592    5.015592 ^ en (in)
                                                         en (net)
                      0.026231    0.000000    5.015592 ^ input1/A (sky130_fd_sc_hd__clkbuf_1)
     1    0.002045    0.035945    0.067812    5.083405 ^ input1/X (sky130_fd_sc_hd__clkbuf_1)
                                                         net1 (net)
                      0.035945    0.000094    5.083498 ^ _0749_/B (sky130_fd_sc_hd__and2_1)
     1    0.003817    0.054559    0.119301    5.202799 ^ _0749_/X (sky130_fd_sc_hd__and2_1)
                                                         MATMULT_INST.cntrl.n_rst (net)
                      0.054560    0.000277    5.203076 ^ fanout37/A (sky130_fd_sc_hd__buf_2)
    17    0.055063    0.268539    0.265529    5.468605 ^ fanout37/X (sky130_fd_sc_hd__buf_2)
                                                         net37 (net)
                      0.268839    0.007417    5.476022 ^ fanout36/A (sky130_fd_sc_hd__clkbuf_2)
     5    0.027787    0.155934    0.249182    5.725204 ^ fanout36/X (sky130_fd_sc_hd__clkbuf_2)
                                                         net36 (net)
                      0.155978    0.002514    5.727717 ^ fanout35/A (sky130_fd_sc_hd__buf_2)
     9    0.042105    0.207198    0.260450    5.988167 ^ fanout35/X (sky130_fd_sc_hd__buf_2)
                                                         net35 (net)
                      0.207286    0.001885    5.990052 ^ _1019_/RESET_B (sky130_fd_sc_hd__dfrtp_1)
                                              5.990052   data arrival time

                                 25.000000   25.000000   clock clk (rise edge)
                                  0.000000   25.000000   clock source latency
     2    0.018194    0.087443    0.060611   25.060610 ^ clk (in)
                                                         clk (net)
                      0.087487    0.000000   25.060610 ^ clkbuf_0_clk/A (sky130_fd_sc_hd__clkbuf_16)
    17    0.112789    0.126581    0.207491   25.268101 ^ clkbuf_0_clk/X (sky130_fd_sc_hd__clkbuf_16)
                                                         clknet_0_clk (net)
                      0.127328    0.007756   25.275856 ^ clkbuf_3_7__f_clk/A (sky130_fd_sc_hd__clkbuf_16)
    18    0.053999    0.072776    0.180540   25.456396 ^ clkbuf_3_7__f_clk/X (sky130_fd_sc_hd__clkbuf_16)
                                                         clknet_3_7__leaf_clk (net)
                      0.073103    0.003434   25.459831 ^ _1019_/CLK (sky130_fd_sc_hd__dfrtp_1)
                                 -0.250000   25.209831   clock uncertainty
                                  0.000000   25.209831   clock reconvergence pessimism
                                  0.197119   25.406950   library recovery time
                                             25.406950   data required time
---------------------------------------------------------------------------------------------
                                             25.406950   data required time
                                             -5.990052   data arrival time
---------------------------------------------------------------------------------------------
                                             19.416899   slack (MET)


Startpoint: en (input port clocked by clk)
Endpoint: _1002_ (recovery check against rising-edge clock clk)
Path Group: asynchronous
Path Type: max

Fanout         Cap        Slew       Delay        Time   Description
---------------------------------------------------------------------------------------------
                                  0.000000    0.000000   clock clk (rise edge)
                                  0.000000    0.000000   clock network delay (propagated)
                                  5.000000    5.000000 ^ input external delay
     2    0.004296    0.026230    0.015592    5.015592 ^ en (in)
                                                         en (net)
                      0.026231    0.000000    5.015592 ^ input1/A (sky130_fd_sc_hd__clkbuf_1)
     1    0.002045    0.035945    0.067812    5.083405 ^ input1/X (sky130_fd_sc_hd__clkbuf_1)
                                                         net1 (net)
                      0.035945    0.000094    5.083498 ^ _0749_/B (sky130_fd_sc_hd__and2_1)
     1    0.003817    0.054559    0.119301    5.202799 ^ _0749_/X (sky130_fd_sc_hd__and2_1)
                                                         MATMULT_INST.cntrl.n_rst (net)
                      0.054560    0.000277    5.203076 ^ fanout37/A (sky130_fd_sc_hd__buf_2)
    17    0.055063    0.268539    0.265529    5.468605 ^ fanout37/X (sky130_fd_sc_hd__buf_2)
                                                         net37 (net)
                      0.268839    0.007417    5.476022 ^ fanout36/A (sky130_fd_sc_hd__clkbuf_2)
     5    0.027787    0.155934    0.249182    5.725204 ^ fanout36/X (sky130_fd_sc_hd__clkbuf_2)
                                                         net36 (net)
                      0.155934    0.000707    5.725911 ^ fanout33/A (sky130_fd_sc_hd__clkbuf_4)
    10    0.052402    0.161885    0.261052    5.986963 ^ fanout33/X (sky130_fd_sc_hd__clkbuf_4)
                                                         net33 (net)
                      0.162044    0.003306    5.990268 ^ _1002_/RESET_B (sky130_fd_sc_hd__dfrtp_1)
                                              5.990268   data arrival time

                                 25.000000   25.000000   clock clk (rise edge)
                                  0.000000   25.000000   clock source latency
     2    0.018194    0.087443    0.060611   25.060610 ^ clk (in)
                                                         clk (net)
                      0.087487    0.000000   25.060610 ^ clkbuf_0_clk/A (sky130_fd_sc_hd__clkbuf_16)
    17    0.112789    0.126581    0.207491   25.268101 ^ clkbuf_0_clk/X (sky130_fd_sc_hd__clkbuf_16)
                                                         clknet_0_clk (net)
                      0.127219    0.007180   25.275282 ^ clkbuf_3_6__f_clk/A (sky130_fd_sc_hd__clkbuf_16)
    15    0.050695    0.069711    0.178572   25.453854 ^ clkbuf_3_6__f_clk/X (sky130_fd_sc_hd__clkbuf_16)
                                                         clknet_3_6__leaf_clk (net)
                      0.069797    0.002172   25.456026 ^ _1002_/CLK (sky130_fd_sc_hd__dfrtp_1)
                                 -0.250000   25.206026   clock uncertainty
                                  0.000000   25.206026   clock reconvergence pessimism
                                  0.207751   25.413776   library recovery time
                                             25.413776   data required time
---------------------------------------------------------------------------------------------
                                             25.413776   data required time
                                             -5.990268   data arrival time
---------------------------------------------------------------------------------------------
                                             19.423510   slack (MET)


Startpoint: en (input port clocked by clk)
Endpoint: _0957_ (recovery check against rising-edge clock clk)
Path Group: asynchronous
Path Type: max

Fanout         Cap        Slew       Delay        Time   Description
---------------------------------------------------------------------------------------------
                                  0.000000    0.000000   clock clk (rise edge)
                                  0.000000    0.000000   clock network delay (propagated)
                                  5.000000    5.000000 ^ input external delay
     2    0.004296    0.026230    0.015592    5.015592 ^ en (in)
                                                         en (net)
                      0.026231    0.000000    5.015592 ^ input1/A (sky130_fd_sc_hd__clkbuf_1)
     1    0.002045    0.035945    0.067812    5.083405 ^ input1/X (sky130_fd_sc_hd__clkbuf_1)
                                                         net1 (net)
                      0.035945    0.000094    5.083498 ^ _0749_/B (sky130_fd_sc_hd__and2_1)
     1    0.003817    0.054559    0.119301    5.202799 ^ _0749_/X (sky130_fd_sc_hd__and2_1)
                                                         MATMULT_INST.cntrl.n_rst (net)
                      0.054560    0.000277    5.203076 ^ fanout37/A (sky130_fd_sc_hd__buf_2)
    17    0.055063    0.268539    0.265529    5.468605 ^ fanout37/X (sky130_fd_sc_hd__buf_2)
                                                         net37 (net)
                      0.268839    0.007417    5.476022 ^ fanout36/A (sky130_fd_sc_hd__clkbuf_2)
     5    0.027787    0.155934    0.249182    5.725204 ^ fanout36/X (sky130_fd_sc_hd__clkbuf_2)
                                                         net36 (net)
                      0.155934    0.000707    5.725911 ^ fanout33/A (sky130_fd_sc_hd__clkbuf_4)
    10    0.052402    0.161885    0.261052    5.986963 ^ fanout33/X (sky130_fd_sc_hd__clkbuf_4)
                                                         net33 (net)
                      0.161960    0.003227    5.990190 ^ _0957_/RESET_B (sky130_fd_sc_hd__dfrtp_1)
                                              5.990190   data arrival time

                                 25.000000   25.000000   clock clk (rise edge)
                                  0.000000   25.000000   clock source latency
     2    0.018194    0.087443    0.060611   25.060610 ^ clk (in)
                                                         clk (net)
                      0.087487    0.000000   25.060610 ^ clkbuf_0_clk/A (sky130_fd_sc_hd__clkbuf_16)
    17    0.112789    0.126581    0.207491   25.268101 ^ clkbuf_0_clk/X (sky130_fd_sc_hd__clkbuf_16)
                                                         clknet_0_clk (net)
                      0.127219    0.007180   25.275282 ^ clkbuf_3_6__f_clk/A (sky130_fd_sc_hd__clkbuf_16)
    15    0.050695    0.069711    0.178572   25.453854 ^ clkbuf_3_6__f_clk/X (sky130_fd_sc_hd__clkbuf_16)
                                                         clknet_3_6__leaf_clk (net)
                      0.069793    0.002133   25.455986 ^ _0957_/CLK (sky130_fd_sc_hd__dfrtp_1)
                                 -0.250000   25.205988   clock uncertainty
                                  0.000000   25.205988   clock reconvergence pessimism
                                  0.207771   25.413759   library recovery time
                                             25.413759   data required time
---------------------------------------------------------------------------------------------
                                             25.413759   data required time
                                             -5.990190   data arrival time
---------------------------------------------------------------------------------------------
                                             19.423569   slack (MET)


Startpoint: en (input port clocked by clk)
Endpoint: _1014_ (recovery check against rising-edge clock clk)
Path Group: asynchronous
Path Type: max

Fanout         Cap        Slew       Delay        Time   Description
---------------------------------------------------------------------------------------------
                                  0.000000    0.000000   clock clk (rise edge)
                                  0.000000    0.000000   clock network delay (propagated)
                                  5.000000    5.000000 ^ input external delay
     2    0.004296    0.026230    0.015592    5.015592 ^ en (in)
                                                         en (net)
                      0.026231    0.000000    5.015592 ^ input1/A (sky130_fd_sc_hd__clkbuf_1)
     1    0.002045    0.035945    0.067812    5.083405 ^ input1/X (sky130_fd_sc_hd__clkbuf_1)
                                                         net1 (net)
                      0.035945    0.000094    5.083498 ^ _0749_/B (sky130_fd_sc_hd__and2_1)
     1    0.003817    0.054559    0.119301    5.202799 ^ _0749_/X (sky130_fd_sc_hd__and2_1)
                                                         MATMULT_INST.cntrl.n_rst (net)
                      0.054560    0.000277    5.203076 ^ fanout37/A (sky130_fd_sc_hd__buf_2)
    17    0.055063    0.268539    0.265529    5.468605 ^ fanout37/X (sky130_fd_sc_hd__buf_2)
                                                         net37 (net)
                      0.268839    0.007417    5.476022 ^ fanout36/A (sky130_fd_sc_hd__clkbuf_2)
     5    0.027787    0.155934    0.249182    5.725204 ^ fanout36/X (sky130_fd_sc_hd__clkbuf_2)
                                                         net36 (net)
                      0.155934    0.000707    5.725911 ^ fanout33/A (sky130_fd_sc_hd__clkbuf_4)
    10    0.052402    0.161885    0.261052    5.986963 ^ fanout33/X (sky130_fd_sc_hd__clkbuf_4)
                                                         net33 (net)
                      0.162049    0.003377    5.990340 ^ _1014_/RESET_B (sky130_fd_sc_hd__dfrtp_1)
                                              5.990340   data arrival time

                                 25.000000   25.000000   clock clk (rise edge)
                                  0.000000   25.000000   clock source latency
     2    0.018194    0.087443    0.060611   25.060610 ^ clk (in)
                                                         clk (net)
                      0.087487    0.000000   25.060610 ^ clkbuf_0_clk/A (sky130_fd_sc_hd__clkbuf_16)
    17    0.112789    0.126581    0.207491   25.268101 ^ clkbuf_0_clk/X (sky130_fd_sc_hd__clkbuf_16)
                                                         clknet_0_clk (net)
                      0.127219    0.007180   25.275282 ^ clkbuf_3_6__f_clk/A (sky130_fd_sc_hd__clkbuf_16)
    15    0.050695    0.069711    0.178572   25.453854 ^ clkbuf_3_6__f_clk/X (sky130_fd_sc_hd__clkbuf_16)
                                                         clknet_3_6__leaf_clk (net)
                      0.069816    0.002366   25.456219 ^ _1014_/CLK (sky130_fd_sc_hd__dfrtp_1)
                                 -0.250000   25.206221   clock uncertainty
                                  0.000000   25.206221   clock reconvergence pessimism
                                  0.207755   25.413975   library recovery time
                                             25.413975   data required time
---------------------------------------------------------------------------------------------
                                             25.413975   data required time
                                             -5.990340   data arrival time
---------------------------------------------------------------------------------------------
                                             19.423635   slack (MET)


Startpoint: en (input port clocked by clk)
Endpoint: _1015_ (recovery check against rising-edge clock clk)
Path Group: asynchronous
Path Type: max

Fanout         Cap        Slew       Delay        Time   Description
---------------------------------------------------------------------------------------------
                                  0.000000    0.000000   clock clk (rise edge)
                                  0.000000    0.000000   clock network delay (propagated)
                                  5.000000    5.000000 ^ input external delay
     2    0.004296    0.026230    0.015592    5.015592 ^ en (in)
                                                         en (net)
                      0.026231    0.000000    5.015592 ^ input1/A (sky130_fd_sc_hd__clkbuf_1)
     1    0.002045    0.035945    0.067812    5.083405 ^ input1/X (sky130_fd_sc_hd__clkbuf_1)
                                                         net1 (net)
                      0.035945    0.000094    5.083498 ^ _0749_/B (sky130_fd_sc_hd__and2_1)
     1    0.003817    0.054559    0.119301    5.202799 ^ _0749_/X (sky130_fd_sc_hd__and2_1)
                                                         MATMULT_INST.cntrl.n_rst (net)
                      0.054560    0.000277    5.203076 ^ fanout37/A (sky130_fd_sc_hd__buf_2)
    17    0.055063    0.268539    0.265529    5.468605 ^ fanout37/X (sky130_fd_sc_hd__buf_2)
                                                         net37 (net)
                      0.268839    0.007417    5.476022 ^ fanout36/A (sky130_fd_sc_hd__clkbuf_2)
     5    0.027787    0.155934    0.249182    5.725204 ^ fanout36/X (sky130_fd_sc_hd__clkbuf_2)
                                                         net36 (net)
                      0.155934    0.000707    5.725911 ^ fanout33/A (sky130_fd_sc_hd__clkbuf_4)
    10    0.052402    0.161885    0.261052    5.986963 ^ fanout33/X (sky130_fd_sc_hd__clkbuf_4)
                                                         net33 (net)
                      0.161960    0.003230    5.990192 ^ _1015_/RESET_B (sky130_fd_sc_hd__dfrtp_1)
                                              5.990192   data arrival time

                                 25.000000   25.000000   clock clk (rise edge)
                                  0.000000   25.000000   clock source latency
     2    0.018194    0.087443    0.060611   25.060610 ^ clk (in)
                                                         clk (net)
                      0.087487    0.000000   25.060610 ^ clkbuf_0_clk/A (sky130_fd_sc_hd__clkbuf_16)
    17    0.112789    0.126581    0.207491   25.268101 ^ clkbuf_0_clk/X (sky130_fd_sc_hd__clkbuf_16)
                                                         clknet_0_clk (net)
                      0.127219    0.007180   25.275282 ^ clkbuf_3_6__f_clk/A (sky130_fd_sc_hd__clkbuf_16)
    15    0.050695    0.069711    0.178572   25.453854 ^ clkbuf_3_6__f_clk/X (sky130_fd_sc_hd__clkbuf_16)
                                                         clknet_3_6__leaf_clk (net)
                      0.069802    0.002222   25.456076 ^ _1015_/CLK (sky130_fd_sc_hd__dfrtp_1)
                                 -0.250000   25.206076   clock uncertainty
                                  0.000000   25.206076   clock reconvergence pessimism
                                  0.207774   25.413849   library recovery time
                                             25.413849   data required time
---------------------------------------------------------------------------------------------
                                             25.413849   data required time
                                             -5.990192   data arrival time
---------------------------------------------------------------------------------------------
                                             19.423656   slack (MET)


Startpoint: en (input port clocked by clk)
Endpoint: _1013_ (recovery check against rising-edge clock clk)
Path Group: asynchronous
Path Type: max

Fanout         Cap        Slew       Delay        Time   Description
---------------------------------------------------------------------------------------------
                                  0.000000    0.000000   clock clk (rise edge)
                                  0.000000    0.000000   clock network delay (propagated)
                                  5.000000    5.000000 ^ input external delay
     2    0.004296    0.026230    0.015592    5.015592 ^ en (in)
                                                         en (net)
                      0.026231    0.000000    5.015592 ^ input1/A (sky130_fd_sc_hd__clkbuf_1)
     1    0.002045    0.035945    0.067812    5.083405 ^ input1/X (sky130_fd_sc_hd__clkbuf_1)
                                                         net1 (net)
                      0.035945    0.000094    5.083498 ^ _0749_/B (sky130_fd_sc_hd__and2_1)
     1    0.003817    0.054559    0.119301    5.202799 ^ _0749_/X (sky130_fd_sc_hd__and2_1)
                                                         MATMULT_INST.cntrl.n_rst (net)
                      0.054560    0.000277    5.203076 ^ fanout37/A (sky130_fd_sc_hd__buf_2)
    17    0.055063    0.268539    0.265529    5.468605 ^ fanout37/X (sky130_fd_sc_hd__buf_2)
                                                         net37 (net)
                      0.268839    0.007417    5.476022 ^ fanout36/A (sky130_fd_sc_hd__clkbuf_2)
     5    0.027787    0.155934    0.249182    5.725204 ^ fanout36/X (sky130_fd_sc_hd__clkbuf_2)
                                                         net36 (net)
                      0.155934    0.000707    5.725911 ^ fanout33/A (sky130_fd_sc_hd__clkbuf_4)
    10    0.052402    0.161885    0.261052    5.986963 ^ fanout33/X (sky130_fd_sc_hd__clkbuf_4)
                                                         net33 (net)
                      0.162045    0.003326    5.990288 ^ _1013_/RESET_B (sky130_fd_sc_hd__dfrtp_1)
                                              5.990288   data arrival time

                                 25.000000   25.000000   clock clk (rise edge)
                                  0.000000   25.000000   clock source latency
     2    0.018194    0.087443    0.060611   25.060610 ^ clk (in)
                                                         clk (net)
                      0.087487    0.000000   25.060610 ^ clkbuf_0_clk/A (sky130_fd_sc_hd__clkbuf_16)
    17    0.112789    0.126581    0.207491   25.268101 ^ clkbuf_0_clk/X (sky130_fd_sc_hd__clkbuf_16)
                                                         clknet_0_clk (net)
                      0.127219    0.007180   25.275282 ^ clkbuf_3_6__f_clk/A (sky130_fd_sc_hd__clkbuf_16)
    15    0.050695    0.069711    0.178572   25.453854 ^ clkbuf_3_6__f_clk/X (sky130_fd_sc_hd__clkbuf_16)
                                                         clknet_3_6__leaf_clk (net)
                      0.069830    0.002501   25.456354 ^ _1013_/CLK (sky130_fd_sc_hd__dfrtp_1)
                                 -0.250000   25.206354   clock uncertainty
                                  0.000000   25.206354   clock reconvergence pessimism
                                  0.207761   25.414116   library recovery time
                                             25.414116   data required time
---------------------------------------------------------------------------------------------
                                             25.414116   data required time
                                             -5.990288   data arrival time
---------------------------------------------------------------------------------------------
                                             19.423826   slack (MET)


Startpoint: en (input port clocked by clk)
Endpoint: _0944_ (recovery check against rising-edge clock clk)
Path Group: asynchronous
Path Type: max

Fanout         Cap        Slew       Delay        Time   Description
---------------------------------------------------------------------------------------------
                                  0.000000    0.000000   clock clk (rise edge)
                                  0.000000    0.000000   clock network delay (propagated)
                                  5.000000    5.000000 ^ input external delay
     2    0.004296    0.026230    0.015592    5.015592 ^ en (in)
                                                         en (net)
                      0.026231    0.000000    5.015592 ^ input1/A (sky130_fd_sc_hd__clkbuf_1)
     1    0.002045    0.035945    0.067812    5.083405 ^ input1/X (sky130_fd_sc_hd__clkbuf_1)
                                                         net1 (net)
                      0.035945    0.000094    5.083498 ^ _0749_/B (sky130_fd_sc_hd__and2_1)
     1    0.003817    0.054559    0.119301    5.202799 ^ _0749_/X (sky130_fd_sc_hd__and2_1)
                                                         MATMULT_INST.cntrl.n_rst (net)
                      0.054560    0.000277    5.203076 ^ fanout37/A (sky130_fd_sc_hd__buf_2)
    17    0.055063    0.268539    0.265529    5.468605 ^ fanout37/X (sky130_fd_sc_hd__buf_2)
                                                         net37 (net)
                      0.268839    0.007417    5.476022 ^ fanout36/A (sky130_fd_sc_hd__clkbuf_2)
     5    0.027787    0.155934    0.249182    5.725204 ^ fanout36/X (sky130_fd_sc_hd__clkbuf_2)
                                                         net36 (net)
                      0.155934    0.000707    5.725911 ^ fanout33/A (sky130_fd_sc_hd__clkbuf_4)
    10    0.052402    0.161885    0.261052    5.986963 ^ fanout33/X (sky130_fd_sc_hd__clkbuf_4)
                                                         net33 (net)
                      0.161942    0.002880    5.989843 ^ _0944_/RESET_B (sky130_fd_sc_hd__dfrtp_1)
                                              5.989843   data arrival time

                                 25.000000   25.000000   clock clk (rise edge)
                                  0.000000   25.000000   clock source latency
     2    0.018194    0.087443    0.060611   25.060610 ^ clk (in)
                                                         clk (net)
                      0.087487    0.000000   25.060610 ^ clkbuf_0_clk/A (sky130_fd_sc_hd__clkbuf_16)
    17    0.112789    0.126581    0.207491   25.268101 ^ clkbuf_0_clk/X (sky130_fd_sc_hd__clkbuf_16)
                                                         clknet_0_clk (net)
                      0.127219    0.007180   25.275282 ^ clkbuf_3_6__f_clk/A (sky130_fd_sc_hd__clkbuf_16)
    15    0.050695    0.069711    0.178572   25.453854 ^ clkbuf_3_6__f_clk/X (sky130_fd_sc_hd__clkbuf_16)
                                                         clknet_3_6__leaf_clk (net)
                      0.069811    0.002318   25.456171 ^ _0944_/CLK (sky130_fd_sc_hd__dfrtp_1)
                                 -0.250000   25.206173   clock uncertainty
                                  0.000000   25.206173   clock reconvergence pessimism
                                  0.207781   25.413952   library recovery time
                                             25.413952   data required time
---------------------------------------------------------------------------------------------
                                             25.413952   data required time
                                             -5.989843   data arrival time
---------------------------------------------------------------------------------------------
                                             19.424109   slack (MET)


Startpoint: en (input port clocked by clk)
Endpoint: _0956_ (recovery check against rising-edge clock clk)
Path Group: asynchronous
Path Type: max

Fanout         Cap        Slew       Delay        Time   Description
---------------------------------------------------------------------------------------------
                                  0.000000    0.000000   clock clk (rise edge)
                                  0.000000    0.000000   clock network delay (propagated)
                                  5.000000    5.000000 ^ input external delay
     2    0.004296    0.026230    0.015592    5.015592 ^ en (in)
                                                         en (net)
                      0.026231    0.000000    5.015592 ^ input1/A (sky130_fd_sc_hd__clkbuf_1)
     1    0.002045    0.035945    0.067812    5.083405 ^ input1/X (sky130_fd_sc_hd__clkbuf_1)
                                                         net1 (net)
                      0.035945    0.000094    5.083498 ^ _0749_/B (sky130_fd_sc_hd__and2_1)
     1    0.003817    0.054559    0.119301    5.202799 ^ _0749_/X (sky130_fd_sc_hd__and2_1)
                                                         MATMULT_INST.cntrl.n_rst (net)
                      0.054560    0.000277    5.203076 ^ fanout37/A (sky130_fd_sc_hd__buf_2)
    17    0.055063    0.268539    0.265529    5.468605 ^ fanout37/X (sky130_fd_sc_hd__buf_2)
                                                         net37 (net)
                      0.268839    0.007417    5.476022 ^ fanout36/A (sky130_fd_sc_hd__clkbuf_2)
     5    0.027787    0.155934    0.249182    5.725204 ^ fanout36/X (sky130_fd_sc_hd__clkbuf_2)
                                                         net36 (net)
                      0.155934    0.000707    5.725911 ^ fanout33/A (sky130_fd_sc_hd__clkbuf_4)
    10    0.052402    0.161885    0.261052    5.986963 ^ fanout33/X (sky130_fd_sc_hd__clkbuf_4)
                                                         net33 (net)
                      0.161937    0.002759    5.989722 ^ _0956_/RESET_B (sky130_fd_sc_hd__dfrtp_1)
                                              5.989722   data arrival time

                                 25.000000   25.000000   clock clk (rise edge)
                                  0.000000   25.000000   clock source latency
     2    0.018194    0.087443    0.060611   25.060610 ^ clk (in)
                                                         clk (net)
                      0.087487    0.000000   25.060610 ^ clkbuf_0_clk/A (sky130_fd_sc_hd__clkbuf_16)
    17    0.112789    0.126581    0.207491   25.268101 ^ clkbuf_0_clk/X (sky130_fd_sc_hd__clkbuf_16)
                                                         clknet_0_clk (net)
                      0.127219    0.007180   25.275282 ^ clkbuf_3_6__f_clk/A (sky130_fd_sc_hd__clkbuf_16)
    15    0.050695    0.069711    0.178572   25.453854 ^ clkbuf_3_6__f_clk/X (sky130_fd_sc_hd__clkbuf_16)
                                                         clknet_3_6__leaf_clk (net)
                      0.069896    0.003039   25.456892 ^ _0956_/CLK (sky130_fd_sc_hd__dfrtp_1)
                                 -0.250000   25.206894   clock uncertainty
                                  0.000000   25.206894   clock reconvergence pessimism
                                  0.207809   25.414701   library recovery time
                                             25.414701   data required time
---------------------------------------------------------------------------------------------
                                             25.414701   data required time
                                             -5.989722   data arrival time
---------------------------------------------------------------------------------------------
                                             19.424982   slack (MET)


Startpoint: en (input port clocked by clk)
Endpoint: _0955_ (recovery check against rising-edge clock clk)
Path Group: asynchronous
Path Type: max

Fanout         Cap        Slew       Delay        Time   Description
---------------------------------------------------------------------------------------------
                                  0.000000    0.000000   clock clk (rise edge)
                                  0.000000    0.000000   clock network delay (propagated)
                                  5.000000    5.000000 ^ input external delay
     2    0.004296    0.026230    0.015592    5.015592 ^ en (in)
                                                         en (net)
                      0.026231    0.000000    5.015592 ^ input1/A (sky130_fd_sc_hd__clkbuf_1)
     1    0.002045    0.035945    0.067812    5.083405 ^ input1/X (sky130_fd_sc_hd__clkbuf_1)
                                                         net1 (net)
                      0.035945    0.000094    5.083498 ^ _0749_/B (sky130_fd_sc_hd__and2_1)
     1    0.003817    0.054559    0.119301    5.202799 ^ _0749_/X (sky130_fd_sc_hd__and2_1)
                                                         MATMULT_INST.cntrl.n_rst (net)
                      0.054560    0.000277    5.203076 ^ fanout37/A (sky130_fd_sc_hd__buf_2)
    17    0.055063    0.268539    0.265529    5.468605 ^ fanout37/X (sky130_fd_sc_hd__buf_2)
                                                         net37 (net)
                      0.268839    0.007417    5.476022 ^ fanout36/A (sky130_fd_sc_hd__clkbuf_2)
     5    0.027787    0.155934    0.249182    5.725204 ^ fanout36/X (sky130_fd_sc_hd__clkbuf_2)
                                                         net36 (net)
                      0.155934    0.000707    5.725911 ^ fanout33/A (sky130_fd_sc_hd__clkbuf_4)
    10    0.052402    0.161885    0.261052    5.986963 ^ fanout33/X (sky130_fd_sc_hd__clkbuf_4)
                                                         net33 (net)
                      0.161926    0.002507    5.989470 ^ _0955_/RESET_B (sky130_fd_sc_hd__dfrtp_1)
                                              5.989470   data arrival time

                                 25.000000   25.000000   clock clk (rise edge)
                                  0.000000   25.000000   clock source latency
     2    0.018194    0.087443    0.060611   25.060610 ^ clk (in)
                                                         clk (net)
                      0.087487    0.000000   25.060610 ^ clkbuf_0_clk/A (sky130_fd_sc_hd__clkbuf_16)
    17    0.112789    0.126581    0.207491   25.268101 ^ clkbuf_0_clk/X (sky130_fd_sc_hd__clkbuf_16)
                                                         clknet_0_clk (net)
                      0.127219    0.007180   25.275282 ^ clkbuf_3_6__f_clk/A (sky130_fd_sc_hd__clkbuf_16)
    15    0.050695    0.069711    0.178572   25.453854 ^ clkbuf_3_6__f_clk/X (sky130_fd_sc_hd__clkbuf_16)
                                                         clknet_3_6__leaf_clk (net)
                      0.069900    0.003071   25.456924 ^ _0955_/CLK (sky130_fd_sc_hd__dfrtp_1)
                                 -0.250000   25.206924   clock uncertainty
                                  0.000000   25.206924   clock reconvergence pessimism
                                  0.207813   25.414738   library recovery time
                                             25.414738   data required time
---------------------------------------------------------------------------------------------
                                             25.414738   data required time
                                             -5.989470   data arrival time
---------------------------------------------------------------------------------------------
                                             19.425268   slack (MET)


Startpoint: en (input port clocked by clk)
Endpoint: _0996_ (recovery check against rising-edge clock clk)
Path Group: asynchronous
Path Type: max

Fanout         Cap        Slew       Delay        Time   Description
---------------------------------------------------------------------------------------------
                                  0.000000    0.000000   clock clk (rise edge)
                                  0.000000    0.000000   clock network delay (propagated)
                                  5.000000    5.000000 ^ input external delay
     2    0.004296    0.026230    0.015592    5.015592 ^ en (in)
                                                         en (net)
                      0.026231    0.000000    5.015592 ^ input1/A (sky130_fd_sc_hd__clkbuf_1)
     1    0.002045    0.035945    0.067812    5.083405 ^ input1/X (sky130_fd_sc_hd__clkbuf_1)
                                                         net1 (net)
                      0.035945    0.000094    5.083498 ^ _0749_/B (sky130_fd_sc_hd__and2_1)
     1    0.003817    0.054559    0.119301    5.202799 ^ _0749_/X (sky130_fd_sc_hd__and2_1)
                                                         MATMULT_INST.cntrl.n_rst (net)
                      0.054560    0.000277    5.203076 ^ fanout37/A (sky130_fd_sc_hd__buf_2)
    17    0.055063    0.268539    0.265529    5.468605 ^ fanout37/X (sky130_fd_sc_hd__buf_2)
                                                         net37 (net)
                      0.268839    0.007417    5.476022 ^ fanout36/A (sky130_fd_sc_hd__clkbuf_2)
     5    0.027787    0.155934    0.249182    5.725204 ^ fanout36/X (sky130_fd_sc_hd__clkbuf_2)
                                                         net36 (net)
                      0.155946    0.001526    5.726730 ^ fanout34/A (sky130_fd_sc_hd__clkbuf_4)
    10    0.046956    0.148658    0.248972    5.975701 ^ fanout34/X (sky130_fd_sc_hd__clkbuf_4)
                                                         net34 (net)
                      0.148945    0.004761    5.980462 ^ _0996_/RESET_B (sky130_fd_sc_hd__dfrtp_2)
                                              5.980462   data arrival time

                                 25.000000   25.000000   clock clk (rise edge)
                                  0.000000   25.000000   clock source latency
     2    0.018194    0.087443    0.060611   25.060610 ^ clk (in)
                                                         clk (net)
                      0.087487    0.000000   25.060610 ^ clkbuf_0_clk/A (sky130_fd_sc_hd__clkbuf_16)
    17    0.112789    0.126581    0.207491   25.268101 ^ clkbuf_0_clk/X (sky130_fd_sc_hd__clkbuf_16)
                                                         clknet_0_clk (net)
                      0.127328    0.007756   25.275856 ^ clkbuf_3_7__f_clk/A (sky130_fd_sc_hd__clkbuf_16)
    18    0.053999    0.072776    0.180540   25.456396 ^ clkbuf_3_7__f_clk/X (sky130_fd_sc_hd__clkbuf_16)
                                                         clknet_3_7__leaf_clk (net)
                      0.073243    0.004251   25.460648 ^ _0996_/CLK (sky130_fd_sc_hd__dfrtp_2)
                                 -0.250000   25.210648   clock uncertainty
                                  0.000000   25.210648   clock reconvergence pessimism
                                  0.196985   25.407635   library recovery time
                                             25.407635   data required time
---------------------------------------------------------------------------------------------
                                             25.407635   data required time
                                             -5.980462   data arrival time
---------------------------------------------------------------------------------------------
                                             19.427172   slack (MET)


Startpoint: en (input port clocked by clk)
Endpoint: _0992_ (recovery check against rising-edge clock clk)
Path Group: asynchronous
Path Type: max

Fanout         Cap        Slew       Delay        Time   Description
---------------------------------------------------------------------------------------------
                                  0.000000    0.000000   clock clk (rise edge)
                                  0.000000    0.000000   clock network delay (propagated)
                                  5.000000    5.000000 ^ input external delay
     2    0.004296    0.026230    0.015592    5.015592 ^ en (in)
                                                         en (net)
                      0.026231    0.000000    5.015592 ^ input1/A (sky130_fd_sc_hd__clkbuf_1)
     1    0.002045    0.035945    0.067812    5.083405 ^ input1/X (sky130_fd_sc_hd__clkbuf_1)
                                                         net1 (net)
                      0.035945    0.000094    5.083498 ^ _0749_/B (sky130_fd_sc_hd__and2_1)
     1    0.003817    0.054559    0.119301    5.202799 ^ _0749_/X (sky130_fd_sc_hd__and2_1)
                                                         MATMULT_INST.cntrl.n_rst (net)
                      0.054560    0.000277    5.203076 ^ fanout37/A (sky130_fd_sc_hd__buf_2)
    17    0.055063    0.268539    0.265529    5.468605 ^ fanout37/X (sky130_fd_sc_hd__buf_2)
                                                         net37 (net)
                      0.268839    0.007417    5.476022 ^ fanout36/A (sky130_fd_sc_hd__clkbuf_2)
     5    0.027787    0.155934    0.249182    5.725204 ^ fanout36/X (sky130_fd_sc_hd__clkbuf_2)
                                                         net36 (net)
                      0.155946    0.001526    5.726730 ^ fanout34/A (sky130_fd_sc_hd__clkbuf_4)
    10    0.046956    0.148658    0.248972    5.975701 ^ fanout34/X (sky130_fd_sc_hd__clkbuf_4)
                                                         net34 (net)
                      0.148909    0.004375    5.980077 ^ _0992_/RESET_B (sky130_fd_sc_hd__dfrtp_2)
                                              5.980077   data arrival time

                                 25.000000   25.000000   clock clk (rise edge)
                                  0.000000   25.000000   clock source latency
     2    0.018194    0.087443    0.060611   25.060610 ^ clk (in)
                                                         clk (net)
                      0.087487    0.000000   25.060610 ^ clkbuf_0_clk/A (sky130_fd_sc_hd__clkbuf_16)
    17    0.112789    0.126581    0.207491   25.268101 ^ clkbuf_0_clk/X (sky130_fd_sc_hd__clkbuf_16)
                                                         clknet_0_clk (net)
                      0.127328    0.007756   25.275856 ^ clkbuf_3_7__f_clk/A (sky130_fd_sc_hd__clkbuf_16)
    18    0.053999    0.072776    0.180540   25.456396 ^ clkbuf_3_7__f_clk/X (sky130_fd_sc_hd__clkbuf_16)
                                                         clknet_3_7__leaf_clk (net)
                      0.073263    0.004357   25.460754 ^ _0992_/CLK (sky130_fd_sc_hd__dfrtp_2)
                                 -0.250000   25.210754   clock uncertainty
                                  0.000000   25.210754   clock reconvergence pessimism
                                  0.197002   25.407757   library recovery time
                                             25.407757   data required time
---------------------------------------------------------------------------------------------
                                             25.407757   data required time
                                             -5.980077   data arrival time
---------------------------------------------------------------------------------------------
                                             19.427679   slack (MET)


Startpoint: en (input port clocked by clk)
Endpoint: _0993_ (recovery check against rising-edge clock clk)
Path Group: asynchronous
Path Type: max

Fanout         Cap        Slew       Delay        Time   Description
---------------------------------------------------------------------------------------------
                                  0.000000    0.000000   clock clk (rise edge)
                                  0.000000    0.000000   clock network delay (propagated)
                                  5.000000    5.000000 ^ input external delay
     2    0.004296    0.026230    0.015592    5.015592 ^ en (in)
                                                         en (net)
                      0.026231    0.000000    5.015592 ^ input1/A (sky130_fd_sc_hd__clkbuf_1)
     1    0.002045    0.035945    0.067812    5.083405 ^ input1/X (sky130_fd_sc_hd__clkbuf_1)
                                                         net1 (net)
                      0.035945    0.000094    5.083498 ^ _0749_/B (sky130_fd_sc_hd__and2_1)
     1    0.003817    0.054559    0.119301    5.202799 ^ _0749_/X (sky130_fd_sc_hd__and2_1)
                                                         MATMULT_INST.cntrl.n_rst (net)
                      0.054560    0.000277    5.203076 ^ fanout37/A (sky130_fd_sc_hd__buf_2)
    17    0.055063    0.268539    0.265529    5.468605 ^ fanout37/X (sky130_fd_sc_hd__buf_2)
                                                         net37 (net)
                      0.268839    0.007417    5.476022 ^ fanout36/A (sky130_fd_sc_hd__clkbuf_2)
     5    0.027787    0.155934    0.249182    5.725204 ^ fanout36/X (sky130_fd_sc_hd__clkbuf_2)
                                                         net36 (net)
                      0.155946    0.001526    5.726730 ^ fanout34/A (sky130_fd_sc_hd__clkbuf_4)
    10    0.046956    0.148658    0.248972    5.975701 ^ fanout34/X (sky130_fd_sc_hd__clkbuf_4)
                                                         net34 (net)
                      0.148894    0.004195    5.979896 ^ _0993_/RESET_B (sky130_fd_sc_hd__dfrtp_2)
                                              5.979896   data arrival time

                                 25.000000   25.000000   clock clk (rise edge)
                                  0.000000   25.000000   clock source latency
     2    0.018194    0.087443    0.060611   25.060610 ^ clk (in)
                                                         clk (net)
                      0.087487    0.000000   25.060610 ^ clkbuf_0_clk/A (sky130_fd_sc_hd__clkbuf_16)
    17    0.112789    0.126581    0.207491   25.268101 ^ clkbuf_0_clk/X (sky130_fd_sc_hd__clkbuf_16)
                                                         clknet_0_clk (net)
                      0.127328    0.007756   25.275856 ^ clkbuf_3_7__f_clk/A (sky130_fd_sc_hd__clkbuf_16)
    18    0.053999    0.072776    0.180540   25.456396 ^ clkbuf_3_7__f_clk/X (sky130_fd_sc_hd__clkbuf_16)
                                                         clknet_3_7__leaf_clk (net)
                      0.073279    0.004444   25.460842 ^ _0993_/CLK (sky130_fd_sc_hd__dfrtp_2)
                                 -0.250000   25.210842   clock uncertainty
                                  0.000000   25.210842   clock reconvergence pessimism
                                  0.197012   25.407854   library recovery time
                                             25.407854   data required time
---------------------------------------------------------------------------------------------
                                             25.407854   data required time
                                             -5.979896   data arrival time
---------------------------------------------------------------------------------------------
                                             19.427958   slack (MET)


Startpoint: en (input port clocked by clk)
Endpoint: _1030_ (recovery check against rising-edge clock clk)
Path Group: asynchronous
Path Type: max

Fanout         Cap        Slew       Delay        Time   Description
---------------------------------------------------------------------------------------------
                                  0.000000    0.000000   clock clk (rise edge)
                                  0.000000    0.000000   clock network delay (propagated)
                                  5.000000    5.000000 ^ input external delay
     2    0.004296    0.026230    0.015592    5.015592 ^ en (in)
                                                         en (net)
                      0.026231    0.000000    5.015592 ^ input1/A (sky130_fd_sc_hd__clkbuf_1)
     1    0.002045    0.035945    0.067812    5.083405 ^ input1/X (sky130_fd_sc_hd__clkbuf_1)
                                                         net1 (net)
                      0.035945    0.000094    5.083498 ^ _0749_/B (sky130_fd_sc_hd__and2_1)
     1    0.003817    0.054559    0.119301    5.202799 ^ _0749_/X (sky130_fd_sc_hd__and2_1)
                                                         MATMULT_INST.cntrl.n_rst (net)
                      0.054560    0.000277    5.203076 ^ fanout37/A (sky130_fd_sc_hd__buf_2)
    17    0.055063    0.268539    0.265529    5.468605 ^ fanout37/X (sky130_fd_sc_hd__buf_2)
                                                         net37 (net)
                      0.268839    0.007417    5.476022 ^ fanout36/A (sky130_fd_sc_hd__clkbuf_2)
     5    0.027787    0.155934    0.249182    5.725204 ^ fanout36/X (sky130_fd_sc_hd__clkbuf_2)
                                                         net36 (net)
                      0.155946    0.001526    5.726730 ^ fanout34/A (sky130_fd_sc_hd__clkbuf_4)
    10    0.046956    0.148658    0.248972    5.975701 ^ fanout34/X (sky130_fd_sc_hd__clkbuf_4)
                                                         net34 (net)
                      0.148792    0.002740    5.978442 ^ _1030_/RESET_B (sky130_fd_sc_hd__dfrtp_1)
                                              5.978442   data arrival time

                                 25.000000   25.000000   clock clk (rise edge)
                                  0.000000   25.000000   clock source latency
     2    0.018194    0.087443    0.060611   25.060610 ^ clk (in)
                                                         clk (net)
                      0.087487    0.000000   25.060610 ^ clkbuf_0_clk/A (sky130_fd_sc_hd__clkbuf_16)
    17    0.112789    0.126581    0.207491   25.268101 ^ clkbuf_0_clk/X (sky130_fd_sc_hd__clkbuf_16)
                                                         clknet_0_clk (net)
                      0.127219    0.007180   25.275282 ^ clkbuf_3_6__f_clk/A (sky130_fd_sc_hd__clkbuf_16)
    15    0.050695    0.069711    0.178572   25.453854 ^ clkbuf_3_6__f_clk/X (sky130_fd_sc_hd__clkbuf_16)
                                                         clknet_3_6__leaf_clk (net)
                      0.069845    0.002631   25.456484 ^ _1030_/CLK (sky130_fd_sc_hd__dfrtp_1)
                                 -0.250000   25.206484   clock uncertainty
                                  0.000000   25.206484   clock reconvergence pessimism
                                  0.211183   25.417667   library recovery time
                                             25.417667   data required time
---------------------------------------------------------------------------------------------
                                             25.417667   data required time
                                             -5.978442   data arrival time
---------------------------------------------------------------------------------------------
                                             19.439224   slack (MET)


Startpoint: en (input port clocked by clk)
Endpoint: _1017_ (recovery check against rising-edge clock clk)
Path Group: asynchronous
Path Type: max

Fanout         Cap        Slew       Delay        Time   Description
---------------------------------------------------------------------------------------------
                                  0.000000    0.000000   clock clk (rise edge)
                                  0.000000    0.000000   clock network delay (propagated)
                                  5.000000    5.000000 ^ input external delay
     2    0.004296    0.026230    0.015592    5.015592 ^ en (in)
                                                         en (net)
                      0.026231    0.000000    5.015592 ^ input1/A (sky130_fd_sc_hd__clkbuf_1)
     1    0.002045    0.035945    0.067812    5.083405 ^ input1/X (sky130_fd_sc_hd__clkbuf_1)
                                                         net1 (net)
                      0.035945    0.000094    5.083498 ^ _0749_/B (sky130_fd_sc_hd__and2_1)
     1    0.003817    0.054559    0.119301    5.202799 ^ _0749_/X (sky130_fd_sc_hd__and2_1)
                                                         MATMULT_INST.cntrl.n_rst (net)
                      0.054560    0.000277    5.203076 ^ fanout37/A (sky130_fd_sc_hd__buf_2)
    17    0.055063    0.268539    0.265529    5.468605 ^ fanout37/X (sky130_fd_sc_hd__buf_2)
                                                         net37 (net)
                      0.268839    0.007417    5.476022 ^ fanout36/A (sky130_fd_sc_hd__clkbuf_2)
     5    0.027787    0.155934    0.249182    5.725204 ^ fanout36/X (sky130_fd_sc_hd__clkbuf_2)
                                                         net36 (net)
                      0.155946    0.001526    5.726730 ^ fanout34/A (sky130_fd_sc_hd__clkbuf_4)
    10    0.046956    0.148658    0.248972    5.975701 ^ fanout34/X (sky130_fd_sc_hd__clkbuf_4)
                                                         net34 (net)
                      0.148978    0.005080    5.980782 ^ _1017_/RESET_B (sky130_fd_sc_hd__dfrtp_1)
                                              5.980782   data arrival time

                                 25.000000   25.000000   clock clk (rise edge)
                                  0.000000   25.000000   clock source latency
     2    0.018194    0.087443    0.060611   25.060610 ^ clk (in)
                                                         clk (net)
                      0.087487    0.000000   25.060610 ^ clkbuf_0_clk/A (sky130_fd_sc_hd__clkbuf_16)
    17    0.112789    0.126581    0.207491   25.268101 ^ clkbuf_0_clk/X (sky130_fd_sc_hd__clkbuf_16)
                                                         clknet_0_clk (net)
                      0.127328    0.007756   25.275856 ^ clkbuf_3_7__f_clk/A (sky130_fd_sc_hd__clkbuf_16)
    18    0.053999    0.072776    0.180540   25.456396 ^ clkbuf_3_7__f_clk/X (sky130_fd_sc_hd__clkbuf_16)
                                                         clknet_3_7__leaf_clk (net)
                      0.073110    0.003476   25.459873 ^ _1017_/CLK (sky130_fd_sc_hd__dfrtp_1)
                                 -0.250000   25.209873   clock uncertainty
                                  0.000000   25.209873   clock reconvergence pessimism
                                  0.212150   25.422024   library recovery time
                                             25.422024   data required time
---------------------------------------------------------------------------------------------
                                             25.422024   data required time
                                             -5.980782   data arrival time
---------------------------------------------------------------------------------------------
                                             19.441242   slack (MET)


Startpoint: en (input port clocked by clk)
Endpoint: _1029_ (recovery check against rising-edge clock clk)
Path Group: asynchronous
Path Type: max

Fanout         Cap        Slew       Delay        Time   Description
---------------------------------------------------------------------------------------------
                                  0.000000    0.000000   clock clk (rise edge)
                                  0.000000    0.000000   clock network delay (propagated)
                                  5.000000    5.000000 ^ input external delay
     2    0.004296    0.026230    0.015592    5.015592 ^ en (in)
                                                         en (net)
                      0.026231    0.000000    5.015592 ^ input1/A (sky130_fd_sc_hd__clkbuf_1)
     1    0.002045    0.035945    0.067812    5.083405 ^ input1/X (sky130_fd_sc_hd__clkbuf_1)
                                                         net1 (net)
                      0.035945    0.000094    5.083498 ^ _0749_/B (sky130_fd_sc_hd__and2_1)
     1    0.003817    0.054559    0.119301    5.202799 ^ _0749_/X (sky130_fd_sc_hd__and2_1)
                                                         MATMULT_INST.cntrl.n_rst (net)
                      0.054560    0.000277    5.203076 ^ fanout37/A (sky130_fd_sc_hd__buf_2)
    17    0.055063    0.268539    0.265529    5.468605 ^ fanout37/X (sky130_fd_sc_hd__buf_2)
                                                         net37 (net)
                      0.268839    0.007417    5.476022 ^ fanout36/A (sky130_fd_sc_hd__clkbuf_2)
     5    0.027787    0.155934    0.249182    5.725204 ^ fanout36/X (sky130_fd_sc_hd__clkbuf_2)
                                                         net36 (net)
                      0.155946    0.001526    5.726730 ^ fanout34/A (sky130_fd_sc_hd__clkbuf_4)
    10    0.046956    0.148658    0.248972    5.975701 ^ fanout34/X (sky130_fd_sc_hd__clkbuf_4)
                                                         net34 (net)
                      0.148813    0.003106    5.978807 ^ _1029_/RESET_B (sky130_fd_sc_hd__dfrtp_1)
                                              5.978807   data arrival time

                                 25.000000   25.000000   clock clk (rise edge)
                                  0.000000   25.000000   clock source latency
     2    0.018194    0.087443    0.060611   25.060610 ^ clk (in)
                                                         clk (net)
                      0.087487    0.000000   25.060610 ^ clkbuf_0_clk/A (sky130_fd_sc_hd__clkbuf_16)
    17    0.112789    0.126581    0.207491   25.268101 ^ clkbuf_0_clk/X (sky130_fd_sc_hd__clkbuf_16)
                                                         clknet_0_clk (net)
                      0.127328    0.007756   25.275856 ^ clkbuf_3_7__f_clk/A (sky130_fd_sc_hd__clkbuf_16)
    18    0.053999    0.072776    0.180540   25.456396 ^ clkbuf_3_7__f_clk/X (sky130_fd_sc_hd__clkbuf_16)
                                                         clknet_3_7__leaf_clk (net)
                      0.073309    0.004597   25.460995 ^ _1029_/CLK (sky130_fd_sc_hd__dfrtp_1)
                                 -0.250000   25.210995   clock uncertainty
                                  0.000000   25.210995   clock reconvergence pessimism
                                  0.212254   25.423248   library recovery time
                                             25.423248   data required time
---------------------------------------------------------------------------------------------
                                             25.423248   data required time
                                             -5.978807   data arrival time
---------------------------------------------------------------------------------------------
                                             19.444441   slack (MET)


Startpoint: gpio_in[1] (input port clocked by clk)
Endpoint: _0992_ (rising edge-triggered flip-flop clocked by clk)
Path Group: clk
Path Type: max

Fanout         Cap        Slew       Delay        Time   Description
---------------------------------------------------------------------------------------------
                                  0.000000    0.000000   clock clk (rise edge)
                                  0.000000    0.000000   clock network delay (propagated)
                                  5.000000    5.000000 ^ input external delay
     2    0.004138    0.025548    0.015047    5.015047 ^ gpio_in[1] (in)
                                                         gpio_in[1] (net)
                      0.025549    0.000000    5.015047 ^ input9/A (sky130_fd_sc_hd__buf_1)
     3    0.011713    0.144196    0.144033    5.159080 ^ input9/X (sky130_fd_sc_hd__buf_1)
                                                         net9 (net)
                      0.144200    0.000588    5.159668 ^ _0849_/A1_N (sky130_fd_sc_hd__o2bb2a_1)
     1    0.007376    0.075063    0.255203    5.414870 v _0849_/X (sky130_fd_sc_hd__o2bb2a_1)
                                                         _0383_ (net)
                      0.075065    0.000543    5.415413 v _0850_/B (sky130_fd_sc_hd__nand2_2)
     4    0.020398    0.118899    0.131210    5.546623 ^ _0850_/Y (sky130_fd_sc_hd__nand2_2)
                                                         _0384_ (net)
                      0.118922    0.001328    5.547951 ^ _0856_/A (sky130_fd_sc_hd__xnor2_1)
     1    0.002513    0.110271    0.123091    5.671041 ^ _0856_/Y (sky130_fd_sc_hd__xnor2_1)
                                                         _0038_ (net)
                      0.110271    0.000172    5.671214 ^ _0992_/D (sky130_fd_sc_hd__dfrtp_2)
                                              5.671214   data arrival time

                                 25.000000   25.000000   clock clk (rise edge)
                                  0.000000   25.000000   clock source latency
     2    0.018194    0.087443    0.060611   25.060610 ^ clk (in)
                                                         clk (net)
                      0.087487    0.000000   25.060610 ^ clkbuf_0_clk/A (sky130_fd_sc_hd__clkbuf_16)
    17    0.112789    0.126581    0.207491   25.268101 ^ clkbuf_0_clk/X (sky130_fd_sc_hd__clkbuf_16)
                                                         clknet_0_clk (net)
                      0.127328    0.007756   25.275856 ^ clkbuf_3_7__f_clk/A (sky130_fd_sc_hd__clkbuf_16)
    18    0.053999    0.072776    0.180540   25.456396 ^ clkbuf_3_7__f_clk/X (sky130_fd_sc_hd__clkbuf_16)
                                                         clknet_3_7__leaf_clk (net)
                      0.073263    0.004357   25.460754 ^ _0992_/CLK (sky130_fd_sc_hd__dfrtp_2)
                                 -0.250000   25.210754   clock uncertainty
                                  0.000000   25.210754   clock reconvergence pessimism
                                 -0.074342   25.136414   library setup time
                                             25.136414   data required time
---------------------------------------------------------------------------------------------
                                             25.136414   data required time
                                             -5.671214   data arrival time
---------------------------------------------------------------------------------------------
                                             19.465200   slack (MET)


Startpoint: en (input port clocked by clk)
Endpoint: _0991_ (recovery check against rising-edge clock clk)
Path Group: asynchronous
Path Type: max

Fanout         Cap        Slew       Delay        Time   Description
---------------------------------------------------------------------------------------------
                                  0.000000    0.000000   clock clk (rise edge)
                                  0.000000    0.000000   clock network delay (propagated)
                                  5.000000    5.000000 ^ input external delay
     2    0.004296    0.026230    0.015592    5.015592 ^ en (in)
                                                         en (net)
                      0.026231    0.000000    5.015592 ^ input1/A (sky130_fd_sc_hd__clkbuf_1)
     1    0.002045    0.035945    0.067812    5.083405 ^ input1/X (sky130_fd_sc_hd__clkbuf_1)
                                                         net1 (net)
                      0.035945    0.000094    5.083498 ^ _0749_/B (sky130_fd_sc_hd__and2_1)
     1    0.003817    0.054559    0.119301    5.202799 ^ _0749_/X (sky130_fd_sc_hd__and2_1)
                                                         MATMULT_INST.cntrl.n_rst (net)
                      0.054560    0.000277    5.203076 ^ fanout37/A (sky130_fd_sc_hd__buf_2)
    17    0.055063    0.268539    0.265529    5.468605 ^ fanout37/X (sky130_fd_sc_hd__buf_2)
                                                         net37 (net)
                      0.268643    0.004412    5.473018 ^ fanout30/A (sky130_fd_sc_hd__clkbuf_4)
    21    0.074618    0.226208    0.336904    5.809922 ^ fanout30/X (sky130_fd_sc_hd__clkbuf_4)
                                                         net30 (net)
                      0.226956    0.010698    5.820620 ^ _0991_/SET_B (sky130_fd_sc_hd__dfstp_1)
                                              5.820620   data arrival time

                                 25.000000   25.000000   clock clk (rise edge)
                                  0.000000   25.000000   clock source latency
     2    0.018194    0.087443    0.060611   25.060610 ^ clk (in)
                                                         clk (net)
                      0.087487    0.000000   25.060610 ^ clkbuf_0_clk/A (sky130_fd_sc_hd__clkbuf_16)
    17    0.112789    0.126581    0.207491   25.268101 ^ clkbuf_0_clk/X (sky130_fd_sc_hd__clkbuf_16)
                                                         clknet_0_clk (net)
                      0.127083    0.006391   25.274492 ^ clkbuf_3_3__f_clk/A (sky130_fd_sc_hd__clkbuf_16)
    11    0.051178    0.070143    0.179082   25.453575 ^ clkbuf_3_3__f_clk/X (sky130_fd_sc_hd__clkbuf_16)
                                                         clknet_3_3__leaf_clk (net)
                      0.070307    0.002881   25.456455 ^ _0991_/CLK (sky130_fd_sc_hd__dfstp_1)
                                 -0.250000   25.206457   clock uncertainty
                                  0.000000   25.206457   clock reconvergence pessimism
                                  0.127019   25.333475   library recovery time
                                             25.333475   data required time
---------------------------------------------------------------------------------------------
                                             25.333475   data required time
                                             -5.820620   data arrival time
---------------------------------------------------------------------------------------------
                                             19.512854   slack (MET)


Startpoint: en (input port clocked by clk)
Endpoint: _1041_ (recovery check against rising-edge clock clk)
Path Group: asynchronous
Path Type: max

Fanout         Cap        Slew       Delay        Time   Description
---------------------------------------------------------------------------------------------
                                  0.000000    0.000000   clock clk (rise edge)
                                  0.000000    0.000000   clock network delay (propagated)
                                  5.000000    5.000000 ^ input external delay
     2    0.004296    0.026230    0.015592    5.015592 ^ en (in)
                                                         en (net)
                      0.026231    0.000000    5.015592 ^ input1/A (sky130_fd_sc_hd__clkbuf_1)
     1    0.002045    0.035945    0.067812    5.083405 ^ input1/X (sky130_fd_sc_hd__clkbuf_1)
                                                         net1 (net)
                      0.035945    0.000094    5.083498 ^ _0749_/B (sky130_fd_sc_hd__and2_1)
     1    0.003817    0.054559    0.119301    5.202799 ^ _0749_/X (sky130_fd_sc_hd__and2_1)
                                                         MATMULT_INST.cntrl.n_rst (net)
                      0.054560    0.000277    5.203076 ^ fanout37/A (sky130_fd_sc_hd__buf_2)
    17    0.055063    0.268539    0.265529    5.468605 ^ fanout37/X (sky130_fd_sc_hd__buf_2)
                                                         net37 (net)
                      0.268643    0.004412    5.473018 ^ fanout30/A (sky130_fd_sc_hd__clkbuf_4)
    21    0.074618    0.226208    0.336904    5.809922 ^ fanout30/X (sky130_fd_sc_hd__clkbuf_4)
                                                         net30 (net)
                      0.226958    0.010709    5.820631 ^ _1041_/SET_B (sky130_fd_sc_hd__dfstp_1)
                                              5.820631   data arrival time

                                 25.000000   25.000000   clock clk (rise edge)
                                  0.000000   25.000000   clock source latency
     2    0.018194    0.087443    0.060611   25.060610 ^ clk (in)
                                                         clk (net)
                      0.087487    0.000000   25.060610 ^ clkbuf_0_clk/A (sky130_fd_sc_hd__clkbuf_16)
    17    0.112789    0.126581    0.207491   25.268101 ^ clkbuf_0_clk/X (sky130_fd_sc_hd__clkbuf_16)
                                                         clknet_0_clk (net)
                      0.127083    0.006391   25.274492 ^ clkbuf_3_3__f_clk/A (sky130_fd_sc_hd__clkbuf_16)
    11    0.051178    0.070143    0.179082   25.453575 ^ clkbuf_3_3__f_clk/X (sky130_fd_sc_hd__clkbuf_16)
                                                         clknet_3_3__leaf_clk (net)
                      0.070313    0.002933   25.456507 ^ _1041_/CLK (sky130_fd_sc_hd__dfstp_1)
                                 -0.250000   25.206509   clock uncertainty
                                  0.000000   25.206509   clock reconvergence pessimism
                                  0.127021   25.333529   library recovery time
                                             25.333529   data required time
---------------------------------------------------------------------------------------------
                                             25.333529   data required time
                                             -5.820631   data arrival time
---------------------------------------------------------------------------------------------
                                             19.512897   slack (MET)


Startpoint: en (input port clocked by clk)
Endpoint: _1027_ (recovery check against rising-edge clock clk)
Path Group: asynchronous
Path Type: max

Fanout         Cap        Slew       Delay        Time   Description
---------------------------------------------------------------------------------------------
                                  0.000000    0.000000   clock clk (rise edge)
                                  0.000000    0.000000   clock network delay (propagated)
                                  5.000000    5.000000 ^ input external delay
     2    0.004296    0.026230    0.015592    5.015592 ^ en (in)
                                                         en (net)
                      0.026231    0.000000    5.015592 ^ input1/A (sky130_fd_sc_hd__clkbuf_1)
     1    0.002045    0.035945    0.067812    5.083405 ^ input1/X (sky130_fd_sc_hd__clkbuf_1)
                                                         net1 (net)
                      0.035945    0.000094    5.083498 ^ _0749_/B (sky130_fd_sc_hd__and2_1)
     1    0.003817    0.054559    0.119301    5.202799 ^ _0749_/X (sky130_fd_sc_hd__and2_1)
                                                         MATMULT_INST.cntrl.n_rst (net)
                      0.054560    0.000277    5.203076 ^ fanout37/A (sky130_fd_sc_hd__buf_2)
    17    0.055063    0.268539    0.265529    5.468605 ^ fanout37/X (sky130_fd_sc_hd__buf_2)
                                                         net37 (net)
                      0.268931    0.008457    5.477063 ^ fanout32/A (sky130_fd_sc_hd__clkbuf_4)
    10    0.051877    0.161346    0.297160    5.774222 ^ fanout32/X (sky130_fd_sc_hd__clkbuf_4)
                                                         net32 (net)
                      0.161485    0.002553    5.776775 ^ _1027_/SET_B (sky130_fd_sc_hd__dfstp_1)
                                              5.776775   data arrival time

                                 25.000000   25.000000   clock clk (rise edge)
                                  0.000000   25.000000   clock source latency
     2    0.018194    0.087443    0.060611   25.060610 ^ clk (in)
                                                         clk (net)
                      0.087487    0.000000   25.060610 ^ clkbuf_0_clk/A (sky130_fd_sc_hd__clkbuf_16)
    17    0.112789    0.126581    0.207491   25.268101 ^ clkbuf_0_clk/X (sky130_fd_sc_hd__clkbuf_16)
                                                         clknet_0_clk (net)
                      0.127162    0.006860   25.274961 ^ clkbuf_3_4__f_clk/A (sky130_fd_sc_hd__clkbuf_16)
    15    0.051117    0.070086    0.178730   25.453691 ^ clkbuf_3_4__f_clk/X (sky130_fd_sc_hd__clkbuf_16)
                                                         clknet_3_4__leaf_clk (net)
                      0.070265    0.002277   25.455969 ^ _1027_/CLK (sky130_fd_sc_hd__dfstp_1)
                                 -0.250000   25.205969   clock uncertainty
                                  0.000000   25.205969   clock reconvergence pessimism
                                  0.133326   25.339296   library recovery time
                                             25.339296   data required time
---------------------------------------------------------------------------------------------
                                             25.339296   data required time
                                             -5.776775   data arrival time
---------------------------------------------------------------------------------------------
                                             19.562521   slack (MET)


Startpoint: en (input port clocked by clk)
Endpoint: _1026_ (recovery check against rising-edge clock clk)
Path Group: asynchronous
Path Type: max

Fanout         Cap        Slew       Delay        Time   Description
---------------------------------------------------------------------------------------------
                                  0.000000    0.000000   clock clk (rise edge)
                                  0.000000    0.000000   clock network delay (propagated)
                                  5.000000    5.000000 ^ input external delay
     2    0.004296    0.026230    0.015592    5.015592 ^ en (in)
                                                         en (net)
                      0.026231    0.000000    5.015592 ^ input1/A (sky130_fd_sc_hd__clkbuf_1)
     1    0.002045    0.035945    0.067812    5.083405 ^ input1/X (sky130_fd_sc_hd__clkbuf_1)
                                                         net1 (net)
                      0.035945    0.000094    5.083498 ^ _0749_/B (sky130_fd_sc_hd__and2_1)
     1    0.003817    0.054559    0.119301    5.202799 ^ _0749_/X (sky130_fd_sc_hd__and2_1)
                                                         MATMULT_INST.cntrl.n_rst (net)
                      0.054560    0.000277    5.203076 ^ fanout37/A (sky130_fd_sc_hd__buf_2)
    17    0.055063    0.268539    0.265529    5.468605 ^ fanout37/X (sky130_fd_sc_hd__buf_2)
                                                         net37 (net)
                      0.268931    0.008457    5.477063 ^ fanout32/A (sky130_fd_sc_hd__clkbuf_4)
    10    0.051877    0.161346    0.297160    5.774222 ^ fanout32/X (sky130_fd_sc_hd__clkbuf_4)
                                                         net32 (net)
                      0.161479    0.002426    5.776648 ^ _1026_/SET_B (sky130_fd_sc_hd__dfstp_1)
                                              5.776648   data arrival time

                                 25.000000   25.000000   clock clk (rise edge)
                                  0.000000   25.000000   clock source latency
     2    0.018194    0.087443    0.060611   25.060610 ^ clk (in)
                                                         clk (net)
                      0.087487    0.000000   25.060610 ^ clkbuf_0_clk/A (sky130_fd_sc_hd__clkbuf_16)
    17    0.112789    0.126581    0.207491   25.268101 ^ clkbuf_0_clk/X (sky130_fd_sc_hd__clkbuf_16)
                                                         clknet_0_clk (net)
                      0.127162    0.006860   25.274961 ^ clkbuf_3_4__f_clk/A (sky130_fd_sc_hd__clkbuf_16)
    15    0.051117    0.070086    0.178730   25.453691 ^ clkbuf_3_4__f_clk/X (sky130_fd_sc_hd__clkbuf_16)
                                                         clknet_3_4__leaf_clk (net)
                      0.070265    0.002277   25.455969 ^ _1026_/CLK (sky130_fd_sc_hd__dfstp_1)
                                 -0.250000   25.205969   clock uncertainty
                                  0.000000   25.205969   clock reconvergence pessimism
                                  0.133327   25.339296   library recovery time
                                             25.339296   data required time
---------------------------------------------------------------------------------------------
                                             25.339296   data required time
                                             -5.776648   data arrival time
---------------------------------------------------------------------------------------------
                                             19.562649   slack (MET)


Startpoint: en (input port clocked by clk)
Endpoint: _0971_ (recovery check against rising-edge clock clk)
Path Group: asynchronous
Path Type: max

Fanout         Cap        Slew       Delay        Time   Description
---------------------------------------------------------------------------------------------
                                  0.000000    0.000000   clock clk (rise edge)
                                  0.000000    0.000000   clock network delay (propagated)
                                  5.000000    5.000000 ^ input external delay
     2    0.004296    0.026230    0.015592    5.015592 ^ en (in)
                                                         en (net)
                      0.026231    0.000000    5.015592 ^ input1/A (sky130_fd_sc_hd__clkbuf_1)
     1    0.002045    0.035945    0.067812    5.083405 ^ input1/X (sky130_fd_sc_hd__clkbuf_1)
                                                         net1 (net)
                      0.035945    0.000094    5.083498 ^ _0749_/B (sky130_fd_sc_hd__and2_1)
     1    0.003817    0.054559    0.119301    5.202799 ^ _0749_/X (sky130_fd_sc_hd__and2_1)
                                                         MATMULT_INST.cntrl.n_rst (net)
                      0.054560    0.000277    5.203076 ^ fanout37/A (sky130_fd_sc_hd__buf_2)
    17    0.055063    0.268539    0.265529    5.468605 ^ fanout37/X (sky130_fd_sc_hd__buf_2)
                                                         net37 (net)
                      0.268931    0.008457    5.477063 ^ fanout32/A (sky130_fd_sc_hd__clkbuf_4)
    10    0.051877    0.161346    0.297160    5.774222 ^ fanout32/X (sky130_fd_sc_hd__clkbuf_4)
                                                         net32 (net)
                      0.161473    0.002291    5.776513 ^ _0971_/SET_B (sky130_fd_sc_hd__dfstp_1)
                                              5.776513   data arrival time

                                 25.000000   25.000000   clock clk (rise edge)
                                  0.000000   25.000000   clock source latency
     2    0.018194    0.087443    0.060611   25.060610 ^ clk (in)
                                                         clk (net)
                      0.087487    0.000000   25.060610 ^ clkbuf_0_clk/A (sky130_fd_sc_hd__clkbuf_16)
    17    0.112789    0.126581    0.207491   25.268101 ^ clkbuf_0_clk/X (sky130_fd_sc_hd__clkbuf_16)
                                                         clknet_0_clk (net)
                      0.127162    0.006860   25.274961 ^ clkbuf_3_4__f_clk/A (sky130_fd_sc_hd__clkbuf_16)
    15    0.051117    0.070086    0.178730   25.453691 ^ clkbuf_3_4__f_clk/X (sky130_fd_sc_hd__clkbuf_16)
                                                         clknet_3_4__leaf_clk (net)
                      0.070275    0.002364   25.456057 ^ _0971_/CLK (sky130_fd_sc_hd__dfstp_1)
                                 -0.250000   25.206057   clock uncertainty
                                  0.000000   25.206057   clock reconvergence pessimism
                                  0.133330   25.339386   library recovery time
                                             25.339386   data required time
---------------------------------------------------------------------------------------------
                                             25.339386   data required time
                                             -5.776513   data arrival time
---------------------------------------------------------------------------------------------
                                             19.562872   slack (MET)


Startpoint: en (input port clocked by clk)
Endpoint: _1011_ (recovery check against rising-edge clock clk)
Path Group: asynchronous
Path Type: max

Fanout         Cap        Slew       Delay        Time   Description
---------------------------------------------------------------------------------------------
                                  0.000000    0.000000   clock clk (rise edge)
                                  0.000000    0.000000   clock network delay (propagated)
                                  5.000000    5.000000 ^ input external delay
     2    0.004296    0.026230    0.015592    5.015592 ^ en (in)
                                                         en (net)
                      0.026231    0.000000    5.015592 ^ input1/A (sky130_fd_sc_hd__clkbuf_1)
     1    0.002045    0.035945    0.067812    5.083405 ^ input1/X (sky130_fd_sc_hd__clkbuf_1)
                                                         net1 (net)
                      0.035945    0.000094    5.083498 ^ _0749_/B (sky130_fd_sc_hd__and2_1)
     1    0.003817    0.054559    0.119301    5.202799 ^ _0749_/X (sky130_fd_sc_hd__and2_1)
                                                         MATMULT_INST.cntrl.n_rst (net)
                      0.054560    0.000277    5.203076 ^ fanout37/A (sky130_fd_sc_hd__buf_2)
    17    0.055063    0.268539    0.265529    5.468605 ^ fanout37/X (sky130_fd_sc_hd__buf_2)
                                                         net37 (net)
                      0.268643    0.004412    5.473018 ^ fanout30/A (sky130_fd_sc_hd__clkbuf_4)
    21    0.074618    0.226208    0.336904    5.809922 ^ fanout30/X (sky130_fd_sc_hd__clkbuf_4)
                                                         net30 (net)
                      0.227813    0.015417    5.825338 ^ _1011_/RESET_B (sky130_fd_sc_hd__dfrtp_1)
                                              5.825338   data arrival time

                                 25.000000   25.000000   clock clk (rise edge)
                                  0.000000   25.000000   clock source latency
     2    0.018194    0.087443    0.060611   25.060610 ^ clk (in)
                                                         clk (net)
                      0.087487    0.000000   25.060610 ^ clkbuf_0_clk/A (sky130_fd_sc_hd__clkbuf_16)
    17    0.112789    0.126581    0.207491   25.268101 ^ clkbuf_0_clk/X (sky130_fd_sc_hd__clkbuf_16)
                                                         clknet_0_clk (net)
                      0.127083    0.006391   25.274492 ^ clkbuf_3_3__f_clk/A (sky130_fd_sc_hd__clkbuf_16)
    11    0.051178    0.070143    0.179082   25.453575 ^ clkbuf_3_3__f_clk/X (sky130_fd_sc_hd__clkbuf_16)
                                                         clknet_3_3__leaf_clk (net)
                      0.070207    0.001917   25.455490 ^ _1011_/CLK (sky130_fd_sc_hd__dfrtp_1)
                                 -0.250000   25.205492   clock uncertainty
                                  0.000000   25.205492   clock reconvergence pessimism
                                  0.190919   25.396412   library recovery time
                                             25.396412   data required time
---------------------------------------------------------------------------------------------
                                             25.396412   data required time
                                             -5.825338   data arrival time
---------------------------------------------------------------------------------------------
                                             19.571072   slack (MET)


Startpoint: en (input port clocked by clk)
Endpoint: _1010_ (recovery check against rising-edge clock clk)
Path Group: asynchronous
Path Type: max

Fanout         Cap        Slew       Delay        Time   Description
---------------------------------------------------------------------------------------------
                                  0.000000    0.000000   clock clk (rise edge)
                                  0.000000    0.000000   clock network delay (propagated)
                                  5.000000    5.000000 ^ input external delay
     2    0.004296    0.026230    0.015592    5.015592 ^ en (in)
                                                         en (net)
                      0.026231    0.000000    5.015592 ^ input1/A (sky130_fd_sc_hd__clkbuf_1)
     1    0.002045    0.035945    0.067812    5.083405 ^ input1/X (sky130_fd_sc_hd__clkbuf_1)
                                                         net1 (net)
                      0.035945    0.000094    5.083498 ^ _0749_/B (sky130_fd_sc_hd__and2_1)
     1    0.003817    0.054559    0.119301    5.202799 ^ _0749_/X (sky130_fd_sc_hd__and2_1)
                                                         MATMULT_INST.cntrl.n_rst (net)
                      0.054560    0.000277    5.203076 ^ fanout37/A (sky130_fd_sc_hd__buf_2)
    17    0.055063    0.268539    0.265529    5.468605 ^ fanout37/X (sky130_fd_sc_hd__buf_2)
                                                         net37 (net)
                      0.268643    0.004412    5.473018 ^ fanout30/A (sky130_fd_sc_hd__clkbuf_4)
    21    0.074618    0.226208    0.336904    5.809922 ^ fanout30/X (sky130_fd_sc_hd__clkbuf_4)
                                                         net30 (net)
                      0.227752    0.015135    5.825057 ^ _1010_/RESET_B (sky130_fd_sc_hd__dfrtp_1)
                                              5.825057   data arrival time

                                 25.000000   25.000000   clock clk (rise edge)
                                  0.000000   25.000000   clock source latency
     2    0.018194    0.087443    0.060611   25.060610 ^ clk (in)
                                                         clk (net)
                      0.087487    0.000000   25.060610 ^ clkbuf_0_clk/A (sky130_fd_sc_hd__clkbuf_16)
    17    0.112789    0.126581    0.207491   25.268101 ^ clkbuf_0_clk/X (sky130_fd_sc_hd__clkbuf_16)
                                                         clknet_0_clk (net)
                      0.127083    0.006391   25.274492 ^ clkbuf_3_3__f_clk/A (sky130_fd_sc_hd__clkbuf_16)
    11    0.051178    0.070143    0.179082   25.453575 ^ clkbuf_3_3__f_clk/X (sky130_fd_sc_hd__clkbuf_16)
                                                         clknet_3_3__leaf_clk (net)
                      0.070204    0.001874   25.455448 ^ _1010_/CLK (sky130_fd_sc_hd__dfrtp_1)
                                 -0.250000   25.205450   clock uncertainty
                                  0.000000   25.205450   clock reconvergence pessimism
                                  0.190933   25.396383   library recovery time
                                             25.396383   data required time
---------------------------------------------------------------------------------------------
                                             25.396383   data required time
                                             -5.825057   data arrival time
---------------------------------------------------------------------------------------------
                                             19.571325   slack (MET)


Startpoint: en (input port clocked by clk)
Endpoint: _1009_ (recovery check against rising-edge clock clk)
Path Group: asynchronous
Path Type: max

Fanout         Cap        Slew       Delay        Time   Description
---------------------------------------------------------------------------------------------
                                  0.000000    0.000000   clock clk (rise edge)
                                  0.000000    0.000000   clock network delay (propagated)
                                  5.000000    5.000000 ^ input external delay
     2    0.004296    0.026230    0.015592    5.015592 ^ en (in)
                                                         en (net)
                      0.026231    0.000000    5.015592 ^ input1/A (sky130_fd_sc_hd__clkbuf_1)
     1    0.002045    0.035945    0.067812    5.083405 ^ input1/X (sky130_fd_sc_hd__clkbuf_1)
                                                         net1 (net)
                      0.035945    0.000094    5.083498 ^ _0749_/B (sky130_fd_sc_hd__and2_1)
     1    0.003817    0.054559    0.119301    5.202799 ^ _0749_/X (sky130_fd_sc_hd__and2_1)
                                                         MATMULT_INST.cntrl.n_rst (net)
                      0.054560    0.000277    5.203076 ^ fanout37/A (sky130_fd_sc_hd__buf_2)
    17    0.055063    0.268539    0.265529    5.468605 ^ fanout37/X (sky130_fd_sc_hd__buf_2)
                                                         net37 (net)
                      0.268643    0.004412    5.473018 ^ fanout30/A (sky130_fd_sc_hd__clkbuf_4)
    21    0.074618    0.226208    0.336904    5.809922 ^ fanout30/X (sky130_fd_sc_hd__clkbuf_4)
                                                         net30 (net)
                      0.227553    0.014166    5.824088 ^ _1009_/RESET_B (sky130_fd_sc_hd__dfrtp_1)
                                              5.824088   data arrival time

                                 25.000000   25.000000   clock clk (rise edge)
                                  0.000000   25.000000   clock source latency
     2    0.018194    0.087443    0.060611   25.060610 ^ clk (in)
                                                         clk (net)
                      0.087487    0.000000   25.060610 ^ clkbuf_0_clk/A (sky130_fd_sc_hd__clkbuf_16)
    17    0.112789    0.126581    0.207491   25.268101 ^ clkbuf_0_clk/X (sky130_fd_sc_hd__clkbuf_16)
                                                         clknet_0_clk (net)
                      0.127083    0.006391   25.274492 ^ clkbuf_3_3__f_clk/A (sky130_fd_sc_hd__clkbuf_16)
    11    0.051178    0.070143    0.179082   25.453575 ^ clkbuf_3_3__f_clk/X (sky130_fd_sc_hd__clkbuf_16)
                                                         clknet_3_3__leaf_clk (net)
                      0.070197    0.001778   25.455353 ^ _1009_/CLK (sky130_fd_sc_hd__dfrtp_1)
                                 -0.250000   25.205353   clock uncertainty
                                  0.000000   25.205353   clock reconvergence pessimism
                                  0.190982   25.396336   library recovery time
                                             25.396336   data required time
---------------------------------------------------------------------------------------------
                                             25.396336   data required time
                                             -5.824088   data arrival time
---------------------------------------------------------------------------------------------
                                             19.572248   slack (MET)


Startpoint: en (input port clocked by clk)
Endpoint: _1012_ (recovery check against rising-edge clock clk)
Path Group: asynchronous
Path Type: max

Fanout         Cap        Slew       Delay        Time   Description
---------------------------------------------------------------------------------------------
                                  0.000000    0.000000   clock clk (rise edge)
                                  0.000000    0.000000   clock network delay (propagated)
                                  5.000000    5.000000 ^ input external delay
     2    0.004296    0.026230    0.015592    5.015592 ^ en (in)
                                                         en (net)
                      0.026231    0.000000    5.015592 ^ input1/A (sky130_fd_sc_hd__clkbuf_1)
     1    0.002045    0.035945    0.067812    5.083405 ^ input1/X (sky130_fd_sc_hd__clkbuf_1)
                                                         net1 (net)
                      0.035945    0.000094    5.083498 ^ _0749_/B (sky130_fd_sc_hd__and2_1)
     1    0.003817    0.054559    0.119301    5.202799 ^ _0749_/X (sky130_fd_sc_hd__and2_1)
                                                         MATMULT_INST.cntrl.n_rst (net)
                      0.054560    0.000277    5.203076 ^ fanout37/A (sky130_fd_sc_hd__buf_2)
    17    0.055063    0.268539    0.265529    5.468605 ^ fanout37/X (sky130_fd_sc_hd__buf_2)
                                                         net37 (net)
                      0.268643    0.004412    5.473018 ^ fanout30/A (sky130_fd_sc_hd__clkbuf_4)
    21    0.074618    0.226208    0.336904    5.809922 ^ fanout30/X (sky130_fd_sc_hd__clkbuf_4)
                                                         net30 (net)
                      0.227554    0.014171    5.824093 ^ _1012_/RESET_B (sky130_fd_sc_hd__dfrtp_1)
                                              5.824093   data arrival time

                                 25.000000   25.000000   clock clk (rise edge)
                                  0.000000   25.000000   clock source latency
     2    0.018194    0.087443    0.060611   25.060610 ^ clk (in)
                                                         clk (net)
                      0.087487    0.000000   25.060610 ^ clkbuf_0_clk/A (sky130_fd_sc_hd__clkbuf_16)
    17    0.112789    0.126581    0.207491   25.268101 ^ clkbuf_0_clk/X (sky130_fd_sc_hd__clkbuf_16)
                                                         clknet_0_clk (net)
                      0.127219    0.007180   25.275282 ^ clkbuf_3_6__f_clk/A (sky130_fd_sc_hd__clkbuf_16)
    15    0.050695    0.069711    0.178572   25.453854 ^ clkbuf_3_6__f_clk/X (sky130_fd_sc_hd__clkbuf_16)
                                                         clknet_3_6__leaf_clk (net)
                      0.069849    0.002666   25.456520 ^ _1012_/CLK (sky130_fd_sc_hd__dfrtp_1)
                                 -0.250000   25.206520   clock uncertainty
                                  0.000000   25.206520   clock reconvergence pessimism
                                  0.190873   25.397394   library recovery time
                                             25.397394   data required time
---------------------------------------------------------------------------------------------
                                             25.397394   data required time
                                             -5.824093   data arrival time
---------------------------------------------------------------------------------------------
                                             19.573299   slack (MET)


Startpoint: en (input port clocked by clk)
Endpoint: _0945_ (recovery check against rising-edge clock clk)
Path Group: asynchronous
Path Type: max

Fanout         Cap        Slew       Delay        Time   Description
---------------------------------------------------------------------------------------------
                                  0.000000    0.000000   clock clk (rise edge)
                                  0.000000    0.000000   clock network delay (propagated)
                                  5.000000    5.000000 ^ input external delay
     2    0.004296    0.026230    0.015592    5.015592 ^ en (in)
                                                         en (net)
                      0.026231    0.000000    5.015592 ^ input1/A (sky130_fd_sc_hd__clkbuf_1)
     1    0.002045    0.035945    0.067812    5.083405 ^ input1/X (sky130_fd_sc_hd__clkbuf_1)
                                                         net1 (net)
                      0.035945    0.000094    5.083498 ^ _0749_/B (sky130_fd_sc_hd__and2_1)
     1    0.003817    0.054559    0.119301    5.202799 ^ _0749_/X (sky130_fd_sc_hd__and2_1)
                                                         MATMULT_INST.cntrl.n_rst (net)
                      0.054560    0.000277    5.203076 ^ fanout37/A (sky130_fd_sc_hd__buf_2)
    17    0.055063    0.268539    0.265529    5.468605 ^ fanout37/X (sky130_fd_sc_hd__buf_2)
                                                         net37 (net)
                      0.268643    0.004412    5.473018 ^ fanout30/A (sky130_fd_sc_hd__clkbuf_4)
    21    0.074618    0.226208    0.336904    5.809922 ^ fanout30/X (sky130_fd_sc_hd__clkbuf_4)
                                                         net30 (net)
                      0.227396    0.013347    5.823268 ^ _0945_/RESET_B (sky130_fd_sc_hd__dfrtp_1)
                                              5.823268   data arrival time

                                 25.000000   25.000000   clock clk (rise edge)
                                  0.000000   25.000000   clock source latency
     2    0.018194    0.087443    0.060611   25.060610 ^ clk (in)
                                                         clk (net)
                      0.087487    0.000000   25.060610 ^ clkbuf_0_clk/A (sky130_fd_sc_hd__clkbuf_16)
    17    0.112789    0.126581    0.207491   25.268101 ^ clkbuf_0_clk/X (sky130_fd_sc_hd__clkbuf_16)
                                                         clknet_0_clk (net)
                      0.127219    0.007180   25.275282 ^ clkbuf_3_6__f_clk/A (sky130_fd_sc_hd__clkbuf_16)
    15    0.050695    0.069711    0.178572   25.453854 ^ clkbuf_3_6__f_clk/X (sky130_fd_sc_hd__clkbuf_16)
                                                         clknet_3_6__leaf_clk (net)
                      0.069910    0.003148   25.457001 ^ _0945_/CLK (sky130_fd_sc_hd__dfrtp_1)
                                 -0.250000   25.207001   clock uncertainty
                                  0.000000   25.207001   clock reconvergence pessimism
                                  0.190933   25.397936   library recovery time
                                             25.397936   data required time
---------------------------------------------------------------------------------------------
                                             25.397936   data required time
                                             -5.823268   data arrival time
---------------------------------------------------------------------------------------------
                                             19.574667   slack (MET)


Startpoint: en (input port clocked by clk)
Endpoint: _0954_ (recovery check against rising-edge clock clk)
Path Group: asynchronous
Path Type: max

Fanout         Cap        Slew       Delay        Time   Description
---------------------------------------------------------------------------------------------
                                  0.000000    0.000000   clock clk (rise edge)
                                  0.000000    0.000000   clock network delay (propagated)
                                  5.000000    5.000000 ^ input external delay
     2    0.004296    0.026230    0.015592    5.015592 ^ en (in)
                                                         en (net)
                      0.026231    0.000000    5.015592 ^ input1/A (sky130_fd_sc_hd__clkbuf_1)
     1    0.002045    0.035945    0.067812    5.083405 ^ input1/X (sky130_fd_sc_hd__clkbuf_1)
                                                         net1 (net)
                      0.035945    0.000094    5.083498 ^ _0749_/B (sky130_fd_sc_hd__and2_1)
     1    0.003817    0.054559    0.119301    5.202799 ^ _0749_/X (sky130_fd_sc_hd__and2_1)
                                                         MATMULT_INST.cntrl.n_rst (net)
                      0.054560    0.000277    5.203076 ^ fanout37/A (sky130_fd_sc_hd__buf_2)
    17    0.055063    0.268539    0.265529    5.468605 ^ fanout37/X (sky130_fd_sc_hd__buf_2)
                                                         net37 (net)
                      0.268643    0.004412    5.473018 ^ fanout30/A (sky130_fd_sc_hd__clkbuf_4)
    21    0.074618    0.226208    0.336904    5.809922 ^ fanout30/X (sky130_fd_sc_hd__clkbuf_4)
                                                         net30 (net)
                      0.227272    0.012665    5.822586 ^ _0954_/RESET_B (sky130_fd_sc_hd__dfrtp_1)
                                              5.822586   data arrival time

                                 25.000000   25.000000   clock clk (rise edge)
                                  0.000000   25.000000   clock source latency
     2    0.018194    0.087443    0.060611   25.060610 ^ clk (in)
                                                         clk (net)
                      0.087487    0.000000   25.060610 ^ clkbuf_0_clk/A (sky130_fd_sc_hd__clkbuf_16)
    17    0.112789    0.126581    0.207491   25.268101 ^ clkbuf_0_clk/X (sky130_fd_sc_hd__clkbuf_16)
                                                         clknet_0_clk (net)
                      0.127219    0.007180   25.275282 ^ clkbuf_3_6__f_clk/A (sky130_fd_sc_hd__clkbuf_16)
    15    0.050695    0.069711    0.178572   25.453854 ^ clkbuf_3_6__f_clk/X (sky130_fd_sc_hd__clkbuf_16)
                                                         clknet_3_6__leaf_clk (net)
                      0.069900    0.003075   25.456928 ^ _0954_/CLK (sky130_fd_sc_hd__dfrtp_1)
                                 -0.250000   25.206928   clock uncertainty
                                  0.000000   25.206928   clock reconvergence pessimism
                                  0.190962   25.397890   library recovery time
                                             25.397890   data required time
---------------------------------------------------------------------------------------------
                                             25.397890   data required time
                                             -5.822586   data arrival time
---------------------------------------------------------------------------------------------
                                             19.575304   slack (MET)


Startpoint: en (input port clocked by clk)
Endpoint: _0979_ (recovery check against rising-edge clock clk)
Path Group: asynchronous
Path Type: max

Fanout         Cap        Slew       Delay        Time   Description
---------------------------------------------------------------------------------------------
                                  0.000000    0.000000   clock clk (rise edge)
                                  0.000000    0.000000   clock network delay (propagated)
                                  5.000000    5.000000 ^ input external delay
     2    0.004296    0.026230    0.015592    5.015592 ^ en (in)
                                                         en (net)
                      0.026231    0.000000    5.015592 ^ input1/A (sky130_fd_sc_hd__clkbuf_1)
     1    0.002045    0.035945    0.067812    5.083405 ^ input1/X (sky130_fd_sc_hd__clkbuf_1)
                                                         net1 (net)
                      0.035945    0.000094    5.083498 ^ _0749_/B (sky130_fd_sc_hd__and2_1)
     1    0.003817    0.054559    0.119301    5.202799 ^ _0749_/X (sky130_fd_sc_hd__and2_1)
                                                         MATMULT_INST.cntrl.n_rst (net)
                      0.054560    0.000277    5.203076 ^ fanout37/A (sky130_fd_sc_hd__buf_2)
    17    0.055063    0.268539    0.265529    5.468605 ^ fanout37/X (sky130_fd_sc_hd__buf_2)
                                                         net37 (net)
                      0.268715    0.005724    5.474329 ^ fanout27/A (sky130_fd_sc_hd__buf_2)
     8    0.035941    0.178076    0.269905    5.744234 ^ fanout27/X (sky130_fd_sc_hd__buf_2)
                                                         net27 (net)
                      0.178305    0.004448    5.748682 ^ _0979_/SET_B (sky130_fd_sc_hd__dfstp_1)
                                              5.748682   data arrival time

                                 25.000000   25.000000   clock clk (rise edge)
                                  0.000000   25.000000   clock source latency
     2    0.018194    0.087443    0.060611   25.060610 ^ clk (in)
                                                         clk (net)
                      0.087487    0.000000   25.060610 ^ clkbuf_0_clk/A (sky130_fd_sc_hd__clkbuf_16)
    17    0.112789    0.126581    0.207491   25.268101 ^ clkbuf_0_clk/X (sky130_fd_sc_hd__clkbuf_16)
                                                         clknet_0_clk (net)
                      0.127122    0.006624   25.274725 ^ clkbuf_3_1__f_clk/A (sky130_fd_sc_hd__clkbuf_16)
    16    0.047985    0.067209    0.176577   25.451302 ^ clkbuf_3_1__f_clk/X (sky130_fd_sc_hd__clkbuf_16)
                                                         clknet_3_1__leaf_clk (net)
                      0.067281    0.001966   25.453268 ^ _0979_/CLK (sky130_fd_sc_hd__dfstp_1)
                                 -0.250000   25.203270   clock uncertainty
                                  0.000000   25.203270   clock reconvergence pessimism
                                  0.130872   25.334141   library recovery time
                                             25.334141   data required time
---------------------------------------------------------------------------------------------
                                             25.334141   data required time
                                             -5.748682   data arrival time
---------------------------------------------------------------------------------------------
                                             19.585459   slack (MET)


Startpoint: en (input port clocked by clk)
Endpoint: _0962_ (recovery check against rising-edge clock clk)
Path Group: asynchronous
Path Type: max

Fanout         Cap        Slew       Delay        Time   Description
---------------------------------------------------------------------------------------------
                                  0.000000    0.000000   clock clk (rise edge)
                                  0.000000    0.000000   clock network delay (propagated)
                                  5.000000    5.000000 ^ input external delay
     2    0.004296    0.026230    0.015592    5.015592 ^ en (in)
                                                         en (net)
                      0.026231    0.000000    5.015592 ^ input1/A (sky130_fd_sc_hd__clkbuf_1)
     1    0.002045    0.035945    0.067812    5.083405 ^ input1/X (sky130_fd_sc_hd__clkbuf_1)
                                                         net1 (net)
                      0.035945    0.000094    5.083498 ^ _0749_/B (sky130_fd_sc_hd__and2_1)
     1    0.003817    0.054559    0.119301    5.202799 ^ _0749_/X (sky130_fd_sc_hd__and2_1)
                                                         MATMULT_INST.cntrl.n_rst (net)
                      0.054560    0.000277    5.203076 ^ fanout37/A (sky130_fd_sc_hd__buf_2)
    17    0.055063    0.268539    0.265529    5.468605 ^ fanout37/X (sky130_fd_sc_hd__buf_2)
                                                         net37 (net)
                      0.268715    0.005724    5.474329 ^ fanout27/A (sky130_fd_sc_hd__buf_2)
     8    0.035941    0.178076    0.269905    5.744234 ^ fanout27/X (sky130_fd_sc_hd__buf_2)
                                                         net27 (net)
                      0.178179    0.002152    5.746385 ^ _0962_/SET_B (sky130_fd_sc_hd__dfstp_1)
                                              5.746385   data arrival time

                                 25.000000   25.000000   clock clk (rise edge)
                                  0.000000   25.000000   clock source latency
     2    0.018194    0.087443    0.060611   25.060610 ^ clk (in)
                                                         clk (net)
                      0.087487    0.000000   25.060610 ^ clkbuf_0_clk/A (sky130_fd_sc_hd__clkbuf_16)
    17    0.112789    0.126581    0.207491   25.268101 ^ clkbuf_0_clk/X (sky130_fd_sc_hd__clkbuf_16)
                                                         clknet_0_clk (net)
                      0.127233    0.007255   25.275356 ^ clkbuf_3_0__f_clk/A (sky130_fd_sc_hd__clkbuf_16)
    12    0.045397    0.064813    0.174575   25.449930 ^ clkbuf_3_0__f_clk/X (sky130_fd_sc_hd__clkbuf_16)
                                                         clknet_3_0__leaf_clk (net)
                      0.064881    0.001931   25.451862 ^ _0962_/CLK (sky130_fd_sc_hd__dfstp_1)
                                 -0.250000   25.201862   clock uncertainty
                                  0.000000   25.201862   clock reconvergence pessimism
                                  0.130215   25.332079   library recovery time
                                             25.332079   data required time
---------------------------------------------------------------------------------------------
                                             25.332079   data required time
                                             -5.746385   data arrival time
---------------------------------------------------------------------------------------------
                                             19.585693   slack (MET)


Startpoint: en (input port clocked by clk)
Endpoint: _0983_ (recovery check against rising-edge clock clk)
Path Group: asynchronous
Path Type: max

Fanout         Cap        Slew       Delay        Time   Description
---------------------------------------------------------------------------------------------
                                  0.000000    0.000000   clock clk (rise edge)
                                  0.000000    0.000000   clock network delay (propagated)
                                  5.000000    5.000000 ^ input external delay
     2    0.004296    0.026230    0.015592    5.015592 ^ en (in)
                                                         en (net)
                      0.026231    0.000000    5.015592 ^ input1/A (sky130_fd_sc_hd__clkbuf_1)
     1    0.002045    0.035945    0.067812    5.083405 ^ input1/X (sky130_fd_sc_hd__clkbuf_1)
                                                         net1 (net)
                      0.035945    0.000094    5.083498 ^ _0749_/B (sky130_fd_sc_hd__and2_1)
     1    0.003817    0.054559    0.119301    5.202799 ^ _0749_/X (sky130_fd_sc_hd__and2_1)
                                                         MATMULT_INST.cntrl.n_rst (net)
                      0.054560    0.000277    5.203076 ^ fanout37/A (sky130_fd_sc_hd__buf_2)
    17    0.055063    0.268539    0.265529    5.468605 ^ fanout37/X (sky130_fd_sc_hd__buf_2)
                                                         net37 (net)
                      0.268715    0.005724    5.474329 ^ fanout27/A (sky130_fd_sc_hd__buf_2)
     8    0.035941    0.178076    0.269905    5.744234 ^ fanout27/X (sky130_fd_sc_hd__buf_2)
                                                         net27 (net)
                      0.178306    0.004467    5.748701 ^ _0983_/SET_B (sky130_fd_sc_hd__dfstp_1)
                                              5.748701   data arrival time

                                 25.000000   25.000000   clock clk (rise edge)
                                  0.000000   25.000000   clock source latency
     2    0.018194    0.087443    0.060611   25.060610 ^ clk (in)
                                                         clk (net)
                      0.087487    0.000000   25.060610 ^ clkbuf_0_clk/A (sky130_fd_sc_hd__clkbuf_16)
    17    0.112789    0.126581    0.207491   25.268101 ^ clkbuf_0_clk/X (sky130_fd_sc_hd__clkbuf_16)
                                                         clknet_0_clk (net)
                      0.127122    0.006624   25.274725 ^ clkbuf_3_1__f_clk/A (sky130_fd_sc_hd__clkbuf_16)
    16    0.047985    0.067209    0.176577   25.451302 ^ clkbuf_3_1__f_clk/X (sky130_fd_sc_hd__clkbuf_16)
                                                         clknet_3_1__leaf_clk (net)
                      0.067316    0.002318   25.453621 ^ _0983_/CLK (sky130_fd_sc_hd__dfstp_1)
                                 -0.250000   25.203621   clock uncertainty
                                  0.000000   25.203621   clock reconvergence pessimism
                                  0.130881   25.334503   library recovery time
                                             25.334503   data required time
---------------------------------------------------------------------------------------------
                                             25.334503   data required time
                                             -5.748701   data arrival time
---------------------------------------------------------------------------------------------
                                             19.585802   slack (MET)


Startpoint: en (input port clocked by clk)
Endpoint: _1039_ (recovery check against rising-edge clock clk)
Path Group: asynchronous
Path Type: max

Fanout         Cap        Slew       Delay        Time   Description
---------------------------------------------------------------------------------------------
                                  0.000000    0.000000   clock clk (rise edge)
                                  0.000000    0.000000   clock network delay (propagated)
                                  5.000000    5.000000 ^ input external delay
     2    0.004296    0.026230    0.015592    5.015592 ^ en (in)
                                                         en (net)
                      0.026231    0.000000    5.015592 ^ input1/A (sky130_fd_sc_hd__clkbuf_1)
     1    0.002045    0.035945    0.067812    5.083405 ^ input1/X (sky130_fd_sc_hd__clkbuf_1)
                                                         net1 (net)
                      0.035945    0.000094    5.083498 ^ _0749_/B (sky130_fd_sc_hd__and2_1)
     1    0.003817    0.054559    0.119301    5.202799 ^ _0749_/X (sky130_fd_sc_hd__and2_1)
                                                         MATMULT_INST.cntrl.n_rst (net)
                      0.054560    0.000277    5.203076 ^ fanout37/A (sky130_fd_sc_hd__buf_2)
    17    0.055063    0.268539    0.265529    5.468605 ^ fanout37/X (sky130_fd_sc_hd__buf_2)
                                                         net37 (net)
                      0.268715    0.005724    5.474329 ^ fanout27/A (sky130_fd_sc_hd__buf_2)
     8    0.035941    0.178076    0.269905    5.744234 ^ fanout27/X (sky130_fd_sc_hd__buf_2)
                                                         net27 (net)
                      0.178224    0.003185    5.747419 ^ _1039_/SET_B (sky130_fd_sc_hd__dfstp_1)
                                              5.747419   data arrival time

                                 25.000000   25.000000   clock clk (rise edge)
                                  0.000000   25.000000   clock source latency
     2    0.018194    0.087443    0.060611   25.060610 ^ clk (in)
                                                         clk (net)
                      0.087487    0.000000   25.060610 ^ clkbuf_0_clk/A (sky130_fd_sc_hd__clkbuf_16)
    17    0.112789    0.126581    0.207491   25.268101 ^ clkbuf_0_clk/X (sky130_fd_sc_hd__clkbuf_16)
                                                         clknet_0_clk (net)
                      0.127233    0.007255   25.275356 ^ clkbuf_3_0__f_clk/A (sky130_fd_sc_hd__clkbuf_16)
    12    0.045397    0.064813    0.174575   25.449930 ^ clkbuf_3_0__f_clk/X (sky130_fd_sc_hd__clkbuf_16)
                                                         clknet_3_0__leaf_clk (net)
                      0.065113    0.003068   25.452999 ^ _1039_/CLK (sky130_fd_sc_hd__dfstp_1)
                                 -0.250000   25.202999   clock uncertainty
                                  0.000000   25.202999   clock reconvergence pessimism
                                  0.130276   25.333275   library recovery time
                                             25.333275   data required time
---------------------------------------------------------------------------------------------
                                             25.333275   data required time
                                             -5.747419   data arrival time
---------------------------------------------------------------------------------------------
                                             19.585857   slack (MET)


Startpoint: en (input port clocked by clk)
Endpoint: _0963_ (recovery check against rising-edge clock clk)
Path Group: asynchronous
Path Type: max

Fanout         Cap        Slew       Delay        Time   Description
---------------------------------------------------------------------------------------------
                                  0.000000    0.000000   clock clk (rise edge)
                                  0.000000    0.000000   clock network delay (propagated)
                                  5.000000    5.000000 ^ input external delay
     2    0.004296    0.026230    0.015592    5.015592 ^ en (in)
                                                         en (net)
                      0.026231    0.000000    5.015592 ^ input1/A (sky130_fd_sc_hd__clkbuf_1)
     1    0.002045    0.035945    0.067812    5.083405 ^ input1/X (sky130_fd_sc_hd__clkbuf_1)
                                                         net1 (net)
                      0.035945    0.000094    5.083498 ^ _0749_/B (sky130_fd_sc_hd__and2_1)
     1    0.003817    0.054559    0.119301    5.202799 ^ _0749_/X (sky130_fd_sc_hd__and2_1)
                                                         MATMULT_INST.cntrl.n_rst (net)
                      0.054560    0.000277    5.203076 ^ fanout37/A (sky130_fd_sc_hd__buf_2)
    17    0.055063    0.268539    0.265529    5.468605 ^ fanout37/X (sky130_fd_sc_hd__buf_2)
                                                         net37 (net)
                      0.268715    0.005724    5.474329 ^ fanout27/A (sky130_fd_sc_hd__buf_2)
     8    0.035941    0.178076    0.269905    5.744234 ^ fanout27/X (sky130_fd_sc_hd__buf_2)
                                                         net27 (net)
                      0.178084    0.001504    5.745738 ^ _0963_/SET_B (sky130_fd_sc_hd__dfstp_1)
                                              5.745738   data arrival time

                                 25.000000   25.000000   clock clk (rise edge)
                                  0.000000   25.000000   clock source latency
     2    0.018194    0.087443    0.060611   25.060610 ^ clk (in)
                                                         clk (net)
                      0.087487    0.000000   25.060610 ^ clkbuf_0_clk/A (sky130_fd_sc_hd__clkbuf_16)
    17    0.112789    0.126581    0.207491   25.268101 ^ clkbuf_0_clk/X (sky130_fd_sc_hd__clkbuf_16)
                                                         clknet_0_clk (net)
                      0.127233    0.007255   25.275356 ^ clkbuf_3_0__f_clk/A (sky130_fd_sc_hd__clkbuf_16)
    12    0.045397    0.064813    0.174575   25.449930 ^ clkbuf_3_0__f_clk/X (sky130_fd_sc_hd__clkbuf_16)
                                                         clknet_3_0__leaf_clk (net)
                      0.064883    0.001958   25.451889 ^ _0963_/CLK (sky130_fd_sc_hd__dfstp_1)
                                 -0.250000   25.201889   clock uncertainty
                                  0.000000   25.201889   clock reconvergence pessimism
                                  0.130225   25.332113   library recovery time
                                             25.332113   data required time
---------------------------------------------------------------------------------------------
                                             25.332113   data required time
                                             -5.745738   data arrival time
---------------------------------------------------------------------------------------------
                                             19.586378   slack (MET)


Startpoint: en (input port clocked by clk)
Endpoint: _0990_ (recovery check against rising-edge clock clk)
Path Group: asynchronous
Path Type: max

Fanout         Cap        Slew       Delay        Time   Description
---------------------------------------------------------------------------------------------
                                  0.000000    0.000000   clock clk (rise edge)
                                  0.000000    0.000000   clock network delay (propagated)
                                  5.000000    5.000000 ^ input external delay
     2    0.004296    0.026230    0.015592    5.015592 ^ en (in)
                                                         en (net)
                      0.026231    0.000000    5.015592 ^ input1/A (sky130_fd_sc_hd__clkbuf_1)
     1    0.002045    0.035945    0.067812    5.083405 ^ input1/X (sky130_fd_sc_hd__clkbuf_1)
                                                         net1 (net)
                      0.035945    0.000094    5.083498 ^ _0749_/B (sky130_fd_sc_hd__and2_1)
     1    0.003817    0.054559    0.119301    5.202799 ^ _0749_/X (sky130_fd_sc_hd__and2_1)
                                                         MATMULT_INST.cntrl.n_rst (net)
                      0.054560    0.000277    5.203076 ^ fanout37/A (sky130_fd_sc_hd__buf_2)
    17    0.055063    0.268539    0.265529    5.468605 ^ fanout37/X (sky130_fd_sc_hd__buf_2)
                                                         net37 (net)
                      0.268715    0.005724    5.474329 ^ fanout27/A (sky130_fd_sc_hd__buf_2)
     8    0.035941    0.178076    0.269905    5.744234 ^ fanout27/X (sky130_fd_sc_hd__buf_2)
                                                         net27 (net)
                      0.178273    0.004008    5.748242 ^ _0990_/SET_B (sky130_fd_sc_hd__dfstp_1)
                                              5.748242   data arrival time

                                 25.000000   25.000000   clock clk (rise edge)
                                  0.000000   25.000000   clock source latency
     2    0.018194    0.087443    0.060611   25.060610 ^ clk (in)
                                                         clk (net)
                      0.087487    0.000000   25.060610 ^ clkbuf_0_clk/A (sky130_fd_sc_hd__clkbuf_16)
    17    0.112789    0.126581    0.207491   25.268101 ^ clkbuf_0_clk/X (sky130_fd_sc_hd__clkbuf_16)
                                                         clknet_0_clk (net)
                      0.127122    0.006624   25.274725 ^ clkbuf_3_1__f_clk/A (sky130_fd_sc_hd__clkbuf_16)
    16    0.047985    0.067209    0.176577   25.451302 ^ clkbuf_3_1__f_clk/X (sky130_fd_sc_hd__clkbuf_16)
                                                         clknet_3_1__leaf_clk (net)
                      0.067364    0.002737   25.454041 ^ _0990_/CLK (sky130_fd_sc_hd__dfstp_1)
                                 -0.250000   25.204041   clock uncertainty
                                  0.000000   25.204041   clock reconvergence pessimism
                                  0.130898   25.334938   library recovery time
                                             25.334938   data required time
---------------------------------------------------------------------------------------------
                                             25.334938   data required time
                                             -5.748242   data arrival time
---------------------------------------------------------------------------------------------
                                             19.586697   slack (MET)


Startpoint: en (input port clocked by clk)
Endpoint: _0942_ (recovery check against rising-edge clock clk)
Path Group: asynchronous
Path Type: max

Fanout         Cap        Slew       Delay        Time   Description
---------------------------------------------------------------------------------------------
                                  0.000000    0.000000   clock clk (rise edge)
                                  0.000000    0.000000   clock network delay (propagated)
                                  5.000000    5.000000 ^ input external delay
     2    0.004296    0.026230    0.015592    5.015592 ^ en (in)
                                                         en (net)
                      0.026231    0.000000    5.015592 ^ input1/A (sky130_fd_sc_hd__clkbuf_1)
     1    0.002045    0.035945    0.067812    5.083405 ^ input1/X (sky130_fd_sc_hd__clkbuf_1)
                                                         net1 (net)
                      0.035945    0.000094    5.083498 ^ _0749_/B (sky130_fd_sc_hd__and2_1)
     1    0.003817    0.054559    0.119301    5.202799 ^ _0749_/X (sky130_fd_sc_hd__and2_1)
                                                         MATMULT_INST.cntrl.n_rst (net)
                      0.054560    0.000277    5.203076 ^ fanout37/A (sky130_fd_sc_hd__buf_2)
    17    0.055063    0.268539    0.265529    5.468605 ^ fanout37/X (sky130_fd_sc_hd__buf_2)
                                                         net37 (net)
                      0.268931    0.008457    5.477063 ^ fanout32/A (sky130_fd_sc_hd__clkbuf_4)
    10    0.051877    0.161346    0.297160    5.774222 ^ fanout32/X (sky130_fd_sc_hd__clkbuf_4)
                                                         net32 (net)
                      0.161746    0.005834    5.780056 ^ _0942_/RESET_B (sky130_fd_sc_hd__dfrtp_2)
                                              5.780056   data arrival time

                                 25.000000   25.000000   clock clk (rise edge)
                                  0.000000   25.000000   clock source latency
     2    0.018194    0.087443    0.060611   25.060610 ^ clk (in)
                                                         clk (net)
                      0.087487    0.000000   25.060610 ^ clkbuf_0_clk/A (sky130_fd_sc_hd__clkbuf_16)
    17    0.112789    0.126581    0.207491   25.268101 ^ clkbuf_0_clk/X (sky130_fd_sc_hd__clkbuf_16)
                                                         clknet_0_clk (net)
                      0.127259    0.007393   25.275494 ^ clkbuf_3_5__f_clk/A (sky130_fd_sc_hd__clkbuf_16)
    10    0.050701    0.069700    0.178623   25.454117 ^ clkbuf_3_5__f_clk/X (sky130_fd_sc_hd__clkbuf_16)
                                                         clknet_3_5__leaf_clk (net)
                      0.069736    0.001560   25.455677 ^ _0942_/CLK (sky130_fd_sc_hd__dfrtp_2)
                                 -0.250000   25.205679   clock uncertainty
                                  0.000000   25.205679   clock reconvergence pessimism
                                  0.192087   25.397764   library recovery time
                                             25.397764   data required time
---------------------------------------------------------------------------------------------
                                             25.397764   data required time
                                             -5.780056   data arrival time
---------------------------------------------------------------------------------------------
                                             19.617708   slack (MET)


Startpoint: en (input port clocked by clk)
Endpoint: _0941_ (recovery check against rising-edge clock clk)
Path Group: asynchronous
Path Type: max

Fanout         Cap        Slew       Delay        Time   Description
---------------------------------------------------------------------------------------------
                                  0.000000    0.000000   clock clk (rise edge)
                                  0.000000    0.000000   clock network delay (propagated)
                                  5.000000    5.000000 ^ input external delay
     2    0.004296    0.026230    0.015592    5.015592 ^ en (in)
                                                         en (net)
                      0.026231    0.000000    5.015592 ^ input1/A (sky130_fd_sc_hd__clkbuf_1)
     1    0.002045    0.035945    0.067812    5.083405 ^ input1/X (sky130_fd_sc_hd__clkbuf_1)
                                                         net1 (net)
                      0.035945    0.000094    5.083498 ^ _0749_/B (sky130_fd_sc_hd__and2_1)
     1    0.003817    0.054559    0.119301    5.202799 ^ _0749_/X (sky130_fd_sc_hd__and2_1)
                                                         MATMULT_INST.cntrl.n_rst (net)
                      0.054560    0.000277    5.203076 ^ fanout37/A (sky130_fd_sc_hd__buf_2)
    17    0.055063    0.268539    0.265529    5.468605 ^ fanout37/X (sky130_fd_sc_hd__buf_2)
                                                         net37 (net)
                      0.268931    0.008457    5.477063 ^ fanout32/A (sky130_fd_sc_hd__clkbuf_4)
    10    0.051877    0.161346    0.297160    5.774222 ^ fanout32/X (sky130_fd_sc_hd__clkbuf_4)
                                                         net32 (net)
                      0.161740    0.005785    5.780007 ^ _0941_/RESET_B (sky130_fd_sc_hd__dfrtp_2)
                                              5.780007   data arrival time

                                 25.000000   25.000000   clock clk (rise edge)
                                  0.000000   25.000000   clock source latency
     2    0.018194    0.087443    0.060611   25.060610 ^ clk (in)
                                                         clk (net)
                      0.087487    0.000000   25.060610 ^ clkbuf_0_clk/A (sky130_fd_sc_hd__clkbuf_16)
    17    0.112789    0.126581    0.207491   25.268101 ^ clkbuf_0_clk/X (sky130_fd_sc_hd__clkbuf_16)
                                                         clknet_0_clk (net)
                      0.127259    0.007393   25.275494 ^ clkbuf_3_5__f_clk/A (sky130_fd_sc_hd__clkbuf_16)
    10    0.050701    0.069700    0.178623   25.454117 ^ clkbuf_3_5__f_clk/X (sky130_fd_sc_hd__clkbuf_16)
                                                         clknet_3_5__leaf_clk (net)
                      0.069735    0.001537   25.455654 ^ _0941_/CLK (sky130_fd_sc_hd__dfrtp_2)
                                 -0.250000   25.205656   clock uncertainty
                                  0.000000   25.205656   clock reconvergence pessimism
                                  0.192088   25.397743   library recovery time
                                             25.397743   data required time
---------------------------------------------------------------------------------------------
                                             25.397743   data required time
                                             -5.780007   data arrival time
---------------------------------------------------------------------------------------------
                                             19.617735   slack (MET)


Startpoint: en (input port clocked by clk)
Endpoint: _0943_ (recovery check against rising-edge clock clk)
Path Group: asynchronous
Path Type: max

Fanout         Cap        Slew       Delay        Time   Description
---------------------------------------------------------------------------------------------
                                  0.000000    0.000000   clock clk (rise edge)
                                  0.000000    0.000000   clock network delay (propagated)
                                  5.000000    5.000000 ^ input external delay
     2    0.004296    0.026230    0.015592    5.015592 ^ en (in)
                                                         en (net)
                      0.026231    0.000000    5.015592 ^ input1/A (sky130_fd_sc_hd__clkbuf_1)
     1    0.002045    0.035945    0.067812    5.083405 ^ input1/X (sky130_fd_sc_hd__clkbuf_1)
                                                         net1 (net)
                      0.035945    0.000094    5.083498 ^ _0749_/B (sky130_fd_sc_hd__and2_1)
     1    0.003817    0.054559    0.119301    5.202799 ^ _0749_/X (sky130_fd_sc_hd__and2_1)
                                                         MATMULT_INST.cntrl.n_rst (net)
                      0.054560    0.000277    5.203076 ^ fanout37/A (sky130_fd_sc_hd__buf_2)
    17    0.055063    0.268539    0.265529    5.468605 ^ fanout37/X (sky130_fd_sc_hd__buf_2)
                                                         net37 (net)
                      0.268931    0.008457    5.477063 ^ fanout32/A (sky130_fd_sc_hd__clkbuf_4)
    10    0.051877    0.161346    0.297160    5.774222 ^ fanout32/X (sky130_fd_sc_hd__clkbuf_4)
                                                         net32 (net)
                      0.161750    0.005875    5.780097 ^ _0943_/RESET_B (sky130_fd_sc_hd__dfrtp_2)
                                              5.780097   data arrival time

                                 25.000000   25.000000   clock clk (rise edge)
                                  0.000000   25.000000   clock source latency
     2    0.018194    0.087443    0.060611   25.060610 ^ clk (in)
                                                         clk (net)
                      0.087487    0.000000   25.060610 ^ clkbuf_0_clk/A (sky130_fd_sc_hd__clkbuf_16)
    17    0.112789    0.126581    0.207491   25.268101 ^ clkbuf_0_clk/X (sky130_fd_sc_hd__clkbuf_16)
                                                         clknet_0_clk (net)
                      0.127259    0.007393   25.275494 ^ clkbuf_3_5__f_clk/A (sky130_fd_sc_hd__clkbuf_16)
    10    0.050701    0.069700    0.178623   25.454117 ^ clkbuf_3_5__f_clk/X (sky130_fd_sc_hd__clkbuf_16)
                                                         clknet_3_5__leaf_clk (net)
                      0.069805    0.002384   25.456501 ^ _0943_/CLK (sky130_fd_sc_hd__dfrtp_2)
                                 -0.250000   25.206503   clock uncertainty
                                  0.000000   25.206503   clock reconvergence pessimism
                                  0.192107   25.398611   library recovery time
                                             25.398611   data required time
---------------------------------------------------------------------------------------------
                                             25.398611   data required time
                                             -5.780097   data arrival time
---------------------------------------------------------------------------------------------
                                             19.618511   slack (MET)


Startpoint: en (input port clocked by clk)
Endpoint: _0995_ (recovery check against rising-edge clock clk)
Path Group: asynchronous
Path Type: max

Fanout         Cap        Slew       Delay        Time   Description
---------------------------------------------------------------------------------------------
                                  0.000000    0.000000   clock clk (rise edge)
                                  0.000000    0.000000   clock network delay (propagated)
                                  5.000000    5.000000 ^ input external delay
     2    0.004296    0.026230    0.015592    5.015592 ^ en (in)
                                                         en (net)
                      0.026231    0.000000    5.015592 ^ input1/A (sky130_fd_sc_hd__clkbuf_1)
     1    0.002045    0.035945    0.067812    5.083405 ^ input1/X (sky130_fd_sc_hd__clkbuf_1)
                                                         net1 (net)
                      0.035945    0.000094    5.083498 ^ _0749_/B (sky130_fd_sc_hd__and2_1)
     1    0.003817    0.054559    0.119301    5.202799 ^ _0749_/X (sky130_fd_sc_hd__and2_1)
                                                         MATMULT_INST.cntrl.n_rst (net)
                      0.054560    0.000277    5.203076 ^ fanout37/A (sky130_fd_sc_hd__buf_2)
    17    0.055063    0.268539    0.265529    5.468605 ^ fanout37/X (sky130_fd_sc_hd__buf_2)
                                                         net37 (net)
                      0.268931    0.008457    5.477063 ^ fanout32/A (sky130_fd_sc_hd__clkbuf_4)
    10    0.051877    0.161346    0.297160    5.774222 ^ fanout32/X (sky130_fd_sc_hd__clkbuf_4)
                                                         net32 (net)
                      0.161587    0.004182    5.778404 ^ _0995_/RESET_B (sky130_fd_sc_hd__dfrtp_2)
                                              5.778404   data arrival time

                                 25.000000   25.000000   clock clk (rise edge)
                                  0.000000   25.000000   clock source latency
     2    0.018194    0.087443    0.060611   25.060610 ^ clk (in)
                                                         clk (net)
                      0.087487    0.000000   25.060610 ^ clkbuf_0_clk/A (sky130_fd_sc_hd__clkbuf_16)
    17    0.112789    0.126581    0.207491   25.268101 ^ clkbuf_0_clk/X (sky130_fd_sc_hd__clkbuf_16)
                                                         clknet_0_clk (net)
                      0.127259    0.007393   25.275494 ^ clkbuf_3_5__f_clk/A (sky130_fd_sc_hd__clkbuf_16)
    10    0.050701    0.069700    0.178623   25.454117 ^ clkbuf_3_5__f_clk/X (sky130_fd_sc_hd__clkbuf_16)
                                                         clknet_3_5__leaf_clk (net)
                      0.069774    0.002057   25.456175 ^ _0995_/CLK (sky130_fd_sc_hd__dfrtp_2)
                                 -0.250000   25.206175   clock uncertainty
                                  0.000000   25.206175   clock reconvergence pessimism
                                  0.192146   25.398321   library recovery time
                                             25.398321   data required time
---------------------------------------------------------------------------------------------
                                             25.398321   data required time
                                             -5.778404   data arrival time
---------------------------------------------------------------------------------------------
                                             19.619917   slack (MET)


Startpoint: en (input port clocked by clk)
Endpoint: _0940_ (recovery check against rising-edge clock clk)
Path Group: asynchronous
Path Type: max

Fanout         Cap        Slew       Delay        Time   Description
---------------------------------------------------------------------------------------------
                                  0.000000    0.000000   clock clk (rise edge)
                                  0.000000    0.000000   clock network delay (propagated)
                                  5.000000    5.000000 ^ input external delay
     2    0.004296    0.026230    0.015592    5.015592 ^ en (in)
                                                         en (net)
                      0.026231    0.000000    5.015592 ^ input1/A (sky130_fd_sc_hd__clkbuf_1)
     1    0.002045    0.035945    0.067812    5.083405 ^ input1/X (sky130_fd_sc_hd__clkbuf_1)
                                                         net1 (net)
                      0.035945    0.000094    5.083498 ^ _0749_/B (sky130_fd_sc_hd__and2_1)
     1    0.003817    0.054559    0.119301    5.202799 ^ _0749_/X (sky130_fd_sc_hd__and2_1)
                                                         MATMULT_INST.cntrl.n_rst (net)
                      0.054560    0.000277    5.203076 ^ fanout37/A (sky130_fd_sc_hd__buf_2)
    17    0.055063    0.268539    0.265529    5.468605 ^ fanout37/X (sky130_fd_sc_hd__buf_2)
                                                         net37 (net)
                      0.268931    0.008457    5.477063 ^ fanout32/A (sky130_fd_sc_hd__clkbuf_4)
    10    0.051877    0.161346    0.297160    5.774222 ^ fanout32/X (sky130_fd_sc_hd__clkbuf_4)
                                                         net32 (net)
                      0.161729    0.005690    5.779912 ^ _0940_/RESET_B (sky130_fd_sc_hd__dfrtp_1)
                                              5.779912   data arrival time

                                 25.000000   25.000000   clock clk (rise edge)
                                  0.000000   25.000000   clock source latency
     2    0.018194    0.087443    0.060611   25.060610 ^ clk (in)
                                                         clk (net)
                      0.087487    0.000000   25.060610 ^ clkbuf_0_clk/A (sky130_fd_sc_hd__clkbuf_16)
    17    0.112789    0.126581    0.207491   25.268101 ^ clkbuf_0_clk/X (sky130_fd_sc_hd__clkbuf_16)
                                                         clknet_0_clk (net)
                      0.127259    0.007393   25.275494 ^ clkbuf_3_5__f_clk/A (sky130_fd_sc_hd__clkbuf_16)
    10    0.050701    0.069700    0.178623   25.454117 ^ clkbuf_3_5__f_clk/X (sky130_fd_sc_hd__clkbuf_16)
                                                         clknet_3_5__leaf_clk (net)
                      0.069721    0.001272   25.455389 ^ _0940_/CLK (sky130_fd_sc_hd__dfrtp_1)
                                 -0.250000   25.205391   clock uncertainty
                                  0.000000   25.205391   clock reconvergence pessimism
                                  0.207808   25.413198   library recovery time
                                             25.413198   data required time
---------------------------------------------------------------------------------------------
                                             25.413198   data required time
                                             -5.779912   data arrival time
---------------------------------------------------------------------------------------------
                                             19.633287   slack (MET)


Startpoint: en (input port clocked by clk)
Endpoint: _0939_ (recovery check against rising-edge clock clk)
Path Group: asynchronous
Path Type: max

Fanout         Cap        Slew       Delay        Time   Description
---------------------------------------------------------------------------------------------
                                  0.000000    0.000000   clock clk (rise edge)
                                  0.000000    0.000000   clock network delay (propagated)
                                  5.000000    5.000000 ^ input external delay
     2    0.004296    0.026230    0.015592    5.015592 ^ en (in)
                                                         en (net)
                      0.026231    0.000000    5.015592 ^ input1/A (sky130_fd_sc_hd__clkbuf_1)
     1    0.002045    0.035945    0.067812    5.083405 ^ input1/X (sky130_fd_sc_hd__clkbuf_1)
                                                         net1 (net)
                      0.035945    0.000094    5.083498 ^ _0749_/B (sky130_fd_sc_hd__and2_1)
     1    0.003817    0.054559    0.119301    5.202799 ^ _0749_/X (sky130_fd_sc_hd__and2_1)
                                                         MATMULT_INST.cntrl.n_rst (net)
                      0.054560    0.000277    5.203076 ^ fanout37/A (sky130_fd_sc_hd__buf_2)
    17    0.055063    0.268539    0.265529    5.468605 ^ fanout37/X (sky130_fd_sc_hd__buf_2)
                                                         net37 (net)
                      0.268931    0.008457    5.477063 ^ fanout32/A (sky130_fd_sc_hd__clkbuf_4)
    10    0.051877    0.161346    0.297160    5.774222 ^ fanout32/X (sky130_fd_sc_hd__clkbuf_4)
                                                         net32 (net)
                      0.161664    0.005057    5.779279 ^ _0939_/RESET_B (sky130_fd_sc_hd__dfrtp_1)
                                              5.779279   data arrival time

                                 25.000000   25.000000   clock clk (rise edge)
                                  0.000000   25.000000   clock source latency
     2    0.018194    0.087443    0.060611   25.060610 ^ clk (in)
                                                         clk (net)
                      0.087487    0.000000   25.060610 ^ clkbuf_0_clk/A (sky130_fd_sc_hd__clkbuf_16)
    17    0.112789    0.126581    0.207491   25.268101 ^ clkbuf_0_clk/X (sky130_fd_sc_hd__clkbuf_16)
                                                         clknet_0_clk (net)
                      0.127259    0.007393   25.275494 ^ clkbuf_3_5__f_clk/A (sky130_fd_sc_hd__clkbuf_16)
    10    0.050701    0.069700    0.178623   25.454117 ^ clkbuf_3_5__f_clk/X (sky130_fd_sc_hd__clkbuf_16)
                                                         clknet_3_5__leaf_clk (net)
                      0.069783    0.002155   25.456272 ^ _0939_/CLK (sky130_fd_sc_hd__dfrtp_1)
                                 -0.250000   25.206274   clock uncertainty
                                  0.000000   25.206274   clock reconvergence pessimism
                                  0.207844   25.414118   library recovery time
                                             25.414118   data required time
---------------------------------------------------------------------------------------------
                                             25.414118   data required time
                                             -5.779279   data arrival time
---------------------------------------------------------------------------------------------
                                             19.634838   slack (MET)


Startpoint: en (input port clocked by clk)
Endpoint: _1016_ (recovery check against rising-edge clock clk)
Path Group: asynchronous
Path Type: max

Fanout         Cap        Slew       Delay        Time   Description
---------------------------------------------------------------------------------------------
                                  0.000000    0.000000   clock clk (rise edge)
                                  0.000000    0.000000   clock network delay (propagated)
                                  5.000000    5.000000 ^ input external delay
     2    0.004296    0.026230    0.015592    5.015592 ^ en (in)
                                                         en (net)
                      0.026231    0.000000    5.015592 ^ input1/A (sky130_fd_sc_hd__clkbuf_1)
     1    0.002045    0.035945    0.067812    5.083405 ^ input1/X (sky130_fd_sc_hd__clkbuf_1)
                                                         net1 (net)
                      0.035945    0.000094    5.083498 ^ _0749_/B (sky130_fd_sc_hd__and2_1)
     1    0.003817    0.054559    0.119301    5.202799 ^ _0749_/X (sky130_fd_sc_hd__and2_1)
                                                         MATMULT_INST.cntrl.n_rst (net)
                      0.054560    0.000277    5.203076 ^ fanout37/A (sky130_fd_sc_hd__buf_2)
    17    0.055063    0.268539    0.265529    5.468605 ^ fanout37/X (sky130_fd_sc_hd__buf_2)
                                                         net37 (net)
                      0.268839    0.007417    5.476022 ^ fanout36/A (sky130_fd_sc_hd__clkbuf_2)
     5    0.027787    0.155934    0.249182    5.725204 ^ fanout36/X (sky130_fd_sc_hd__clkbuf_2)
                                                         net36 (net)
                      0.155987    0.002728    5.727932 ^ _1016_/RESET_B (sky130_fd_sc_hd__dfrtp_1)
                                              5.727932   data arrival time

                                 25.000000   25.000000   clock clk (rise edge)
                                  0.000000   25.000000   clock source latency
     2    0.018194    0.087443    0.060611   25.060610 ^ clk (in)
                                                         clk (net)
                      0.087487    0.000000   25.060610 ^ clkbuf_0_clk/A (sky130_fd_sc_hd__clkbuf_16)
    17    0.112789    0.126581    0.207491   25.268101 ^ clkbuf_0_clk/X (sky130_fd_sc_hd__clkbuf_16)
                                                         clknet_0_clk (net)
                      0.127219    0.007180   25.275282 ^ clkbuf_3_6__f_clk/A (sky130_fd_sc_hd__clkbuf_16)
    15    0.050695    0.069711    0.178572   25.453854 ^ clkbuf_3_6__f_clk/X (sky130_fd_sc_hd__clkbuf_16)
                                                         clknet_3_6__leaf_clk (net)
                      0.069826    0.002464   25.456316 ^ _1016_/CLK (sky130_fd_sc_hd__dfrtp_1)
                                 -0.250000   25.206318   clock uncertainty
                                  0.000000   25.206318   clock reconvergence pessimism
                                  0.209322   25.415640   library recovery time
                                             25.415640   data required time
---------------------------------------------------------------------------------------------
                                             25.415640   data required time
                                             -5.727932   data arrival time
---------------------------------------------------------------------------------------------
                                             19.687708   slack (MET)


Startpoint: en (input port clocked by clk)
Endpoint: _0958_ (recovery check against rising-edge clock clk)
Path Group: asynchronous
Path Type: max

Fanout         Cap        Slew       Delay        Time   Description
---------------------------------------------------------------------------------------------
                                  0.000000    0.000000   clock clk (rise edge)
                                  0.000000    0.000000   clock network delay (propagated)
                                  5.000000    5.000000 ^ input external delay
     2    0.004296    0.026230    0.015592    5.015592 ^ en (in)
                                                         en (net)
                      0.026231    0.000000    5.015592 ^ input1/A (sky130_fd_sc_hd__clkbuf_1)
     1    0.002045    0.035945    0.067812    5.083405 ^ input1/X (sky130_fd_sc_hd__clkbuf_1)
                                                         net1 (net)
                      0.035945    0.000094    5.083498 ^ _0749_/B (sky130_fd_sc_hd__and2_1)
     1    0.003817    0.054559    0.119301    5.202799 ^ _0749_/X (sky130_fd_sc_hd__and2_1)
                                                         MATMULT_INST.cntrl.n_rst (net)
                      0.054560    0.000277    5.203076 ^ fanout37/A (sky130_fd_sc_hd__buf_2)
    17    0.055063    0.268539    0.265529    5.468605 ^ fanout37/X (sky130_fd_sc_hd__buf_2)
                                                         net37 (net)
                      0.268839    0.007417    5.476022 ^ fanout36/A (sky130_fd_sc_hd__clkbuf_2)
     5    0.027787    0.155934    0.249182    5.725204 ^ fanout36/X (sky130_fd_sc_hd__clkbuf_2)
                                                         net36 (net)
                      0.155956    0.001911    5.727115 ^ _0958_/RESET_B (sky130_fd_sc_hd__dfrtp_1)
                                              5.727115   data arrival time

                                 25.000000   25.000000   clock clk (rise edge)
                                  0.000000   25.000000   clock source latency
     2    0.018194    0.087443    0.060611   25.060610 ^ clk (in)
                                                         clk (net)
                      0.087487    0.000000   25.060610 ^ clkbuf_0_clk/A (sky130_fd_sc_hd__clkbuf_16)
    17    0.112789    0.126581    0.207491   25.268101 ^ clkbuf_0_clk/X (sky130_fd_sc_hd__clkbuf_16)
                                                         clknet_0_clk (net)
                      0.127219    0.007180   25.275282 ^ clkbuf_3_6__f_clk/A (sky130_fd_sc_hd__clkbuf_16)
    15    0.050695    0.069711    0.178572   25.453854 ^ clkbuf_3_6__f_clk/X (sky130_fd_sc_hd__clkbuf_16)
                                                         clknet_3_6__leaf_clk (net)
                      0.069911    0.003157   25.457010 ^ _0958_/CLK (sky130_fd_sc_hd__dfrtp_1)
                                 -0.250000   25.207010   clock uncertainty
                                  0.000000   25.207010   clock reconvergence pessimism
                                  0.209356   25.416367   library recovery time
                                             25.416367   data required time
---------------------------------------------------------------------------------------------
                                             25.416367   data required time
                                             -5.727115   data arrival time
---------------------------------------------------------------------------------------------
                                             19.689251   slack (MET)


Startpoint: gpio_in[1] (input port clocked by clk)
Endpoint: _0967_ (rising edge-triggered flip-flop clocked by clk)
Path Group: clk
Path Type: max

Fanout         Cap        Slew       Delay        Time   Description
---------------------------------------------------------------------------------------------
                                  0.000000    0.000000   clock clk (rise edge)
                                  0.000000    0.000000   clock network delay (propagated)
                                  5.000000    5.000000 v input external delay
     2    0.003919    0.011232    0.006359    5.006360 v gpio_in[1] (in)
                                                         gpio_in[1] (net)
                      0.011235    0.000000    5.006360 v input9/A (sky130_fd_sc_hd__buf_1)
     3    0.011224    0.071343    0.110660    5.117019 v input9/X (sky130_fd_sc_hd__buf_1)
                                                         net9 (net)
                      0.071356    0.000961    5.117980 v _0769_/A1 (sky130_fd_sc_hd__mux2_1)
     1    0.003455    0.059257    0.302260    5.420239 v _0769_/X (sky130_fd_sc_hd__mux2_1)
                                                         _0013_ (net)
                      0.059257    0.000152    5.420392 v _0967_/D (sky130_fd_sc_hd__dfstp_1)
                                              5.420392   data arrival time

                                 25.000000   25.000000   clock clk (rise edge)
                                  0.000000   25.000000   clock source latency
     2    0.018194    0.087443    0.060611   25.060610 ^ clk (in)
                                                         clk (net)
                      0.087487    0.000000   25.060610 ^ clkbuf_0_clk/A (sky130_fd_sc_hd__clkbuf_16)
    17    0.112789    0.126581    0.207491   25.268101 ^ clkbuf_0_clk/X (sky130_fd_sc_hd__clkbuf_16)
                                                         clknet_0_clk (net)
                      0.127328    0.007756   25.275856 ^ clkbuf_3_7__f_clk/A (sky130_fd_sc_hd__clkbuf_16)
    18    0.053999    0.072776    0.180540   25.456396 ^ clkbuf_3_7__f_clk/X (sky130_fd_sc_hd__clkbuf_16)
                                                         clknet_3_7__leaf_clk (net)
                      0.073120    0.003539   25.459936 ^ _0967_/CLK (sky130_fd_sc_hd__dfstp_1)
                                 -0.250000   25.209936   clock uncertainty
                                  0.000000   25.209936   clock reconvergence pessimism
                                 -0.067804   25.142132   library setup time
                                             25.142132   data required time
---------------------------------------------------------------------------------------------
                                             25.142132   data required time
                                             -5.420392   data arrival time
---------------------------------------------------------------------------------------------
                                             19.721741   slack (MET)


Startpoint: en (input port clocked by clk)
Endpoint: _1028_ (recovery check against rising-edge clock clk)
Path Group: asynchronous
Path Type: max

Fanout         Cap        Slew       Delay        Time   Description
---------------------------------------------------------------------------------------------
                                  0.000000    0.000000   clock clk (rise edge)
                                  0.000000    0.000000   clock network delay (propagated)
                                  5.000000    5.000000 ^ input external delay
     2    0.004296    0.026230    0.015592    5.015592 ^ en (in)
                                                         en (net)
                      0.026231    0.000000    5.015592 ^ input1/A (sky130_fd_sc_hd__clkbuf_1)
     1    0.002045    0.035945    0.067812    5.083405 ^ input1/X (sky130_fd_sc_hd__clkbuf_1)
                                                         net1 (net)
                      0.035945    0.000094    5.083498 ^ _0749_/B (sky130_fd_sc_hd__and2_1)
     1    0.003817    0.054559    0.119301    5.202799 ^ _0749_/X (sky130_fd_sc_hd__and2_1)
                                                         MATMULT_INST.cntrl.n_rst (net)
                      0.054560    0.000277    5.203076 ^ fanout37/A (sky130_fd_sc_hd__buf_2)
    17    0.055063    0.268539    0.265529    5.468605 ^ fanout37/X (sky130_fd_sc_hd__buf_2)
                                                         net37 (net)
                      0.268956    0.008714    5.477320 ^ _1028_/SET_B (sky130_fd_sc_hd__dfstp_1)
                                              5.477320   data arrival time

                                 25.000000   25.000000   clock clk (rise edge)
                                  0.000000   25.000000   clock source latency
     2    0.018194    0.087443    0.060611   25.060610 ^ clk (in)
                                                         clk (net)
                      0.087487    0.000000   25.060610 ^ clkbuf_0_clk/A (sky130_fd_sc_hd__clkbuf_16)
    17    0.112789    0.126581    0.207491   25.268101 ^ clkbuf_0_clk/X (sky130_fd_sc_hd__clkbuf_16)
                                                         clknet_0_clk (net)
                      0.127259    0.007393   25.275494 ^ clkbuf_3_5__f_clk/A (sky130_fd_sc_hd__clkbuf_16)
    10    0.050701    0.069700    0.178623   25.454117 ^ clkbuf_3_5__f_clk/X (sky130_fd_sc_hd__clkbuf_16)
                                                         clknet_3_5__leaf_clk (net)
                      0.070000    0.003233   25.457350 ^ _1028_/CLK (sky130_fd_sc_hd__dfstp_1)
                                 -0.250000   25.207352   clock uncertainty
                                  0.000000   25.207352   clock reconvergence pessimism
                                  0.122881   25.330233   library recovery time
                                             25.330233   data required time
---------------------------------------------------------------------------------------------
                                             25.330233   data required time
                                             -5.477320   data arrival time
---------------------------------------------------------------------------------------------
                                             19.852913   slack (MET)


Startpoint: en (input port clocked by clk)
Endpoint: _0994_ (recovery check against rising-edge clock clk)
Path Group: asynchronous
Path Type: max

Fanout         Cap        Slew       Delay        Time   Description
---------------------------------------------------------------------------------------------
                                  0.000000    0.000000   clock clk (rise edge)
                                  0.000000    0.000000   clock network delay (propagated)
                                  5.000000    5.000000 ^ input external delay
     2    0.004296    0.026230    0.015592    5.015592 ^ en (in)
                                                         en (net)
                      0.026231    0.000000    5.015592 ^ input1/A (sky130_fd_sc_hd__clkbuf_1)
     1    0.002045    0.035945    0.067812    5.083405 ^ input1/X (sky130_fd_sc_hd__clkbuf_1)
                                                         net1 (net)
                      0.035945    0.000094    5.083498 ^ _0749_/B (sky130_fd_sc_hd__and2_1)
     1    0.003817    0.054559    0.119301    5.202799 ^ _0749_/X (sky130_fd_sc_hd__and2_1)
                                                         MATMULT_INST.cntrl.n_rst (net)
                      0.054560    0.000277    5.203076 ^ fanout37/A (sky130_fd_sc_hd__buf_2)
    17    0.055063    0.268539    0.265529    5.468605 ^ fanout37/X (sky130_fd_sc_hd__buf_2)
                                                         net37 (net)
                      0.268942    0.008571    5.477177 ^ _0994_/RESET_B (sky130_fd_sc_hd__dfrtp_4)
                                              5.477177   data arrival time

                                 25.000000   25.000000   clock clk (rise edge)
                                  0.000000   25.000000   clock source latency
     2    0.018194    0.087443    0.060611   25.060610 ^ clk (in)
                                                         clk (net)
                      0.087487    0.000000   25.060610 ^ clkbuf_0_clk/A (sky130_fd_sc_hd__clkbuf_16)
    17    0.112789    0.126581    0.207491   25.268101 ^ clkbuf_0_clk/X (sky130_fd_sc_hd__clkbuf_16)
                                                         clknet_0_clk (net)
                      0.127259    0.007393   25.275494 ^ clkbuf_3_5__f_clk/A (sky130_fd_sc_hd__clkbuf_16)
    10    0.050701    0.069700    0.178623   25.454117 ^ clkbuf_3_5__f_clk/X (sky130_fd_sc_hd__clkbuf_16)
                                                         clknet_3_5__leaf_clk (net)
                      0.070010    0.003299   25.457417 ^ _0994_/CLK (sky130_fd_sc_hd__dfrtp_4)
                                 -0.250000   25.207417   clock uncertainty
                                  0.000000   25.207417   clock reconvergence pessimism
                                  0.152720   25.360138   library recovery time
                                             25.360138   data required time
---------------------------------------------------------------------------------------------
                                             25.360138   data required time
                                             -5.477177   data arrival time
---------------------------------------------------------------------------------------------
                                             19.882961   slack (MET)


Startpoint: en (input port clocked by clk)
Endpoint: _0952_ (recovery check against rising-edge clock clk)
Path Group: asynchronous
Path Type: max

Fanout         Cap        Slew       Delay        Time   Description
---------------------------------------------------------------------------------------------
                                  0.000000    0.000000   clock clk (rise edge)
                                  0.000000    0.000000   clock network delay (propagated)
                                  5.000000    5.000000 ^ input external delay
     2    0.004296    0.026230    0.015592    5.015592 ^ en (in)
                                                         en (net)
                      0.026231    0.000000    5.015592 ^ input1/A (sky130_fd_sc_hd__clkbuf_1)
     1    0.002045    0.035945    0.067812    5.083405 ^ input1/X (sky130_fd_sc_hd__clkbuf_1)
                                                         net1 (net)
                      0.035945    0.000094    5.083498 ^ _0749_/B (sky130_fd_sc_hd__and2_1)
     1    0.003817    0.054559    0.119301    5.202799 ^ _0749_/X (sky130_fd_sc_hd__and2_1)
                                                         MATMULT_INST.cntrl.n_rst (net)
                      0.054560    0.000277    5.203076 ^ fanout37/A (sky130_fd_sc_hd__buf_2)
    17    0.055063    0.268539    0.265529    5.468605 ^ fanout37/X (sky130_fd_sc_hd__buf_2)
                                                         net37 (net)
                      0.268813    0.007098    5.475704 ^ _0952_/RESET_B (sky130_fd_sc_hd__dfrtp_2)
                                              5.475704   data arrival time

                                 25.000000   25.000000   clock clk (rise edge)
                                  0.000000   25.000000   clock source latency
     2    0.018194    0.087443    0.060611   25.060610 ^ clk (in)
                                                         clk (net)
                      0.087487    0.000000   25.060610 ^ clkbuf_0_clk/A (sky130_fd_sc_hd__clkbuf_16)
    17    0.112789    0.126581    0.207491   25.268101 ^ clkbuf_0_clk/X (sky130_fd_sc_hd__clkbuf_16)
                                                         clknet_0_clk (net)
                      0.127083    0.006391   25.274492 ^ clkbuf_3_3__f_clk/A (sky130_fd_sc_hd__clkbuf_16)
    11    0.051178    0.070143    0.179082   25.453575 ^ clkbuf_3_3__f_clk/X (sky130_fd_sc_hd__clkbuf_16)
                                                         clknet_3_3__leaf_clk (net)
                      0.070273    0.002597   25.456171 ^ _0952_/CLK (sky130_fd_sc_hd__dfrtp_2)
                                 -0.250000   25.206173   clock uncertainty
                                  0.000000   25.206173   clock reconvergence pessimism
                                  0.160444   25.366615   library recovery time
                                             25.366615   data required time
---------------------------------------------------------------------------------------------
                                             25.366615   data required time
                                             -5.475704   data arrival time
---------------------------------------------------------------------------------------------
                                             19.890913   slack (MET)


Startpoint: en (input port clocked by clk)
Endpoint: _0953_ (recovery check against rising-edge clock clk)
Path Group: asynchronous
Path Type: max

Fanout         Cap        Slew       Delay        Time   Description
---------------------------------------------------------------------------------------------
                                  0.000000    0.000000   clock clk (rise edge)
                                  0.000000    0.000000   clock network delay (propagated)
                                  5.000000    5.000000 ^ input external delay
     2    0.004296    0.026230    0.015592    5.015592 ^ en (in)
                                                         en (net)
                      0.026231    0.000000    5.015592 ^ input1/A (sky130_fd_sc_hd__clkbuf_1)
     1    0.002045    0.035945    0.067812    5.083405 ^ input1/X (sky130_fd_sc_hd__clkbuf_1)
                                                         net1 (net)
                      0.035945    0.000094    5.083498 ^ _0749_/B (sky130_fd_sc_hd__and2_1)
     1    0.003817    0.054559    0.119301    5.202799 ^ _0749_/X (sky130_fd_sc_hd__and2_1)
                                                         MATMULT_INST.cntrl.n_rst (net)
                      0.054560    0.000277    5.203076 ^ fanout37/A (sky130_fd_sc_hd__buf_2)
    17    0.055063    0.268539    0.265529    5.468605 ^ fanout37/X (sky130_fd_sc_hd__buf_2)
                                                         net37 (net)
                      0.268773    0.006571    5.475176 ^ _0953_/RESET_B (sky130_fd_sc_hd__dfrtp_1)
                                              5.475176   data arrival time

                                 25.000000   25.000000   clock clk (rise edge)
                                  0.000000   25.000000   clock source latency
     2    0.018194    0.087443    0.060611   25.060610 ^ clk (in)
                                                         clk (net)
                      0.087487    0.000000   25.060610 ^ clkbuf_0_clk/A (sky130_fd_sc_hd__clkbuf_16)
    17    0.112789    0.126581    0.207491   25.268101 ^ clkbuf_0_clk/X (sky130_fd_sc_hd__clkbuf_16)
                                                         clknet_0_clk (net)
                      0.127083    0.006391   25.274492 ^ clkbuf_3_3__f_clk/A (sky130_fd_sc_hd__clkbuf_16)
    11    0.051178    0.070143    0.179082   25.453575 ^ clkbuf_3_3__f_clk/X (sky130_fd_sc_hd__clkbuf_16)
                                                         clknet_3_3__leaf_clk (net)
                      0.070260    0.002476   25.456051 ^ _0953_/CLK (sky130_fd_sc_hd__dfrtp_1)
                                 -0.250000   25.206051   clock uncertainty
                                  0.000000   25.206051   clock reconvergence pessimism
                                  0.180373   25.386425   library recovery time
                                             25.386425   data required time
---------------------------------------------------------------------------------------------
                                             25.386425   data required time
                                             -5.475176   data arrival time
---------------------------------------------------------------------------------------------
                                             19.911249   slack (MET)


Startpoint: gpio_in[1] (input port clocked by clk)
Endpoint: _1033_ (rising edge-triggered flip-flop clocked by clk)
Path Group: clk
Path Type: max

Fanout         Cap        Slew       Delay        Time   Description
---------------------------------------------------------------------------------------------
                                  0.000000    0.000000   clock clk (rise edge)
                                  0.000000    0.000000   clock network delay (propagated)
                                  5.000000    5.000000 ^ input external delay
     2    0.004138    0.025548    0.015047    5.015047 ^ gpio_in[1] (in)
                                                         gpio_in[1] (net)
                      0.025549    0.000000    5.015047 ^ input9/A (sky130_fd_sc_hd__buf_1)
     3    0.011713    0.144196    0.144033    5.159080 ^ input9/X (sky130_fd_sc_hd__buf_1)
                                                         net9 (net)
                      0.144206    0.000965    5.160045 ^ _1033_/D (sky130_fd_sc_hd__dfstp_1)
                                              5.160045   data arrival time

                                 25.000000   25.000000   clock clk (rise edge)
                                  0.000000   25.000000   clock source latency
     2    0.018194    0.087443    0.060611   25.060610 ^ clk (in)
                                                         clk (net)
                      0.087487    0.000000   25.060610 ^ clkbuf_0_clk/A (sky130_fd_sc_hd__clkbuf_16)
    17    0.112789    0.126581    0.207491   25.268101 ^ clkbuf_0_clk/X (sky130_fd_sc_hd__clkbuf_16)
                                                         clknet_0_clk (net)
                      0.127328    0.007756   25.275856 ^ clkbuf_3_7__f_clk/A (sky130_fd_sc_hd__clkbuf_16)
    18    0.053999    0.072776    0.180540   25.456396 ^ clkbuf_3_7__f_clk/X (sky130_fd_sc_hd__clkbuf_16)
                                                         clknet_3_7__leaf_clk (net)
                      0.073181    0.003910   25.460306 ^ _1033_/CLK (sky130_fd_sc_hd__dfstp_1)
                                 -0.250000   25.210308   clock uncertainty
                                  0.000000   25.210308   clock reconvergence pessimism
                                 -0.071930   25.138378   library setup time
                                             25.138378   data required time
---------------------------------------------------------------------------------------------
                                             25.138378   data required time
                                             -5.160045   data arrival time
---------------------------------------------------------------------------------------------
                                             19.978333   slack (MET)


Startpoint: _0977_ (rising edge-triggered flip-flop clocked by clk)
Endpoint: _1027_ (rising edge-triggered flip-flop clocked by clk)
Path Group: clk
Path Type: max

Fanout         Cap        Slew       Delay        Time   Description
---------------------------------------------------------------------------------------------
                                  0.000000    0.000000   clock clk (rise edge)
                                  0.000000    0.000000   clock source latency
     2    0.018194    0.087443    0.060612    0.060612 ^ clk (in)
                                                         clk (net)
                      0.087487    0.000000    0.060612 ^ clkbuf_0_clk/A (sky130_fd_sc_hd__clkbuf_16)
    17    0.112789    0.126581    0.207490    0.268102 ^ clkbuf_0_clk/X (sky130_fd_sc_hd__clkbuf_16)
                                                         clknet_0_clk (net)
                      0.127122    0.006624    0.274726 ^ clkbuf_3_1__f_clk/A (sky130_fd_sc_hd__clkbuf_16)
    16    0.047985    0.067209    0.176577    0.451302 ^ clkbuf_3_1__f_clk/X (sky130_fd_sc_hd__clkbuf_16)
                                                         clknet_3_1__leaf_clk (net)
                      0.067376    0.002838    0.454140 ^ _0977_/CLK (sky130_fd_sc_hd__dfstp_1)
     9    0.028425    0.262251    0.661947    1.116087 ^ _0977_/Q (sky130_fd_sc_hd__dfstp_1)
                                                         MATMULT_INST.parallel_out2[1] (net)
                      0.262261    0.001920    1.118007 ^ _0884_/A2 (sky130_fd_sc_hd__a22oi_1)
     3    0.007749    0.111919    0.163955    1.281962 v _0884_/Y (sky130_fd_sc_hd__a22oi_1)
                                                         _0410_ (net)
                      0.111920    0.000407    1.282368 v _0885_/C (sky130_fd_sc_hd__or3_1)
     2    0.005323    0.078813    0.343687    1.626055 v _0885_/X (sky130_fd_sc_hd__or3_1)
                                                         _0411_ (net)
                      0.078813    0.000209    1.626265 v _0887_/A1 (sky130_fd_sc_hd__a21oi_1)
     2    0.009002    0.219196    0.218253    1.844518 ^ _0887_/Y (sky130_fd_sc_hd__a21oi_1)
                                                         _0413_ (net)
                      0.219199    0.000622    1.845139 ^ _0899_/A (sky130_fd_sc_hd__xnor2_1)
     2    0.009058    0.097979    0.145223    1.990362 v _0899_/Y (sky130_fd_sc_hd__xnor2_1)
                                                         _0424_ (net)
                      0.097979    0.000424    1.990786 v _0908_/A2 (sky130_fd_sc_hd__o21ba_1)
     1    0.005161    0.045745    0.195997    2.186783 v _0908_/X (sky130_fd_sc_hd__o21ba_1)
                                                         _0432_ (net)
                      0.045747    0.000397    2.187180 v _0909_/B (sky130_fd_sc_hd__xnor2_1)
     2    0.006633    0.189331    0.184712    2.371892 ^ _0909_/Y (sky130_fd_sc_hd__xnor2_1)
                                                         _0433_ (net)
                      0.189387    0.000438    2.372330 ^ _0910_/B (sky130_fd_sc_hd__nand2_1)
     2    0.007214    0.075856    0.107950    2.480280 v _0910_/Y (sky130_fd_sc_hd__nand2_1)
                                                         _0434_ (net)
                      0.075857    0.000455    2.480735 v _0918_/A (sky130_fd_sc_hd__xnor2_1)
     3    0.010722    0.270800    0.275874    2.756610 ^ _0918_/Y (sky130_fd_sc_hd__xnor2_1)
                                                         _0441_ (net)
                      0.270801    0.000532    2.757142 ^ _0921_/B2 (sky130_fd_sc_hd__a22oi_1)
     1    0.005776    0.102182    0.131691    2.888833 v _0921_/Y (sky130_fd_sc_hd__a22oi_1)
                                                         _0443_ (net)
                      0.102182    0.000248    2.889081 v _0924_/A3 (sky130_fd_sc_hd__o41ai_1)
     1    0.003994    0.301883    0.350377    3.239458 ^ _0924_/Y (sky130_fd_sc_hd__o41ai_1)
                                                         _0050_ (net)
                      0.301883    0.000252    3.239710 ^ _1027_/D (sky130_fd_sc_hd__dfstp_1)
                                              3.239710   data arrival time

                                 25.000000   25.000000   clock clk (rise edge)
                                  0.000000   25.000000   clock source latency
     2    0.018194    0.087443    0.060611   25.060610 ^ clk (in)
                                                         clk (net)
                      0.087487    0.000000   25.060610 ^ clkbuf_0_clk/A (sky130_fd_sc_hd__clkbuf_16)
    17    0.112789    0.126581    0.207491   25.268101 ^ clkbuf_0_clk/X (sky130_fd_sc_hd__clkbuf_16)
                                                         clknet_0_clk (net)
                      0.127162    0.006860   25.274961 ^ clkbuf_3_4__f_clk/A (sky130_fd_sc_hd__clkbuf_16)
    15    0.051117    0.070086    0.178730   25.453691 ^ clkbuf_3_4__f_clk/X (sky130_fd_sc_hd__clkbuf_16)
                                                         clknet_3_4__leaf_clk (net)
                      0.070265    0.002277   25.455969 ^ _1027_/CLK (sky130_fd_sc_hd__dfstp_1)
                                 -0.250000   25.205969   clock uncertainty
                                  0.000000   25.205969   clock reconvergence pessimism
                                 -0.105985   25.099985   library setup time
                                             25.099985   data required time
---------------------------------------------------------------------------------------------
                                             25.099985   data required time
                                             -3.239710   data arrival time
---------------------------------------------------------------------------------------------
                                             21.860273   slack (MET)


Startpoint: _0990_ (rising edge-triggered flip-flop clocked by clk)
Endpoint: _0974_ (rising edge-triggered flip-flop clocked by clk)
Path Group: clk
Path Type: max

Fanout         Cap        Slew       Delay        Time   Description
---------------------------------------------------------------------------------------------
                                  0.000000    0.000000   clock clk (rise edge)
                                  0.000000    0.000000   clock source latency
     2    0.018194    0.087443    0.060612    0.060612 ^ clk (in)
                                                         clk (net)
                      0.087487    0.000000    0.060612 ^ clkbuf_0_clk/A (sky130_fd_sc_hd__clkbuf_16)
    17    0.112789    0.126581    0.207490    0.268102 ^ clkbuf_0_clk/X (sky130_fd_sc_hd__clkbuf_16)
                                                         clknet_0_clk (net)
                      0.127122    0.006624    0.274726 ^ clkbuf_3_1__f_clk/A (sky130_fd_sc_hd__clkbuf_16)
    16    0.047985    0.067209    0.176577    0.451302 ^ clkbuf_3_1__f_clk/X (sky130_fd_sc_hd__clkbuf_16)
                                                         clknet_3_1__leaf_clk (net)
                      0.067364    0.002738    0.454040 ^ _0990_/CLK (sky130_fd_sc_hd__dfstp_1)
     9    0.030196    0.277901    0.672431    1.126471 ^ _0990_/Q (sky130_fd_sc_hd__dfstp_1)
                                                         MATMULT_INST.parallel_out1[6] (net)
                      0.277917    0.002359    1.128830 ^ _0781_/B1 (sky130_fd_sc_hd__a22oi_1)
     3    0.007531    0.119303    0.148328    1.277158 v _0781_/Y (sky130_fd_sc_hd__a22oi_1)
                                                         _0337_ (net)
                      0.119303    0.000368    1.277526 v _0782_/C (sky130_fd_sc_hd__or3_1)
     2    0.007441    0.091599    0.362014    1.639540 v _0782_/X (sky130_fd_sc_hd__or3_1)
                                                         _0338_ (net)
                      0.091601    0.000619    1.640159 v _0784_/A1 (sky130_fd_sc_hd__a21oi_1)
     2    0.008542    0.212031    0.217076    1.857235 ^ _0784_/Y (sky130_fd_sc_hd__a21oi_1)
                                                         _0340_ (net)
                      0.212099    0.000343    1.857578 ^ _0795_/A (sky130_fd_sc_hd__xnor2_1)
     3    0.008924    0.096366    0.142559    2.000137 v _0795_/Y (sky130_fd_sc_hd__xnor2_1)
                                                         _0350_ (net)
                      0.096367    0.000499    2.000636 v _0807_/A2 (sky130_fd_sc_hd__a21o_1)
     1    0.005685    0.045261    0.205486    2.206123 v _0807_/X (sky130_fd_sc_hd__a21o_1)
                                                         _0361_ (net)
                      0.045264    0.000413    2.206535 v _0808_/B (sky130_fd_sc_hd__xnor2_1)
     2    0.004947    0.156467    0.159033    2.365568 ^ _0808_/Y (sky130_fd_sc_hd__xnor2_1)
                                                         _0362_ (net)
                      0.156467    0.000186    2.365754 ^ _0809_/B (sky130_fd_sc_hd__nand2_1)
     2    0.007545    0.081454    0.102901    2.468655 v _0809_/Y (sky130_fd_sc_hd__nand2_1)
                                                         _0363_ (net)
                      0.081455    0.000489    2.469144 v _0815_/A (sky130_fd_sc_hd__xnor2_1)
     3    0.012270    0.301998    0.301308    2.770452 ^ _0815_/Y (sky130_fd_sc_hd__xnor2_1)
                                                         _0368_ (net)
                      0.302000    0.000612    2.771064 ^ _0821_/C (sky130_fd_sc_hd__nand4_1)
     2    0.005966    0.123889    0.164667    2.935731 v _0821_/Y (sky130_fd_sc_hd__nand4_1)
                                                         _0373_ (net)
                      0.123889    0.000347    2.936078 v _0823_/A2 (sky130_fd_sc_hd__a32o_1)
     1    0.003211    0.043547    0.274422    3.210500 v _0823_/X (sky130_fd_sc_hd__a32o_1)
                                                         _0020_ (net)
                      0.043547    0.000209    3.210710 v _0974_/D (sky130_fd_sc_hd__dfstp_1)
                                              3.210710   data arrival time

                                 25.000000   25.000000   clock clk (rise edge)
                                  0.000000   25.000000   clock source latency
     2    0.018194    0.087443    0.060611   25.060610 ^ clk (in)
                                                         clk (net)
                      0.087487    0.000000   25.060610 ^ clkbuf_0_clk/A (sky130_fd_sc_hd__clkbuf_16)
    17    0.112789    0.126581    0.207491   25.268101 ^ clkbuf_0_clk/X (sky130_fd_sc_hd__clkbuf_16)
                                                         clknet_0_clk (net)
                      0.127162    0.006860   25.274961 ^ clkbuf_3_4__f_clk/A (sky130_fd_sc_hd__clkbuf_16)
    15    0.051117    0.070086    0.178730   25.453691 ^ clkbuf_3_4__f_clk/X (sky130_fd_sc_hd__clkbuf_16)
                                                         clknet_3_4__leaf_clk (net)
                      0.070295    0.002540   25.456232 ^ _0974_/CLK (sky130_fd_sc_hd__dfstp_1)
                                 -0.250000   25.206232   clock uncertainty
                                  0.000000   25.206232   clock reconvergence pessimism
                                 -0.062817   25.143415   library setup time
                                             25.143415   data required time
---------------------------------------------------------------------------------------------
                                             25.143415   data required time
                                             -3.210710   data arrival time
---------------------------------------------------------------------------------------------
                                             21.932705   slack (MET)


Startpoint: _0990_ (rising edge-triggered flip-flop clocked by clk)
Endpoint: _0975_ (rising edge-triggered flip-flop clocked by clk)
Path Group: clk
Path Type: max

Fanout         Cap        Slew       Delay        Time   Description
---------------------------------------------------------------------------------------------
                                  0.000000    0.000000   clock clk (rise edge)
                                  0.000000    0.000000   clock source latency
     2    0.018194    0.087443    0.060612    0.060612 ^ clk (in)
                                                         clk (net)
                      0.087487    0.000000    0.060612 ^ clkbuf_0_clk/A (sky130_fd_sc_hd__clkbuf_16)
    17    0.112789    0.126581    0.207490    0.268102 ^ clkbuf_0_clk/X (sky130_fd_sc_hd__clkbuf_16)
                                                         clknet_0_clk (net)
                      0.127122    0.006624    0.274726 ^ clkbuf_3_1__f_clk/A (sky130_fd_sc_hd__clkbuf_16)
    16    0.047985    0.067209    0.176577    0.451302 ^ clkbuf_3_1__f_clk/X (sky130_fd_sc_hd__clkbuf_16)
                                                         clknet_3_1__leaf_clk (net)
                      0.067364    0.002738    0.454040 ^ _0990_/CLK (sky130_fd_sc_hd__dfstp_1)
     9    0.030196    0.277901    0.672431    1.126471 ^ _0990_/Q (sky130_fd_sc_hd__dfstp_1)
                                                         MATMULT_INST.parallel_out1[6] (net)
                      0.277917    0.002359    1.128830 ^ _0781_/B1 (sky130_fd_sc_hd__a22oi_1)
     3    0.007531    0.119303    0.148328    1.277158 v _0781_/Y (sky130_fd_sc_hd__a22oi_1)
                                                         _0337_ (net)
                      0.119303    0.000368    1.277526 v _0782_/C (sky130_fd_sc_hd__or3_1)
     2    0.007441    0.091599    0.362014    1.639540 v _0782_/X (sky130_fd_sc_hd__or3_1)
                                                         _0338_ (net)
                      0.091601    0.000619    1.640159 v _0784_/A1 (sky130_fd_sc_hd__a21oi_1)
     2    0.008542    0.212031    0.217076    1.857235 ^ _0784_/Y (sky130_fd_sc_hd__a21oi_1)
                                                         _0340_ (net)
                      0.212099    0.000343    1.857578 ^ _0795_/A (sky130_fd_sc_hd__xnor2_1)
     3    0.008924    0.096366    0.142559    2.000137 v _0795_/Y (sky130_fd_sc_hd__xnor2_1)
                                                         _0350_ (net)
                      0.096367    0.000499    2.000636 v _0807_/A2 (sky130_fd_sc_hd__a21o_1)
     1    0.005685    0.045261    0.205486    2.206123 v _0807_/X (sky130_fd_sc_hd__a21o_1)
                                                         _0361_ (net)
                      0.045264    0.000413    2.206535 v _0808_/B (sky130_fd_sc_hd__xnor2_1)
     2    0.004947    0.156467    0.159033    2.365568 ^ _0808_/Y (sky130_fd_sc_hd__xnor2_1)
                                                         _0362_ (net)
                      0.156467    0.000186    2.365754 ^ _0809_/B (sky130_fd_sc_hd__nand2_1)
     2    0.007545    0.081454    0.102901    2.468655 v _0809_/Y (sky130_fd_sc_hd__nand2_1)
                                                         _0363_ (net)
                      0.081455    0.000489    2.469144 v _0815_/A (sky130_fd_sc_hd__xnor2_1)
     3    0.012270    0.301998    0.301308    2.770452 ^ _0815_/Y (sky130_fd_sc_hd__xnor2_1)
                                                         _0368_ (net)
                      0.302000    0.000612    2.771064 ^ _0821_/C (sky130_fd_sc_hd__nand4_1)
     2    0.005966    0.123889    0.164667    2.935731 v _0821_/Y (sky130_fd_sc_hd__nand4_1)
                                                         _0373_ (net)
                      0.123889    0.000189    2.935920 v _0824_/A1_N (sky130_fd_sc_hd__o2bb2a_1)
     1    0.003090    0.052640    0.269865    3.205785 ^ _0824_/X (sky130_fd_sc_hd__o2bb2a_1)
                                                         _0021_ (net)
                      0.052640    0.000149    3.205934 ^ _0975_/D (sky130_fd_sc_hd__dfstp_1)
                                              3.205934   data arrival time

                                 25.000000   25.000000   clock clk (rise edge)
                                  0.000000   25.000000   clock source latency
     2    0.018194    0.087443    0.060611   25.060610 ^ clk (in)
                                                         clk (net)
                      0.087487    0.000000   25.060610 ^ clkbuf_0_clk/A (sky130_fd_sc_hd__clkbuf_16)
    17    0.112789    0.126581    0.207491   25.268101 ^ clkbuf_0_clk/X (sky130_fd_sc_hd__clkbuf_16)
                                                         clknet_0_clk (net)
                      0.127162    0.006860   25.274961 ^ clkbuf_3_4__f_clk/A (sky130_fd_sc_hd__clkbuf_16)
    15    0.051117    0.070086    0.178730   25.453691 ^ clkbuf_3_4__f_clk/X (sky130_fd_sc_hd__clkbuf_16)
                                                         clknet_3_4__leaf_clk (net)
                      0.070307    0.002636   25.456327 ^ _0975_/CLK (sky130_fd_sc_hd__dfstp_1)
                                 -0.250000   25.206329   clock uncertainty
                                  0.000000   25.206329   clock reconvergence pessimism
                                 -0.052808   25.153521   library setup time
                                             25.153521   data required time
---------------------------------------------------------------------------------------------
                                             25.153521   data required time
                                             -3.205934   data arrival time
---------------------------------------------------------------------------------------------
                                             21.947588   slack (MET)


Startpoint: _0990_ (rising edge-triggered flip-flop clocked by clk)
Endpoint: _0973_ (rising edge-triggered flip-flop clocked by clk)
Path Group: clk
Path Type: max

Fanout         Cap        Slew       Delay        Time   Description
---------------------------------------------------------------------------------------------
                                  0.000000    0.000000   clock clk (rise edge)
                                  0.000000    0.000000   clock source latency
     2    0.018194    0.087443    0.060612    0.060612 ^ clk (in)
                                                         clk (net)
                      0.087487    0.000000    0.060612 ^ clkbuf_0_clk/A (sky130_fd_sc_hd__clkbuf_16)
    17    0.112789    0.126581    0.207490    0.268102 ^ clkbuf_0_clk/X (sky130_fd_sc_hd__clkbuf_16)
                                                         clknet_0_clk (net)
                      0.127122    0.006624    0.274726 ^ clkbuf_3_1__f_clk/A (sky130_fd_sc_hd__clkbuf_16)
    16    0.047985    0.067209    0.176577    0.451302 ^ clkbuf_3_1__f_clk/X (sky130_fd_sc_hd__clkbuf_16)
                                                         clknet_3_1__leaf_clk (net)
                      0.067364    0.002738    0.454040 ^ _0990_/CLK (sky130_fd_sc_hd__dfstp_1)
     9    0.030196    0.277901    0.672431    1.126471 ^ _0990_/Q (sky130_fd_sc_hd__dfstp_1)
                                                         MATMULT_INST.parallel_out1[6] (net)
                      0.277917    0.002359    1.128830 ^ _0781_/B1 (sky130_fd_sc_hd__a22oi_1)
     3    0.007531    0.119303    0.148328    1.277158 v _0781_/Y (sky130_fd_sc_hd__a22oi_1)
                                                         _0337_ (net)
                      0.119303    0.000368    1.277526 v _0782_/C (sky130_fd_sc_hd__or3_1)
     2    0.007441    0.091599    0.362014    1.639540 v _0782_/X (sky130_fd_sc_hd__or3_1)
                                                         _0338_ (net)
                      0.091601    0.000619    1.640159 v _0784_/A1 (sky130_fd_sc_hd__a21oi_1)
     2    0.008542    0.212031    0.217076    1.857235 ^ _0784_/Y (sky130_fd_sc_hd__a21oi_1)
                                                         _0340_ (net)
                      0.212099    0.000343    1.857578 ^ _0795_/A (sky130_fd_sc_hd__xnor2_1)
     3    0.008924    0.096366    0.142559    2.000137 v _0795_/Y (sky130_fd_sc_hd__xnor2_1)
                                                         _0350_ (net)
                      0.096367    0.000499    2.000636 v _0807_/A2 (sky130_fd_sc_hd__a21o_1)
     1    0.005685    0.045261    0.205486    2.206123 v _0807_/X (sky130_fd_sc_hd__a21o_1)
                                                         _0361_ (net)
                      0.045264    0.000413    2.206535 v _0808_/B (sky130_fd_sc_hd__xnor2_1)
     2    0.004947    0.156467    0.159033    2.365568 ^ _0808_/Y (sky130_fd_sc_hd__xnor2_1)
                                                         _0362_ (net)
                      0.156467    0.000186    2.365754 ^ _0809_/B (sky130_fd_sc_hd__nand2_1)
     2    0.007545    0.081454    0.102901    2.468655 v _0809_/Y (sky130_fd_sc_hd__nand2_1)
                                                         _0363_ (net)
                      0.081455    0.000489    2.469144 v _0815_/A (sky130_fd_sc_hd__xnor2_1)
     3    0.012270    0.301998    0.301308    2.770452 ^ _0815_/Y (sky130_fd_sc_hd__xnor2_1)
                                                         _0368_ (net)
                      0.302001    0.000770    2.771222 ^ _0818_/A (sky130_fd_sc_hd__xnor2_1)
     1    0.003294    0.070743    0.120320    2.891543 v _0818_/Y (sky130_fd_sc_hd__xnor2_1)
                                                         _0371_ (net)
                      0.070743    0.000202    2.891745 v _0819_/A1 (sky130_fd_sc_hd__mux2_1)
     1    0.002626    0.054038    0.294234    3.185980 v _0819_/X (sky130_fd_sc_hd__mux2_1)
                                                         _0019_ (net)
                      0.054038    0.000191    3.186170 v _0973_/D (sky130_fd_sc_hd__dfstp_1)
                                              3.186170   data arrival time

                                 25.000000   25.000000   clock clk (rise edge)
                                  0.000000   25.000000   clock source latency
     2    0.018194    0.087443    0.060611   25.060610 ^ clk (in)
                                                         clk (net)
                      0.087487    0.000000   25.060610 ^ clkbuf_0_clk/A (sky130_fd_sc_hd__clkbuf_16)
    17    0.112789    0.126581    0.207491   25.268101 ^ clkbuf_0_clk/X (sky130_fd_sc_hd__clkbuf_16)
                                                         clknet_0_clk (net)
                      0.127259    0.007393   25.275494 ^ clkbuf_3_5__f_clk/A (sky130_fd_sc_hd__clkbuf_16)
    10    0.050701    0.069700    0.178623   25.454117 ^ clkbuf_3_5__f_clk/X (sky130_fd_sc_hd__clkbuf_16)
                                                         clknet_3_5__leaf_clk (net)
                      0.070014    0.003324   25.457441 ^ _0973_/CLK (sky130_fd_sc_hd__dfstp_1)
                                 -0.250000   25.207441   clock uncertainty
                                  0.000000   25.207441   clock reconvergence pessimism
                                 -0.066634   25.140808   library setup time
                                             25.140808   data required time
---------------------------------------------------------------------------------------------
                                             25.140808   data required time
                                             -3.186170   data arrival time
---------------------------------------------------------------------------------------------
                                             21.954638   slack (MET)


Startpoint: _0977_ (rising edge-triggered flip-flop clocked by clk)
Endpoint: _1028_ (rising edge-triggered flip-flop clocked by clk)
Path Group: clk
Path Type: max

Fanout         Cap        Slew       Delay        Time   Description
---------------------------------------------------------------------------------------------
                                  0.000000    0.000000   clock clk (rise edge)
                                  0.000000    0.000000   clock source latency
     2    0.018194    0.087443    0.060612    0.060612 ^ clk (in)
                                                         clk (net)
                      0.087487    0.000000    0.060612 ^ clkbuf_0_clk/A (sky130_fd_sc_hd__clkbuf_16)
    17    0.112789    0.126581    0.207490    0.268102 ^ clkbuf_0_clk/X (sky130_fd_sc_hd__clkbuf_16)
                                                         clknet_0_clk (net)
                      0.127122    0.006624    0.274726 ^ clkbuf_3_1__f_clk/A (sky130_fd_sc_hd__clkbuf_16)
    16    0.047985    0.067209    0.176577    0.451302 ^ clkbuf_3_1__f_clk/X (sky130_fd_sc_hd__clkbuf_16)
                                                         clknet_3_1__leaf_clk (net)
                      0.067376    0.002838    0.454140 ^ _0977_/CLK (sky130_fd_sc_hd__dfstp_1)
     9    0.028425    0.262251    0.661947    1.116087 ^ _0977_/Q (sky130_fd_sc_hd__dfstp_1)
                                                         MATMULT_INST.parallel_out2[1] (net)
                      0.262261    0.001920    1.118007 ^ _0884_/A2 (sky130_fd_sc_hd__a22oi_1)
     3    0.007749    0.111919    0.163955    1.281962 v _0884_/Y (sky130_fd_sc_hd__a22oi_1)
                                                         _0410_ (net)
                      0.111920    0.000407    1.282368 v _0885_/C (sky130_fd_sc_hd__or3_1)
     2    0.005323    0.078813    0.343687    1.626055 v _0885_/X (sky130_fd_sc_hd__or3_1)
                                                         _0411_ (net)
                      0.078813    0.000209    1.626265 v _0887_/A1 (sky130_fd_sc_hd__a21oi_1)
     2    0.009002    0.219196    0.218253    1.844518 ^ _0887_/Y (sky130_fd_sc_hd__a21oi_1)
                                                         _0413_ (net)
                      0.219199    0.000622    1.845139 ^ _0899_/A (sky130_fd_sc_hd__xnor2_1)
     2    0.009058    0.097979    0.145223    1.990362 v _0899_/Y (sky130_fd_sc_hd__xnor2_1)
                                                         _0424_ (net)
                      0.097979    0.000424    1.990786 v _0908_/A2 (sky130_fd_sc_hd__o21ba_1)
     1    0.005161    0.045745    0.195997    2.186783 v _0908_/X (sky130_fd_sc_hd__o21ba_1)
                                                         _0432_ (net)
                      0.045747    0.000397    2.187180 v _0909_/B (sky130_fd_sc_hd__xnor2_1)
     2    0.006633    0.189331    0.184712    2.371892 ^ _0909_/Y (sky130_fd_sc_hd__xnor2_1)
                                                         _0433_ (net)
                      0.189387    0.000438    2.372330 ^ _0910_/B (sky130_fd_sc_hd__nand2_1)
     2    0.007214    0.075856    0.107950    2.480280 v _0910_/Y (sky130_fd_sc_hd__nand2_1)
                                                         _0434_ (net)
                      0.075857    0.000455    2.480735 v _0918_/A (sky130_fd_sc_hd__xnor2_1)
     3    0.010722    0.270800    0.275874    2.756610 ^ _0918_/Y (sky130_fd_sc_hd__xnor2_1)
                                                         _0441_ (net)
                      0.270802    0.000651    2.757261 ^ _0922_/D (sky130_fd_sc_hd__and4_1)
     2    0.013073    0.142336    0.302657    3.059918 ^ _0922_/X (sky130_fd_sc_hd__and4_1)
                                                         _0444_ (net)
                      0.142338    0.000813    3.060731 ^ _0926_/A3 (sky130_fd_sc_hd__o31a_1)
     1    0.002926    0.048900    0.133208    3.193938 ^ _0926_/X (sky130_fd_sc_hd__o31a_1)
                                                         _0051_ (net)
                      0.048900    0.000209    3.194148 ^ _1028_/D (sky130_fd_sc_hd__dfstp_1)
                                              3.194148   data arrival time

                                 25.000000   25.000000   clock clk (rise edge)
                                  0.000000   25.000000   clock source latency
     2    0.018194    0.087443    0.060611   25.060610 ^ clk (in)
                                                         clk (net)
                      0.087487    0.000000   25.060610 ^ clkbuf_0_clk/A (sky130_fd_sc_hd__clkbuf_16)
    17    0.112789    0.126581    0.207491   25.268101 ^ clkbuf_0_clk/X (sky130_fd_sc_hd__clkbuf_16)
                                                         clknet_0_clk (net)
                      0.127259    0.007393   25.275494 ^ clkbuf_3_5__f_clk/A (sky130_fd_sc_hd__clkbuf_16)
    10    0.050701    0.069700    0.178623   25.454117 ^ clkbuf_3_5__f_clk/X (sky130_fd_sc_hd__clkbuf_16)
                                                         clknet_3_5__leaf_clk (net)
                      0.070000    0.003233   25.457350 ^ _1028_/CLK (sky130_fd_sc_hd__dfstp_1)
                                 -0.250000   25.207352   clock uncertainty
                                  0.000000   25.207352   clock reconvergence pessimism
                                 -0.052053   25.155298   library setup time
                                             25.155298   data required time
---------------------------------------------------------------------------------------------
                                             25.155298   data required time
                                             -3.194148   data arrival time
---------------------------------------------------------------------------------------------
                                             21.961151   slack (MET)


Startpoint: _0977_ (rising edge-triggered flip-flop clocked by clk)
Endpoint: _1026_ (rising edge-triggered flip-flop clocked by clk)
Path Group: clk
Path Type: max

Fanout         Cap        Slew       Delay        Time   Description
---------------------------------------------------------------------------------------------
                                  0.000000    0.000000   clock clk (rise edge)
                                  0.000000    0.000000   clock source latency
     2    0.018194    0.087443    0.060612    0.060612 ^ clk (in)
                                                         clk (net)
                      0.087487    0.000000    0.060612 ^ clkbuf_0_clk/A (sky130_fd_sc_hd__clkbuf_16)
    17    0.112789    0.126581    0.207490    0.268102 ^ clkbuf_0_clk/X (sky130_fd_sc_hd__clkbuf_16)
                                                         clknet_0_clk (net)
                      0.127122    0.006624    0.274726 ^ clkbuf_3_1__f_clk/A (sky130_fd_sc_hd__clkbuf_16)
    16    0.047985    0.067209    0.176577    0.451302 ^ clkbuf_3_1__f_clk/X (sky130_fd_sc_hd__clkbuf_16)
                                                         clknet_3_1__leaf_clk (net)
                      0.067376    0.002838    0.454140 ^ _0977_/CLK (sky130_fd_sc_hd__dfstp_1)
     9    0.028425    0.262251    0.661947    1.116087 ^ _0977_/Q (sky130_fd_sc_hd__dfstp_1)
                                                         MATMULT_INST.parallel_out2[1] (net)
                      0.262261    0.001920    1.118007 ^ _0884_/A2 (sky130_fd_sc_hd__a22oi_1)
     3    0.007749    0.111919    0.163955    1.281962 v _0884_/Y (sky130_fd_sc_hd__a22oi_1)
                                                         _0410_ (net)
                      0.111920    0.000407    1.282368 v _0885_/C (sky130_fd_sc_hd__or3_1)
     2    0.005323    0.078813    0.343687    1.626055 v _0885_/X (sky130_fd_sc_hd__or3_1)
                                                         _0411_ (net)
                      0.078813    0.000209    1.626265 v _0887_/A1 (sky130_fd_sc_hd__a21oi_1)
     2    0.009002    0.219196    0.218253    1.844518 ^ _0887_/Y (sky130_fd_sc_hd__a21oi_1)
                                                         _0413_ (net)
                      0.219199    0.000622    1.845139 ^ _0899_/A (sky130_fd_sc_hd__xnor2_1)
     2    0.009058    0.097979    0.145223    1.990362 v _0899_/Y (sky130_fd_sc_hd__xnor2_1)
                                                         _0424_ (net)
                      0.097979    0.000424    1.990786 v _0908_/A2 (sky130_fd_sc_hd__o21ba_1)
     1    0.005161    0.045745    0.195997    2.186783 v _0908_/X (sky130_fd_sc_hd__o21ba_1)
                                                         _0432_ (net)
                      0.045747    0.000397    2.187180 v _0909_/B (sky130_fd_sc_hd__xnor2_1)
     2    0.006633    0.189331    0.184712    2.371892 ^ _0909_/Y (sky130_fd_sc_hd__xnor2_1)
                                                         _0433_ (net)
                      0.189387    0.000438    2.372330 ^ _0910_/B (sky130_fd_sc_hd__nand2_1)
     2    0.007214    0.075856    0.107950    2.480280 v _0910_/Y (sky130_fd_sc_hd__nand2_1)
                                                         _0434_ (net)
                      0.075857    0.000455    2.480735 v _0918_/A (sky130_fd_sc_hd__xnor2_1)
     3    0.010722    0.270800    0.275874    2.756610 ^ _0918_/Y (sky130_fd_sc_hd__xnor2_1)
                                                         _0441_ (net)
                      0.270802    0.000700    2.757310 ^ _0919_/B (sky130_fd_sc_hd__xnor2_1)
     1    0.005955    0.078857    0.127507    2.884816 v _0919_/Y (sky130_fd_sc_hd__xnor2_1)
                                                         _0442_ (net)
                      0.078857    0.000330    2.885146 v _0920_/A0 (sky130_fd_sc_hd__mux2_1)
     1    0.002871    0.055489    0.289224    3.174370 v _0920_/X (sky130_fd_sc_hd__mux2_1)
                                                         _0049_ (net)
                      0.055489    0.000197    3.174566 v _1026_/D (sky130_fd_sc_hd__dfstp_1)
                                              3.174566   data arrival time

                                 25.000000   25.000000   clock clk (rise edge)
                                  0.000000   25.000000   clock source latency
     2    0.018194    0.087443    0.060611   25.060610 ^ clk (in)
                                                         clk (net)
                      0.087487    0.000000   25.060610 ^ clkbuf_0_clk/A (sky130_fd_sc_hd__clkbuf_16)
    17    0.112789    0.126581    0.207491   25.268101 ^ clkbuf_0_clk/X (sky130_fd_sc_hd__clkbuf_16)
                                                         clknet_0_clk (net)
                      0.127162    0.006860   25.274961 ^ clkbuf_3_4__f_clk/A (sky130_fd_sc_hd__clkbuf_16)
    15    0.051117    0.070086    0.178730   25.453691 ^ clkbuf_3_4__f_clk/X (sky130_fd_sc_hd__clkbuf_16)
                                                         clknet_3_4__leaf_clk (net)
                      0.070265    0.002277   25.455969 ^ _1026_/CLK (sky130_fd_sc_hd__dfstp_1)
                                 -0.250000   25.205969   clock uncertainty
                                  0.000000   25.205969   clock reconvergence pessimism
                                 -0.067097   25.138872   library setup time
                                             25.138872   data required time
---------------------------------------------------------------------------------------------
                                             25.138872   data required time
                                             -3.174566   data arrival time
---------------------------------------------------------------------------------------------
                                             21.964306   slack (MET)


Startpoint: _0990_ (rising edge-triggered flip-flop clocked by clk)
Endpoint: _0972_ (rising edge-triggered flip-flop clocked by clk)
Path Group: clk
Path Type: max

Fanout         Cap        Slew       Delay        Time   Description
---------------------------------------------------------------------------------------------
                                  0.000000    0.000000   clock clk (rise edge)
                                  0.000000    0.000000   clock source latency
     2    0.018194    0.087443    0.060612    0.060612 ^ clk (in)
                                                         clk (net)
                      0.087487    0.000000    0.060612 ^ clkbuf_0_clk/A (sky130_fd_sc_hd__clkbuf_16)
    17    0.112789    0.126581    0.207490    0.268102 ^ clkbuf_0_clk/X (sky130_fd_sc_hd__clkbuf_16)
                                                         clknet_0_clk (net)
                      0.127122    0.006624    0.274726 ^ clkbuf_3_1__f_clk/A (sky130_fd_sc_hd__clkbuf_16)
    16    0.047985    0.067209    0.176577    0.451302 ^ clkbuf_3_1__f_clk/X (sky130_fd_sc_hd__clkbuf_16)
                                                         clknet_3_1__leaf_clk (net)
                      0.067364    0.002738    0.454040 ^ _0990_/CLK (sky130_fd_sc_hd__dfstp_1)
     9    0.030196    0.277901    0.672431    1.126471 ^ _0990_/Q (sky130_fd_sc_hd__dfstp_1)
                                                         MATMULT_INST.parallel_out1[6] (net)
                      0.277917    0.002359    1.128830 ^ _0781_/B1 (sky130_fd_sc_hd__a22oi_1)
     3    0.007531    0.119303    0.148328    1.277158 v _0781_/Y (sky130_fd_sc_hd__a22oi_1)
                                                         _0337_ (net)
                      0.119303    0.000368    1.277526 v _0782_/C (sky130_fd_sc_hd__or3_1)
     2    0.007441    0.091599    0.362014    1.639540 v _0782_/X (sky130_fd_sc_hd__or3_1)
                                                         _0338_ (net)
                      0.091601    0.000619    1.640159 v _0784_/A1 (sky130_fd_sc_hd__a21oi_1)
     2    0.008542    0.212031    0.217076    1.857235 ^ _0784_/Y (sky130_fd_sc_hd__a21oi_1)
                                                         _0340_ (net)
                      0.212099    0.000343    1.857578 ^ _0795_/A (sky130_fd_sc_hd__xnor2_1)
     3    0.008924    0.096366    0.142559    2.000137 v _0795_/Y (sky130_fd_sc_hd__xnor2_1)
                                                         _0350_ (net)
                      0.096367    0.000499    2.000636 v _0807_/A2 (sky130_fd_sc_hd__a21o_1)
     1    0.005685    0.045261    0.205486    2.206123 v _0807_/X (sky130_fd_sc_hd__a21o_1)
                                                         _0361_ (net)
                      0.045264    0.000413    2.206535 v _0808_/B (sky130_fd_sc_hd__xnor2_1)
     2    0.004564    0.056742    0.127493    2.334028 v _0808_/Y (sky130_fd_sc_hd__xnor2_1)
                                                         _0362_ (net)
                      0.056742    0.000161    2.334189 v _0810_/B (sky130_fd_sc_hd__or2_1)
     1    0.001699    0.042004    0.196440    2.530629 v _0810_/X (sky130_fd_sc_hd__or2_1)
                                                         _0364_ (net)
                      0.042004    0.000077    2.530705 v _0811_/B (sky130_fd_sc_hd__and2_1)
     1    0.004892    0.043536    0.158898    2.689603 v _0811_/X (sky130_fd_sc_hd__and2_1)
                                                         _0365_ (net)
                      0.043541    0.000435    2.690037 v _0812_/A1 (sky130_fd_sc_hd__mux2_1)
     1    0.003205    0.057511    0.290799    2.980837 v _0812_/X (sky130_fd_sc_hd__mux2_1)
                                                         _0018_ (net)
                      0.057511    0.000226    2.981063 v _0972_/D (sky130_fd_sc_hd__dfstp_1)
                                              2.981063   data arrival time

                                 25.000000   25.000000   clock clk (rise edge)
                                  0.000000   25.000000   clock source latency
     2    0.018194    0.087443    0.060611   25.060610 ^ clk (in)
                                                         clk (net)
                      0.087487    0.000000   25.060610 ^ clkbuf_0_clk/A (sky130_fd_sc_hd__clkbuf_16)
    17    0.112789    0.126581    0.207491   25.268101 ^ clkbuf_0_clk/X (sky130_fd_sc_hd__clkbuf_16)
                                                         clknet_0_clk (net)
                      0.127162    0.006860   25.274961 ^ clkbuf_3_4__f_clk/A (sky130_fd_sc_hd__clkbuf_16)
    15    0.051117    0.070086    0.178730   25.453691 ^ clkbuf_3_4__f_clk/X (sky130_fd_sc_hd__clkbuf_16)
                                                         clknet_3_4__leaf_clk (net)
                      0.070280    0.002407   25.456099 ^ _0972_/CLK (sky130_fd_sc_hd__dfstp_1)
                                 -0.250000   25.206099   clock uncertainty
                                  0.000000   25.206099   clock reconvergence pessimism
                                 -0.067817   25.138281   library setup time
                                             25.138281   data required time
---------------------------------------------------------------------------------------------
                                             25.138281   data required time
                                             -2.981063   data arrival time
---------------------------------------------------------------------------------------------
                                             22.157219   slack (MET)


Startpoint: _0977_ (rising edge-triggered flip-flop clocked by clk)
Endpoint: _1025_ (rising edge-triggered flip-flop clocked by clk)
Path Group: clk
Path Type: max

Fanout         Cap        Slew       Delay        Time   Description
---------------------------------------------------------------------------------------------
                                  0.000000    0.000000   clock clk (rise edge)
                                  0.000000    0.000000   clock source latency
     2    0.018194    0.087443    0.060612    0.060612 ^ clk (in)
                                                         clk (net)
                      0.087487    0.000000    0.060612 ^ clkbuf_0_clk/A (sky130_fd_sc_hd__clkbuf_16)
    17    0.112789    0.126581    0.207490    0.268102 ^ clkbuf_0_clk/X (sky130_fd_sc_hd__clkbuf_16)
                                                         clknet_0_clk (net)
                      0.127122    0.006624    0.274726 ^ clkbuf_3_1__f_clk/A (sky130_fd_sc_hd__clkbuf_16)
    16    0.047985    0.067209    0.176577    0.451302 ^ clkbuf_3_1__f_clk/X (sky130_fd_sc_hd__clkbuf_16)
                                                         clknet_3_1__leaf_clk (net)
                      0.067376    0.002838    0.454140 ^ _0977_/CLK (sky130_fd_sc_hd__dfstp_1)
     9    0.028425    0.262251    0.661947    1.116087 ^ _0977_/Q (sky130_fd_sc_hd__dfstp_1)
                                                         MATMULT_INST.parallel_out2[1] (net)
                      0.262261    0.001920    1.118007 ^ _0884_/A2 (sky130_fd_sc_hd__a22oi_1)
     3    0.007749    0.111919    0.163955    1.281962 v _0884_/Y (sky130_fd_sc_hd__a22oi_1)
                                                         _0410_ (net)
                      0.111920    0.000407    1.282368 v _0885_/C (sky130_fd_sc_hd__or3_1)
     2    0.005323    0.078813    0.343687    1.626055 v _0885_/X (sky130_fd_sc_hd__or3_1)
                                                         _0411_ (net)
                      0.078813    0.000209    1.626265 v _0887_/A1 (sky130_fd_sc_hd__a21oi_1)
     2    0.009002    0.219196    0.218253    1.844518 ^ _0887_/Y (sky130_fd_sc_hd__a21oi_1)
                                                         _0413_ (net)
                      0.219199    0.000622    1.845139 ^ _0899_/A (sky130_fd_sc_hd__xnor2_1)
     2    0.009058    0.097979    0.145223    1.990362 v _0899_/Y (sky130_fd_sc_hd__xnor2_1)
                                                         _0424_ (net)
                      0.097979    0.000424    1.990786 v _0908_/A2 (sky130_fd_sc_hd__o21ba_1)
     1    0.005161    0.045745    0.195997    2.186783 v _0908_/X (sky130_fd_sc_hd__o21ba_1)
                                                         _0432_ (net)
                      0.045747    0.000397    2.187180 v _0909_/B (sky130_fd_sc_hd__xnor2_1)
     2    0.006250    0.067946    0.137138    2.324318 v _0909_/Y (sky130_fd_sc_hd__xnor2_1)
                                                         _0433_ (net)
                      0.067947    0.000351    2.324669 v _0911_/B (sky130_fd_sc_hd__or2_1)
     1    0.002118    0.044093    0.204198    2.528868 v _0911_/X (sky130_fd_sc_hd__or2_1)
                                                         _0435_ (net)
                      0.044093    0.000133    2.529000 v _0912_/B (sky130_fd_sc_hd__and2_1)
     1    0.006606    0.050820    0.167642    2.696642 v _0912_/X (sky130_fd_sc_hd__and2_1)
                                                         _0436_ (net)
                      0.050821    0.000368    2.697010 v _0913_/A0 (sky130_fd_sc_hd__mux2_1)
     1    0.002482    0.053306    0.275241    2.972251 v _0913_/X (sky130_fd_sc_hd__mux2_1)
                                                         _0048_ (net)
                      0.053306    0.000180    2.972431 v _1025_/D (sky130_fd_sc_hd__dfstp_1)
                                              2.972431   data arrival time

                                 25.000000   25.000000   clock clk (rise edge)
                                  0.000000   25.000000   clock source latency
     2    0.018194    0.087443    0.060611   25.060610 ^ clk (in)
                                                         clk (net)
                      0.087487    0.000000   25.060610 ^ clkbuf_0_clk/A (sky130_fd_sc_hd__clkbuf_16)
    17    0.112789    0.126581    0.207491   25.268101 ^ clkbuf_0_clk/X (sky130_fd_sc_hd__clkbuf_16)
                                                         clknet_0_clk (net)
                      0.127162    0.006860   25.274961 ^ clkbuf_3_4__f_clk/A (sky130_fd_sc_hd__clkbuf_16)
    15    0.051117    0.070086    0.178730   25.453691 ^ clkbuf_3_4__f_clk/X (sky130_fd_sc_hd__clkbuf_16)
                                                         clknet_3_4__leaf_clk (net)
                      0.070244    0.002082   25.455772 ^ _1025_/CLK (sky130_fd_sc_hd__dfstp_1)
                                 -0.250000   25.205774   clock uncertainty
                                  0.000000   25.205774   clock reconvergence pessimism
                                 -0.066320   25.139454   library setup time
                                             25.139454   data required time
---------------------------------------------------------------------------------------------
                                             25.139454   data required time
                                             -2.972431   data arrival time
---------------------------------------------------------------------------------------------
                                             22.167023   slack (MET)


Startpoint: _0990_ (rising edge-triggered flip-flop clocked by clk)
Endpoint: _0971_ (rising edge-triggered flip-flop clocked by clk)
Path Group: clk
Path Type: max

Fanout         Cap        Slew       Delay        Time   Description
---------------------------------------------------------------------------------------------
                                  0.000000    0.000000   clock clk (rise edge)
                                  0.000000    0.000000   clock source latency
     2    0.018194    0.087443    0.060612    0.060612 ^ clk (in)
                                                         clk (net)
                      0.087487    0.000000    0.060612 ^ clkbuf_0_clk/A (sky130_fd_sc_hd__clkbuf_16)
    17    0.112789    0.126581    0.207490    0.268102 ^ clkbuf_0_clk/X (sky130_fd_sc_hd__clkbuf_16)
                                                         clknet_0_clk (net)
                      0.127122    0.006624    0.274726 ^ clkbuf_3_1__f_clk/A (sky130_fd_sc_hd__clkbuf_16)
    16    0.047985    0.067209    0.176577    0.451302 ^ clkbuf_3_1__f_clk/X (sky130_fd_sc_hd__clkbuf_16)
                                                         clknet_3_1__leaf_clk (net)
                      0.067364    0.002738    0.454040 ^ _0990_/CLK (sky130_fd_sc_hd__dfstp_1)
     9    0.030196    0.277901    0.672431    1.126471 ^ _0990_/Q (sky130_fd_sc_hd__dfstp_1)
                                                         MATMULT_INST.parallel_out1[6] (net)
                      0.277909    0.001841    1.128312 ^ _0788_/C (sky130_fd_sc_hd__and4_1)
     2    0.005877    0.081766    0.253601    1.381914 ^ _0788_/X (sky130_fd_sc_hd__and4_1)
                                                         _0343_ (net)
                      0.081766    0.000379    1.382293 ^ _0790_/A_N (sky130_fd_sc_hd__and2b_1)
     1    0.005233    0.043831    0.190917    1.573210 v _0790_/X (sky130_fd_sc_hd__and2b_1)
                                                         _0345_ (net)
                      0.043833    0.000380    1.573591 v _0791_/B (sky130_fd_sc_hd__xnor2_1)
     3    0.008621    0.084267    0.149202    1.722793 v _0791_/Y (sky130_fd_sc_hd__xnor2_1)
                                                         _0346_ (net)
                      0.084268    0.000465    1.723258 v _0792_/C (sky130_fd_sc_hd__and3_1)
     1    0.002199    0.033925    0.186903    1.910161 v _0792_/X (sky130_fd_sc_hd__and3_1)
                                                         _0347_ (net)
                      0.033925    0.000135    1.910295 v _0797_/A (sky130_fd_sc_hd__or2_1)
     2    0.004546    0.055775    0.227502    2.137798 v _0797_/X (sky130_fd_sc_hd__or2_1)
                                                         _0352_ (net)
                      0.055776    0.000270    2.138068 v _0798_/B (sky130_fd_sc_hd__or2_1)
     1    0.003097    0.049653    0.207081    2.345149 v _0798_/X (sky130_fd_sc_hd__or2_1)
                                                         _0353_ (net)
                      0.049653    0.000223    2.345372 v _0800_/B1 (sky130_fd_sc_hd__a22o_1)
     1    0.002939    0.040963    0.175773    2.521145 v _0800_/X (sky130_fd_sc_hd__a22o_1)
                                                         _0017_ (net)
                      0.040963    0.000199    2.521344 v _0971_/D (sky130_fd_sc_hd__dfstp_1)
                                              2.521344   data arrival time

                                 25.000000   25.000000   clock clk (rise edge)
                                  0.000000   25.000000   clock source latency
     2    0.018194    0.087443    0.060611   25.060610 ^ clk (in)
                                                         clk (net)
                      0.087487    0.000000   25.060610 ^ clkbuf_0_clk/A (sky130_fd_sc_hd__clkbuf_16)
    17    0.112789    0.126581    0.207491   25.268101 ^ clkbuf_0_clk/X (sky130_fd_sc_hd__clkbuf_16)
                                                         clknet_0_clk (net)
                      0.127162    0.006860   25.274961 ^ clkbuf_3_4__f_clk/A (sky130_fd_sc_hd__clkbuf_16)
    15    0.051117    0.070086    0.178730   25.453691 ^ clkbuf_3_4__f_clk/X (sky130_fd_sc_hd__clkbuf_16)
                                                         clknet_3_4__leaf_clk (net)
                      0.070275    0.002364   25.456057 ^ _0971_/CLK (sky130_fd_sc_hd__dfstp_1)
                                 -0.250000   25.206057   clock uncertainty
                                  0.000000   25.206057   clock reconvergence pessimism
                                 -0.061897   25.144159   library setup time
                                             25.144159   data required time
---------------------------------------------------------------------------------------------
                                             25.144159   data required time
                                             -2.521344   data arrival time
---------------------------------------------------------------------------------------------
                                             22.622814   slack (MET)


Startpoint: _0941_ (rising edge-triggered flip-flop clocked by clk)
Endpoint: _0941_ (rising edge-triggered flip-flop clocked by clk)
Path Group: clk
Path Type: max

Fanout         Cap        Slew       Delay        Time   Description
---------------------------------------------------------------------------------------------
                                  0.000000    0.000000   clock clk (rise edge)
                                  0.000000    0.000000   clock source latency
     2    0.018194    0.087443    0.060612    0.060612 ^ clk (in)
                                                         clk (net)
                      0.087487    0.000000    0.060612 ^ clkbuf_0_clk/A (sky130_fd_sc_hd__clkbuf_16)
    17    0.112789    0.126581    0.207490    0.268102 ^ clkbuf_0_clk/X (sky130_fd_sc_hd__clkbuf_16)
                                                         clknet_0_clk (net)
                      0.127259    0.007394    0.275496 ^ clkbuf_3_5__f_clk/A (sky130_fd_sc_hd__clkbuf_16)
    10    0.050701    0.069700    0.178622    0.454118 ^ clkbuf_3_5__f_clk/X (sky130_fd_sc_hd__clkbuf_16)
                                                         clknet_3_5__leaf_clk (net)
                      0.069735    0.001536    0.455654 ^ _0941_/CLK (sky130_fd_sc_hd__dfrtp_2)
     9    0.023999    0.088848    0.452743    0.908398 v _0941_/Q (sky130_fd_sc_hd__dfrtp_2)
                                                         MATMULT_INST.uart_tx.tx_ctrl.state[2] (net)
                      0.088927    0.002387    0.910785 v _0710_/A (sky130_fd_sc_hd__or3b_2)
     5    0.014892    0.115007    0.535359    1.446144 v _0710_/X (sky130_fd_sc_hd__or3b_2)
                                                         _0284_ (net)
                      0.115039    0.001066    1.447211 v _0750_/B (sky130_fd_sc_hd__and3_1)
     3    0.009378    0.064404    0.221960    1.669170 v _0750_/X (sky130_fd_sc_hd__and3_1)
                                                         _0321_ (net)
                      0.064408    0.000565    1.669735 v _0751_/B1 (sky130_fd_sc_hd__o21ai_1)
     1    0.002920    0.100747    0.077911    1.747646 ^ _0751_/Y (sky130_fd_sc_hd__o21ai_1)
                                                         _0322_ (net)
                      0.100747    0.000203    1.747849 ^ _0752_/D (sky130_fd_sc_hd__and4bb_1)
     2    0.006919    0.092498    0.233058    1.980907 ^ _0752_/X (sky130_fd_sc_hd__and4bb_1)
                                                         _0323_ (net)
                      0.092498    0.000394    1.981301 ^ _0753_/B1 (sky130_fd_sc_hd__a21o_1)
     3    0.014003    0.127907    0.154857    2.136157 ^ _0753_/X (sky130_fd_sc_hd__a21o_1)
                                                         _0324_ (net)
                      0.127918    0.001291    2.137449 ^ _0758_/S (sky130_fd_sc_hd__mux2_1)
     1    0.002290    0.052406    0.325705    2.463154 v _0758_/X (sky130_fd_sc_hd__mux2_1)
                                                         _0002_ (net)
                      0.052406    0.000165    2.463318 v _0941_/D (sky130_fd_sc_hd__dfrtp_2)
                                              2.463318   data arrival time

                                 25.000000   25.000000   clock clk (rise edge)
                                  0.000000   25.000000   clock source latency
     2    0.018194    0.087443    0.060611   25.060610 ^ clk (in)
                                                         clk (net)
                      0.087487    0.000000   25.060610 ^ clkbuf_0_clk/A (sky130_fd_sc_hd__clkbuf_16)
    17    0.112789    0.126581    0.207491   25.268101 ^ clkbuf_0_clk/X (sky130_fd_sc_hd__clkbuf_16)
                                                         clknet_0_clk (net)
                      0.127259    0.007393   25.275494 ^ clkbuf_3_5__f_clk/A (sky130_fd_sc_hd__clkbuf_16)
    10    0.050701    0.069700    0.178623   25.454117 ^ clkbuf_3_5__f_clk/X (sky130_fd_sc_hd__clkbuf_16)
                                                         clknet_3_5__leaf_clk (net)
                      0.069735    0.001537   25.455654 ^ _0941_/CLK (sky130_fd_sc_hd__dfrtp_2)
                                 -0.250000   25.205656   clock uncertainty
                                  0.000000   25.205656   clock reconvergence pessimism
                                 -0.113018   25.092638   library setup time
                                             25.092638   data required time
---------------------------------------------------------------------------------------------
                                             25.092638   data required time
                                             -2.463318   data arrival time
---------------------------------------------------------------------------------------------
                                             22.629320   slack (MET)


Startpoint: _0977_ (rising edge-triggered flip-flop clocked by clk)
Endpoint: _1024_ (rising edge-triggered flip-flop clocked by clk)
Path Group: clk
Path Type: max

Fanout         Cap        Slew       Delay        Time   Description
---------------------------------------------------------------------------------------------
                                  0.000000    0.000000   clock clk (rise edge)
                                  0.000000    0.000000   clock source latency
     2    0.018194    0.087443    0.060612    0.060612 ^ clk (in)
                                                         clk (net)
                      0.087487    0.000000    0.060612 ^ clkbuf_0_clk/A (sky130_fd_sc_hd__clkbuf_16)
    17    0.112789    0.126581    0.207490    0.268102 ^ clkbuf_0_clk/X (sky130_fd_sc_hd__clkbuf_16)
                                                         clknet_0_clk (net)
                      0.127122    0.006624    0.274726 ^ clkbuf_3_1__f_clk/A (sky130_fd_sc_hd__clkbuf_16)
    16    0.047985    0.067209    0.176577    0.451302 ^ clkbuf_3_1__f_clk/X (sky130_fd_sc_hd__clkbuf_16)
                                                         clknet_3_1__leaf_clk (net)
                      0.067376    0.002838    0.454140 ^ _0977_/CLK (sky130_fd_sc_hd__dfstp_1)
     9    0.028425    0.262251    0.661947    1.116087 ^ _0977_/Q (sky130_fd_sc_hd__dfstp_1)
                                                         MATMULT_INST.parallel_out2[1] (net)
                      0.262261    0.001920    1.118007 ^ _0884_/A2 (sky130_fd_sc_hd__a22oi_1)
     3    0.007749    0.111919    0.163955    1.281962 v _0884_/Y (sky130_fd_sc_hd__a22oi_1)
                                                         _0410_ (net)
                      0.111920    0.000407    1.282368 v _0885_/C (sky130_fd_sc_hd__or3_1)
     2    0.005323    0.078813    0.343687    1.626055 v _0885_/X (sky130_fd_sc_hd__or3_1)
                                                         _0411_ (net)
                      0.078813    0.000209    1.626265 v _0887_/A1 (sky130_fd_sc_hd__a21oi_1)
     2    0.009002    0.219196    0.218253    1.844518 ^ _0887_/Y (sky130_fd_sc_hd__a21oi_1)
                                                         _0413_ (net)
                      0.219199    0.000622    1.845139 ^ _0899_/A (sky130_fd_sc_hd__xnor2_1)
     2    0.009560    0.247462    0.195748    2.040887 ^ _0899_/Y (sky130_fd_sc_hd__xnor2_1)
                                                         _0424_ (net)
                      0.247462    0.000350    2.041237 ^ _0900_/B (sky130_fd_sc_hd__xnor2_1)
     1    0.006350    0.077974    0.125165    2.166402 v _0900_/Y (sky130_fd_sc_hd__xnor2_1)
                                                         _0425_ (net)
                      0.077974    0.000341    2.166744 v _0901_/A0 (sky130_fd_sc_hd__mux2_1)
     1    0.003010    0.056304    0.290193    2.456937 v _0901_/X (sky130_fd_sc_hd__mux2_1)
                                                         _0047_ (net)
                      0.056304    0.000204    2.457140 v _1024_/D (sky130_fd_sc_hd__dfstp_1)
                                              2.457140   data arrival time

                                 25.000000   25.000000   clock clk (rise edge)
                                  0.000000   25.000000   clock source latency
     2    0.018194    0.087443    0.060611   25.060610 ^ clk (in)
                                                         clk (net)
                      0.087487    0.000000   25.060610 ^ clkbuf_0_clk/A (sky130_fd_sc_hd__clkbuf_16)
    17    0.112789    0.126581    0.207491   25.268101 ^ clkbuf_0_clk/X (sky130_fd_sc_hd__clkbuf_16)
                                                         clknet_0_clk (net)
                      0.127162    0.006860   25.274961 ^ clkbuf_3_4__f_clk/A (sky130_fd_sc_hd__clkbuf_16)
    15    0.051117    0.070086    0.178730   25.453691 ^ clkbuf_3_4__f_clk/X (sky130_fd_sc_hd__clkbuf_16)
                                                         clknet_3_4__leaf_clk (net)
                      0.070554    0.004217   25.457909 ^ _1024_/CLK (sky130_fd_sc_hd__dfstp_1)
                                 -0.250000   25.207909   clock uncertainty
                                  0.000000   25.207909   clock reconvergence pessimism
                                 -0.067324   25.140585   library setup time
                                             25.140585   data required time
---------------------------------------------------------------------------------------------
                                             25.140585   data required time
                                             -2.457140   data arrival time
---------------------------------------------------------------------------------------------
                                             22.683445   slack (MET)


Startpoint: _0994_ (rising edge-triggered flip-flop clocked by clk)
Endpoint: _1030_ (rising edge-triggered flip-flop clocked by clk)
Path Group: clk
Path Type: max

Fanout         Cap        Slew       Delay        Time   Description
---------------------------------------------------------------------------------------------
                                  0.000000    0.000000   clock clk (rise edge)
                                  0.000000    0.000000   clock source latency
     2    0.018194    0.087443    0.060612    0.060612 ^ clk (in)
                                                         clk (net)
                      0.087487    0.000000    0.060612 ^ clkbuf_0_clk/A (sky130_fd_sc_hd__clkbuf_16)
    17    0.112789    0.126581    0.207490    0.268102 ^ clkbuf_0_clk/X (sky130_fd_sc_hd__clkbuf_16)
                                                         clknet_0_clk (net)
                      0.127259    0.007394    0.275496 ^ clkbuf_3_5__f_clk/A (sky130_fd_sc_hd__clkbuf_16)
    10    0.050701    0.069700    0.178622    0.454118 ^ clkbuf_3_5__f_clk/X (sky130_fd_sc_hd__clkbuf_16)
                                                         clknet_3_5__leaf_clk (net)
                      0.070010    0.003300    0.457418 ^ _0994_/CLK (sky130_fd_sc_hd__dfrtp_4)
     8    0.025575    0.086807    0.516835    0.974253 v _0994_/Q (sky130_fd_sc_hd__dfrtp_4)
                                                         MATMULT_INST.cntrl.state[2] (net)
                      0.086824    0.001717    0.975970 v _0479_/B (sky130_fd_sc_hd__or2_1)
     4    0.013809    0.096088    0.275121    1.251092 v _0479_/X (sky130_fd_sc_hd__or2_1)
                                                         _0090_ (net)
                      0.096094    0.000809    1.251900 v _0480_/B (sky130_fd_sc_hd__or2_1)
     3    0.016073    0.105981    0.288361    1.540262 v _0480_/X (sky130_fd_sc_hd__or2_1)
                                                         _0091_ (net)
                      0.105988    0.000951    1.541213 v _0481_/B (sky130_fd_sc_hd__nor2_4)
    19    0.064629    0.400433    0.340713    1.881926 ^ _0481_/Y (sky130_fd_sc_hd__nor2_4)
                                                         _0092_ (net)
                      0.400522    0.005025    1.886951 ^ _0486_/A (sky130_fd_sc_hd__or2_2)
     5    0.022922    0.126905    0.258682    2.145633 ^ _0486_/X (sky130_fd_sc_hd__or2_2)
                                                         MATMULT_INST.cntrl.data_read (net)
                      0.126918    0.001354    2.146987 ^ _0487_/A (sky130_fd_sc_hd__inv_2)
     1    0.002501    0.026752    0.035596    2.182583 v _0487_/Y (sky130_fd_sc_hd__inv_2)
                                                         _0097_ (net)
                      0.026752    0.000118    2.182701 v _0930_/A2 (sky130_fd_sc_hd__a21o_1)
     1    0.002469    0.031402    0.160891    2.343592 v _0930_/X (sky130_fd_sc_hd__a21o_1)
                                                         _0053_ (net)
                      0.031402    0.000179    2.343771 v _1030_/D (sky130_fd_sc_hd__dfrtp_1)
                                              2.343771   data arrival time

                                 25.000000   25.000000   clock clk (rise edge)
                                  0.000000   25.000000   clock source latency
     2    0.018194    0.087443    0.060611   25.060610 ^ clk (in)
                                                         clk (net)
                      0.087487    0.000000   25.060610 ^ clkbuf_0_clk/A (sky130_fd_sc_hd__clkbuf_16)
    17    0.112789    0.126581    0.207491   25.268101 ^ clkbuf_0_clk/X (sky130_fd_sc_hd__clkbuf_16)
                                                         clknet_0_clk (net)
                      0.127219    0.007180   25.275282 ^ clkbuf_3_6__f_clk/A (sky130_fd_sc_hd__clkbuf_16)
    15    0.050695    0.069711    0.178572   25.453854 ^ clkbuf_3_6__f_clk/X (sky130_fd_sc_hd__clkbuf_16)
                                                         clknet_3_6__leaf_clk (net)
                      0.069845    0.002631   25.456484 ^ _1030_/CLK (sky130_fd_sc_hd__dfrtp_1)
                                 -0.250000   25.206484   clock uncertainty
                                  0.000000   25.206484   clock reconvergence pessimism
                                 -0.102664   25.103821   library setup time
                                             25.103821   data required time
---------------------------------------------------------------------------------------------
                                             25.103821   data required time
                                             -2.343771   data arrival time
---------------------------------------------------------------------------------------------
                                             22.760048   slack (MET)


Startpoint: _0941_ (rising edge-triggered flip-flop clocked by clk)
Endpoint: _0943_ (rising edge-triggered flip-flop clocked by clk)
Path Group: clk
Path Type: max

Fanout         Cap        Slew       Delay        Time   Description
---------------------------------------------------------------------------------------------
                                  0.000000    0.000000   clock clk (rise edge)
                                  0.000000    0.000000   clock source latency
     2    0.018194    0.087443    0.060612    0.060612 ^ clk (in)
                                                         clk (net)
                      0.087487    0.000000    0.060612 ^ clkbuf_0_clk/A (sky130_fd_sc_hd__clkbuf_16)
    17    0.112789    0.126581    0.207490    0.268102 ^ clkbuf_0_clk/X (sky130_fd_sc_hd__clkbuf_16)
                                                         clknet_0_clk (net)
                      0.127259    0.007394    0.275496 ^ clkbuf_3_5__f_clk/A (sky130_fd_sc_hd__clkbuf_16)
    10    0.050701    0.069700    0.178622    0.454118 ^ clkbuf_3_5__f_clk/X (sky130_fd_sc_hd__clkbuf_16)
                                                         clknet_3_5__leaf_clk (net)
                      0.069735    0.001536    0.455654 ^ _0941_/CLK (sky130_fd_sc_hd__dfrtp_2)
     9    0.023999    0.088848    0.452743    0.908398 v _0941_/Q (sky130_fd_sc_hd__dfrtp_2)
                                                         MATMULT_INST.uart_tx.tx_ctrl.state[2] (net)
                      0.088927    0.002387    0.910785 v _0710_/A (sky130_fd_sc_hd__or3b_2)
     5    0.014892    0.115007    0.535359    1.446144 v _0710_/X (sky130_fd_sc_hd__or3b_2)
                                                         _0284_ (net)
                      0.115039    0.001066    1.447211 v _0750_/B (sky130_fd_sc_hd__and3_1)
     3    0.009378    0.064404    0.221960    1.669170 v _0750_/X (sky130_fd_sc_hd__and3_1)
                                                         _0321_ (net)
                      0.064408    0.000565    1.669735 v _0751_/B1 (sky130_fd_sc_hd__o21ai_1)
     1    0.002920    0.100747    0.077911    1.747646 ^ _0751_/Y (sky130_fd_sc_hd__o21ai_1)
                                                         _0322_ (net)
                      0.100747    0.000203    1.747849 ^ _0752_/D (sky130_fd_sc_hd__and4bb_1)
     2    0.006919    0.092498    0.233058    1.980907 ^ _0752_/X (sky130_fd_sc_hd__and4bb_1)
                                                         _0323_ (net)
                      0.092498    0.000394    1.981301 ^ _0753_/B1 (sky130_fd_sc_hd__a21o_1)
     3    0.014003    0.127907    0.154857    2.136157 ^ _0753_/X (sky130_fd_sc_hd__a21o_1)
                                                         _0324_ (net)
                      0.127911    0.000873    2.137030 ^ _0759_/B1 (sky130_fd_sc_hd__a21oi_1)
     1    0.003384    0.050483    0.058429    2.195459 v _0759_/Y (sky130_fd_sc_hd__a21oi_1)
                                                         _0327_ (net)
                      0.050483    0.000224    2.195684 v _0760_/B1 (sky130_fd_sc_hd__a21o_1)
     1    0.002350    0.031015    0.146492    2.342176 v _0760_/X (sky130_fd_sc_hd__a21o_1)
                                                         _0004_ (net)
                      0.031015    0.000163    2.342339 v _0943_/D (sky130_fd_sc_hd__dfrtp_2)
                                              2.342339   data arrival time

                                 25.000000   25.000000   clock clk (rise edge)
                                  0.000000   25.000000   clock source latency
     2    0.018194    0.087443    0.060611   25.060610 ^ clk (in)
                                                         clk (net)
                      0.087487    0.000000   25.060610 ^ clkbuf_0_clk/A (sky130_fd_sc_hd__clkbuf_16)
    17    0.112789    0.126581    0.207491   25.268101 ^ clkbuf_0_clk/X (sky130_fd_sc_hd__clkbuf_16)
                                                         clknet_0_clk (net)
                      0.127259    0.007393   25.275494 ^ clkbuf_3_5__f_clk/A (sky130_fd_sc_hd__clkbuf_16)
    10    0.050701    0.069700    0.178623   25.454117 ^ clkbuf_3_5__f_clk/X (sky130_fd_sc_hd__clkbuf_16)
                                                         clknet_3_5__leaf_clk (net)
                      0.069805    0.002384   25.456501 ^ _0943_/CLK (sky130_fd_sc_hd__dfrtp_2)
                                 -0.250000   25.206503   clock uncertainty
                                  0.000000   25.206503   clock reconvergence pessimism
                                 -0.103629   25.102873   library setup time
                                             25.102873   data required time
---------------------------------------------------------------------------------------------
                                             25.102873   data required time
                                             -2.342339   data arrival time
---------------------------------------------------------------------------------------------
                                             22.760536   slack (MET)


Startpoint: _0992_ (rising edge-triggered flip-flop clocked by clk)
Endpoint: _0970_ (rising edge-triggered flip-flop clocked by clk)
Path Group: clk
Path Type: max

Fanout         Cap        Slew       Delay        Time   Description
---------------------------------------------------------------------------------------------
                                  0.000000    0.000000   clock clk (rise edge)
                                  0.000000    0.000000   clock source latency
     2    0.018194    0.087443    0.060612    0.060612 ^ clk (in)
                                                         clk (net)
                      0.087487    0.000000    0.060612 ^ clkbuf_0_clk/A (sky130_fd_sc_hd__clkbuf_16)
    17    0.112789    0.126581    0.207490    0.268102 ^ clkbuf_0_clk/X (sky130_fd_sc_hd__clkbuf_16)
                                                         clknet_0_clk (net)
                      0.127328    0.007756    0.275858 ^ clkbuf_3_7__f_clk/A (sky130_fd_sc_hd__clkbuf_16)
    18    0.053999    0.072776    0.180539    0.456397 ^ clkbuf_3_7__f_clk/X (sky130_fd_sc_hd__clkbuf_16)
                                                         clknet_3_7__leaf_clk (net)
                      0.073263    0.004359    0.460756 ^ _0992_/CLK (sky130_fd_sc_hd__dfrtp_2)
     8    0.027159    0.096716    0.461685    0.922440 v _0992_/Q (sky130_fd_sc_hd__dfrtp_2)
                                                         MATMULT_INST.cntrl.state[0] (net)
                      0.096771    0.002119    0.924559 v _0770_/B (sky130_fd_sc_hd__or4_1)
     4    0.013594    0.145022    0.597654    1.522213 v _0770_/X (sky130_fd_sc_hd__or4_1)
                                                         _0328_ (net)
                      0.145024    0.000826    1.523039 v _0772_/B (sky130_fd_sc_hd__or2_2)
     8    0.027517    0.117118    0.390054    1.913093 v _0772_/X (sky130_fd_sc_hd__or2_2)
                                                         _0330_ (net)
                      0.117185    0.002579    1.915671 v _0785_/B1 (sky130_fd_sc_hd__a31o_1)
     1    0.002660    0.036087    0.205278    2.120949 v _0785_/X (sky130_fd_sc_hd__a31o_1)
                                                         _0341_ (net)
                      0.036087    0.000157    2.121106 v _0786_/A2_N (sky130_fd_sc_hd__a2bb2o_1)
     1    0.002779    0.044543    0.230460    2.351566 ^ _0786_/X (sky130_fd_sc_hd__a2bb2o_1)
                                                         _0016_ (net)
                      0.044544    0.000203    2.351769 ^ _0970_/D (sky130_fd_sc_hd__dfstp_1)
                                              2.351769   data arrival time

                                 25.000000   25.000000   clock clk (rise edge)
                                  0.000000   25.000000   clock source latency
     2    0.018194    0.087443    0.060611   25.060610 ^ clk (in)
                                                         clk (net)
                      0.087487    0.000000   25.060610 ^ clkbuf_0_clk/A (sky130_fd_sc_hd__clkbuf_16)
    17    0.112789    0.126581    0.207491   25.268101 ^ clkbuf_0_clk/X (sky130_fd_sc_hd__clkbuf_16)
                                                         clknet_0_clk (net)
                      0.127162    0.006860   25.274961 ^ clkbuf_3_4__f_clk/A (sky130_fd_sc_hd__clkbuf_16)
    15    0.051117    0.070086    0.178730   25.453691 ^ clkbuf_3_4__f_clk/X (sky130_fd_sc_hd__clkbuf_16)
                                                         clknet_3_4__leaf_clk (net)
                      0.070304    0.002608   25.456299 ^ _0970_/CLK (sky130_fd_sc_hd__dfstp_1)
                                 -0.250000   25.206301   clock uncertainty
                                  0.000000   25.206301   clock reconvergence pessimism
                                 -0.051081   25.155218   library setup time
                                             25.155218   data required time
---------------------------------------------------------------------------------------------
                                             25.155218   data required time
                                             -2.351769   data arrival time
---------------------------------------------------------------------------------------------
                                             22.803450   slack (MET)


Startpoint: _0993_ (rising edge-triggered flip-flop clocked by clk)
Endpoint: _1022_ (rising edge-triggered flip-flop clocked by clk)
Path Group: clk
Path Type: max

Fanout         Cap        Slew       Delay        Time   Description
---------------------------------------------------------------------------------------------
                                  0.000000    0.000000   clock clk (rise edge)
                                  0.000000    0.000000   clock source latency
     2    0.018194    0.087443    0.060612    0.060612 ^ clk (in)
                                                         clk (net)
                      0.087487    0.000000    0.060612 ^ clkbuf_0_clk/A (sky130_fd_sc_hd__clkbuf_16)
    17    0.112789    0.126581    0.207490    0.268102 ^ clkbuf_0_clk/X (sky130_fd_sc_hd__clkbuf_16)
                                                         clknet_0_clk (net)
                      0.127328    0.007756    0.275858 ^ clkbuf_3_7__f_clk/A (sky130_fd_sc_hd__clkbuf_16)
    18    0.053999    0.072776    0.180539    0.456397 ^ clkbuf_3_7__f_clk/X (sky130_fd_sc_hd__clkbuf_16)
                                                         clknet_3_7__leaf_clk (net)
                      0.073279    0.004445    0.460842 ^ _0993_/CLK (sky130_fd_sc_hd__dfrtp_2)
     7    0.028793    0.149546    0.440126    0.900968 ^ _0993_/Q (sky130_fd_sc_hd__dfrtp_2)
                                                         MATMULT_INST.cntrl.state[1] (net)
                      0.149560    0.001523    0.902491 ^ _0451_/A (sky130_fd_sc_hd__inv_2)
     3    0.010651    0.049830    0.065967    0.968459 v _0451_/Y (sky130_fd_sc_hd__inv_2)
                                                         _0064_ (net)
                      0.049837    0.000575    0.969034 v _0478_/B (sky130_fd_sc_hd__or2_1)
     4    0.016042    0.106147    0.270212    1.239245 v _0478_/X (sky130_fd_sc_hd__or2_1)
                                                         _0089_ (net)
                      0.106150    0.000687    1.239933 v _0847_/B (sky130_fd_sc_hd__or2_1)
     4    0.014443    0.098802    0.285147    1.525080 v _0847_/X (sky130_fd_sc_hd__or2_1)
                                                         _0381_ (net)
                      0.098820    0.001302    1.526382 v _0866_/B (sky130_fd_sc_hd__nor2_1)
     3    0.015720    0.289522    0.260356    1.786738 ^ _0866_/Y (sky130_fd_sc_hd__nor2_1)
                                                         _0398_ (net)
                      0.289528    0.001101    1.787839 ^ _0874_/B (sky130_fd_sc_hd__nand2_4)
    10    0.042280    0.124147    0.153011    1.940850 v _0874_/Y (sky130_fd_sc_hd__nand2_4)
                                                         _0402_ (net)
                      0.124528    0.005691    1.946541 v _0880_/S (sky130_fd_sc_hd__mux2_1)
     1    0.003288    0.058142    0.336796    2.283336 v _0880_/X (sky130_fd_sc_hd__mux2_1)
                                                         _0045_ (net)
                      0.058142    0.000247    2.283583 v _1022_/D (sky130_fd_sc_hd__dfstp_1)
                                              2.283583   data arrival time

                                 25.000000   25.000000   clock clk (rise edge)
                                  0.000000   25.000000   clock source latency
     2    0.018194    0.087443    0.060611   25.060610 ^ clk (in)
                                                         clk (net)
                      0.087487    0.000000   25.060610 ^ clkbuf_0_clk/A (sky130_fd_sc_hd__clkbuf_16)
    17    0.112789    0.126581    0.207491   25.268101 ^ clkbuf_0_clk/X (sky130_fd_sc_hd__clkbuf_16)
                                                         clknet_0_clk (net)
                      0.127162    0.006860   25.274961 ^ clkbuf_3_4__f_clk/A (sky130_fd_sc_hd__clkbuf_16)
    15    0.051117    0.070086    0.178730   25.453691 ^ clkbuf_3_4__f_clk/X (sky130_fd_sc_hd__clkbuf_16)
                                                         clknet_3_4__leaf_clk (net)
                      0.070480    0.003801   25.457493 ^ _1022_/CLK (sky130_fd_sc_hd__dfstp_1)
                                 -0.250000   25.207493   clock uncertainty
                                  0.000000   25.207493   clock reconvergence pessimism
                                 -0.067998   25.139496   library setup time
                                             25.139496   data required time
---------------------------------------------------------------------------------------------
                                             25.139496   data required time
                                             -2.283583   data arrival time
---------------------------------------------------------------------------------------------
                                             22.855913   slack (MET)


Startpoint: _0993_ (rising edge-triggered flip-flop clocked by clk)
Endpoint: _1021_ (rising edge-triggered flip-flop clocked by clk)
Path Group: clk
Path Type: max

Fanout         Cap        Slew       Delay        Time   Description
---------------------------------------------------------------------------------------------
                                  0.000000    0.000000   clock clk (rise edge)
                                  0.000000    0.000000   clock source latency
     2    0.018194    0.087443    0.060612    0.060612 ^ clk (in)
                                                         clk (net)
                      0.087487    0.000000    0.060612 ^ clkbuf_0_clk/A (sky130_fd_sc_hd__clkbuf_16)
    17    0.112789    0.126581    0.207490    0.268102 ^ clkbuf_0_clk/X (sky130_fd_sc_hd__clkbuf_16)
                                                         clknet_0_clk (net)
                      0.127328    0.007756    0.275858 ^ clkbuf_3_7__f_clk/A (sky130_fd_sc_hd__clkbuf_16)
    18    0.053999    0.072776    0.180539    0.456397 ^ clkbuf_3_7__f_clk/X (sky130_fd_sc_hd__clkbuf_16)
                                                         clknet_3_7__leaf_clk (net)
                      0.073279    0.004445    0.460842 ^ _0993_/CLK (sky130_fd_sc_hd__dfrtp_2)
     7    0.028793    0.149546    0.440126    0.900968 ^ _0993_/Q (sky130_fd_sc_hd__dfrtp_2)
                                                         MATMULT_INST.cntrl.state[1] (net)
                      0.149560    0.001523    0.902491 ^ _0451_/A (sky130_fd_sc_hd__inv_2)
     3    0.010651    0.049830    0.065967    0.968459 v _0451_/Y (sky130_fd_sc_hd__inv_2)
                                                         _0064_ (net)
                      0.049837    0.000575    0.969034 v _0478_/B (sky130_fd_sc_hd__or2_1)
     4    0.016042    0.106147    0.270212    1.239245 v _0478_/X (sky130_fd_sc_hd__or2_1)
                                                         _0089_ (net)
                      0.106150    0.000687    1.239933 v _0847_/B (sky130_fd_sc_hd__or2_1)
     4    0.014443    0.098802    0.285147    1.525080 v _0847_/X (sky130_fd_sc_hd__or2_1)
                                                         _0381_ (net)
                      0.098820    0.001302    1.526382 v _0866_/B (sky130_fd_sc_hd__nor2_1)
     3    0.015720    0.289522    0.260356    1.786738 ^ _0866_/Y (sky130_fd_sc_hd__nor2_1)
                                                         _0398_ (net)
                      0.289528    0.001101    1.787839 ^ _0874_/B (sky130_fd_sc_hd__nand2_4)
    10    0.042280    0.124147    0.153011    1.940850 v _0874_/Y (sky130_fd_sc_hd__nand2_4)
                                                         _0402_ (net)
                      0.124534    0.005728    1.946578 v _0876_/S (sky130_fd_sc_hd__mux2_1)
     1    0.002806    0.055115    0.332310    2.278889 v _0876_/X (sky130_fd_sc_hd__mux2_1)
                                                         _0044_ (net)
                      0.055115    0.000193    2.279082 v _1021_/D (sky130_fd_sc_hd__dfstp_1)
                                              2.279082   data arrival time

                                 25.000000   25.000000   clock clk (rise edge)
                                  0.000000   25.000000   clock source latency
     2    0.018194    0.087443    0.060611   25.060610 ^ clk (in)
                                                         clk (net)
                      0.087487    0.000000   25.060610 ^ clkbuf_0_clk/A (sky130_fd_sc_hd__clkbuf_16)
    17    0.112789    0.126581    0.207491   25.268101 ^ clkbuf_0_clk/X (sky130_fd_sc_hd__clkbuf_16)
                                                         clknet_0_clk (net)
                      0.127162    0.006860   25.274961 ^ clkbuf_3_4__f_clk/A (sky130_fd_sc_hd__clkbuf_16)
    15    0.051117    0.070086    0.178730   25.453691 ^ clkbuf_3_4__f_clk/X (sky130_fd_sc_hd__clkbuf_16)
                                                         clknet_3_4__leaf_clk (net)
                      0.070528    0.004075   25.457766 ^ _1021_/CLK (sky130_fd_sc_hd__dfstp_1)
                                 -0.250000   25.207767   clock uncertainty
                                  0.000000   25.207767   clock reconvergence pessimism
                                 -0.066904   25.140863   library setup time
                                             25.140863   data required time
---------------------------------------------------------------------------------------------
                                             25.140863   data required time
                                             -2.279082   data arrival time
---------------------------------------------------------------------------------------------
                                             22.861780   slack (MET)


Startpoint: _0994_ (rising edge-triggered flip-flop clocked by clk)
Endpoint: _0984_ (rising edge-triggered flip-flop clocked by clk)
Path Group: clk
Path Type: max

Fanout         Cap        Slew       Delay        Time   Description
---------------------------------------------------------------------------------------------
                                  0.000000    0.000000   clock clk (rise edge)
                                  0.000000    0.000000   clock source latency
     2    0.018194    0.087443    0.060612    0.060612 ^ clk (in)
                                                         clk (net)
                      0.087487    0.000000    0.060612 ^ clkbuf_0_clk/A (sky130_fd_sc_hd__clkbuf_16)
    17    0.112789    0.126581    0.207490    0.268102 ^ clkbuf_0_clk/X (sky130_fd_sc_hd__clkbuf_16)
                                                         clknet_0_clk (net)
                      0.127259    0.007394    0.275496 ^ clkbuf_3_5__f_clk/A (sky130_fd_sc_hd__clkbuf_16)
    10    0.050701    0.069700    0.178622    0.454118 ^ clkbuf_3_5__f_clk/X (sky130_fd_sc_hd__clkbuf_16)
                                                         clknet_3_5__leaf_clk (net)
                      0.070010    0.003300    0.457418 ^ _0994_/CLK (sky130_fd_sc_hd__dfrtp_4)
     8    0.025575    0.086807    0.516835    0.974253 v _0994_/Q (sky130_fd_sc_hd__dfrtp_4)
                                                         MATMULT_INST.cntrl.state[2] (net)
                      0.086824    0.001717    0.975970 v _0479_/B (sky130_fd_sc_hd__or2_1)
     4    0.013809    0.096088    0.275121    1.251092 v _0479_/X (sky130_fd_sc_hd__or2_1)
                                                         _0090_ (net)
                      0.096094    0.000809    1.251900 v _0480_/B (sky130_fd_sc_hd__or2_1)
     3    0.016073    0.105981    0.288361    1.540262 v _0480_/X (sky130_fd_sc_hd__or2_1)
                                                         _0091_ (net)
                      0.105988    0.000951    1.541213 v _0481_/B (sky130_fd_sc_hd__nor2_4)
    19    0.064629    0.400433    0.340713    1.881926 ^ _0481_/Y (sky130_fd_sc_hd__nor2_4)
                                                         _0092_ (net)
                      0.400979    0.012204    1.894130 ^ _0833_/S (sky130_fd_sc_hd__mux2_1)
     1    0.003972    0.061523    0.371158    2.265288 v _0833_/X (sky130_fd_sc_hd__mux2_1)
                                                         _0030_ (net)
                      0.061523    0.000253    2.265542 v _0984_/D (sky130_fd_sc_hd__dfstp_1)
                                              2.265542   data arrival time

                                 25.000000   25.000000   clock clk (rise edge)
                                  0.000000   25.000000   clock source latency
     2    0.018194    0.087443    0.060611   25.060610 ^ clk (in)
                                                         clk (net)
                      0.087487    0.000000   25.060610 ^ clkbuf_0_clk/A (sky130_fd_sc_hd__clkbuf_16)
    17    0.112789    0.126581    0.207491   25.268101 ^ clkbuf_0_clk/X (sky130_fd_sc_hd__clkbuf_16)
                                                         clknet_0_clk (net)
                      0.127122    0.006624   25.274725 ^ clkbuf_3_1__f_clk/A (sky130_fd_sc_hd__clkbuf_16)
    16    0.047985    0.067209    0.176577   25.451302 ^ clkbuf_3_1__f_clk/X (sky130_fd_sc_hd__clkbuf_16)
                                                         clknet_3_1__leaf_clk (net)
                      0.067356    0.002675   25.453978 ^ _0984_/CLK (sky130_fd_sc_hd__dfstp_1)
                                 -0.250000   25.203978   clock uncertainty
                                  0.000000   25.203978   clock reconvergence pessimism
                                 -0.069910   25.134068   library setup time
                                             25.134068   data required time
---------------------------------------------------------------------------------------------
                                             25.134068   data required time
                                             -2.265542   data arrival time
---------------------------------------------------------------------------------------------
                                             22.868526   slack (MET)


Startpoint: _0994_ (rising edge-triggered flip-flop clocked by clk)
Endpoint: _0986_ (rising edge-triggered flip-flop clocked by clk)
Path Group: clk
Path Type: max

Fanout         Cap        Slew       Delay        Time   Description
---------------------------------------------------------------------------------------------
                                  0.000000    0.000000   clock clk (rise edge)
                                  0.000000    0.000000   clock source latency
     2    0.018194    0.087443    0.060612    0.060612 ^ clk (in)
                                                         clk (net)
                      0.087487    0.000000    0.060612 ^ clkbuf_0_clk/A (sky130_fd_sc_hd__clkbuf_16)
    17    0.112789    0.126581    0.207490    0.268102 ^ clkbuf_0_clk/X (sky130_fd_sc_hd__clkbuf_16)
                                                         clknet_0_clk (net)
                      0.127259    0.007394    0.275496 ^ clkbuf_3_5__f_clk/A (sky130_fd_sc_hd__clkbuf_16)
    10    0.050701    0.069700    0.178622    0.454118 ^ clkbuf_3_5__f_clk/X (sky130_fd_sc_hd__clkbuf_16)
                                                         clknet_3_5__leaf_clk (net)
                      0.070010    0.003300    0.457418 ^ _0994_/CLK (sky130_fd_sc_hd__dfrtp_4)
     8    0.025575    0.086807    0.516835    0.974253 v _0994_/Q (sky130_fd_sc_hd__dfrtp_4)
                                                         MATMULT_INST.cntrl.state[2] (net)
                      0.086824    0.001717    0.975970 v _0479_/B (sky130_fd_sc_hd__or2_1)
     4    0.013809    0.096088    0.275121    1.251092 v _0479_/X (sky130_fd_sc_hd__or2_1)
                                                         _0090_ (net)
                      0.096094    0.000809    1.251900 v _0480_/B (sky130_fd_sc_hd__or2_1)
     3    0.016073    0.105981    0.288361    1.540262 v _0480_/X (sky130_fd_sc_hd__or2_1)
                                                         _0091_ (net)
                      0.105988    0.000951    1.541213 v _0481_/B (sky130_fd_sc_hd__nor2_4)
    19    0.064629    0.400433    0.340713    1.881926 ^ _0481_/Y (sky130_fd_sc_hd__nor2_4)
                                                         _0092_ (net)
                      0.400936    0.011733    1.893659 ^ _0835_/S (sky130_fd_sc_hd__mux2_1)
     1    0.003435    0.059102    0.367353    2.261012 v _0835_/X (sky130_fd_sc_hd__mux2_1)
                                                         _0032_ (net)
                      0.059102    0.000259    2.261271 v _0986_/D (sky130_fd_sc_hd__dfstp_1)
                                              2.261271   data arrival time

                                 25.000000   25.000000   clock clk (rise edge)
                                  0.000000   25.000000   clock source latency
     2    0.018194    0.087443    0.060611   25.060610 ^ clk (in)
                                                         clk (net)
                      0.087487    0.000000   25.060610 ^ clkbuf_0_clk/A (sky130_fd_sc_hd__clkbuf_16)
    17    0.112789    0.126581    0.207491   25.268101 ^ clkbuf_0_clk/X (sky130_fd_sc_hd__clkbuf_16)
                                                         clknet_0_clk (net)
                      0.127122    0.006624   25.274725 ^ clkbuf_3_1__f_clk/A (sky130_fd_sc_hd__clkbuf_16)
    16    0.047985    0.067209    0.176577   25.451302 ^ clkbuf_3_1__f_clk/X (sky130_fd_sc_hd__clkbuf_16)
                                                         clknet_3_1__leaf_clk (net)
                      0.067358    0.002693   25.453995 ^ _0986_/CLK (sky130_fd_sc_hd__dfstp_1)
                                 -0.250000   25.203997   clock uncertainty
                                  0.000000   25.203997   clock reconvergence pessimism
                                 -0.069043   25.134953   library setup time
                                             25.134953   data required time
---------------------------------------------------------------------------------------------
                                             25.134953   data required time
                                             -2.261271   data arrival time
---------------------------------------------------------------------------------------------
                                             22.873682   slack (MET)


Startpoint: _0994_ (rising edge-triggered flip-flop clocked by clk)
Endpoint: _0990_ (rising edge-triggered flip-flop clocked by clk)
Path Group: clk
Path Type: max

Fanout         Cap        Slew       Delay        Time   Description
---------------------------------------------------------------------------------------------
                                  0.000000    0.000000   clock clk (rise edge)
                                  0.000000    0.000000   clock source latency
     2    0.018194    0.087443    0.060612    0.060612 ^ clk (in)
                                                         clk (net)
                      0.087487    0.000000    0.060612 ^ clkbuf_0_clk/A (sky130_fd_sc_hd__clkbuf_16)
    17    0.112789    0.126581    0.207490    0.268102 ^ clkbuf_0_clk/X (sky130_fd_sc_hd__clkbuf_16)
                                                         clknet_0_clk (net)
                      0.127259    0.007394    0.275496 ^ clkbuf_3_5__f_clk/A (sky130_fd_sc_hd__clkbuf_16)
    10    0.050701    0.069700    0.178622    0.454118 ^ clkbuf_3_5__f_clk/X (sky130_fd_sc_hd__clkbuf_16)
                                                         clknet_3_5__leaf_clk (net)
                      0.070010    0.003300    0.457418 ^ _0994_/CLK (sky130_fd_sc_hd__dfrtp_4)
     8    0.025575    0.086807    0.516835    0.974253 v _0994_/Q (sky130_fd_sc_hd__dfrtp_4)
                                                         MATMULT_INST.cntrl.state[2] (net)
                      0.086824    0.001717    0.975970 v _0479_/B (sky130_fd_sc_hd__or2_1)
     4    0.013809    0.096088    0.275121    1.251092 v _0479_/X (sky130_fd_sc_hd__or2_1)
                                                         _0090_ (net)
                      0.096094    0.000809    1.251900 v _0480_/B (sky130_fd_sc_hd__or2_1)
     3    0.016073    0.105981    0.288361    1.540262 v _0480_/X (sky130_fd_sc_hd__or2_1)
                                                         _0091_ (net)
                      0.105988    0.000951    1.541213 v _0481_/B (sky130_fd_sc_hd__nor2_4)
    19    0.064629    0.400433    0.340713    1.881926 ^ _0481_/Y (sky130_fd_sc_hd__nor2_4)
                                                         _0092_ (net)
                      0.400854    0.010760    1.892686 ^ _0839_/S (sky130_fd_sc_hd__mux2_1)
     1    0.003456    0.059251    0.367568    2.260254 v _0839_/X (sky130_fd_sc_hd__mux2_1)
                                                         _0036_ (net)
                      0.059251    0.000221    2.260474 v _0990_/D (sky130_fd_sc_hd__dfstp_1)
                                              2.260474   data arrival time

                                 25.000000   25.000000   clock clk (rise edge)
                                  0.000000   25.000000   clock source latency
     2    0.018194    0.087443    0.060611   25.060610 ^ clk (in)
                                                         clk (net)
                      0.087487    0.000000   25.060610 ^ clkbuf_0_clk/A (sky130_fd_sc_hd__clkbuf_16)
    17    0.112789    0.126581    0.207491   25.268101 ^ clkbuf_0_clk/X (sky130_fd_sc_hd__clkbuf_16)
                                                         clknet_0_clk (net)
                      0.127122    0.006624   25.274725 ^ clkbuf_3_1__f_clk/A (sky130_fd_sc_hd__clkbuf_16)
    16    0.047985    0.067209    0.176577   25.451302 ^ clkbuf_3_1__f_clk/X (sky130_fd_sc_hd__clkbuf_16)
                                                         clknet_3_1__leaf_clk (net)
                      0.067364    0.002737   25.454041 ^ _0990_/CLK (sky130_fd_sc_hd__dfstp_1)
                                 -0.250000   25.204041   clock uncertainty
                                  0.000000   25.204041   clock reconvergence pessimism
                                 -0.069095   25.134945   library setup time
                                             25.134945   data required time
---------------------------------------------------------------------------------------------
                                             25.134945   data required time
                                             -2.260474   data arrival time
---------------------------------------------------------------------------------------------
                                             22.874472   slack (MET)


Startpoint: _0994_ (rising edge-triggered flip-flop clocked by clk)
Endpoint: _0989_ (rising edge-triggered flip-flop clocked by clk)
Path Group: clk
Path Type: max

Fanout         Cap        Slew       Delay        Time   Description
---------------------------------------------------------------------------------------------
                                  0.000000    0.000000   clock clk (rise edge)
                                  0.000000    0.000000   clock source latency
     2    0.018194    0.087443    0.060612    0.060612 ^ clk (in)
                                                         clk (net)
                      0.087487    0.000000    0.060612 ^ clkbuf_0_clk/A (sky130_fd_sc_hd__clkbuf_16)
    17    0.112789    0.126581    0.207490    0.268102 ^ clkbuf_0_clk/X (sky130_fd_sc_hd__clkbuf_16)
                                                         clknet_0_clk (net)
                      0.127259    0.007394    0.275496 ^ clkbuf_3_5__f_clk/A (sky130_fd_sc_hd__clkbuf_16)
    10    0.050701    0.069700    0.178622    0.454118 ^ clkbuf_3_5__f_clk/X (sky130_fd_sc_hd__clkbuf_16)
                                                         clknet_3_5__leaf_clk (net)
                      0.070010    0.003300    0.457418 ^ _0994_/CLK (sky130_fd_sc_hd__dfrtp_4)
     8    0.025575    0.086807    0.516835    0.974253 v _0994_/Q (sky130_fd_sc_hd__dfrtp_4)
                                                         MATMULT_INST.cntrl.state[2] (net)
                      0.086824    0.001717    0.975970 v _0479_/B (sky130_fd_sc_hd__or2_1)
     4    0.013809    0.096088    0.275121    1.251092 v _0479_/X (sky130_fd_sc_hd__or2_1)
                                                         _0090_ (net)
                      0.096094    0.000809    1.251900 v _0480_/B (sky130_fd_sc_hd__or2_1)
     3    0.016073    0.105981    0.288361    1.540262 v _0480_/X (sky130_fd_sc_hd__or2_1)
                                                         _0091_ (net)
                      0.105988    0.000951    1.541213 v _0481_/B (sky130_fd_sc_hd__nor2_4)
    19    0.064629    0.400433    0.340713    1.881926 ^ _0481_/Y (sky130_fd_sc_hd__nor2_4)
                                                         _0092_ (net)
                      0.400913    0.011464    1.893390 ^ _0838_/S (sky130_fd_sc_hd__mux2_1)
     1    0.002982    0.056226    0.363122    2.256512 v _0838_/X (sky130_fd_sc_hd__mux2_1)
                                                         _0035_ (net)
                      0.056226    0.000214    2.256726 v _0989_/D (sky130_fd_sc_hd__dfstp_2)
                                              2.256726   data arrival time

                                 25.000000   25.000000   clock clk (rise edge)
                                  0.000000   25.000000   clock source latency
     2    0.018194    0.087443    0.060611   25.060610 ^ clk (in)
                                                         clk (net)
                      0.087487    0.000000   25.060610 ^ clkbuf_0_clk/A (sky130_fd_sc_hd__clkbuf_16)
    17    0.112789    0.126581    0.207491   25.268101 ^ clkbuf_0_clk/X (sky130_fd_sc_hd__clkbuf_16)
                                                         clknet_0_clk (net)
                      0.127122    0.006624   25.274725 ^ clkbuf_3_1__f_clk/A (sky130_fd_sc_hd__clkbuf_16)
    16    0.047985    0.067209    0.176577   25.451302 ^ clkbuf_3_1__f_clk/X (sky130_fd_sc_hd__clkbuf_16)
                                                         clknet_3_1__leaf_clk (net)
                      0.067365    0.002744   25.454046 ^ _0989_/CLK (sky130_fd_sc_hd__dfstp_2)
                                 -0.250000   25.204048   clock uncertainty
                                  0.000000   25.204048   clock reconvergence pessimism
                                 -0.070412   25.133635   library setup time
                                             25.133635   data required time
---------------------------------------------------------------------------------------------
                                             25.133635   data required time
                                             -2.256726   data arrival time
---------------------------------------------------------------------------------------------
                                             22.876907   slack (MET)


Startpoint: _0994_ (rising edge-triggered flip-flop clocked by clk)
Endpoint: _0987_ (rising edge-triggered flip-flop clocked by clk)
Path Group: clk
Path Type: max

Fanout         Cap        Slew       Delay        Time   Description
---------------------------------------------------------------------------------------------
                                  0.000000    0.000000   clock clk (rise edge)
                                  0.000000    0.000000   clock source latency
     2    0.018194    0.087443    0.060612    0.060612 ^ clk (in)
                                                         clk (net)
                      0.087487    0.000000    0.060612 ^ clkbuf_0_clk/A (sky130_fd_sc_hd__clkbuf_16)
    17    0.112789    0.126581    0.207490    0.268102 ^ clkbuf_0_clk/X (sky130_fd_sc_hd__clkbuf_16)
                                                         clknet_0_clk (net)
                      0.127259    0.007394    0.275496 ^ clkbuf_3_5__f_clk/A (sky130_fd_sc_hd__clkbuf_16)
    10    0.050701    0.069700    0.178622    0.454118 ^ clkbuf_3_5__f_clk/X (sky130_fd_sc_hd__clkbuf_16)
                                                         clknet_3_5__leaf_clk (net)
                      0.070010    0.003300    0.457418 ^ _0994_/CLK (sky130_fd_sc_hd__dfrtp_4)
     8    0.025575    0.086807    0.516835    0.974253 v _0994_/Q (sky130_fd_sc_hd__dfrtp_4)
                                                         MATMULT_INST.cntrl.state[2] (net)
                      0.086824    0.001717    0.975970 v _0479_/B (sky130_fd_sc_hd__or2_1)
     4    0.013809    0.096088    0.275121    1.251092 v _0479_/X (sky130_fd_sc_hd__or2_1)
                                                         _0090_ (net)
                      0.096094    0.000809    1.251900 v _0480_/B (sky130_fd_sc_hd__or2_1)
     3    0.016073    0.105981    0.288361    1.540262 v _0480_/X (sky130_fd_sc_hd__or2_1)
                                                         _0091_ (net)
                      0.105988    0.000951    1.541213 v _0481_/B (sky130_fd_sc_hd__nor2_4)
    19    0.064629    0.400433    0.340713    1.881926 ^ _0481_/Y (sky130_fd_sc_hd__nor2_4)
                                                         _0092_ (net)
                      0.400947    0.011856    1.893782 ^ _0836_/S (sky130_fd_sc_hd__mux2_1)
     1    0.002811    0.055113    0.361532    2.255315 v _0836_/X (sky130_fd_sc_hd__mux2_1)
                                                         _0033_ (net)
                      0.055113    0.000194    2.255508 v _0987_/D (sky130_fd_sc_hd__dfstp_2)
                                              2.255508   data arrival time

                                 25.000000   25.000000   clock clk (rise edge)
                                  0.000000   25.000000   clock source latency
     2    0.018194    0.087443    0.060611   25.060610 ^ clk (in)
                                                         clk (net)
                      0.087487    0.000000   25.060610 ^ clkbuf_0_clk/A (sky130_fd_sc_hd__clkbuf_16)
    17    0.112789    0.126581    0.207491   25.268101 ^ clkbuf_0_clk/X (sky130_fd_sc_hd__clkbuf_16)
                                                         clknet_0_clk (net)
                      0.127122    0.006624   25.274725 ^ clkbuf_3_1__f_clk/A (sky130_fd_sc_hd__clkbuf_16)
    16    0.047985    0.067209    0.176577   25.451302 ^ clkbuf_3_1__f_clk/X (sky130_fd_sc_hd__clkbuf_16)
                                                         clknet_3_1__leaf_clk (net)
                      0.067289    0.002053   25.453356 ^ _0987_/CLK (sky130_fd_sc_hd__dfstp_2)
                                 -0.250000   25.203356   clock uncertainty
                                  0.000000   25.203356   clock reconvergence pessimism
                                 -0.070029   25.133327   library setup time
                                             25.133327   data required time
---------------------------------------------------------------------------------------------
                                             25.133327   data required time
                                             -2.255508   data arrival time
---------------------------------------------------------------------------------------------
                                             22.877819   slack (MET)


Startpoint: _0994_ (rising edge-triggered flip-flop clocked by clk)
Endpoint: _0985_ (rising edge-triggered flip-flop clocked by clk)
Path Group: clk
Path Type: max

Fanout         Cap        Slew       Delay        Time   Description
---------------------------------------------------------------------------------------------
                                  0.000000    0.000000   clock clk (rise edge)
                                  0.000000    0.000000   clock source latency
     2    0.018194    0.087443    0.060612    0.060612 ^ clk (in)
                                                         clk (net)
                      0.087487    0.000000    0.060612 ^ clkbuf_0_clk/A (sky130_fd_sc_hd__clkbuf_16)
    17    0.112789    0.126581    0.207490    0.268102 ^ clkbuf_0_clk/X (sky130_fd_sc_hd__clkbuf_16)
                                                         clknet_0_clk (net)
                      0.127259    0.007394    0.275496 ^ clkbuf_3_5__f_clk/A (sky130_fd_sc_hd__clkbuf_16)
    10    0.050701    0.069700    0.178622    0.454118 ^ clkbuf_3_5__f_clk/X (sky130_fd_sc_hd__clkbuf_16)
                                                         clknet_3_5__leaf_clk (net)
                      0.070010    0.003300    0.457418 ^ _0994_/CLK (sky130_fd_sc_hd__dfrtp_4)
     8    0.025575    0.086807    0.516835    0.974253 v _0994_/Q (sky130_fd_sc_hd__dfrtp_4)
                                                         MATMULT_INST.cntrl.state[2] (net)
                      0.086824    0.001717    0.975970 v _0479_/B (sky130_fd_sc_hd__or2_1)
     4    0.013809    0.096088    0.275121    1.251092 v _0479_/X (sky130_fd_sc_hd__or2_1)
                                                         _0090_ (net)
                      0.096094    0.000809    1.251900 v _0480_/B (sky130_fd_sc_hd__or2_1)
     3    0.016073    0.105981    0.288361    1.540262 v _0480_/X (sky130_fd_sc_hd__or2_1)
                                                         _0091_ (net)
                      0.105988    0.000951    1.541213 v _0481_/B (sky130_fd_sc_hd__nor2_4)
    19    0.064629    0.400433    0.340713    1.881926 ^ _0481_/Y (sky130_fd_sc_hd__nor2_4)
                                                         _0092_ (net)
                      0.400962    0.012024    1.893950 ^ _0834_/S (sky130_fd_sc_hd__mux2_1)
     1    0.002776    0.054872    0.361204    2.255153 v _0834_/X (sky130_fd_sc_hd__mux2_1)
                                                         _0031_ (net)
                      0.054872    0.000193    2.255347 v _0985_/D (sky130_fd_sc_hd__dfstp_2)
                                              2.255347   data arrival time

                                 25.000000   25.000000   clock clk (rise edge)
                                  0.000000   25.000000   clock source latency
     2    0.018194    0.087443    0.060611   25.060610 ^ clk (in)
                                                         clk (net)
                      0.087487    0.000000   25.060610 ^ clkbuf_0_clk/A (sky130_fd_sc_hd__clkbuf_16)
    17    0.112789    0.126581    0.207491   25.268101 ^ clkbuf_0_clk/X (sky130_fd_sc_hd__clkbuf_16)
                                                         clknet_0_clk (net)
                      0.127122    0.006624   25.274725 ^ clkbuf_3_1__f_clk/A (sky130_fd_sc_hd__clkbuf_16)
    16    0.047985    0.067209    0.176577   25.451302 ^ clkbuf_3_1__f_clk/X (sky130_fd_sc_hd__clkbuf_16)
                                                         clknet_3_1__leaf_clk (net)
                      0.067328    0.002434   25.453735 ^ _0985_/CLK (sky130_fd_sc_hd__dfstp_2)
                                 -0.250000   25.203737   clock uncertainty
                                  0.000000   25.203737   clock reconvergence pessimism
                                 -0.069933   25.133802   library setup time
                                             25.133802   data required time
---------------------------------------------------------------------------------------------
                                             25.133802   data required time
                                             -2.255347   data arrival time
---------------------------------------------------------------------------------------------
                                             22.878458   slack (MET)


Startpoint: _1018_ (rising edge-triggered flip-flop clocked by clk)
Endpoint: _1020_ (rising edge-triggered flip-flop clocked by clk)
Path Group: clk
Path Type: max

Fanout         Cap        Slew       Delay        Time   Description
---------------------------------------------------------------------------------------------
                                  0.000000    0.000000   clock clk (rise edge)
                                  0.000000    0.000000   clock source latency
     2    0.018194    0.087443    0.060612    0.060612 ^ clk (in)
                                                         clk (net)
                      0.087487    0.000000    0.060612 ^ clkbuf_0_clk/A (sky130_fd_sc_hd__clkbuf_16)
    17    0.112789    0.126581    0.207490    0.268102 ^ clkbuf_0_clk/X (sky130_fd_sc_hd__clkbuf_16)
                                                         clknet_0_clk (net)
                      0.127328    0.007756    0.275858 ^ clkbuf_3_7__f_clk/A (sky130_fd_sc_hd__clkbuf_16)
    18    0.053999    0.072776    0.180539    0.456397 ^ clkbuf_3_7__f_clk/X (sky130_fd_sc_hd__clkbuf_16)
                                                         clknet_3_7__leaf_clk (net)
                      0.073102    0.003426    0.459823 ^ _1018_/CLK (sky130_fd_sc_hd__dfrtp_2)
     6    0.021009    0.081694    0.447490    0.907313 v _1018_/Q (sky130_fd_sc_hd__dfrtp_2)
                                                         MATMULT_INST.uart_rcv.control.state[0] (net)
                      0.081695    0.000529    0.907842 v hold10/A (sky130_fd_sc_hd__dlygate4sd3_1)
     1    0.002628    0.051931    0.562740    1.470583 v hold10/X (sky130_fd_sc_hd__dlygate4sd3_1)
                                                         net113 (net)
                      0.051931    0.000120    1.470703 v _0686_/A2 (sky130_fd_sc_hd__o31ai_1)
     1    0.003062    0.195106    0.225532    1.696234 ^ _0686_/Y (sky130_fd_sc_hd__o31ai_1)
                                                         MATMULT_INST.uart_rcv.control.next_state[2] (net)
                      0.195106    0.000188    1.696422 ^ hold11/A (sky130_fd_sc_hd__dlygate4sd3_1)
     1    0.003028    0.054807    0.574932    2.271354 ^ hold11/X (sky130_fd_sc_hd__dlygate4sd3_1)
                                                         net114 (net)
                      0.054807    0.000199    2.271553 ^ _1020_/D (sky130_fd_sc_hd__dfrtp_1)
                                              2.271553   data arrival time

                                 25.000000   25.000000   clock clk (rise edge)
                                  0.000000   25.000000   clock source latency
     2    0.018194    0.087443    0.060611   25.060610 ^ clk (in)
                                                         clk (net)
                      0.087487    0.000000   25.060610 ^ clkbuf_0_clk/A (sky130_fd_sc_hd__clkbuf_16)
    17    0.112789    0.126581    0.207491   25.268101 ^ clkbuf_0_clk/X (sky130_fd_sc_hd__clkbuf_16)
                                                         clknet_0_clk (net)
                      0.127328    0.007756   25.275856 ^ clkbuf_3_7__f_clk/A (sky130_fd_sc_hd__clkbuf_16)
    18    0.053999    0.072776    0.180540   25.456396 ^ clkbuf_3_7__f_clk/X (sky130_fd_sc_hd__clkbuf_16)
                                                         clknet_3_7__leaf_clk (net)
                      0.072953    0.002292   25.458689 ^ _1020_/CLK (sky130_fd_sc_hd__dfrtp_1)
                                 -0.250000   25.208689   clock uncertainty
                                  0.000000   25.208689   clock reconvergence pessimism
                                 -0.057880   25.150810   library setup time
                                             25.150810   data required time
---------------------------------------------------------------------------------------------
                                             25.150810   data required time
                                             -2.271553   data arrival time
---------------------------------------------------------------------------------------------
                                             22.879257   slack (MET)


Startpoint: _0994_ (rising edge-triggered flip-flop clocked by clk)
Endpoint: _0988_ (rising edge-triggered flip-flop clocked by clk)
Path Group: clk
Path Type: max

Fanout         Cap        Slew       Delay        Time   Description
---------------------------------------------------------------------------------------------
                                  0.000000    0.000000   clock clk (rise edge)
                                  0.000000    0.000000   clock source latency
     2    0.018194    0.087443    0.060612    0.060612 ^ clk (in)
                                                         clk (net)
                      0.087487    0.000000    0.060612 ^ clkbuf_0_clk/A (sky130_fd_sc_hd__clkbuf_16)
    17    0.112789    0.126581    0.207490    0.268102 ^ clkbuf_0_clk/X (sky130_fd_sc_hd__clkbuf_16)
                                                         clknet_0_clk (net)
                      0.127259    0.007394    0.275496 ^ clkbuf_3_5__f_clk/A (sky130_fd_sc_hd__clkbuf_16)
    10    0.050701    0.069700    0.178622    0.454118 ^ clkbuf_3_5__f_clk/X (sky130_fd_sc_hd__clkbuf_16)
                                                         clknet_3_5__leaf_clk (net)
                      0.070010    0.003300    0.457418 ^ _0994_/CLK (sky130_fd_sc_hd__dfrtp_4)
     8    0.025575    0.086807    0.516835    0.974253 v _0994_/Q (sky130_fd_sc_hd__dfrtp_4)
                                                         MATMULT_INST.cntrl.state[2] (net)
                      0.086824    0.001717    0.975970 v _0479_/B (sky130_fd_sc_hd__or2_1)
     4    0.013809    0.096088    0.275121    1.251092 v _0479_/X (sky130_fd_sc_hd__or2_1)
                                                         _0090_ (net)
                      0.096094    0.000809    1.251900 v _0480_/B (sky130_fd_sc_hd__or2_1)
     3    0.016073    0.105981    0.288361    1.540262 v _0480_/X (sky130_fd_sc_hd__or2_1)
                                                         _0091_ (net)
                      0.105988    0.000951    1.541213 v _0481_/B (sky130_fd_sc_hd__nor2_4)
    19    0.064629    0.400433    0.340713    1.881926 ^ _0481_/Y (sky130_fd_sc_hd__nor2_4)
                                                         _0092_ (net)
                      0.400927    0.011632    1.893558 ^ _0837_/S (sky130_fd_sc_hd__mux2_1)
     1    0.002627    0.054059    0.359805    2.253363 v _0837_/X (sky130_fd_sc_hd__mux2_1)
                                                         _0034_ (net)
                      0.054059    0.000190    2.253553 v _0988_/D (sky130_fd_sc_hd__dfstp_1)
                                              2.253553   data arrival time

                                 25.000000   25.000000   clock clk (rise edge)
                                  0.000000   25.000000   clock source latency
     2    0.018194    0.087443    0.060611   25.060610 ^ clk (in)
                                                         clk (net)
                      0.087487    0.000000   25.060610 ^ clkbuf_0_clk/A (sky130_fd_sc_hd__clkbuf_16)
    17    0.112789    0.126581    0.207491   25.268101 ^ clkbuf_0_clk/X (sky130_fd_sc_hd__clkbuf_16)
                                                         clknet_0_clk (net)
                      0.127122    0.006624   25.274725 ^ clkbuf_3_1__f_clk/A (sky130_fd_sc_hd__clkbuf_16)
    16    0.047985    0.067209    0.176577   25.451302 ^ clkbuf_3_1__f_clk/X (sky130_fd_sc_hd__clkbuf_16)
                                                         clknet_3_1__leaf_clk (net)
                      0.067290    0.002066   25.453367 ^ _0988_/CLK (sky130_fd_sc_hd__dfstp_1)
                                 -0.250000   25.203369   clock uncertainty
                                  0.000000   25.203369   clock reconvergence pessimism
                                 -0.067253   25.136116   library setup time
                                             25.136116   data required time
---------------------------------------------------------------------------------------------
                                             25.136116   data required time
                                             -2.253553   data arrival time
---------------------------------------------------------------------------------------------
                                             22.882563   slack (MET)


Startpoint: _0994_ (rising edge-triggered flip-flop clocked by clk)
Endpoint: _0991_ (rising edge-triggered flip-flop clocked by clk)
Path Group: clk
Path Type: max

Fanout         Cap        Slew       Delay        Time   Description
---------------------------------------------------------------------------------------------
                                  0.000000    0.000000   clock clk (rise edge)
                                  0.000000    0.000000   clock source latency
     2    0.018194    0.087443    0.060612    0.060612 ^ clk (in)
                                                         clk (net)
                      0.087487    0.000000    0.060612 ^ clkbuf_0_clk/A (sky130_fd_sc_hd__clkbuf_16)
    17    0.112789    0.126581    0.207490    0.268102 ^ clkbuf_0_clk/X (sky130_fd_sc_hd__clkbuf_16)
                                                         clknet_0_clk (net)
                      0.127259    0.007394    0.275496 ^ clkbuf_3_5__f_clk/A (sky130_fd_sc_hd__clkbuf_16)
    10    0.050701    0.069700    0.178622    0.454118 ^ clkbuf_3_5__f_clk/X (sky130_fd_sc_hd__clkbuf_16)
                                                         clknet_3_5__leaf_clk (net)
                      0.070010    0.003300    0.457418 ^ _0994_/CLK (sky130_fd_sc_hd__dfrtp_4)
     8    0.025575    0.086807    0.516835    0.974253 v _0994_/Q (sky130_fd_sc_hd__dfrtp_4)
                                                         MATMULT_INST.cntrl.state[2] (net)
                      0.086824    0.001717    0.975970 v _0479_/B (sky130_fd_sc_hd__or2_1)
     4    0.013809    0.096088    0.275121    1.251092 v _0479_/X (sky130_fd_sc_hd__or2_1)
                                                         _0090_ (net)
                      0.096094    0.000809    1.251900 v _0480_/B (sky130_fd_sc_hd__or2_1)
     3    0.016073    0.105981    0.288361    1.540262 v _0480_/X (sky130_fd_sc_hd__or2_1)
                                                         _0091_ (net)
                      0.105988    0.000951    1.541213 v _0481_/B (sky130_fd_sc_hd__nor2_4)
    19    0.064629    0.400433    0.340713    1.881926 ^ _0481_/Y (sky130_fd_sc_hd__nor2_4)
                                                         _0092_ (net)
                      0.400836    0.010530    1.892456 ^ _0840_/S (sky130_fd_sc_hd__mux2_1)
     1    0.002702    0.054482    0.360501    2.252957 v _0840_/X (sky130_fd_sc_hd__mux2_1)
                                                         _0037_ (net)
                      0.054482    0.000189    2.253146 v _0991_/D (sky130_fd_sc_hd__dfstp_1)
                                              2.253146   data arrival time

                                 25.000000   25.000000   clock clk (rise edge)
                                  0.000000   25.000000   clock source latency
     2    0.018194    0.087443    0.060611   25.060610 ^ clk (in)
                                                         clk (net)
                      0.087487    0.000000   25.060610 ^ clkbuf_0_clk/A (sky130_fd_sc_hd__clkbuf_16)
    17    0.112789    0.126581    0.207491   25.268101 ^ clkbuf_0_clk/X (sky130_fd_sc_hd__clkbuf_16)
                                                         clknet_0_clk (net)
                      0.127083    0.006391   25.274492 ^ clkbuf_3_3__f_clk/A (sky130_fd_sc_hd__clkbuf_16)
    11    0.051178    0.070143    0.179082   25.453575 ^ clkbuf_3_3__f_clk/X (sky130_fd_sc_hd__clkbuf_16)
                                                         clknet_3_3__leaf_clk (net)
                      0.070307    0.002881   25.456455 ^ _0991_/CLK (sky130_fd_sc_hd__dfstp_1)
                                 -0.250000   25.206457   clock uncertainty
                                  0.000000   25.206457   clock reconvergence pessimism
                                 -0.066727   25.139729   library setup time
                                             25.139729   data required time
---------------------------------------------------------------------------------------------
                                             25.139729   data required time
                                             -2.253146   data arrival time
---------------------------------------------------------------------------------------------
                                             22.886581   slack (MET)


Startpoint: _0994_ (rising edge-triggered flip-flop clocked by clk)
Endpoint: _1029_ (rising edge-triggered flip-flop clocked by clk)
Path Group: clk
Path Type: max

Fanout         Cap        Slew       Delay        Time   Description
---------------------------------------------------------------------------------------------
                                  0.000000    0.000000   clock clk (rise edge)
                                  0.000000    0.000000   clock source latency
     2    0.018194    0.087443    0.060612    0.060612 ^ clk (in)
                                                         clk (net)
                      0.087487    0.000000    0.060612 ^ clkbuf_0_clk/A (sky130_fd_sc_hd__clkbuf_16)
    17    0.112789    0.126581    0.207490    0.268102 ^ clkbuf_0_clk/X (sky130_fd_sc_hd__clkbuf_16)
                                                         clknet_0_clk (net)
                      0.127259    0.007394    0.275496 ^ clkbuf_3_5__f_clk/A (sky130_fd_sc_hd__clkbuf_16)
    10    0.050701    0.069700    0.178622    0.454118 ^ clkbuf_3_5__f_clk/X (sky130_fd_sc_hd__clkbuf_16)
                                                         clknet_3_5__leaf_clk (net)
                      0.070010    0.003300    0.457418 ^ _0994_/CLK (sky130_fd_sc_hd__dfrtp_4)
     8    0.025575    0.086807    0.516835    0.974253 v _0994_/Q (sky130_fd_sc_hd__dfrtp_4)
                                                         MATMULT_INST.cntrl.state[2] (net)
                      0.086824    0.001717    0.975970 v _0479_/B (sky130_fd_sc_hd__or2_1)
     4    0.013809    0.096088    0.275121    1.251092 v _0479_/X (sky130_fd_sc_hd__or2_1)
                                                         _0090_ (net)
                      0.096094    0.000809    1.251900 v _0480_/B (sky130_fd_sc_hd__or2_1)
     3    0.016073    0.105981    0.288361    1.540262 v _0480_/X (sky130_fd_sc_hd__or2_1)
                                                         _0091_ (net)
                      0.105988    0.000951    1.541213 v _0481_/B (sky130_fd_sc_hd__nor2_4)
    19    0.064629    0.400433    0.340713    1.881926 ^ _0481_/Y (sky130_fd_sc_hd__nor2_4)
                                                         _0092_ (net)
                      0.400522    0.005025    1.886951 ^ _0486_/A (sky130_fd_sc_hd__or2_2)
     5    0.022922    0.126905    0.258682    2.145633 ^ _0486_/X (sky130_fd_sc_hd__or2_2)
                                                         MATMULT_INST.cntrl.data_read (net)
                      0.126913    0.001142    2.146775 ^ _0929_/A (sky130_fd_sc_hd__nor2_1)
     1    0.003617    0.042640    0.066941    2.213716 v _0929_/Y (sky130_fd_sc_hd__nor2_1)
                                                         _0052_ (net)
                      0.042640    0.000220    2.213936 v _1029_/D (sky130_fd_sc_hd__dfrtp_1)
                                              2.213936   data arrival time

                                 25.000000   25.000000   clock clk (rise edge)
                                  0.000000   25.000000   clock source latency
     2    0.018194    0.087443    0.060611   25.060610 ^ clk (in)
                                                         clk (net)
                      0.087487    0.000000   25.060610 ^ clkbuf_0_clk/A (sky130_fd_sc_hd__clkbuf_16)
    17    0.112789    0.126581    0.207491   25.268101 ^ clkbuf_0_clk/X (sky130_fd_sc_hd__clkbuf_16)
                                                         clknet_0_clk (net)
                      0.127328    0.007756   25.275856 ^ clkbuf_3_7__f_clk/A (sky130_fd_sc_hd__clkbuf_16)
    18    0.053999    0.072776    0.180540   25.456396 ^ clkbuf_3_7__f_clk/X (sky130_fd_sc_hd__clkbuf_16)
                                                         clknet_3_7__leaf_clk (net)
                      0.073309    0.004597   25.460995 ^ _1029_/CLK (sky130_fd_sc_hd__dfrtp_1)
                                 -0.250000   25.210995   clock uncertainty
                                  0.000000   25.210995   clock reconvergence pessimism
                                 -0.106768   25.104227   library setup time
                                             25.104227   data required time
---------------------------------------------------------------------------------------------
                                             25.104227   data required time
                                             -2.213936   data arrival time
---------------------------------------------------------------------------------------------
                                             22.890291   slack (MET)


Startpoint: _0993_ (rising edge-triggered flip-flop clocked by clk)
Endpoint: _1023_ (rising edge-triggered flip-flop clocked by clk)
Path Group: clk
Path Type: max

Fanout         Cap        Slew       Delay        Time   Description
---------------------------------------------------------------------------------------------
                                  0.000000    0.000000   clock clk (rise edge)
                                  0.000000    0.000000   clock source latency
     2    0.018194    0.087443    0.060612    0.060612 ^ clk (in)
                                                         clk (net)
                      0.087487    0.000000    0.060612 ^ clkbuf_0_clk/A (sky130_fd_sc_hd__clkbuf_16)
    17    0.112789    0.126581    0.207490    0.268102 ^ clkbuf_0_clk/X (sky130_fd_sc_hd__clkbuf_16)
                                                         clknet_0_clk (net)
                      0.127328    0.007756    0.275858 ^ clkbuf_3_7__f_clk/A (sky130_fd_sc_hd__clkbuf_16)
    18    0.053999    0.072776    0.180539    0.456397 ^ clkbuf_3_7__f_clk/X (sky130_fd_sc_hd__clkbuf_16)
                                                         clknet_3_7__leaf_clk (net)
                      0.073279    0.004445    0.460842 ^ _0993_/CLK (sky130_fd_sc_hd__dfrtp_2)
     7    0.028793    0.149546    0.440126    0.900968 ^ _0993_/Q (sky130_fd_sc_hd__dfrtp_2)
                                                         MATMULT_INST.cntrl.state[1] (net)
                      0.149560    0.001523    0.902491 ^ _0451_/A (sky130_fd_sc_hd__inv_2)
     3    0.010651    0.049830    0.065967    0.968459 v _0451_/Y (sky130_fd_sc_hd__inv_2)
                                                         _0064_ (net)
                      0.049837    0.000575    0.969034 v _0478_/B (sky130_fd_sc_hd__or2_1)
     4    0.016042    0.106147    0.270212    1.239245 v _0478_/X (sky130_fd_sc_hd__or2_1)
                                                         _0089_ (net)
                      0.106150    0.000687    1.239933 v _0847_/B (sky130_fd_sc_hd__or2_1)
     4    0.014443    0.098802    0.285147    1.525080 v _0847_/X (sky130_fd_sc_hd__or2_1)
                                                         _0381_ (net)
                      0.098820    0.001302    1.526382 v _0866_/B (sky130_fd_sc_hd__nor2_1)
     3    0.015720    0.289522    0.260356    1.786738 ^ _0866_/Y (sky130_fd_sc_hd__nor2_1)
                                                         _0398_ (net)
                      0.289528    0.001101    1.787839 ^ _0874_/B (sky130_fd_sc_hd__nand2_4)
    10    0.042280    0.124147    0.153011    1.940850 v _0874_/Y (sky130_fd_sc_hd__nand2_4)
                                                         _0402_ (net)
                      0.124517    0.005609    1.946459 v _0889_/A1 (sky130_fd_sc_hd__o31ai_1)
     1    0.003824    0.215700    0.279966    2.226425 ^ _0889_/Y (sky130_fd_sc_hd__o31ai_1)
                                                         _0046_ (net)
                      0.215700    0.000291    2.226716 ^ _1023_/D (sky130_fd_sc_hd__dfstp_1)
                                              2.226716   data arrival time

                                 25.000000   25.000000   clock clk (rise edge)
                                  0.000000   25.000000   clock source latency
     2    0.018194    0.087443    0.060611   25.060610 ^ clk (in)
                                                         clk (net)
                      0.087487    0.000000   25.060610 ^ clkbuf_0_clk/A (sky130_fd_sc_hd__clkbuf_16)
    17    0.112789    0.126581    0.207491   25.268101 ^ clkbuf_0_clk/X (sky130_fd_sc_hd__clkbuf_16)
                                                         clknet_0_clk (net)
                      0.127162    0.006860   25.274961 ^ clkbuf_3_4__f_clk/A (sky130_fd_sc_hd__clkbuf_16)
    15    0.051117    0.070086    0.178730   25.453691 ^ clkbuf_3_4__f_clk/X (sky130_fd_sc_hd__clkbuf_16)
                                                         clknet_3_4__leaf_clk (net)
                      0.070538    0.004130   25.457821 ^ _1023_/CLK (sky130_fd_sc_hd__dfstp_1)
                                 -0.250000   25.207823   clock uncertainty
                                  0.000000   25.207823   clock reconvergence pessimism
                                 -0.087560   25.120262   library setup time
                                             25.120262   data required time
---------------------------------------------------------------------------------------------
                                             25.120262   data required time
                                             -2.226716   data arrival time
---------------------------------------------------------------------------------------------
                                             22.893545   slack (MET)


Startpoint: _1016_ (rising edge-triggered flip-flop clocked by clk)
Endpoint: _1001_ (rising edge-triggered flip-flop clocked by clk)
Path Group: clk
Path Type: max

Fanout         Cap        Slew       Delay        Time   Description
---------------------------------------------------------------------------------------------
                                  0.000000    0.000000   clock clk (rise edge)
                                  0.000000    0.000000   clock source latency
     2    0.018194    0.087443    0.060612    0.060612 ^ clk (in)
                                                         clk (net)
                      0.087487    0.000000    0.060612 ^ clkbuf_0_clk/A (sky130_fd_sc_hd__clkbuf_16)
    17    0.112789    0.126581    0.207490    0.268102 ^ clkbuf_0_clk/X (sky130_fd_sc_hd__clkbuf_16)
                                                         clknet_0_clk (net)
                      0.127219    0.007181    0.275282 ^ clkbuf_3_6__f_clk/A (sky130_fd_sc_hd__clkbuf_16)
    15    0.050695    0.069711    0.178572    0.453854 ^ clkbuf_3_6__f_clk/X (sky130_fd_sc_hd__clkbuf_16)
                                                         clknet_3_6__leaf_clk (net)
                      0.069826    0.002464    0.456318 ^ _1016_/CLK (sky130_fd_sc_hd__dfrtp_1)
     4    0.013787    0.131440    0.394777    0.851095 ^ _1016_/Q (sky130_fd_sc_hd__dfrtp_1)
                                                         MATMULT_INST.uart_rcv.shift_strobe (net)
                      0.131446    0.001046    0.852141 ^ fanout24/A (sky130_fd_sc_hd__clkbuf_4)
    21    0.079151    0.240259    0.297565    1.149707 ^ fanout24/X (sky130_fd_sc_hd__clkbuf_4)
                                                         net24 (net)
                      0.240597    0.007560    1.157266 ^ _0470_/C (sky130_fd_sc_hd__and3_1)
     3    0.014450    0.152777    0.270329    1.427595 ^ _0470_/X (sky130_fd_sc_hd__and3_1)
                                                         _0083_ (net)
                      0.152785    0.001262    1.428857 ^ _0471_/B (sky130_fd_sc_hd__and2_1)
     3    0.012773    0.134930    0.210830    1.639688 ^ _0471_/X (sky130_fd_sc_hd__and2_1)
                                                         _0084_ (net)
                      0.134935    0.001013    1.640700 ^ _0473_/B1 (sky130_fd_sc_hd__a21oi_1)
     1    0.005731    0.065052    0.072755    1.713456 v _0473_/Y (sky130_fd_sc_hd__a21oi_1)
                                                         _0086_ (net)
                      0.065054    0.000358    1.713814 v _0474_/B1 (sky130_fd_sc_hd__a211oi_1)
     2    0.007489    0.308104    0.311468    2.025282 ^ _0474_/Y (sky130_fd_sc_hd__a211oi_1)
                                                         MATMULT_INST.uart_rcv.tim.bit_count.next_cnt_out[3] (net)
                      0.308104    0.000393    2.025675 ^ _0582_/C (sky130_fd_sc_hd__and4bb_1)
     1    0.002293    0.054053    0.227780    2.253455 ^ _0582_/X (sky130_fd_sc_hd__and4bb_1)
                                                         MATMULT_INST.uart_rcv.tim.bit_count.next_roflag (net)
                      0.054053    0.000105    2.253560 ^ _1001_/D (sky130_fd_sc_hd__dfrtp_4)
                                              2.253560   data arrival time

                                 25.000000   25.000000   clock clk (rise edge)
                                  0.000000   25.000000   clock source latency
     2    0.018194    0.087443    0.060611   25.060610 ^ clk (in)
                                                         clk (net)
                      0.087487    0.000000   25.060610 ^ clkbuf_0_clk/A (sky130_fd_sc_hd__clkbuf_16)
    17    0.112789    0.126581    0.207491   25.268101 ^ clkbuf_0_clk/X (sky130_fd_sc_hd__clkbuf_16)
                                                         clknet_0_clk (net)
                      0.127328    0.007756   25.275856 ^ clkbuf_3_7__f_clk/A (sky130_fd_sc_hd__clkbuf_16)
    18    0.053999    0.072776    0.180540   25.456396 ^ clkbuf_3_7__f_clk/X (sky130_fd_sc_hd__clkbuf_16)
                                                         clknet_3_7__leaf_clk (net)
                      0.073089    0.003341   25.459738 ^ _1001_/CLK (sky130_fd_sc_hd__dfrtp_4)
                                 -0.250000   25.209740   clock uncertainty
                                  0.000000   25.209740   clock reconvergence pessimism
                                 -0.061315   25.148424   library setup time
                                             25.148424   data required time
---------------------------------------------------------------------------------------------
                                             25.148424   data required time
                                             -2.253560   data arrival time
---------------------------------------------------------------------------------------------
                                             22.894863   slack (MET)


Startpoint: _0941_ (rising edge-triggered flip-flop clocked by clk)
Endpoint: _0939_ (rising edge-triggered flip-flop clocked by clk)
Path Group: clk
Path Type: max

Fanout         Cap        Slew       Delay        Time   Description
---------------------------------------------------------------------------------------------
                                  0.000000    0.000000   clock clk (rise edge)
                                  0.000000    0.000000   clock source latency
     2    0.018194    0.087443    0.060612    0.060612 ^ clk (in)
                                                         clk (net)
                      0.087487    0.000000    0.060612 ^ clkbuf_0_clk/A (sky130_fd_sc_hd__clkbuf_16)
    17    0.112789    0.126581    0.207490    0.268102 ^ clkbuf_0_clk/X (sky130_fd_sc_hd__clkbuf_16)
                                                         clknet_0_clk (net)
                      0.127259    0.007394    0.275496 ^ clkbuf_3_5__f_clk/A (sky130_fd_sc_hd__clkbuf_16)
    10    0.050701    0.069700    0.178622    0.454118 ^ clkbuf_3_5__f_clk/X (sky130_fd_sc_hd__clkbuf_16)
                                                         clknet_3_5__leaf_clk (net)
                      0.069735    0.001536    0.455654 ^ _0941_/CLK (sky130_fd_sc_hd__dfrtp_2)
     9    0.023999    0.088848    0.452743    0.908398 v _0941_/Q (sky130_fd_sc_hd__dfrtp_2)
                                                         MATMULT_INST.uart_tx.tx_ctrl.state[2] (net)
                      0.088927    0.002387    0.910785 v _0710_/A (sky130_fd_sc_hd__or3b_2)
     5    0.014892    0.115007    0.535359    1.446144 v _0710_/X (sky130_fd_sc_hd__or3b_2)
                                                         _0284_ (net)
                      0.115039    0.001066    1.447211 v _0750_/B (sky130_fd_sc_hd__and3_1)
     3    0.009378    0.064404    0.221960    1.669170 v _0750_/X (sky130_fd_sc_hd__and3_1)
                                                         _0321_ (net)
                      0.064408    0.000565    1.669735 v _0751_/B1 (sky130_fd_sc_hd__o21ai_1)
     1    0.002920    0.100747    0.077911    1.747646 ^ _0751_/Y (sky130_fd_sc_hd__o21ai_1)
                                                         _0322_ (net)
                      0.100747    0.000203    1.747849 ^ _0752_/D (sky130_fd_sc_hd__and4bb_1)
     2    0.006919    0.092498    0.233058    1.980907 ^ _0752_/X (sky130_fd_sc_hd__and4bb_1)
                                                         _0323_ (net)
                      0.092498    0.000394    1.981301 ^ _0753_/B1 (sky130_fd_sc_hd__a21o_1)
     3    0.014003    0.127907    0.154857    2.136157 ^ _0753_/X (sky130_fd_sc_hd__a21o_1)
                                                         _0324_ (net)
                      0.127916    0.001175    2.137332 ^ _0754_/C (sky130_fd_sc_hd__nor3_1)
     1    0.003189    0.041864    0.061720    2.199052 v _0754_/Y (sky130_fd_sc_hd__nor3_1)
                                                         _0000_ (net)
                      0.041865    0.000212    2.199265 v _0939_/D (sky130_fd_sc_hd__dfrtp_1)
                                              2.199265   data arrival time

                                 25.000000   25.000000   clock clk (rise edge)
                                  0.000000   25.000000   clock source latency
     2    0.018194    0.087443    0.060611   25.060610 ^ clk (in)
                                                         clk (net)
                      0.087487    0.000000   25.060610 ^ clkbuf_0_clk/A (sky130_fd_sc_hd__clkbuf_16)
    17    0.112789    0.126581    0.207491   25.268101 ^ clkbuf_0_clk/X (sky130_fd_sc_hd__clkbuf_16)
                                                         clknet_0_clk (net)
                      0.127259    0.007393   25.275494 ^ clkbuf_3_5__f_clk/A (sky130_fd_sc_hd__clkbuf_16)
    10    0.050701    0.069700    0.178623   25.454117 ^ clkbuf_3_5__f_clk/X (sky130_fd_sc_hd__clkbuf_16)
                                                         clknet_3_5__leaf_clk (net)
                      0.069783    0.002155   25.456272 ^ _0939_/CLK (sky130_fd_sc_hd__dfrtp_1)
                                 -0.250000   25.206274   clock uncertainty
                                  0.000000   25.206274   clock reconvergence pessimism
                                 -0.107237   25.099037   library setup time
                                             25.099037   data required time
---------------------------------------------------------------------------------------------
                                             25.099037   data required time
                                             -2.199265   data arrival time
---------------------------------------------------------------------------------------------
                                             22.899771   slack (MET)


Startpoint: _1016_ (rising edge-triggered flip-flop clocked by clk)
Endpoint: _0997_ (rising edge-triggered flip-flop clocked by clk)
Path Group: clk
Path Type: max

Fanout         Cap        Slew       Delay        Time   Description
---------------------------------------------------------------------------------------------
                                  0.000000    0.000000   clock clk (rise edge)
                                  0.000000    0.000000   clock source latency
     2    0.018194    0.087443    0.060612    0.060612 ^ clk (in)
                                                         clk (net)
                      0.087487    0.000000    0.060612 ^ clkbuf_0_clk/A (sky130_fd_sc_hd__clkbuf_16)
    17    0.112789    0.126581    0.207490    0.268102 ^ clkbuf_0_clk/X (sky130_fd_sc_hd__clkbuf_16)
                                                         clknet_0_clk (net)
                      0.127219    0.007181    0.275282 ^ clkbuf_3_6__f_clk/A (sky130_fd_sc_hd__clkbuf_16)
    15    0.050695    0.069711    0.178572    0.453854 ^ clkbuf_3_6__f_clk/X (sky130_fd_sc_hd__clkbuf_16)
                                                         clknet_3_6__leaf_clk (net)
                      0.069826    0.002464    0.456318 ^ _1016_/CLK (sky130_fd_sc_hd__dfrtp_1)
     4    0.013169    0.084378    0.413182    0.869500 v _1016_/Q (sky130_fd_sc_hd__dfrtp_1)
                                                         MATMULT_INST.uart_rcv.shift_strobe (net)
                      0.084385    0.000840    0.870340 v hold14/A (sky130_fd_sc_hd__dlygate4sd3_1)
     1    0.003375    0.056831    0.570736    1.441076 v hold14/X (sky130_fd_sc_hd__dlygate4sd3_1)
                                                         net117 (net)
                      0.056831    0.000148    1.441224 v _0477_/A2 (sky130_fd_sc_hd__o21a_1)
     2    0.005146    0.045682    0.179145    1.620369 v _0477_/X (sky130_fd_sc_hd__o21a_1)
                                                         MATMULT_INST.uart_rcv.tim.bit_count.next_cnt_out[0] (net)
                      0.045682    0.000159    1.620529 v hold15/A (sky130_fd_sc_hd__dlygate4sd3_1)
     1    0.003241    0.055854    0.552407    2.172936 v hold15/X (sky130_fd_sc_hd__dlygate4sd3_1)
                                                         net118 (net)
                      0.055854    0.000206    2.173142 v _0997_/D (sky130_fd_sc_hd__dfrtp_1)
                                              2.173142   data arrival time

                                 25.000000   25.000000   clock clk (rise edge)
                                  0.000000   25.000000   clock source latency
     2    0.018194    0.087443    0.060611   25.060610 ^ clk (in)
                                                         clk (net)
                      0.087487    0.000000   25.060610 ^ clkbuf_0_clk/A (sky130_fd_sc_hd__clkbuf_16)
    17    0.112789    0.126581    0.207491   25.268101 ^ clkbuf_0_clk/X (sky130_fd_sc_hd__clkbuf_16)
                                                         clknet_0_clk (net)
                      0.127328    0.007756   25.275856 ^ clkbuf_3_7__f_clk/A (sky130_fd_sc_hd__clkbuf_16)
    18    0.053999    0.072776    0.180540   25.456396 ^ clkbuf_3_7__f_clk/X (sky130_fd_sc_hd__clkbuf_16)
                                                         clknet_3_7__leaf_clk (net)
                      0.073038    0.002986   25.459383 ^ _0997_/CLK (sky130_fd_sc_hd__dfrtp_1)
                                 -0.250000   25.209383   clock uncertainty
                                  0.000000   25.209383   clock reconvergence pessimism
                                 -0.112586   25.096798   library setup time
                                             25.096798   data required time
---------------------------------------------------------------------------------------------
                                             25.096798   data required time
                                             -2.173142   data arrival time
---------------------------------------------------------------------------------------------
                                             22.923656   slack (MET)


Startpoint: _0992_ (rising edge-triggered flip-flop clocked by clk)
Endpoint: _0969_ (rising edge-triggered flip-flop clocked by clk)
Path Group: clk
Path Type: max

Fanout         Cap        Slew       Delay        Time   Description
---------------------------------------------------------------------------------------------
                                  0.000000    0.000000   clock clk (rise edge)
                                  0.000000    0.000000   clock source latency
     2    0.018194    0.087443    0.060612    0.060612 ^ clk (in)
                                                         clk (net)
                      0.087487    0.000000    0.060612 ^ clkbuf_0_clk/A (sky130_fd_sc_hd__clkbuf_16)
    17    0.112789    0.126581    0.207490    0.268102 ^ clkbuf_0_clk/X (sky130_fd_sc_hd__clkbuf_16)
                                                         clknet_0_clk (net)
                      0.127328    0.007756    0.275858 ^ clkbuf_3_7__f_clk/A (sky130_fd_sc_hd__clkbuf_16)
    18    0.053999    0.072776    0.180539    0.456397 ^ clkbuf_3_7__f_clk/X (sky130_fd_sc_hd__clkbuf_16)
                                                         clknet_3_7__leaf_clk (net)
                      0.073263    0.004359    0.460756 ^ _0992_/CLK (sky130_fd_sc_hd__dfrtp_2)
     8    0.027159    0.096716    0.461685    0.922440 v _0992_/Q (sky130_fd_sc_hd__dfrtp_2)
                                                         MATMULT_INST.cntrl.state[0] (net)
                      0.096771    0.002119    0.924559 v _0770_/B (sky130_fd_sc_hd__or4_1)
     4    0.013594    0.145022    0.597654    1.522213 v _0770_/X (sky130_fd_sc_hd__or4_1)
                                                         _0328_ (net)
                      0.145026    0.000961    1.523174 v _0771_/B (sky130_fd_sc_hd__nor2_1)
     5    0.022488    0.402937    0.360188    1.883362 ^ _0771_/Y (sky130_fd_sc_hd__nor2_1)
                                                         _0329_ (net)
                      0.402950    0.001902    1.885264 ^ _0777_/A (sky130_fd_sc_hd__and3_1)
     1    0.005746    0.079027    0.242056    2.127320 ^ _0777_/X (sky130_fd_sc_hd__and3_1)
                                                         _0334_ (net)
                      0.079028    0.000449    2.127769 ^ _0778_/B1 (sky130_fd_sc_hd__a21o_1)
     1    0.003126    0.040682    0.087309    2.215078 ^ _0778_/X (sky130_fd_sc_hd__a21o_1)
                                                         _0015_ (net)
                      0.040683    0.000230    2.215308 ^ _0969_/D (sky130_fd_sc_hd__dfstp_1)
                                              2.215308   data arrival time

                                 25.000000   25.000000   clock clk (rise edge)
                                  0.000000   25.000000   clock source latency
     2    0.018194    0.087443    0.060611   25.060610 ^ clk (in)
                                                         clk (net)
                      0.087487    0.000000   25.060610 ^ clkbuf_0_clk/A (sky130_fd_sc_hd__clkbuf_16)
    17    0.112789    0.126581    0.207491   25.268101 ^ clkbuf_0_clk/X (sky130_fd_sc_hd__clkbuf_16)
                                                         clknet_0_clk (net)
                      0.127162    0.006860   25.274961 ^ clkbuf_3_4__f_clk/A (sky130_fd_sc_hd__clkbuf_16)
    15    0.051117    0.070086    0.178730   25.453691 ^ clkbuf_3_4__f_clk/X (sky130_fd_sc_hd__clkbuf_16)
                                                         clknet_3_4__leaf_clk (net)
                      0.070389    0.003231   25.456923 ^ _0969_/CLK (sky130_fd_sc_hd__dfstp_1)
                                 -0.250000   25.206923   clock uncertainty
                                  0.000000   25.206923   clock reconvergence pessimism
                                 -0.050246   25.156677   library setup time
                                             25.156677   data required time
---------------------------------------------------------------------------------------------
                                             25.156677   data required time
                                             -2.215308   data arrival time
---------------------------------------------------------------------------------------------
                                             22.941370   slack (MET)


Startpoint: _0992_ (rising edge-triggered flip-flop clocked by clk)
Endpoint: _0968_ (rising edge-triggered flip-flop clocked by clk)
Path Group: clk
Path Type: max

Fanout         Cap        Slew       Delay        Time   Description
---------------------------------------------------------------------------------------------
                                  0.000000    0.000000   clock clk (rise edge)
                                  0.000000    0.000000   clock source latency
     2    0.018194    0.087443    0.060612    0.060612 ^ clk (in)
                                                         clk (net)
                      0.087487    0.000000    0.060612 ^ clkbuf_0_clk/A (sky130_fd_sc_hd__clkbuf_16)
    17    0.112789    0.126581    0.207490    0.268102 ^ clkbuf_0_clk/X (sky130_fd_sc_hd__clkbuf_16)
                                                         clknet_0_clk (net)
                      0.127328    0.007756    0.275858 ^ clkbuf_3_7__f_clk/A (sky130_fd_sc_hd__clkbuf_16)
    18    0.053999    0.072776    0.180539    0.456397 ^ clkbuf_3_7__f_clk/X (sky130_fd_sc_hd__clkbuf_16)
                                                         clknet_3_7__leaf_clk (net)
                      0.073263    0.004359    0.460756 ^ _0992_/CLK (sky130_fd_sc_hd__dfrtp_2)
     8    0.027159    0.096716    0.461685    0.922440 v _0992_/Q (sky130_fd_sc_hd__dfrtp_2)
                                                         MATMULT_INST.cntrl.state[0] (net)
                      0.096771    0.002119    0.924559 v _0770_/B (sky130_fd_sc_hd__or4_1)
     4    0.013594    0.145022    0.597654    1.522213 v _0770_/X (sky130_fd_sc_hd__or4_1)
                                                         _0328_ (net)
                      0.145026    0.000961    1.523174 v _0771_/B (sky130_fd_sc_hd__nor2_1)
     5    0.022488    0.402937    0.360188    1.883362 ^ _0771_/Y (sky130_fd_sc_hd__nor2_1)
                                                         _0329_ (net)
                      0.402950    0.001950    1.885312 ^ _0773_/C (sky130_fd_sc_hd__and3_1)
     1    0.004901    0.071169    0.226788    2.112101 ^ _0773_/X (sky130_fd_sc_hd__and3_1)
                                                         _0331_ (net)
                      0.071169    0.000374    2.112474 ^ _0774_/B1 (sky130_fd_sc_hd__a21o_1)
     1    0.003719    0.045143    0.088864    2.201338 ^ _0774_/X (sky130_fd_sc_hd__a21o_1)
                                                         _0014_ (net)
                      0.045144    0.000262    2.201600 ^ _0968_/D (sky130_fd_sc_hd__dfstp_1)
                                              2.201600   data arrival time

                                 25.000000   25.000000   clock clk (rise edge)
                                  0.000000   25.000000   clock source latency
     2    0.018194    0.087443    0.060611   25.060610 ^ clk (in)
                                                         clk (net)
                      0.087487    0.000000   25.060610 ^ clkbuf_0_clk/A (sky130_fd_sc_hd__clkbuf_16)
    17    0.112789    0.126581    0.207491   25.268101 ^ clkbuf_0_clk/X (sky130_fd_sc_hd__clkbuf_16)
                                                         clknet_0_clk (net)
                      0.127162    0.006860   25.274961 ^ clkbuf_3_4__f_clk/A (sky130_fd_sc_hd__clkbuf_16)
    15    0.051117    0.070086    0.178730   25.453691 ^ clkbuf_3_4__f_clk/X (sky130_fd_sc_hd__clkbuf_16)
                                                         clknet_3_4__leaf_clk (net)
                      0.070440    0.003560   25.457251 ^ _0968_/CLK (sky130_fd_sc_hd__dfstp_1)
                                 -0.250000   25.207253   clock uncertainty
                                  0.000000   25.207253   clock reconvergence pessimism
                                 -0.051190   25.156063   library setup time
                                             25.156063   data required time
---------------------------------------------------------------------------------------------
                                             25.156063   data required time
                                             -2.201600   data arrival time
---------------------------------------------------------------------------------------------
                                             22.954462   slack (MET)


Startpoint: _1016_ (rising edge-triggered flip-flop clocked by clk)
Endpoint: _1000_ (rising edge-triggered flip-flop clocked by clk)
Path Group: clk
Path Type: max

Fanout         Cap        Slew       Delay        Time   Description
---------------------------------------------------------------------------------------------
                                  0.000000    0.000000   clock clk (rise edge)
                                  0.000000    0.000000   clock source latency
     2    0.018194    0.087443    0.060612    0.060612 ^ clk (in)
                                                         clk (net)
                      0.087487    0.000000    0.060612 ^ clkbuf_0_clk/A (sky130_fd_sc_hd__clkbuf_16)
    17    0.112789    0.126581    0.207490    0.268102 ^ clkbuf_0_clk/X (sky130_fd_sc_hd__clkbuf_16)
                                                         clknet_0_clk (net)
                      0.127219    0.007181    0.275282 ^ clkbuf_3_6__f_clk/A (sky130_fd_sc_hd__clkbuf_16)
    15    0.050695    0.069711    0.178572    0.453854 ^ clkbuf_3_6__f_clk/X (sky130_fd_sc_hd__clkbuf_16)
                                                         clknet_3_6__leaf_clk (net)
                      0.069826    0.002464    0.456318 ^ _1016_/CLK (sky130_fd_sc_hd__dfrtp_1)
     4    0.013787    0.131440    0.394777    0.851095 ^ _1016_/Q (sky130_fd_sc_hd__dfrtp_1)
                                                         MATMULT_INST.uart_rcv.shift_strobe (net)
                      0.131446    0.001046    0.852141 ^ fanout24/A (sky130_fd_sc_hd__clkbuf_4)
    21    0.079151    0.240259    0.297565    1.149707 ^ fanout24/X (sky130_fd_sc_hd__clkbuf_4)
                                                         net24 (net)
                      0.240597    0.007560    1.157266 ^ _0470_/C (sky130_fd_sc_hd__and3_1)
     3    0.014450    0.152777    0.270329    1.427595 ^ _0470_/X (sky130_fd_sc_hd__and3_1)
                                                         _0083_ (net)
                      0.152785    0.001262    1.428857 ^ _0471_/B (sky130_fd_sc_hd__and2_1)
     3    0.012773    0.134930    0.210830    1.639688 ^ _0471_/X (sky130_fd_sc_hd__and2_1)
                                                         _0084_ (net)
                      0.134935    0.001013    1.640700 ^ _0473_/B1 (sky130_fd_sc_hd__a21oi_1)
     1    0.005731    0.065052    0.072755    1.713456 v _0473_/Y (sky130_fd_sc_hd__a21oi_1)
                                                         _0086_ (net)
                      0.065054    0.000358    1.713814 v _0474_/B1 (sky130_fd_sc_hd__a211oi_1)
     2    0.007489    0.308104    0.311468    2.025282 ^ _0474_/Y (sky130_fd_sc_hd__a211oi_1)
                                                         MATMULT_INST.uart_rcv.tim.bit_count.next_cnt_out[3] (net)
                      0.308104    0.000304    2.025586 ^ _1000_/D (sky130_fd_sc_hd__dfrtp_1)
                                              2.025586   data arrival time

                                 25.000000   25.000000   clock clk (rise edge)
                                  0.000000   25.000000   clock source latency
     2    0.018194    0.087443    0.060611   25.060610 ^ clk (in)
                                                         clk (net)
                      0.087487    0.000000   25.060610 ^ clkbuf_0_clk/A (sky130_fd_sc_hd__clkbuf_16)
    17    0.112789    0.126581    0.207491   25.268101 ^ clkbuf_0_clk/X (sky130_fd_sc_hd__clkbuf_16)
                                                         clknet_0_clk (net)
                      0.127328    0.007756   25.275856 ^ clkbuf_3_7__f_clk/A (sky130_fd_sc_hd__clkbuf_16)
    18    0.053999    0.072776    0.180540   25.456396 ^ clkbuf_3_7__f_clk/X (sky130_fd_sc_hd__clkbuf_16)
                                                         clknet_3_7__leaf_clk (net)
                      0.073009    0.002764   25.459162 ^ _1000_/CLK (sky130_fd_sc_hd__dfrtp_1)
                                 -0.250000   25.209162   clock uncertainty
                                  0.000000   25.209162   clock reconvergence pessimism
                                 -0.115975   25.093187   library setup time
                                             25.093187   data required time
---------------------------------------------------------------------------------------------
                                             25.093187   data required time
                                             -2.025586   data arrival time
---------------------------------------------------------------------------------------------
                                             23.067600   slack (MET)


Startpoint: _0993_ (rising edge-triggered flip-flop clocked by clk)
Endpoint: _0978_ (rising edge-triggered flip-flop clocked by clk)
Path Group: clk
Path Type: max

Fanout         Cap        Slew       Delay        Time   Description
---------------------------------------------------------------------------------------------
                                  0.000000    0.000000   clock clk (rise edge)
                                  0.000000    0.000000   clock source latency
     2    0.018194    0.087443    0.060612    0.060612 ^ clk (in)
                                                         clk (net)
                      0.087487    0.000000    0.060612 ^ clkbuf_0_clk/A (sky130_fd_sc_hd__clkbuf_16)
    17    0.112789    0.126581    0.207490    0.268102 ^ clkbuf_0_clk/X (sky130_fd_sc_hd__clkbuf_16)
                                                         clknet_0_clk (net)
                      0.127328    0.007756    0.275858 ^ clkbuf_3_7__f_clk/A (sky130_fd_sc_hd__clkbuf_16)
    18    0.053999    0.072776    0.180539    0.456397 ^ clkbuf_3_7__f_clk/X (sky130_fd_sc_hd__clkbuf_16)
                                                         clknet_3_7__leaf_clk (net)
                      0.073279    0.004445    0.460842 ^ _0993_/CLK (sky130_fd_sc_hd__dfrtp_2)
     7    0.027211    0.096667    0.462094    0.922936 v _0993_/Q (sky130_fd_sc_hd__dfrtp_2)
                                                         MATMULT_INST.cntrl.state[1] (net)
                      0.096689    0.001411    0.924347 v _0483_/B (sky130_fd_sc_hd__nor2_1)
     4    0.012254    0.232127    0.217063    1.141410 ^ _0483_/Y (sky130_fd_sc_hd__nor2_1)
                                                         _0094_ (net)
                      0.232129    0.000614    1.142024 ^ _0484_/B (sky130_fd_sc_hd__nand2_1)
     2    0.012301    0.109399    0.149296    1.291321 v _0484_/Y (sky130_fd_sc_hd__nand2_1)
                                                         _0095_ (net)
                      0.109400    0.000546    1.291867 v _0485_/B (sky130_fd_sc_hd__nor2_4)
    21    0.067743    0.418598    0.354595    1.646462 ^ _0485_/Y (sky130_fd_sc_hd__nor2_4)
                                                         _0096_ (net)
                      0.419064    0.011579    1.658041 ^ _0827_/S (sky130_fd_sc_hd__mux2_1)
     1    0.003522    0.059659    0.369515    2.027555 v _0827_/X (sky130_fd_sc_hd__mux2_1)
                                                         _0024_ (net)
                      0.059659    0.000227    2.027782 v _0978_/D (sky130_fd_sc_hd__dfstp_2)
                                              2.027782   data arrival time

                                 25.000000   25.000000   clock clk (rise edge)
                                  0.000000   25.000000   clock source latency
     2    0.018194    0.087443    0.060611   25.060610 ^ clk (in)
                                                         clk (net)
                      0.087487    0.000000   25.060610 ^ clkbuf_0_clk/A (sky130_fd_sc_hd__clkbuf_16)
    17    0.112789    0.126581    0.207491   25.268101 ^ clkbuf_0_clk/X (sky130_fd_sc_hd__clkbuf_16)
                                                         clknet_0_clk (net)
                      0.127122    0.006624   25.274725 ^ clkbuf_3_1__f_clk/A (sky130_fd_sc_hd__clkbuf_16)
    16    0.047985    0.067209    0.176577   25.451302 ^ clkbuf_3_1__f_clk/X (sky130_fd_sc_hd__clkbuf_16)
                                                         clknet_3_1__leaf_clk (net)
                      0.067373    0.002808   25.454111 ^ _0978_/CLK (sky130_fd_sc_hd__dfstp_2)
                                 -0.250000   25.204111   clock uncertainty
                                  0.000000   25.204111   clock reconvergence pessimism
                                 -0.071647   25.132465   library setup time
                                             25.132465   data required time
---------------------------------------------------------------------------------------------
                                             25.132465   data required time
                                             -2.027782   data arrival time
---------------------------------------------------------------------------------------------
                                             23.104683   slack (MET)


Startpoint: _0993_ (rising edge-triggered flip-flop clocked by clk)
Endpoint: _0976_ (rising edge-triggered flip-flop clocked by clk)
Path Group: clk
Path Type: max

Fanout         Cap        Slew       Delay        Time   Description
---------------------------------------------------------------------------------------------
                                  0.000000    0.000000   clock clk (rise edge)
                                  0.000000    0.000000   clock source latency
     2    0.018194    0.087443    0.060612    0.060612 ^ clk (in)
                                                         clk (net)
                      0.087487    0.000000    0.060612 ^ clkbuf_0_clk/A (sky130_fd_sc_hd__clkbuf_16)
    17    0.112789    0.126581    0.207490    0.268102 ^ clkbuf_0_clk/X (sky130_fd_sc_hd__clkbuf_16)
                                                         clknet_0_clk (net)
                      0.127328    0.007756    0.275858 ^ clkbuf_3_7__f_clk/A (sky130_fd_sc_hd__clkbuf_16)
    18    0.053999    0.072776    0.180539    0.456397 ^ clkbuf_3_7__f_clk/X (sky130_fd_sc_hd__clkbuf_16)
                                                         clknet_3_7__leaf_clk (net)
                      0.073279    0.004445    0.460842 ^ _0993_/CLK (sky130_fd_sc_hd__dfrtp_2)
     7    0.027211    0.096667    0.462094    0.922936 v _0993_/Q (sky130_fd_sc_hd__dfrtp_2)
                                                         MATMULT_INST.cntrl.state[1] (net)
                      0.096689    0.001411    0.924347 v _0483_/B (sky130_fd_sc_hd__nor2_1)
     4    0.012254    0.232127    0.217063    1.141410 ^ _0483_/Y (sky130_fd_sc_hd__nor2_1)
                                                         _0094_ (net)
                      0.232129    0.000614    1.142024 ^ _0484_/B (sky130_fd_sc_hd__nand2_1)
     2    0.012301    0.109399    0.149296    1.291321 v _0484_/Y (sky130_fd_sc_hd__nand2_1)
                                                         _0095_ (net)
                      0.109400    0.000546    1.291867 v _0485_/B (sky130_fd_sc_hd__nor2_4)
    21    0.067743    0.418598    0.354595    1.646462 ^ _0485_/Y (sky130_fd_sc_hd__nor2_4)
                                                         _0096_ (net)
                      0.419223    0.013351    1.659813 ^ _0825_/S (sky130_fd_sc_hd__mux2_1)
     1    0.003274    0.058045    0.367205    2.027018 v _0825_/X (sky130_fd_sc_hd__mux2_1)
                                                         _0022_ (net)
                      0.058045    0.000216    2.027235 v _0976_/D (sky130_fd_sc_hd__dfstp_1)
                                              2.027235   data arrival time

                                 25.000000   25.000000   clock clk (rise edge)
                                  0.000000   25.000000   clock source latency
     2    0.018194    0.087443    0.060611   25.060610 ^ clk (in)
                                                         clk (net)
                      0.087487    0.000000   25.060610 ^ clkbuf_0_clk/A (sky130_fd_sc_hd__clkbuf_16)
    17    0.112789    0.126581    0.207491   25.268101 ^ clkbuf_0_clk/X (sky130_fd_sc_hd__clkbuf_16)
                                                         clknet_0_clk (net)
                      0.127122    0.006624   25.274725 ^ clkbuf_3_1__f_clk/A (sky130_fd_sc_hd__clkbuf_16)
    16    0.047985    0.067209    0.176577   25.451302 ^ clkbuf_3_1__f_clk/X (sky130_fd_sc_hd__clkbuf_16)
                                                         clknet_3_1__leaf_clk (net)
                      0.067387    0.002915   25.454218 ^ _0976_/CLK (sky130_fd_sc_hd__dfstp_1)
                                 -0.250000   25.204218   clock uncertainty
                                  0.000000   25.204218   clock reconvergence pessimism
                                 -0.068658   25.135561   library setup time
                                             25.135561   data required time
---------------------------------------------------------------------------------------------
                                             25.135561   data required time
                                             -2.027235   data arrival time
---------------------------------------------------------------------------------------------
                                             23.108324   slack (MET)


Startpoint: _0993_ (rising edge-triggered flip-flop clocked by clk)
Endpoint: _0977_ (rising edge-triggered flip-flop clocked by clk)
Path Group: clk
Path Type: max

Fanout         Cap        Slew       Delay        Time   Description
---------------------------------------------------------------------------------------------
                                  0.000000    0.000000   clock clk (rise edge)
                                  0.000000    0.000000   clock source latency
     2    0.018194    0.087443    0.060612    0.060612 ^ clk (in)
                                                         clk (net)
                      0.087487    0.000000    0.060612 ^ clkbuf_0_clk/A (sky130_fd_sc_hd__clkbuf_16)
    17    0.112789    0.126581    0.207490    0.268102 ^ clkbuf_0_clk/X (sky130_fd_sc_hd__clkbuf_16)
                                                         clknet_0_clk (net)
                      0.127328    0.007756    0.275858 ^ clkbuf_3_7__f_clk/A (sky130_fd_sc_hd__clkbuf_16)
    18    0.053999    0.072776    0.180539    0.456397 ^ clkbuf_3_7__f_clk/X (sky130_fd_sc_hd__clkbuf_16)
                                                         clknet_3_7__leaf_clk (net)
                      0.073279    0.004445    0.460842 ^ _0993_/CLK (sky130_fd_sc_hd__dfrtp_2)
     7    0.027211    0.096667    0.462094    0.922936 v _0993_/Q (sky130_fd_sc_hd__dfrtp_2)
                                                         MATMULT_INST.cntrl.state[1] (net)
                      0.096689    0.001411    0.924347 v _0483_/B (sky130_fd_sc_hd__nor2_1)
     4    0.012254    0.232127    0.217063    1.141410 ^ _0483_/Y (sky130_fd_sc_hd__nor2_1)
                                                         _0094_ (net)
                      0.232129    0.000614    1.142024 ^ _0484_/B (sky130_fd_sc_hd__nand2_1)
     2    0.012301    0.109399    0.149296    1.291321 v _0484_/Y (sky130_fd_sc_hd__nand2_1)
                                                         _0095_ (net)
                      0.109400    0.000546    1.291867 v _0485_/B (sky130_fd_sc_hd__nor2_4)
    21    0.067743    0.418598    0.354595    1.646462 ^ _0485_/Y (sky130_fd_sc_hd__nor2_4)
                                                         _0096_ (net)
                      0.419169    0.012781    1.659243 ^ _0826_/S (sky130_fd_sc_hd__mux2_1)
     1    0.003281    0.058079    0.367277    2.026520 v _0826_/X (sky130_fd_sc_hd__mux2_1)
                                                         _0023_ (net)
                      0.058079    0.000214    2.026733 v _0977_/D (sky130_fd_sc_hd__dfstp_1)
                                              2.026733   data arrival time

                                 25.000000   25.000000   clock clk (rise edge)
                                  0.000000   25.000000   clock source latency
     2    0.018194    0.087443    0.060611   25.060610 ^ clk (in)
                                                         clk (net)
                      0.087487    0.000000   25.060610 ^ clkbuf_0_clk/A (sky130_fd_sc_hd__clkbuf_16)
    17    0.112789    0.126581    0.207491   25.268101 ^ clkbuf_0_clk/X (sky130_fd_sc_hd__clkbuf_16)
                                                         clknet_0_clk (net)
                      0.127122    0.006624   25.274725 ^ clkbuf_3_1__f_clk/A (sky130_fd_sc_hd__clkbuf_16)
    16    0.047985    0.067209    0.176577   25.451302 ^ clkbuf_3_1__f_clk/X (sky130_fd_sc_hd__clkbuf_16)
                                                         clknet_3_1__leaf_clk (net)
                      0.067376    0.002837   25.454140 ^ _0977_/CLK (sky130_fd_sc_hd__dfstp_1)
                                 -0.250000   25.204140   clock uncertainty
                                  0.000000   25.204140   clock reconvergence pessimism
                                 -0.068673   25.135468   library setup time
                                             25.135468   data required time
---------------------------------------------------------------------------------------------
                                             25.135468   data required time
                                             -2.026733   data arrival time
---------------------------------------------------------------------------------------------
                                             23.108734   slack (MET)


Startpoint: _0993_ (rising edge-triggered flip-flop clocked by clk)
Endpoint: _0979_ (rising edge-triggered flip-flop clocked by clk)
Path Group: clk
Path Type: max

Fanout         Cap        Slew       Delay        Time   Description
---------------------------------------------------------------------------------------------
                                  0.000000    0.000000   clock clk (rise edge)
                                  0.000000    0.000000   clock source latency
     2    0.018194    0.087443    0.060612    0.060612 ^ clk (in)
                                                         clk (net)
                      0.087487    0.000000    0.060612 ^ clkbuf_0_clk/A (sky130_fd_sc_hd__clkbuf_16)
    17    0.112789    0.126581    0.207490    0.268102 ^ clkbuf_0_clk/X (sky130_fd_sc_hd__clkbuf_16)
                                                         clknet_0_clk (net)
                      0.127328    0.007756    0.275858 ^ clkbuf_3_7__f_clk/A (sky130_fd_sc_hd__clkbuf_16)
    18    0.053999    0.072776    0.180539    0.456397 ^ clkbuf_3_7__f_clk/X (sky130_fd_sc_hd__clkbuf_16)
                                                         clknet_3_7__leaf_clk (net)
                      0.073279    0.004445    0.460842 ^ _0993_/CLK (sky130_fd_sc_hd__dfrtp_2)
     7    0.027211    0.096667    0.462094    0.922936 v _0993_/Q (sky130_fd_sc_hd__dfrtp_2)
                                                         MATMULT_INST.cntrl.state[1] (net)
                      0.096689    0.001411    0.924347 v _0483_/B (sky130_fd_sc_hd__nor2_1)
     4    0.012254    0.232127    0.217063    1.141410 ^ _0483_/Y (sky130_fd_sc_hd__nor2_1)
                                                         _0094_ (net)
                      0.232129    0.000614    1.142024 ^ _0484_/B (sky130_fd_sc_hd__nand2_1)
     2    0.012301    0.109399    0.149296    1.291321 v _0484_/Y (sky130_fd_sc_hd__nand2_1)
                                                         _0095_ (net)
                      0.109400    0.000546    1.291867 v _0485_/B (sky130_fd_sc_hd__nor2_4)
    21    0.067743    0.418598    0.354595    1.646462 ^ _0485_/Y (sky130_fd_sc_hd__nor2_4)
                                                         _0096_ (net)
                      0.419013    0.010937    1.657399 ^ _0828_/S (sky130_fd_sc_hd__mux2_1)
     1    0.003348    0.058526    0.367889    2.025288 v _0828_/X (sky130_fd_sc_hd__mux2_1)
                                                         _0025_ (net)
                      0.058526    0.000214    2.025501 v _0979_/D (sky130_fd_sc_hd__dfstp_1)
                                              2.025501   data arrival time

                                 25.000000   25.000000   clock clk (rise edge)
                                  0.000000   25.000000   clock source latency
     2    0.018194    0.087443    0.060611   25.060610 ^ clk (in)
                                                         clk (net)
                      0.087487    0.000000   25.060610 ^ clkbuf_0_clk/A (sky130_fd_sc_hd__clkbuf_16)
    17    0.112789    0.126581    0.207491   25.268101 ^ clkbuf_0_clk/X (sky130_fd_sc_hd__clkbuf_16)
                                                         clknet_0_clk (net)
                      0.127122    0.006624   25.274725 ^ clkbuf_3_1__f_clk/A (sky130_fd_sc_hd__clkbuf_16)
    16    0.047985    0.067209    0.176577   25.451302 ^ clkbuf_3_1__f_clk/X (sky130_fd_sc_hd__clkbuf_16)
                                                         clknet_3_1__leaf_clk (net)
                      0.067281    0.001966   25.453268 ^ _0979_/CLK (sky130_fd_sc_hd__dfstp_1)
                                 -0.250000   25.203270   clock uncertainty
                                  0.000000   25.203270   clock reconvergence pessimism
                                 -0.068854   25.134417   library setup time
                                             25.134417   data required time
---------------------------------------------------------------------------------------------
                                             25.134417   data required time
                                             -2.025501   data arrival time
---------------------------------------------------------------------------------------------
                                             23.108915   slack (MET)


Startpoint: _0993_ (rising edge-triggered flip-flop clocked by clk)
Endpoint: _0982_ (rising edge-triggered flip-flop clocked by clk)
Path Group: clk
Path Type: max

Fanout         Cap        Slew       Delay        Time   Description
---------------------------------------------------------------------------------------------
                                  0.000000    0.000000   clock clk (rise edge)
                                  0.000000    0.000000   clock source latency
     2    0.018194    0.087443    0.060612    0.060612 ^ clk (in)
                                                         clk (net)
                      0.087487    0.000000    0.060612 ^ clkbuf_0_clk/A (sky130_fd_sc_hd__clkbuf_16)
    17    0.112789    0.126581    0.207490    0.268102 ^ clkbuf_0_clk/X (sky130_fd_sc_hd__clkbuf_16)
                                                         clknet_0_clk (net)
                      0.127328    0.007756    0.275858 ^ clkbuf_3_7__f_clk/A (sky130_fd_sc_hd__clkbuf_16)
    18    0.053999    0.072776    0.180539    0.456397 ^ clkbuf_3_7__f_clk/X (sky130_fd_sc_hd__clkbuf_16)
                                                         clknet_3_7__leaf_clk (net)
                      0.073279    0.004445    0.460842 ^ _0993_/CLK (sky130_fd_sc_hd__dfrtp_2)
     7    0.027211    0.096667    0.462094    0.922936 v _0993_/Q (sky130_fd_sc_hd__dfrtp_2)
                                                         MATMULT_INST.cntrl.state[1] (net)
                      0.096689    0.001411    0.924347 v _0483_/B (sky130_fd_sc_hd__nor2_1)
     4    0.012254    0.232127    0.217063    1.141410 ^ _0483_/Y (sky130_fd_sc_hd__nor2_1)
                                                         _0094_ (net)
                      0.232129    0.000614    1.142024 ^ _0484_/B (sky130_fd_sc_hd__nand2_1)
     2    0.012301    0.109399    0.149296    1.291321 v _0484_/Y (sky130_fd_sc_hd__nand2_1)
                                                         _0095_ (net)
                      0.109400    0.000546    1.291867 v _0485_/B (sky130_fd_sc_hd__nor2_4)
    21    0.067743    0.418598    0.354595    1.646462 ^ _0485_/Y (sky130_fd_sc_hd__nor2_4)
                                                         _0096_ (net)
                      0.419130    0.012346    1.658808 ^ _0831_/S (sky130_fd_sc_hd__mux2_1)
     1    0.002887    0.055606    0.363581    2.022388 v _0831_/X (sky130_fd_sc_hd__mux2_1)
                                                         _0028_ (net)
                      0.055606    0.000197    2.022585 v _0982_/D (sky130_fd_sc_hd__dfstp_2)
                                              2.022585   data arrival time

                                 25.000000   25.000000   clock clk (rise edge)
                                  0.000000   25.000000   clock source latency
     2    0.018194    0.087443    0.060611   25.060610 ^ clk (in)
                                                         clk (net)
                      0.087487    0.000000   25.060610 ^ clkbuf_0_clk/A (sky130_fd_sc_hd__clkbuf_16)
    17    0.112789    0.126581    0.207491   25.268101 ^ clkbuf_0_clk/X (sky130_fd_sc_hd__clkbuf_16)
                                                         clknet_0_clk (net)
                      0.127122    0.006624   25.274725 ^ clkbuf_3_1__f_clk/A (sky130_fd_sc_hd__clkbuf_16)
    16    0.047985    0.067209    0.176577   25.451302 ^ clkbuf_3_1__f_clk/X (sky130_fd_sc_hd__clkbuf_16)
                                                         clknet_3_1__leaf_clk (net)
                      0.067339    0.002530   25.453833 ^ _0982_/CLK (sky130_fd_sc_hd__dfstp_2)
                                 -0.250000   25.203833   clock uncertainty
                                  0.000000   25.203833   clock reconvergence pessimism
                                 -0.070195   25.133638   library setup time
                                             25.133638   data required time
---------------------------------------------------------------------------------------------
                                             25.133638   data required time
                                             -2.022585   data arrival time
---------------------------------------------------------------------------------------------
                                             23.111053   slack (MET)


Startpoint: _0993_ (rising edge-triggered flip-flop clocked by clk)
Endpoint: _0983_ (rising edge-triggered flip-flop clocked by clk)
Path Group: clk
Path Type: max

Fanout         Cap        Slew       Delay        Time   Description
---------------------------------------------------------------------------------------------
                                  0.000000    0.000000   clock clk (rise edge)
                                  0.000000    0.000000   clock source latency
     2    0.018194    0.087443    0.060612    0.060612 ^ clk (in)
                                                         clk (net)
                      0.087487    0.000000    0.060612 ^ clkbuf_0_clk/A (sky130_fd_sc_hd__clkbuf_16)
    17    0.112789    0.126581    0.207490    0.268102 ^ clkbuf_0_clk/X (sky130_fd_sc_hd__clkbuf_16)
                                                         clknet_0_clk (net)
                      0.127328    0.007756    0.275858 ^ clkbuf_3_7__f_clk/A (sky130_fd_sc_hd__clkbuf_16)
    18    0.053999    0.072776    0.180539    0.456397 ^ clkbuf_3_7__f_clk/X (sky130_fd_sc_hd__clkbuf_16)
                                                         clknet_3_7__leaf_clk (net)
                      0.073279    0.004445    0.460842 ^ _0993_/CLK (sky130_fd_sc_hd__dfrtp_2)
     7    0.027211    0.096667    0.462094    0.922936 v _0993_/Q (sky130_fd_sc_hd__dfrtp_2)
                                                         MATMULT_INST.cntrl.state[1] (net)
                      0.096689    0.001411    0.924347 v _0483_/B (sky130_fd_sc_hd__nor2_1)
     4    0.012254    0.232127    0.217063    1.141410 ^ _0483_/Y (sky130_fd_sc_hd__nor2_1)
                                                         _0094_ (net)
                      0.232129    0.000614    1.142024 ^ _0484_/B (sky130_fd_sc_hd__nand2_1)
     2    0.012301    0.109399    0.149296    1.291321 v _0484_/Y (sky130_fd_sc_hd__nand2_1)
                                                         _0095_ (net)
                      0.109400    0.000546    1.291867 v _0485_/B (sky130_fd_sc_hd__nor2_4)
    21    0.067743    0.418598    0.354595    1.646462 ^ _0485_/Y (sky130_fd_sc_hd__nor2_4)
                                                         _0096_ (net)
                      0.419126    0.012302    1.658763 ^ _0832_/S (sky130_fd_sc_hd__mux2_1)
     1    0.002933    0.055904    0.364003    2.022766 v _0832_/X (sky130_fd_sc_hd__mux2_1)
                                                         _0029_ (net)
                      0.055904    0.000207    2.022974 v _0983_/D (sky130_fd_sc_hd__dfstp_1)
                                              2.022974   data arrival time

                                 25.000000   25.000000   clock clk (rise edge)
                                  0.000000   25.000000   clock source latency
     2    0.018194    0.087443    0.060611   25.060610 ^ clk (in)
                                                         clk (net)
                      0.087487    0.000000   25.060610 ^ clkbuf_0_clk/A (sky130_fd_sc_hd__clkbuf_16)
    17    0.112789    0.126581    0.207491   25.268101 ^ clkbuf_0_clk/X (sky130_fd_sc_hd__clkbuf_16)
                                                         clknet_0_clk (net)
                      0.127122    0.006624   25.274725 ^ clkbuf_3_1__f_clk/A (sky130_fd_sc_hd__clkbuf_16)
    16    0.047985    0.067209    0.176577   25.451302 ^ clkbuf_3_1__f_clk/X (sky130_fd_sc_hd__clkbuf_16)
                                                         clknet_3_1__leaf_clk (net)
                      0.067316    0.002318   25.453621 ^ _0983_/CLK (sky130_fd_sc_hd__dfstp_1)
                                 -0.250000   25.203621   clock uncertainty
                                  0.000000   25.203621   clock reconvergence pessimism
                                 -0.067908   25.135714   library setup time
                                             25.135714   data required time
---------------------------------------------------------------------------------------------
                                             25.135714   data required time
                                             -2.022974   data arrival time
---------------------------------------------------------------------------------------------
                                             23.112740   slack (MET)


Startpoint: _0993_ (rising edge-triggered flip-flop clocked by clk)
Endpoint: _0981_ (rising edge-triggered flip-flop clocked by clk)
Path Group: clk
Path Type: max

Fanout         Cap        Slew       Delay        Time   Description
---------------------------------------------------------------------------------------------
                                  0.000000    0.000000   clock clk (rise edge)
                                  0.000000    0.000000   clock source latency
     2    0.018194    0.087443    0.060612    0.060612 ^ clk (in)
                                                         clk (net)
                      0.087487    0.000000    0.060612 ^ clkbuf_0_clk/A (sky130_fd_sc_hd__clkbuf_16)
    17    0.112789    0.126581    0.207490    0.268102 ^ clkbuf_0_clk/X (sky130_fd_sc_hd__clkbuf_16)
                                                         clknet_0_clk (net)
                      0.127328    0.007756    0.275858 ^ clkbuf_3_7__f_clk/A (sky130_fd_sc_hd__clkbuf_16)
    18    0.053999    0.072776    0.180539    0.456397 ^ clkbuf_3_7__f_clk/X (sky130_fd_sc_hd__clkbuf_16)
                                                         clknet_3_7__leaf_clk (net)
                      0.073279    0.004445    0.460842 ^ _0993_/CLK (sky130_fd_sc_hd__dfrtp_2)
     7    0.027211    0.096667    0.462094    0.922936 v _0993_/Q (sky130_fd_sc_hd__dfrtp_2)
                                                         MATMULT_INST.cntrl.state[1] (net)
                      0.096689    0.001411    0.924347 v _0483_/B (sky130_fd_sc_hd__nor2_1)
     4    0.012254    0.232127    0.217063    1.141410 ^ _0483_/Y (sky130_fd_sc_hd__nor2_1)
                                                         _0094_ (net)
                      0.232129    0.000614    1.142024 ^ _0484_/B (sky130_fd_sc_hd__nand2_1)
     2    0.012301    0.109399    0.149296    1.291321 v _0484_/Y (sky130_fd_sc_hd__nand2_1)
                                                         _0095_ (net)
                      0.109400    0.000546    1.291867 v _0485_/B (sky130_fd_sc_hd__nor2_4)
    21    0.067743    0.418598    0.354595    1.646462 ^ _0485_/Y (sky130_fd_sc_hd__nor2_4)
                                                         _0096_ (net)
                      0.419220    0.013322    1.659784 ^ _0830_/S (sky130_fd_sc_hd__mux2_1)
     1    0.002767    0.054894    0.362457    2.022241 v _0830_/X (sky130_fd_sc_hd__mux2_1)
                                                         _0027_ (net)
                      0.054894    0.000203    2.022444 v _0981_/D (sky130_fd_sc_hd__dfstp_1)
                                              2.022444   data arrival time

                                 25.000000   25.000000   clock clk (rise edge)
                                  0.000000   25.000000   clock source latency
     2    0.018194    0.087443    0.060611   25.060610 ^ clk (in)
                                                         clk (net)
                      0.087487    0.000000   25.060610 ^ clkbuf_0_clk/A (sky130_fd_sc_hd__clkbuf_16)
    17    0.112789    0.126581    0.207491   25.268101 ^ clkbuf_0_clk/X (sky130_fd_sc_hd__clkbuf_16)
                                                         clknet_0_clk (net)
                      0.127122    0.006624   25.274725 ^ clkbuf_3_1__f_clk/A (sky130_fd_sc_hd__clkbuf_16)
    16    0.047985    0.067209    0.176577   25.451302 ^ clkbuf_3_1__f_clk/X (sky130_fd_sc_hd__clkbuf_16)
                                                         clknet_3_1__leaf_clk (net)
                      0.067384    0.002895   25.454197 ^ _0981_/CLK (sky130_fd_sc_hd__dfstp_1)
                                 -0.250000   25.204199   clock uncertainty
                                  0.000000   25.204199   clock reconvergence pessimism
                                 -0.067531   25.136667   library setup time
                                             25.136667   data required time
---------------------------------------------------------------------------------------------
                                             25.136667   data required time
                                             -2.022444   data arrival time
---------------------------------------------------------------------------------------------
                                             23.114222   slack (MET)


Startpoint: _0993_ (rising edge-triggered flip-flop clocked by clk)
Endpoint: _0980_ (rising edge-triggered flip-flop clocked by clk)
Path Group: clk
Path Type: max

Fanout         Cap        Slew       Delay        Time   Description
---------------------------------------------------------------------------------------------
                                  0.000000    0.000000   clock clk (rise edge)
                                  0.000000    0.000000   clock source latency
     2    0.018194    0.087443    0.060612    0.060612 ^ clk (in)
                                                         clk (net)
                      0.087487    0.000000    0.060612 ^ clkbuf_0_clk/A (sky130_fd_sc_hd__clkbuf_16)
    17    0.112789    0.126581    0.207490    0.268102 ^ clkbuf_0_clk/X (sky130_fd_sc_hd__clkbuf_16)
                                                         clknet_0_clk (net)
                      0.127328    0.007756    0.275858 ^ clkbuf_3_7__f_clk/A (sky130_fd_sc_hd__clkbuf_16)
    18    0.053999    0.072776    0.180539    0.456397 ^ clkbuf_3_7__f_clk/X (sky130_fd_sc_hd__clkbuf_16)
                                                         clknet_3_7__leaf_clk (net)
                      0.073279    0.004445    0.460842 ^ _0993_/CLK (sky130_fd_sc_hd__dfrtp_2)
     7    0.027211    0.096667    0.462094    0.922936 v _0993_/Q (sky130_fd_sc_hd__dfrtp_2)
                                                         MATMULT_INST.cntrl.state[1] (net)
                      0.096689    0.001411    0.924347 v _0483_/B (sky130_fd_sc_hd__nor2_1)
     4    0.012254    0.232127    0.217063    1.141410 ^ _0483_/Y (sky130_fd_sc_hd__nor2_1)
                                                         _0094_ (net)
                      0.232129    0.000614    1.142024 ^ _0484_/B (sky130_fd_sc_hd__nand2_1)
     2    0.012301    0.109399    0.149296    1.291321 v _0484_/Y (sky130_fd_sc_hd__nand2_1)
                                                         _0095_ (net)
                      0.109400    0.000546    1.291867 v _0485_/B (sky130_fd_sc_hd__nor2_4)
    21    0.067743    0.418598    0.354595    1.646462 ^ _0485_/Y (sky130_fd_sc_hd__nor2_4)
                                                         _0096_ (net)
                      0.419223    0.013352    1.659813 ^ _0829_/S (sky130_fd_sc_hd__mux2_1)
     1    0.002696    0.054475    0.361797    2.021611 v _0829_/X (sky130_fd_sc_hd__mux2_1)
                                                         _0026_ (net)
                      0.054475    0.000195    2.021806 v _0980_/D (sky130_fd_sc_hd__dfstp_1)
                                              2.021806   data arrival time

                                 25.000000   25.000000   clock clk (rise edge)
                                  0.000000   25.000000   clock source latency
     2    0.018194    0.087443    0.060611   25.060610 ^ clk (in)
                                                         clk (net)
                      0.087487    0.000000   25.060610 ^ clkbuf_0_clk/A (sky130_fd_sc_hd__clkbuf_16)
    17    0.112789    0.126581    0.207491   25.268101 ^ clkbuf_0_clk/X (sky130_fd_sc_hd__clkbuf_16)
                                                         clknet_0_clk (net)
                      0.127122    0.006624   25.274725 ^ clkbuf_3_1__f_clk/A (sky130_fd_sc_hd__clkbuf_16)
    16    0.047985    0.067209    0.176577   25.451302 ^ clkbuf_3_1__f_clk/X (sky130_fd_sc_hd__clkbuf_16)
                                                         clknet_3_1__leaf_clk (net)
                      0.067392    0.002956   25.454258 ^ _0980_/CLK (sky130_fd_sc_hd__dfstp_1)
                                 -0.250000   25.204260   clock uncertainty
                                  0.000000   25.204260   clock reconvergence pessimism
                                 -0.067379   25.136881   library setup time
                                             25.136881   data required time
---------------------------------------------------------------------------------------------
                                             25.136881   data required time
                                             -2.021806   data arrival time
---------------------------------------------------------------------------------------------
                                             23.115074   slack (MET)


Startpoint: _1016_ (rising edge-triggered flip-flop clocked by clk)
Endpoint: _0999_ (rising edge-triggered flip-flop clocked by clk)
Path Group: clk
Path Type: max

Fanout         Cap        Slew       Delay        Time   Description
---------------------------------------------------------------------------------------------
                                  0.000000    0.000000   clock clk (rise edge)
                                  0.000000    0.000000   clock source latency
     2    0.018194    0.087443    0.060612    0.060612 ^ clk (in)
                                                         clk (net)
                      0.087487    0.000000    0.060612 ^ clkbuf_0_clk/A (sky130_fd_sc_hd__clkbuf_16)
    17    0.112789    0.126581    0.207490    0.268102 ^ clkbuf_0_clk/X (sky130_fd_sc_hd__clkbuf_16)
                                                         clknet_0_clk (net)
                      0.127219    0.007181    0.275282 ^ clkbuf_3_6__f_clk/A (sky130_fd_sc_hd__clkbuf_16)
    15    0.050695    0.069711    0.178572    0.453854 ^ clkbuf_3_6__f_clk/X (sky130_fd_sc_hd__clkbuf_16)
                                                         clknet_3_6__leaf_clk (net)
                      0.069826    0.002464    0.456318 ^ _1016_/CLK (sky130_fd_sc_hd__dfrtp_1)
     4    0.013169    0.084378    0.413182    0.869500 v _1016_/Q (sky130_fd_sc_hd__dfrtp_1)
                                                         MATMULT_INST.uart_rcv.shift_strobe (net)
                      0.084389    0.000995    0.870495 v fanout24/A (sky130_fd_sc_hd__clkbuf_4)
    21    0.076427    0.155401    0.250373    1.120868 v fanout24/X (sky130_fd_sc_hd__clkbuf_4)
                                                         net24 (net)
                      0.155878    0.007273    1.128141 v _0470_/C (sky130_fd_sc_hd__and3_1)
     3    0.013726    0.082697    0.272971    1.401112 v _0470_/X (sky130_fd_sc_hd__and3_1)
                                                         _0083_ (net)
                      0.082715    0.001201    1.402313 v _0471_/B (sky130_fd_sc_hd__and2_1)
     3    0.011972    0.072693    0.206784    1.609097 v _0471_/X (sky130_fd_sc_hd__and2_1)
                                                         _0084_ (net)
                      0.072700    0.000764    1.609861 v _0490_/B (sky130_fd_sc_hd__nor2_1)
     1    0.006225    0.131583    0.133894    1.743755 ^ _0490_/Y (sky130_fd_sc_hd__nor2_1)
                                                         _0099_ (net)
                      0.131586    0.000494    1.744249 ^ _0491_/B1 (sky130_fd_sc_hd__o21a_1)
     2    0.005697    0.065949    0.153883    1.898133 ^ _0491_/X (sky130_fd_sc_hd__o21a_1)
                                                         MATMULT_INST.uart_rcv.tim.bit_count.next_cnt_out[2] (net)
                      0.065949    0.000356    1.898489 ^ _0999_/D (sky130_fd_sc_hd__dfrtp_1)
                                              1.898489   data arrival time

                                 25.000000   25.000000   clock clk (rise edge)
                                  0.000000   25.000000   clock source latency
     2    0.018194    0.087443    0.060611   25.060610 ^ clk (in)
                                                         clk (net)
                      0.087487    0.000000   25.060610 ^ clkbuf_0_clk/A (sky130_fd_sc_hd__clkbuf_16)
    17    0.112789    0.126581    0.207491   25.268101 ^ clkbuf_0_clk/X (sky130_fd_sc_hd__clkbuf_16)
                                                         clknet_0_clk (net)
                      0.127328    0.007756   25.275856 ^ clkbuf_3_7__f_clk/A (sky130_fd_sc_hd__clkbuf_16)
    18    0.053999    0.072776    0.180540   25.456396 ^ clkbuf_3_7__f_clk/X (sky130_fd_sc_hd__clkbuf_16)
                                                         clknet_3_7__leaf_clk (net)
                      0.073014    0.002807   25.459204 ^ _0999_/CLK (sky130_fd_sc_hd__dfrtp_1)
                                 -0.250000   25.209204   clock uncertainty
                                  0.000000   25.209204   clock reconvergence pessimism
                                 -0.060426   25.148779   library setup time
                                             25.148779   data required time
---------------------------------------------------------------------------------------------
                                             25.148779   data required time
                                             -1.898489   data arrival time
---------------------------------------------------------------------------------------------
                                             23.250290   slack (MET)


Startpoint: _1020_ (rising edge-triggered flip-flop clocked by clk)
Endpoint: _1018_ (rising edge-triggered flip-flop clocked by clk)
Path Group: clk
Path Type: max

Fanout         Cap        Slew       Delay        Time   Description
---------------------------------------------------------------------------------------------
                                  0.000000    0.000000   clock clk (rise edge)
                                  0.000000    0.000000   clock source latency
     2    0.018194    0.087443    0.060612    0.060612 ^ clk (in)
                                                         clk (net)
                      0.087487    0.000000    0.060612 ^ clkbuf_0_clk/A (sky130_fd_sc_hd__clkbuf_16)
    17    0.112789    0.126581    0.207490    0.268102 ^ clkbuf_0_clk/X (sky130_fd_sc_hd__clkbuf_16)
                                                         clknet_0_clk (net)
                      0.127328    0.007756    0.275858 ^ clkbuf_3_7__f_clk/A (sky130_fd_sc_hd__clkbuf_16)
    18    0.053999    0.072776    0.180539    0.456397 ^ clkbuf_3_7__f_clk/X (sky130_fd_sc_hd__clkbuf_16)
                                                         clknet_3_7__leaf_clk (net)
                      0.072953    0.002292    0.458689 ^ _1020_/CLK (sky130_fd_sc_hd__dfrtp_1)
     6    0.021518    0.122111    0.447590    0.906279 v _1020_/Q (sky130_fd_sc_hd__dfrtp_1)
                                                         MATMULT_INST.uart_rcv.control.state[2] (net)
                      0.122130    0.001471    0.907750 v _0682_/A (sky130_fd_sc_hd__or3b_1)
     1    0.003660    0.071487    0.399606    1.307356 v _0682_/X (sky130_fd_sc_hd__or3b_1)
                                                         _0258_ (net)
                      0.071612    0.000243    1.307599 v _0683_/A2 (sky130_fd_sc_hd__a211o_1)
     1    0.003625    0.051986    0.299697    1.607296 v _0683_/X (sky130_fd_sc_hd__a211o_1)
                                                         _0259_ (net)
                      0.051986    0.000247    1.607543 v _0684_/B1_N (sky130_fd_sc_hd__a21bo_1)
     1    0.002863    0.039661    0.172186    1.779729 ^ _0684_/X (sky130_fd_sc_hd__a21bo_1)
                                                         MATMULT_INST.uart_rcv.control.next_state[0] (net)
                      0.039661    0.000188    1.779917 ^ _1018_/D (sky130_fd_sc_hd__dfrtp_2)
                                              1.779917   data arrival time

                                 25.000000   25.000000   clock clk (rise edge)
                                  0.000000   25.000000   clock source latency
     2    0.018194    0.087443    0.060611   25.060610 ^ clk (in)
                                                         clk (net)
                      0.087487    0.000000   25.060610 ^ clkbuf_0_clk/A (sky130_fd_sc_hd__clkbuf_16)
    17    0.112789    0.126581    0.207491   25.268101 ^ clkbuf_0_clk/X (sky130_fd_sc_hd__clkbuf_16)
                                                         clknet_0_clk (net)
                      0.127328    0.007756   25.275856 ^ clkbuf_3_7__f_clk/A (sky130_fd_sc_hd__clkbuf_16)
    18    0.053999    0.072776    0.180540   25.456396 ^ clkbuf_3_7__f_clk/X (sky130_fd_sc_hd__clkbuf_16)
                                                         clknet_3_7__leaf_clk (net)
                      0.073102    0.003427   25.459824 ^ _1018_/CLK (sky130_fd_sc_hd__dfrtp_2)
                                 -0.250000   25.209824   clock uncertainty
                                  0.000000   25.209824   clock reconvergence pessimism
                                 -0.057971   25.151854   library setup time
                                             25.151854   data required time
---------------------------------------------------------------------------------------------
                                             25.151854   data required time
                                             -1.779917   data arrival time
---------------------------------------------------------------------------------------------
                                             23.371937   slack (MET)


Startpoint: _0941_ (rising edge-triggered flip-flop clocked by clk)
Endpoint: _0940_ (rising edge-triggered flip-flop clocked by clk)
Path Group: clk
Path Type: max

Fanout         Cap        Slew       Delay        Time   Description
---------------------------------------------------------------------------------------------
                                  0.000000    0.000000   clock clk (rise edge)
                                  0.000000    0.000000   clock source latency
     2    0.018194    0.087443    0.060612    0.060612 ^ clk (in)
                                                         clk (net)
                      0.087487    0.000000    0.060612 ^ clkbuf_0_clk/A (sky130_fd_sc_hd__clkbuf_16)
    17    0.112789    0.126581    0.207490    0.268102 ^ clkbuf_0_clk/X (sky130_fd_sc_hd__clkbuf_16)
                                                         clknet_0_clk (net)
                      0.127259    0.007394    0.275496 ^ clkbuf_3_5__f_clk/A (sky130_fd_sc_hd__clkbuf_16)
    10    0.050701    0.069700    0.178622    0.454118 ^ clkbuf_3_5__f_clk/X (sky130_fd_sc_hd__clkbuf_16)
                                                         clknet_3_5__leaf_clk (net)
                      0.069735    0.001536    0.455654 ^ _0941_/CLK (sky130_fd_sc_hd__dfrtp_2)
     9    0.023999    0.088848    0.452743    0.908398 v _0941_/Q (sky130_fd_sc_hd__dfrtp_2)
                                                         MATMULT_INST.uart_tx.tx_ctrl.state[2] (net)
                      0.088927    0.002387    0.910785 v _0710_/A (sky130_fd_sc_hd__or3b_2)
     5    0.014892    0.115007    0.535359    1.446144 v _0710_/X (sky130_fd_sc_hd__or3b_2)
                                                         _0284_ (net)
                      0.115039    0.001066    1.447211 v _0750_/B (sky130_fd_sc_hd__and3_1)
     3    0.009378    0.064404    0.221960    1.669170 v _0750_/X (sky130_fd_sc_hd__and3_1)
                                                         _0321_ (net)
                      0.064404    0.000288    1.669458 v _0755_/B (sky130_fd_sc_hd__nor2_1)
     1    0.002877    0.078484    0.089364    1.758822 ^ _0755_/Y (sky130_fd_sc_hd__nor2_1)
                                                         _0001_ (net)
                      0.078485    0.000191    1.759013 ^ _0940_/D (sky130_fd_sc_hd__dfrtp_1)
                                              1.759013   data arrival time

                                 25.000000   25.000000   clock clk (rise edge)
                                  0.000000   25.000000   clock source latency
     2    0.018194    0.087443    0.060611   25.060610 ^ clk (in)
                                                         clk (net)
                      0.087487    0.000000   25.060610 ^ clkbuf_0_clk/A (sky130_fd_sc_hd__clkbuf_16)
    17    0.112789    0.126581    0.207491   25.268101 ^ clkbuf_0_clk/X (sky130_fd_sc_hd__clkbuf_16)
                                                         clknet_0_clk (net)
                      0.127259    0.007393   25.275494 ^ clkbuf_3_5__f_clk/A (sky130_fd_sc_hd__clkbuf_16)
    10    0.050701    0.069700    0.178623   25.454117 ^ clkbuf_3_5__f_clk/X (sky130_fd_sc_hd__clkbuf_16)
                                                         clknet_3_5__leaf_clk (net)
                      0.069721    0.001272   25.455389 ^ _0940_/CLK (sky130_fd_sc_hd__dfrtp_1)
                                 -0.250000   25.205391   clock uncertainty
                                  0.000000   25.205391   clock reconvergence pessimism
                                 -0.063803   25.141588   library setup time
                                             25.141588   data required time
---------------------------------------------------------------------------------------------
                                             25.141588   data required time
                                             -1.759013   data arrival time
---------------------------------------------------------------------------------------------
                                             23.382574   slack (MET)


Startpoint: _1017_ (rising edge-triggered flip-flop clocked by clk)
Endpoint: _1017_ (rising edge-triggered flip-flop clocked by clk)
Path Group: clk
Path Type: max

Fanout         Cap        Slew       Delay        Time   Description
---------------------------------------------------------------------------------------------
                                  0.000000    0.000000   clock clk (rise edge)
                                  0.000000    0.000000   clock source latency
     2    0.018194    0.087443    0.060612    0.060612 ^ clk (in)
                                                         clk (net)
                      0.087487    0.000000    0.060612 ^ clkbuf_0_clk/A (sky130_fd_sc_hd__clkbuf_16)
    17    0.112789    0.126581    0.207490    0.268102 ^ clkbuf_0_clk/X (sky130_fd_sc_hd__clkbuf_16)
                                                         clknet_0_clk (net)
                      0.127328    0.007756    0.275858 ^ clkbuf_3_7__f_clk/A (sky130_fd_sc_hd__clkbuf_16)
    18    0.053999    0.072776    0.180539    0.456397 ^ clkbuf_3_7__f_clk/X (sky130_fd_sc_hd__clkbuf_16)
                                                         clknet_3_7__leaf_clk (net)
                      0.073110    0.003477    0.459874 ^ _1017_/CLK (sky130_fd_sc_hd__dfrtp_1)
     4    0.013165    0.084230    0.414686    0.874560 v _1017_/Q (sky130_fd_sc_hd__dfrtp_1)
                                                         MATMULT_INST.cntrl.framing_error (net)
                      0.084231    0.000460    0.875019 v hold13/A (sky130_fd_sc_hd__dlygate4sd3_1)
     1    0.001973    0.048872    0.557960    1.432979 v hold13/X (sky130_fd_sc_hd__dlygate4sd3_1)
                                                         net116 (net)
                      0.048872    0.000093    1.433073 v _0873_/B2 (sky130_fd_sc_hd__a2bb2o_1)
     1    0.002525    0.048755    0.237333    1.670405 v _0873_/X (sky130_fd_sc_hd__a2bb2o_1)
                                                         _0043_ (net)
                      0.048755    0.000171    1.670576 v _1017_/D (sky130_fd_sc_hd__dfrtp_1)
                                              1.670576   data arrival time

                                 25.000000   25.000000   clock clk (rise edge)
                                  0.000000   25.000000   clock source latency
     2    0.018194    0.087443    0.060611   25.060610 ^ clk (in)
                                                         clk (net)
                      0.087487    0.000000   25.060610 ^ clkbuf_0_clk/A (sky130_fd_sc_hd__clkbuf_16)
    17    0.112789    0.126581    0.207491   25.268101 ^ clkbuf_0_clk/X (sky130_fd_sc_hd__clkbuf_16)
                                                         clknet_0_clk (net)
                      0.127328    0.007756   25.275856 ^ clkbuf_3_7__f_clk/A (sky130_fd_sc_hd__clkbuf_16)
    18    0.053999    0.072776    0.180540   25.456396 ^ clkbuf_3_7__f_clk/X (sky130_fd_sc_hd__clkbuf_16)
                                                         clknet_3_7__leaf_clk (net)
                      0.073110    0.003476   25.459873 ^ _1017_/CLK (sky130_fd_sc_hd__dfrtp_1)
                                 -0.250000   25.209873   clock uncertainty
                                  0.000000   25.209873   clock reconvergence pessimism
                                 -0.109477   25.100397   library setup time
                                             25.100397   data required time
---------------------------------------------------------------------------------------------
                                             25.100397   data required time
                                             -1.670576   data arrival time
---------------------------------------------------------------------------------------------
                                             23.429821   slack (MET)


Startpoint: _0998_ (rising edge-triggered flip-flop clocked by clk)
Endpoint: _0998_ (rising edge-triggered flip-flop clocked by clk)
Path Group: clk
Path Type: max

Fanout         Cap        Slew       Delay        Time   Description
---------------------------------------------------------------------------------------------
                                  0.000000    0.000000   clock clk (rise edge)
                                  0.000000    0.000000   clock source latency
     2    0.018194    0.087443    0.060612    0.060612 ^ clk (in)
                                                         clk (net)
                      0.087487    0.000000    0.060612 ^ clkbuf_0_clk/A (sky130_fd_sc_hd__clkbuf_16)
    17    0.112789    0.126581    0.207490    0.268102 ^ clkbuf_0_clk/X (sky130_fd_sc_hd__clkbuf_16)
                                                         clknet_0_clk (net)
                      0.127328    0.007756    0.275858 ^ clkbuf_3_7__f_clk/A (sky130_fd_sc_hd__clkbuf_16)
    18    0.053999    0.072776    0.180539    0.456397 ^ clkbuf_3_7__f_clk/X (sky130_fd_sc_hd__clkbuf_16)
                                                         clknet_3_7__leaf_clk (net)
                      0.073081    0.003286    0.459683 ^ _0998_/CLK (sky130_fd_sc_hd__dfrtp_1)
     4    0.010925    0.074499    0.405673    0.865356 v _0998_/Q (sky130_fd_sc_hd__dfrtp_1)
                                                         MATMULT_INST.uart_rcv.tim.bit_cnt[1] (net)
                      0.074499    0.000297    0.865654 v hold21/A (sky130_fd_sc_hd__dlygate4sd3_1)
     1    0.003354    0.056612    0.566027    1.431681 v hold21/X (sky130_fd_sc_hd__dlygate4sd3_1)
                                                         net124 (net)
                      0.056612    0.000225    1.431906 v _0489_/A1 (sky130_fd_sc_hd__o21a_1)
     2    0.006785    0.053460    0.203557    1.635463 v _0489_/X (sky130_fd_sc_hd__o21a_1)
                                                         MATMULT_INST.uart_rcv.tim.bit_count.next_cnt_out[1] (net)
                      0.053463    0.000410    1.635873 v _0998_/D (sky130_fd_sc_hd__dfrtp_1)
                                              1.635873   data arrival time

                                 25.000000   25.000000   clock clk (rise edge)
                                  0.000000   25.000000   clock source latency
     2    0.018194    0.087443    0.060611   25.060610 ^ clk (in)
                                                         clk (net)
                      0.087487    0.000000   25.060610 ^ clkbuf_0_clk/A (sky130_fd_sc_hd__clkbuf_16)
    17    0.112789    0.126581    0.207491   25.268101 ^ clkbuf_0_clk/X (sky130_fd_sc_hd__clkbuf_16)
                                                         clknet_0_clk (net)
                      0.127328    0.007756   25.275856 ^ clkbuf_3_7__f_clk/A (sky130_fd_sc_hd__clkbuf_16)
    18    0.053999    0.072776    0.180540   25.456396 ^ clkbuf_3_7__f_clk/X (sky130_fd_sc_hd__clkbuf_16)
                                                         clknet_3_7__leaf_clk (net)
                      0.073081    0.003284   25.459681 ^ _0998_/CLK (sky130_fd_sc_hd__dfrtp_1)
                                 -0.250000   25.209682   clock uncertainty
                                  0.000000   25.209682   clock reconvergence pessimism
                                 -0.111534   25.098148   library setup time
                                             25.098148   data required time
---------------------------------------------------------------------------------------------
                                             25.098148   data required time
                                             -1.635873   data arrival time
---------------------------------------------------------------------------------------------
                                             23.462275   slack (MET)


Startpoint: _1019_ (rising edge-triggered flip-flop clocked by clk)
Endpoint: _1037_ (rising edge-triggered flip-flop clocked by clk)
Path Group: clk
Path Type: max

Fanout         Cap        Slew       Delay        Time   Description
---------------------------------------------------------------------------------------------
                                  0.000000    0.000000   clock clk (rise edge)
                                  0.000000    0.000000   clock source latency
     2    0.018194    0.087443    0.060612    0.060612 ^ clk (in)
                                                         clk (net)
                      0.087487    0.000000    0.060612 ^ clkbuf_0_clk/A (sky130_fd_sc_hd__clkbuf_16)
    17    0.112789    0.126581    0.207490    0.268102 ^ clkbuf_0_clk/X (sky130_fd_sc_hd__clkbuf_16)
                                                         clknet_0_clk (net)
                      0.127328    0.007756    0.275858 ^ clkbuf_3_7__f_clk/A (sky130_fd_sc_hd__clkbuf_16)
    18    0.053999    0.072776    0.180539    0.456397 ^ clkbuf_3_7__f_clk/X (sky130_fd_sc_hd__clkbuf_16)
                                                         clknet_3_7__leaf_clk (net)
                      0.073103    0.003434    0.459831 ^ _1019_/CLK (sky130_fd_sc_hd__dfrtp_1)
     5    0.018389    0.107817    0.435201    0.895032 v _1019_/Q (sky130_fd_sc_hd__dfrtp_1)
                                                         MATMULT_INST.uart_rcv.control.state[1] (net)
                      0.107840    0.001534    0.896566 v _0454_/A (sky130_fd_sc_hd__inv_2)
     3    0.013003    0.069093    0.100885    0.997451 ^ _0454_/Y (sky130_fd_sc_hd__inv_2)
                                                         _0067_ (net)
                      0.069101    0.000744    0.998196 ^ _0927_/A (sky130_fd_sc_hd__and3_4)
    21    0.068541    0.210575    0.307805    1.306000 ^ _0927_/X (sky130_fd_sc_hd__and3_4)
                                                         _0447_ (net)
                      0.211806    0.012965    1.318966 ^ _0934_/S (sky130_fd_sc_hd__mux2_1)
     1    0.003430    0.059063    0.348513    1.667478 v _0934_/X (sky130_fd_sc_hd__mux2_1)
                                                         _0057_ (net)
                      0.059063    0.000147    1.667625 v _1037_/D (sky130_fd_sc_hd__dfstp_1)
                                              1.667625   data arrival time

                                 25.000000   25.000000   clock clk (rise edge)
                                  0.000000   25.000000   clock source latency
     2    0.018194    0.087443    0.060611   25.060610 ^ clk (in)
                                                         clk (net)
                      0.087487    0.000000   25.060610 ^ clkbuf_0_clk/A (sky130_fd_sc_hd__clkbuf_16)
    17    0.112789    0.126581    0.207491   25.268101 ^ clkbuf_0_clk/X (sky130_fd_sc_hd__clkbuf_16)
                                                         clknet_0_clk (net)
                      0.127233    0.007255   25.275356 ^ clkbuf_3_0__f_clk/A (sky130_fd_sc_hd__clkbuf_16)
    12    0.045397    0.064813    0.174575   25.449930 ^ clkbuf_3_0__f_clk/X (sky130_fd_sc_hd__clkbuf_16)
                                                         clknet_3_0__leaf_clk (net)
                      0.064828    0.001195   25.451126 ^ _1037_/CLK (sky130_fd_sc_hd__dfstp_1)
                                 -0.250000   25.201128   clock uncertainty
                                  0.000000   25.201128   clock reconvergence pessimism
                                 -0.069597   25.131529   library setup time
                                             25.131529   data required time
---------------------------------------------------------------------------------------------
                                             25.131529   data required time
                                             -1.667625   data arrival time
---------------------------------------------------------------------------------------------
                                             23.463905   slack (MET)


Startpoint: _1019_ (rising edge-triggered flip-flop clocked by clk)
Endpoint: _1035_ (rising edge-triggered flip-flop clocked by clk)
Path Group: clk
Path Type: max

Fanout         Cap        Slew       Delay        Time   Description
---------------------------------------------------------------------------------------------
                                  0.000000    0.000000   clock clk (rise edge)
                                  0.000000    0.000000   clock source latency
     2    0.018194    0.087443    0.060612    0.060612 ^ clk (in)
                                                         clk (net)
                      0.087487    0.000000    0.060612 ^ clkbuf_0_clk/A (sky130_fd_sc_hd__clkbuf_16)
    17    0.112789    0.126581    0.207490    0.268102 ^ clkbuf_0_clk/X (sky130_fd_sc_hd__clkbuf_16)
                                                         clknet_0_clk (net)
                      0.127328    0.007756    0.275858 ^ clkbuf_3_7__f_clk/A (sky130_fd_sc_hd__clkbuf_16)
    18    0.053999    0.072776    0.180539    0.456397 ^ clkbuf_3_7__f_clk/X (sky130_fd_sc_hd__clkbuf_16)
                                                         clknet_3_7__leaf_clk (net)
                      0.073103    0.003434    0.459831 ^ _1019_/CLK (sky130_fd_sc_hd__dfrtp_1)
     5    0.018389    0.107817    0.435201    0.895032 v _1019_/Q (sky130_fd_sc_hd__dfrtp_1)
                                                         MATMULT_INST.uart_rcv.control.state[1] (net)
                      0.107840    0.001534    0.896566 v _0454_/A (sky130_fd_sc_hd__inv_2)
     3    0.013003    0.069093    0.100885    0.997451 ^ _0454_/Y (sky130_fd_sc_hd__inv_2)
                                                         _0067_ (net)
                      0.069101    0.000744    0.998196 ^ _0927_/A (sky130_fd_sc_hd__and3_4)
    21    0.068541    0.210575    0.307805    1.306000 ^ _0927_/X (sky130_fd_sc_hd__and3_4)
                                                         _0447_ (net)
                      0.211840    0.013135    1.319136 ^ _0932_/S (sky130_fd_sc_hd__mux2_1)
     1    0.003256    0.057894    0.346823    1.665958 v _0932_/X (sky130_fd_sc_hd__mux2_1)
                                                         _0055_ (net)
                      0.057894    0.000244    1.666203 v _1035_/D (sky130_fd_sc_hd__dfstp_1)
                                              1.666203   data arrival time

                                 25.000000   25.000000   clock clk (rise edge)
                                  0.000000   25.000000   clock source latency
     2    0.018194    0.087443    0.060611   25.060610 ^ clk (in)
                                                         clk (net)
                      0.087487    0.000000   25.060610 ^ clkbuf_0_clk/A (sky130_fd_sc_hd__clkbuf_16)
    17    0.112789    0.126581    0.207491   25.268101 ^ clkbuf_0_clk/X (sky130_fd_sc_hd__clkbuf_16)
                                                         clknet_0_clk (net)
                      0.127233    0.007255   25.275356 ^ clkbuf_3_0__f_clk/A (sky130_fd_sc_hd__clkbuf_16)
    12    0.045397    0.064813    0.174575   25.449930 ^ clkbuf_3_0__f_clk/X (sky130_fd_sc_hd__clkbuf_16)
                                                         clknet_3_0__leaf_clk (net)
                      0.065151    0.003313   25.453243 ^ _1035_/CLK (sky130_fd_sc_hd__dfstp_1)
                                 -0.250000   25.203245   clock uncertainty
                                  0.000000   25.203245   clock reconvergence pessimism
                                 -0.069106   25.134138   library setup time
                                             25.134138   data required time
---------------------------------------------------------------------------------------------
                                             25.134138   data required time
                                             -1.666203   data arrival time
---------------------------------------------------------------------------------------------
                                             23.467936   slack (MET)


Startpoint: _1019_ (rising edge-triggered flip-flop clocked by clk)
Endpoint: _1039_ (rising edge-triggered flip-flop clocked by clk)
Path Group: clk
Path Type: max

Fanout         Cap        Slew       Delay        Time   Description
---------------------------------------------------------------------------------------------
                                  0.000000    0.000000   clock clk (rise edge)
                                  0.000000    0.000000   clock source latency
     2    0.018194    0.087443    0.060612    0.060612 ^ clk (in)
                                                         clk (net)
                      0.087487    0.000000    0.060612 ^ clkbuf_0_clk/A (sky130_fd_sc_hd__clkbuf_16)
    17    0.112789    0.126581    0.207490    0.268102 ^ clkbuf_0_clk/X (sky130_fd_sc_hd__clkbuf_16)
                                                         clknet_0_clk (net)
                      0.127328    0.007756    0.275858 ^ clkbuf_3_7__f_clk/A (sky130_fd_sc_hd__clkbuf_16)
    18    0.053999    0.072776    0.180539    0.456397 ^ clkbuf_3_7__f_clk/X (sky130_fd_sc_hd__clkbuf_16)
                                                         clknet_3_7__leaf_clk (net)
                      0.073103    0.003434    0.459831 ^ _1019_/CLK (sky130_fd_sc_hd__dfrtp_1)
     5    0.018389    0.107817    0.435201    0.895032 v _1019_/Q (sky130_fd_sc_hd__dfrtp_1)
                                                         MATMULT_INST.uart_rcv.control.state[1] (net)
                      0.107840    0.001534    0.896566 v _0454_/A (sky130_fd_sc_hd__inv_2)
     3    0.013003    0.069093    0.100885    0.997451 ^ _0454_/Y (sky130_fd_sc_hd__inv_2)
                                                         _0067_ (net)
                      0.069101    0.000744    0.998196 ^ _0927_/A (sky130_fd_sc_hd__and3_4)
    21    0.068541    0.210575    0.307805    1.306000 ^ _0927_/X (sky130_fd_sc_hd__and3_4)
                                                         _0447_ (net)
                      0.211753    0.012691    1.318691 ^ _0936_/S (sky130_fd_sc_hd__mux2_1)
     1    0.003229    0.057711    0.346559    1.665250 v _0936_/X (sky130_fd_sc_hd__mux2_1)
                                                         _0059_ (net)
                      0.057711    0.000240    1.665490 v _1039_/D (sky130_fd_sc_hd__dfstp_1)
                                              1.665490   data arrival time

                                 25.000000   25.000000   clock clk (rise edge)
                                  0.000000   25.000000   clock source latency
     2    0.018194    0.087443    0.060611   25.060610 ^ clk (in)
                                                         clk (net)
                      0.087487    0.000000   25.060610 ^ clkbuf_0_clk/A (sky130_fd_sc_hd__clkbuf_16)
    17    0.112789    0.126581    0.207491   25.268101 ^ clkbuf_0_clk/X (sky130_fd_sc_hd__clkbuf_16)
                                                         clknet_0_clk (net)
                      0.127233    0.007255   25.275356 ^ clkbuf_3_0__f_clk/A (sky130_fd_sc_hd__clkbuf_16)
    12    0.045397    0.064813    0.174575   25.449930 ^ clkbuf_3_0__f_clk/X (sky130_fd_sc_hd__clkbuf_16)
                                                         clknet_3_0__leaf_clk (net)
                      0.065113    0.003068   25.452999 ^ _1039_/CLK (sky130_fd_sc_hd__dfstp_1)
                                 -0.250000   25.202999   clock uncertainty
                                  0.000000   25.202999   clock reconvergence pessimism
                                 -0.069049   25.133951   library setup time
                                             25.133951   data required time
---------------------------------------------------------------------------------------------
                                             25.133951   data required time
                                             -1.665490   data arrival time
---------------------------------------------------------------------------------------------
                                             23.468460   slack (MET)


Startpoint: _1019_ (rising edge-triggered flip-flop clocked by clk)
Endpoint: _1034_ (rising edge-triggered flip-flop clocked by clk)
Path Group: clk
Path Type: max

Fanout         Cap        Slew       Delay        Time   Description
---------------------------------------------------------------------------------------------
                                  0.000000    0.000000   clock clk (rise edge)
                                  0.000000    0.000000   clock source latency
     2    0.018194    0.087443    0.060612    0.060612 ^ clk (in)
                                                         clk (net)
                      0.087487    0.000000    0.060612 ^ clkbuf_0_clk/A (sky130_fd_sc_hd__clkbuf_16)
    17    0.112789    0.126581    0.207490    0.268102 ^ clkbuf_0_clk/X (sky130_fd_sc_hd__clkbuf_16)
                                                         clknet_0_clk (net)
                      0.127328    0.007756    0.275858 ^ clkbuf_3_7__f_clk/A (sky130_fd_sc_hd__clkbuf_16)
    18    0.053999    0.072776    0.180539    0.456397 ^ clkbuf_3_7__f_clk/X (sky130_fd_sc_hd__clkbuf_16)
                                                         clknet_3_7__leaf_clk (net)
                      0.073103    0.003434    0.459831 ^ _1019_/CLK (sky130_fd_sc_hd__dfrtp_1)
     5    0.018389    0.107817    0.435201    0.895032 v _1019_/Q (sky130_fd_sc_hd__dfrtp_1)
                                                         MATMULT_INST.uart_rcv.control.state[1] (net)
                      0.107840    0.001534    0.896566 v _0454_/A (sky130_fd_sc_hd__inv_2)
     3    0.013003    0.069093    0.100885    0.997451 ^ _0454_/Y (sky130_fd_sc_hd__inv_2)
                                                         _0067_ (net)
                      0.069101    0.000744    0.998196 ^ _0927_/A (sky130_fd_sc_hd__and3_4)
    21    0.068541    0.210575    0.307805    1.306000 ^ _0927_/X (sky130_fd_sc_hd__and3_4)
                                                         _0447_ (net)
                      0.211849    0.013181    1.319182 ^ _0931_/S (sky130_fd_sc_hd__mux2_1)
     1    0.002897    0.055610    0.343459    1.662641 v _0931_/X (sky130_fd_sc_hd__mux2_1)
                                                         _0054_ (net)
                      0.055610    0.000214    1.662855 v _1034_/D (sky130_fd_sc_hd__dfstp_1)
                                              1.662855   data arrival time

                                 25.000000   25.000000   clock clk (rise edge)
                                  0.000000   25.000000   clock source latency
     2    0.018194    0.087443    0.060611   25.060610 ^ clk (in)
                                                         clk (net)
                      0.087487    0.000000   25.060610 ^ clkbuf_0_clk/A (sky130_fd_sc_hd__clkbuf_16)
    17    0.112789    0.126581    0.207491   25.268101 ^ clkbuf_0_clk/X (sky130_fd_sc_hd__clkbuf_16)
                                                         clknet_0_clk (net)
                      0.127233    0.007255   25.275356 ^ clkbuf_3_0__f_clk/A (sky130_fd_sc_hd__clkbuf_16)
    12    0.045397    0.064813    0.174575   25.449930 ^ clkbuf_3_0__f_clk/X (sky130_fd_sc_hd__clkbuf_16)
                                                         clknet_3_0__leaf_clk (net)
                      0.065172    0.003446   25.453377 ^ _1034_/CLK (sky130_fd_sc_hd__dfstp_1)
                                 -0.250000   25.203379   clock uncertainty
                                  0.000000   25.203379   clock reconvergence pessimism
                                 -0.068284   25.135096   library setup time
                                             25.135096   data required time
---------------------------------------------------------------------------------------------
                                             25.135096   data required time
                                             -1.662855   data arrival time
---------------------------------------------------------------------------------------------
                                             23.472240   slack (MET)


Startpoint: _0993_ (rising edge-triggered flip-flop clocked by clk)
Endpoint: _0995_ (rising edge-triggered flip-flop clocked by clk)
Path Group: clk
Path Type: max

Fanout         Cap        Slew       Delay        Time   Description
---------------------------------------------------------------------------------------------
                                  0.000000    0.000000   clock clk (rise edge)
                                  0.000000    0.000000   clock source latency
     2    0.018194    0.087443    0.060612    0.060612 ^ clk (in)
                                                         clk (net)
                      0.087487    0.000000    0.060612 ^ clkbuf_0_clk/A (sky130_fd_sc_hd__clkbuf_16)
    17    0.112789    0.126581    0.207490    0.268102 ^ clkbuf_0_clk/X (sky130_fd_sc_hd__clkbuf_16)
                                                         clknet_0_clk (net)
                      0.127328    0.007756    0.275858 ^ clkbuf_3_7__f_clk/A (sky130_fd_sc_hd__clkbuf_16)
    18    0.053999    0.072776    0.180539    0.456397 ^ clkbuf_3_7__f_clk/X (sky130_fd_sc_hd__clkbuf_16)
                                                         clknet_3_7__leaf_clk (net)
                      0.073279    0.004445    0.460842 ^ _0993_/CLK (sky130_fd_sc_hd__dfrtp_2)
     7    0.028793    0.149546    0.440126    0.900968 ^ _0993_/Q (sky130_fd_sc_hd__dfrtp_2)
                                                         MATMULT_INST.cntrl.state[1] (net)
                      0.149560    0.001523    0.902491 ^ _0451_/A (sky130_fd_sc_hd__inv_2)
     3    0.010651    0.049830    0.065967    0.968459 v _0451_/Y (sky130_fd_sc_hd__inv_2)
                                                         _0064_ (net)
                      0.049837    0.000575    0.969034 v _0478_/B (sky130_fd_sc_hd__or2_1)
     4    0.016042    0.106147    0.270212    1.239245 v _0478_/X (sky130_fd_sc_hd__or2_1)
                                                         _0089_ (net)
                      0.106150    0.000687    1.239933 v _0847_/B (sky130_fd_sc_hd__or2_1)
     4    0.014443    0.098802    0.285147    1.525080 v _0847_/X (sky130_fd_sc_hd__or2_1)
                                                         _0381_ (net)
                      0.098816    0.001186    1.526266 v _0870_/A2 (sky130_fd_sc_hd__o21ai_1)
     1    0.002952    0.101379    0.133462    1.659728 ^ _0870_/Y (sky130_fd_sc_hd__o21ai_1)
                                                         _0041_ (net)
                      0.101380    0.000206    1.659933 ^ _0995_/D (sky130_fd_sc_hd__dfrtp_2)
                                              1.659933   data arrival time

                                 25.000000   25.000000   clock clk (rise edge)
                                  0.000000   25.000000   clock source latency
     2    0.018194    0.087443    0.060611   25.060610 ^ clk (in)
                                                         clk (net)
                      0.087487    0.000000   25.060610 ^ clkbuf_0_clk/A (sky130_fd_sc_hd__clkbuf_16)
    17    0.112789    0.126581    0.207491   25.268101 ^ clkbuf_0_clk/X (sky130_fd_sc_hd__clkbuf_16)
                                                         clknet_0_clk (net)
                      0.127259    0.007393   25.275494 ^ clkbuf_3_5__f_clk/A (sky130_fd_sc_hd__clkbuf_16)
    10    0.050701    0.069700    0.178623   25.454117 ^ clkbuf_3_5__f_clk/X (sky130_fd_sc_hd__clkbuf_16)
                                                         clknet_3_5__leaf_clk (net)
                      0.069774    0.002057   25.456175 ^ _0995_/CLK (sky130_fd_sc_hd__dfrtp_2)
                                 -0.250000   25.206175   clock uncertainty
                                  0.000000   25.206175   clock reconvergence pessimism
                                 -0.072819   25.133356   library setup time
                                             25.133356   data required time
---------------------------------------------------------------------------------------------
                                             25.133356   data required time
                                             -1.659933   data arrival time
---------------------------------------------------------------------------------------------
                                             23.473423   slack (MET)


Startpoint: _1019_ (rising edge-triggered flip-flop clocked by clk)
Endpoint: _1036_ (rising edge-triggered flip-flop clocked by clk)
Path Group: clk
Path Type: max

Fanout         Cap        Slew       Delay        Time   Description
---------------------------------------------------------------------------------------------
                                  0.000000    0.000000   clock clk (rise edge)
                                  0.000000    0.000000   clock source latency
     2    0.018194    0.087443    0.060612    0.060612 ^ clk (in)
                                                         clk (net)
                      0.087487    0.000000    0.060612 ^ clkbuf_0_clk/A (sky130_fd_sc_hd__clkbuf_16)
    17    0.112789    0.126581    0.207490    0.268102 ^ clkbuf_0_clk/X (sky130_fd_sc_hd__clkbuf_16)
                                                         clknet_0_clk (net)
                      0.127328    0.007756    0.275858 ^ clkbuf_3_7__f_clk/A (sky130_fd_sc_hd__clkbuf_16)
    18    0.053999    0.072776    0.180539    0.456397 ^ clkbuf_3_7__f_clk/X (sky130_fd_sc_hd__clkbuf_16)
                                                         clknet_3_7__leaf_clk (net)
                      0.073103    0.003434    0.459831 ^ _1019_/CLK (sky130_fd_sc_hd__dfrtp_1)
     5    0.018389    0.107817    0.435201    0.895032 v _1019_/Q (sky130_fd_sc_hd__dfrtp_1)
                                                         MATMULT_INST.uart_rcv.control.state[1] (net)
                      0.107840    0.001534    0.896566 v _0454_/A (sky130_fd_sc_hd__inv_2)
     3    0.013003    0.069093    0.100885    0.997451 ^ _0454_/Y (sky130_fd_sc_hd__inv_2)
                                                         _0067_ (net)
                      0.069101    0.000744    0.998196 ^ _0927_/A (sky130_fd_sc_hd__and3_4)
    21    0.068541    0.210575    0.307805    1.306000 ^ _0927_/X (sky130_fd_sc_hd__and3_4)
                                                         _0447_ (net)
                      0.211825    0.013060    1.319061 ^ _0933_/S (sky130_fd_sc_hd__mux2_1)
     1    0.002766    0.054852    0.342230    1.661291 v _0933_/X (sky130_fd_sc_hd__mux2_1)
                                                         _0056_ (net)
                      0.054852    0.000198    1.661488 v _1036_/D (sky130_fd_sc_hd__dfstp_1)
                                              1.661488   data arrival time

                                 25.000000   25.000000   clock clk (rise edge)
                                  0.000000   25.000000   clock source latency
     2    0.018194    0.087443    0.060611   25.060610 ^ clk (in)
                                                         clk (net)
                      0.087487    0.000000   25.060610 ^ clkbuf_0_clk/A (sky130_fd_sc_hd__clkbuf_16)
    17    0.112789    0.126581    0.207491   25.268101 ^ clkbuf_0_clk/X (sky130_fd_sc_hd__clkbuf_16)
                                                         clknet_0_clk (net)
                      0.127233    0.007255   25.275356 ^ clkbuf_3_0__f_clk/A (sky130_fd_sc_hd__clkbuf_16)
    12    0.045397    0.064813    0.174575   25.449930 ^ clkbuf_3_0__f_clk/X (sky130_fd_sc_hd__clkbuf_16)
                                                         clknet_3_0__leaf_clk (net)
                      0.065121    0.003125   25.453056 ^ _1036_/CLK (sky130_fd_sc_hd__dfstp_1)
                                 -0.250000   25.203056   clock uncertainty
                                  0.000000   25.203056   clock reconvergence pessimism
                                 -0.068024   25.135033   library setup time
                                             25.135033   data required time
---------------------------------------------------------------------------------------------
                                             25.135033   data required time
                                             -1.661488   data arrival time
---------------------------------------------------------------------------------------------
                                             23.473543   slack (MET)


Startpoint: _1019_ (rising edge-triggered flip-flop clocked by clk)
Endpoint: _1038_ (rising edge-triggered flip-flop clocked by clk)
Path Group: clk
Path Type: max

Fanout         Cap        Slew       Delay        Time   Description
---------------------------------------------------------------------------------------------
                                  0.000000    0.000000   clock clk (rise edge)
                                  0.000000    0.000000   clock source latency
     2    0.018194    0.087443    0.060612    0.060612 ^ clk (in)
                                                         clk (net)
                      0.087487    0.000000    0.060612 ^ clkbuf_0_clk/A (sky130_fd_sc_hd__clkbuf_16)
    17    0.112789    0.126581    0.207490    0.268102 ^ clkbuf_0_clk/X (sky130_fd_sc_hd__clkbuf_16)
                                                         clknet_0_clk (net)
                      0.127328    0.007756    0.275858 ^ clkbuf_3_7__f_clk/A (sky130_fd_sc_hd__clkbuf_16)
    18    0.053999    0.072776    0.180539    0.456397 ^ clkbuf_3_7__f_clk/X (sky130_fd_sc_hd__clkbuf_16)
                                                         clknet_3_7__leaf_clk (net)
                      0.073103    0.003434    0.459831 ^ _1019_/CLK (sky130_fd_sc_hd__dfrtp_1)
     5    0.018389    0.107817    0.435201    0.895032 v _1019_/Q (sky130_fd_sc_hd__dfrtp_1)
                                                         MATMULT_INST.uart_rcv.control.state[1] (net)
                      0.107840    0.001534    0.896566 v _0454_/A (sky130_fd_sc_hd__inv_2)
     3    0.013003    0.069093    0.100885    0.997451 ^ _0454_/Y (sky130_fd_sc_hd__inv_2)
                                                         _0067_ (net)
                      0.069101    0.000744    0.998196 ^ _0927_/A (sky130_fd_sc_hd__and3_4)
    21    0.068541    0.210575    0.307805    1.306000 ^ _0927_/X (sky130_fd_sc_hd__and3_4)
                                                         _0447_ (net)
                      0.211781    0.012838    1.318839 ^ _0935_/S (sky130_fd_sc_hd__mux2_1)
     1    0.002613    0.053983    0.340788    1.659627 v _0935_/X (sky130_fd_sc_hd__mux2_1)
                                                         _0058_ (net)
                      0.053983    0.000185    1.659812 v _1038_/D (sky130_fd_sc_hd__dfstp_1)
                                              1.659812   data arrival time

                                 25.000000   25.000000   clock clk (rise edge)
                                  0.000000   25.000000   clock source latency
     2    0.018194    0.087443    0.060611   25.060610 ^ clk (in)
                                                         clk (net)
                      0.087487    0.000000   25.060610 ^ clkbuf_0_clk/A (sky130_fd_sc_hd__clkbuf_16)
    17    0.112789    0.126581    0.207491   25.268101 ^ clkbuf_0_clk/X (sky130_fd_sc_hd__clkbuf_16)
                                                         clknet_0_clk (net)
                      0.127233    0.007255   25.275356 ^ clkbuf_3_0__f_clk/A (sky130_fd_sc_hd__clkbuf_16)
    12    0.045397    0.064813    0.174575   25.449930 ^ clkbuf_3_0__f_clk/X (sky130_fd_sc_hd__clkbuf_16)
                                                         clknet_3_0__leaf_clk (net)
                      0.065058    0.002684   25.452616 ^ _1038_/CLK (sky130_fd_sc_hd__dfstp_1)
                                 -0.250000   25.202616   clock uncertainty
                                  0.000000   25.202616   clock reconvergence pessimism
                                 -0.067727   25.134890   library setup time
                                             25.134890   data required time
---------------------------------------------------------------------------------------------
                                             25.134890   data required time
                                             -1.659812   data arrival time
---------------------------------------------------------------------------------------------
                                             23.475077   slack (MET)


Startpoint: _1019_ (rising edge-triggered flip-flop clocked by clk)
Endpoint: _1040_ (rising edge-triggered flip-flop clocked by clk)
Path Group: clk
Path Type: max

Fanout         Cap        Slew       Delay        Time   Description
---------------------------------------------------------------------------------------------
                                  0.000000    0.000000   clock clk (rise edge)
                                  0.000000    0.000000   clock source latency
     2    0.018194    0.087443    0.060612    0.060612 ^ clk (in)
                                                         clk (net)
                      0.087487    0.000000    0.060612 ^ clkbuf_0_clk/A (sky130_fd_sc_hd__clkbuf_16)
    17    0.112789    0.126581    0.207490    0.268102 ^ clkbuf_0_clk/X (sky130_fd_sc_hd__clkbuf_16)
                                                         clknet_0_clk (net)
                      0.127328    0.007756    0.275858 ^ clkbuf_3_7__f_clk/A (sky130_fd_sc_hd__clkbuf_16)
    18    0.053999    0.072776    0.180539    0.456397 ^ clkbuf_3_7__f_clk/X (sky130_fd_sc_hd__clkbuf_16)
                                                         clknet_3_7__leaf_clk (net)
                      0.073103    0.003434    0.459831 ^ _1019_/CLK (sky130_fd_sc_hd__dfrtp_1)
     5    0.018389    0.107817    0.435201    0.895032 v _1019_/Q (sky130_fd_sc_hd__dfrtp_1)
                                                         MATMULT_INST.uart_rcv.control.state[1] (net)
                      0.107840    0.001534    0.896566 v _0454_/A (sky130_fd_sc_hd__inv_2)
     3    0.013003    0.069093    0.100885    0.997451 ^ _0454_/Y (sky130_fd_sc_hd__inv_2)
                                                         _0067_ (net)
                      0.069101    0.000744    0.998196 ^ _0927_/A (sky130_fd_sc_hd__and3_4)
    21    0.068541    0.210575    0.307805    1.306000 ^ _0927_/X (sky130_fd_sc_hd__and3_4)
                                                         _0447_ (net)
                      0.211572    0.011711    1.317712 ^ _0937_/S (sky130_fd_sc_hd__mux2_1)
     1    0.002686    0.054394    0.341436    1.659148 v _0937_/X (sky130_fd_sc_hd__mux2_1)
                                                         _0060_ (net)
                      0.054394    0.000194    1.659342 v _1040_/D (sky130_fd_sc_hd__dfstp_1)
                                              1.659342   data arrival time

                                 25.000000   25.000000   clock clk (rise edge)
                                  0.000000   25.000000   clock source latency
     2    0.018194    0.087443    0.060611   25.060610 ^ clk (in)
                                                         clk (net)
                      0.087487    0.000000   25.060610 ^ clkbuf_0_clk/A (sky130_fd_sc_hd__clkbuf_16)
    17    0.112789    0.126581    0.207491   25.268101 ^ clkbuf_0_clk/X (sky130_fd_sc_hd__clkbuf_16)
                                                         clknet_0_clk (net)
                      0.127083    0.006391   25.274492 ^ clkbuf_3_3__f_clk/A (sky130_fd_sc_hd__clkbuf_16)
    11    0.051178    0.070143    0.179082   25.453575 ^ clkbuf_3_3__f_clk/X (sky130_fd_sc_hd__clkbuf_16)
                                                         clknet_3_3__leaf_clk (net)
                      0.070324    0.003014   25.456589 ^ _1040_/CLK (sky130_fd_sc_hd__dfstp_1)
                                 -0.250000   25.206589   clock uncertainty
                                  0.000000   25.206589   clock reconvergence pessimism
                                 -0.066692   25.139898   library setup time
                                             25.139898   data required time
---------------------------------------------------------------------------------------------
                                             25.139898   data required time
                                             -1.659342   data arrival time
---------------------------------------------------------------------------------------------
                                             23.480556   slack (MET)


Startpoint: _1019_ (rising edge-triggered flip-flop clocked by clk)
Endpoint: _1041_ (rising edge-triggered flip-flop clocked by clk)
Path Group: clk
Path Type: max

Fanout         Cap        Slew       Delay        Time   Description
---------------------------------------------------------------------------------------------
                                  0.000000    0.000000   clock clk (rise edge)
                                  0.000000    0.000000   clock source latency
     2    0.018194    0.087443    0.060612    0.060612 ^ clk (in)
                                                         clk (net)
                      0.087487    0.000000    0.060612 ^ clkbuf_0_clk/A (sky130_fd_sc_hd__clkbuf_16)
    17    0.112789    0.126581    0.207490    0.268102 ^ clkbuf_0_clk/X (sky130_fd_sc_hd__clkbuf_16)
                                                         clknet_0_clk (net)
                      0.127328    0.007756    0.275858 ^ clkbuf_3_7__f_clk/A (sky130_fd_sc_hd__clkbuf_16)
    18    0.053999    0.072776    0.180539    0.456397 ^ clkbuf_3_7__f_clk/X (sky130_fd_sc_hd__clkbuf_16)
                                                         clknet_3_7__leaf_clk (net)
                      0.073103    0.003434    0.459831 ^ _1019_/CLK (sky130_fd_sc_hd__dfrtp_1)
     5    0.018389    0.107817    0.435201    0.895032 v _1019_/Q (sky130_fd_sc_hd__dfrtp_1)
                                                         MATMULT_INST.uart_rcv.control.state[1] (net)
                      0.107840    0.001534    0.896566 v _0454_/A (sky130_fd_sc_hd__inv_2)
     3    0.013003    0.069093    0.100885    0.997451 ^ _0454_/Y (sky130_fd_sc_hd__inv_2)
                                                         _0067_ (net)
                      0.069101    0.000744    0.998196 ^ _0927_/A (sky130_fd_sc_hd__and3_4)
    21    0.068541    0.210575    0.307805    1.306000 ^ _0927_/X (sky130_fd_sc_hd__and3_4)
                                                         _0447_ (net)
                      0.211253    0.009729    1.315729 ^ _0938_/S (sky130_fd_sc_hd__mux2_1)
     1    0.002646    0.054343    0.341019    1.656749 v _0938_/X (sky130_fd_sc_hd__mux2_1)
                                                         _0061_ (net)
                      0.054343    0.000185    1.656934 v _1041_/D (sky130_fd_sc_hd__dfstp_1)
                                              1.656934   data arrival time

                                 25.000000   25.000000   clock clk (rise edge)
                                  0.000000   25.000000   clock source latency
     2    0.018194    0.087443    0.060611   25.060610 ^ clk (in)
                                                         clk (net)
                      0.087487    0.000000   25.060610 ^ clkbuf_0_clk/A (sky130_fd_sc_hd__clkbuf_16)
    17    0.112789    0.126581    0.207491   25.268101 ^ clkbuf_0_clk/X (sky130_fd_sc_hd__clkbuf_16)
                                                         clknet_0_clk (net)
                      0.127083    0.006391   25.274492 ^ clkbuf_3_3__f_clk/A (sky130_fd_sc_hd__clkbuf_16)
    11    0.051178    0.070143    0.179082   25.453575 ^ clkbuf_3_3__f_clk/X (sky130_fd_sc_hd__clkbuf_16)
                                                         clknet_3_3__leaf_clk (net)
                      0.070313    0.002933   25.456507 ^ _1041_/CLK (sky130_fd_sc_hd__dfstp_1)
                                 -0.250000   25.206509   clock uncertainty
                                  0.000000   25.206509   clock reconvergence pessimism
                                 -0.066676   25.139832   library setup time
                                             25.139832   data required time
---------------------------------------------------------------------------------------------
                                             25.139832   data required time
                                             -1.656934   data arrival time
---------------------------------------------------------------------------------------------
                                             23.482899   slack (MET)


Startpoint: _1019_ (rising edge-triggered flip-flop clocked by clk)
Endpoint: _1019_ (rising edge-triggered flip-flop clocked by clk)
Path Group: clk
Path Type: max

Fanout         Cap        Slew       Delay        Time   Description
---------------------------------------------------------------------------------------------
                                  0.000000    0.000000   clock clk (rise edge)
                                  0.000000    0.000000   clock source latency
     2    0.018194    0.087443    0.060612    0.060612 ^ clk (in)
                                                         clk (net)
                      0.087487    0.000000    0.060612 ^ clkbuf_0_clk/A (sky130_fd_sc_hd__clkbuf_16)
    17    0.112789    0.126581    0.207490    0.268102 ^ clkbuf_0_clk/X (sky130_fd_sc_hd__clkbuf_16)
                                                         clknet_0_clk (net)
                      0.127328    0.007756    0.275858 ^ clkbuf_3_7__f_clk/A (sky130_fd_sc_hd__clkbuf_16)
    18    0.053999    0.072776    0.180539    0.456397 ^ clkbuf_3_7__f_clk/X (sky130_fd_sc_hd__clkbuf_16)
                                                         clknet_3_7__leaf_clk (net)
                      0.073103    0.003434    0.459831 ^ _1019_/CLK (sky130_fd_sc_hd__dfrtp_1)
     5    0.018389    0.107817    0.435201    0.895032 v _1019_/Q (sky130_fd_sc_hd__dfrtp_1)
                                                         MATMULT_INST.uart_rcv.control.state[1] (net)
                      0.107827    0.001082    0.896114 v hold16/A (sky130_fd_sc_hd__dlygate4sd3_1)
     1    0.003352    0.056703    0.581185    1.477300 v hold16/X (sky130_fd_sc_hd__dlygate4sd3_1)
                                                         net119 (net)
                      0.056703    0.000145    1.477445 v _0680_/A1 (sky130_fd_sc_hd__o21bai_1)
     1    0.003264    0.113733    0.140886    1.618330 ^ _0680_/Y (sky130_fd_sc_hd__o21bai_1)
                                                         MATMULT_INST.uart_rcv.control.next_state[1] (net)
                      0.113734    0.000204    1.618534 ^ _1019_/D (sky130_fd_sc_hd__dfrtp_1)
                                              1.618534   data arrival time

                                 25.000000   25.000000   clock clk (rise edge)
                                  0.000000   25.000000   clock source latency
     2    0.018194    0.087443    0.060611   25.060610 ^ clk (in)
                                                         clk (net)
                      0.087487    0.000000   25.060610 ^ clkbuf_0_clk/A (sky130_fd_sc_hd__clkbuf_16)
    17    0.112789    0.126581    0.207491   25.268101 ^ clkbuf_0_clk/X (sky130_fd_sc_hd__clkbuf_16)
                                                         clknet_0_clk (net)
                      0.127328    0.007756   25.275856 ^ clkbuf_3_7__f_clk/A (sky130_fd_sc_hd__clkbuf_16)
    18    0.053999    0.072776    0.180540   25.456396 ^ clkbuf_3_7__f_clk/X (sky130_fd_sc_hd__clkbuf_16)
                                                         clknet_3_7__leaf_clk (net)
                      0.073103    0.003434   25.459831 ^ _1019_/CLK (sky130_fd_sc_hd__dfrtp_1)
                                 -0.250000   25.209831   clock uncertainty
                                  0.000000   25.209831   clock reconvergence pessimism
                                 -0.071374   25.138458   library setup time
                                             25.138458   data required time
---------------------------------------------------------------------------------------------
                                             25.138458   data required time
                                             -1.618534   data arrival time
---------------------------------------------------------------------------------------------
                                             23.519922   slack (MET)


Startpoint: _0942_ (rising edge-triggered flip-flop clocked by clk)
Endpoint: _0942_ (rising edge-triggered flip-flop clocked by clk)
Path Group: clk
Path Type: max

Fanout         Cap        Slew       Delay        Time   Description
---------------------------------------------------------------------------------------------
                                  0.000000    0.000000   clock clk (rise edge)
                                  0.000000    0.000000   clock source latency
     2    0.018194    0.087443    0.060612    0.060612 ^ clk (in)
                                                         clk (net)
                      0.087487    0.000000    0.060612 ^ clkbuf_0_clk/A (sky130_fd_sc_hd__clkbuf_16)
    17    0.112789    0.126581    0.207490    0.268102 ^ clkbuf_0_clk/X (sky130_fd_sc_hd__clkbuf_16)
                                                         clknet_0_clk (net)
                      0.127259    0.007394    0.275496 ^ clkbuf_3_5__f_clk/A (sky130_fd_sc_hd__clkbuf_16)
    10    0.050701    0.069700    0.178622    0.454118 ^ clkbuf_3_5__f_clk/X (sky130_fd_sc_hd__clkbuf_16)
                                                         clknet_3_5__leaf_clk (net)
                      0.069736    0.001560    0.455678 ^ _0942_/CLK (sky130_fd_sc_hd__dfrtp_2)
     9    0.025164    0.091700    0.455893    0.911571 v _0942_/Q (sky130_fd_sc_hd__dfrtp_2)
                                                         MATMULT_INST.uart_tx.tx_ctrl.state[3] (net)
                      0.091739    0.001744    0.913315 v _0712_/C (sky130_fd_sc_hd__nand3b_1)
     3    0.010800    0.136996    0.152708    1.066023 ^ _0712_/Y (sky130_fd_sc_hd__nand3b_1)
                                                         _0286_ (net)
                      0.136999    0.000531    1.066555 ^ _0738_/A_N (sky130_fd_sc_hd__and2b_1)
     2    0.006019    0.047385    0.208988    1.275543 v _0738_/X (sky130_fd_sc_hd__and2b_1)
                                                         _0312_ (net)
                      0.047388    0.000426    1.275969 v _0739_/C1 (sky130_fd_sc_hd__a211o_1)
     2    0.004944    0.057552    0.235094    1.511063 v _0739_/X (sky130_fd_sc_hd__a211o_1)
                                                         _0003_ (net)
                      0.057552    0.000264    1.511327 v _0942_/D (sky130_fd_sc_hd__dfrtp_2)
                                              1.511327   data arrival time

                                 25.000000   25.000000   clock clk (rise edge)
                                  0.000000   25.000000   clock source latency
     2    0.018194    0.087443    0.060611   25.060610 ^ clk (in)
                                                         clk (net)
                      0.087487    0.000000   25.060610 ^ clkbuf_0_clk/A (sky130_fd_sc_hd__clkbuf_16)
    17    0.112789    0.126581    0.207491   25.268101 ^ clkbuf_0_clk/X (sky130_fd_sc_hd__clkbuf_16)
                                                         clknet_0_clk (net)
                      0.127259    0.007393   25.275494 ^ clkbuf_3_5__f_clk/A (sky130_fd_sc_hd__clkbuf_16)
    10    0.050701    0.069700    0.178623   25.454117 ^ clkbuf_3_5__f_clk/X (sky130_fd_sc_hd__clkbuf_16)
                                                         clknet_3_5__leaf_clk (net)
                      0.069736    0.001560   25.455677 ^ _0942_/CLK (sky130_fd_sc_hd__dfrtp_2)
                                 -0.250000   25.205679   clock uncertainty
                                  0.000000   25.205679   clock reconvergence pessimism
                                 -0.115273   25.090405   library setup time
                                             25.090405   data required time
---------------------------------------------------------------------------------------------
                                             25.090405   data required time
                                             -1.511327   data arrival time
---------------------------------------------------------------------------------------------
                                             23.579079   slack (MET)


Startpoint: _1016_ (rising edge-triggered flip-flop clocked by clk)
Endpoint: _0963_ (rising edge-triggered flip-flop clocked by clk)
Path Group: clk
Path Type: max

Fanout         Cap        Slew       Delay        Time   Description
---------------------------------------------------------------------------------------------
                                  0.000000    0.000000   clock clk (rise edge)
                                  0.000000    0.000000   clock source latency
     2    0.018194    0.087443    0.060612    0.060612 ^ clk (in)
                                                         clk (net)
                      0.087487    0.000000    0.060612 ^ clkbuf_0_clk/A (sky130_fd_sc_hd__clkbuf_16)
    17    0.112789    0.126581    0.207490    0.268102 ^ clkbuf_0_clk/X (sky130_fd_sc_hd__clkbuf_16)
                                                         clknet_0_clk (net)
                      0.127219    0.007181    0.275282 ^ clkbuf_3_6__f_clk/A (sky130_fd_sc_hd__clkbuf_16)
    15    0.050695    0.069711    0.178572    0.453854 ^ clkbuf_3_6__f_clk/X (sky130_fd_sc_hd__clkbuf_16)
                                                         clknet_3_6__leaf_clk (net)
                      0.069826    0.002464    0.456318 ^ _1016_/CLK (sky130_fd_sc_hd__dfrtp_1)
     4    0.013787    0.131440    0.394777    0.851095 ^ _1016_/Q (sky130_fd_sc_hd__dfrtp_1)
                                                         MATMULT_INST.uart_rcv.shift_strobe (net)
                      0.131446    0.001046    0.852141 ^ fanout24/A (sky130_fd_sc_hd__clkbuf_4)
    21    0.079151    0.240259    0.297565    1.149707 ^ fanout24/X (sky130_fd_sc_hd__clkbuf_4)
                                                         net24 (net)
                      0.242456    0.018540    1.168247 ^ _0765_/S (sky130_fd_sc_hd__mux2_1)
     1    0.003364    0.058585    0.352294    1.520540 v _0765_/X (sky130_fd_sc_hd__mux2_1)
                                                         _0009_ (net)
                      0.058585    0.000144    1.520684 v _0963_/D (sky130_fd_sc_hd__dfstp_1)
                                              1.520684   data arrival time

                                 25.000000   25.000000   clock clk (rise edge)
                                  0.000000   25.000000   clock source latency
     2    0.018194    0.087443    0.060611   25.060610 ^ clk (in)
                                                         clk (net)
                      0.087487    0.000000   25.060610 ^ clkbuf_0_clk/A (sky130_fd_sc_hd__clkbuf_16)
    17    0.112789    0.126581    0.207491   25.268101 ^ clkbuf_0_clk/X (sky130_fd_sc_hd__clkbuf_16)
                                                         clknet_0_clk (net)
                      0.127233    0.007255   25.275356 ^ clkbuf_3_0__f_clk/A (sky130_fd_sc_hd__clkbuf_16)
    12    0.045397    0.064813    0.174575   25.449930 ^ clkbuf_3_0__f_clk/X (sky130_fd_sc_hd__clkbuf_16)
                                                         clknet_3_0__leaf_clk (net)
                      0.064883    0.001958   25.451889 ^ _0963_/CLK (sky130_fd_sc_hd__dfstp_1)
                                 -0.250000   25.201889   clock uncertainty
                                  0.000000   25.201889   clock reconvergence pessimism
                                 -0.069414   25.132475   library setup time
                                             25.132475   data required time
---------------------------------------------------------------------------------------------
                                             25.132475   data required time
                                             -1.520684   data arrival time
---------------------------------------------------------------------------------------------
                                             23.611790   slack (MET)


Startpoint: _1016_ (rising edge-triggered flip-flop clocked by clk)
Endpoint: _0964_ (rising edge-triggered flip-flop clocked by clk)
Path Group: clk
Path Type: max

Fanout         Cap        Slew       Delay        Time   Description
---------------------------------------------------------------------------------------------
                                  0.000000    0.000000   clock clk (rise edge)
                                  0.000000    0.000000   clock source latency
     2    0.018194    0.087443    0.060612    0.060612 ^ clk (in)
                                                         clk (net)
                      0.087487    0.000000    0.060612 ^ clkbuf_0_clk/A (sky130_fd_sc_hd__clkbuf_16)
    17    0.112789    0.126581    0.207490    0.268102 ^ clkbuf_0_clk/X (sky130_fd_sc_hd__clkbuf_16)
                                                         clknet_0_clk (net)
                      0.127219    0.007181    0.275282 ^ clkbuf_3_6__f_clk/A (sky130_fd_sc_hd__clkbuf_16)
    15    0.050695    0.069711    0.178572    0.453854 ^ clkbuf_3_6__f_clk/X (sky130_fd_sc_hd__clkbuf_16)
                                                         clknet_3_6__leaf_clk (net)
                      0.069826    0.002464    0.456318 ^ _1016_/CLK (sky130_fd_sc_hd__dfrtp_1)
     4    0.013787    0.131440    0.394777    0.851095 ^ _1016_/Q (sky130_fd_sc_hd__dfrtp_1)
                                                         MATMULT_INST.uart_rcv.shift_strobe (net)
                      0.131446    0.001046    0.852141 ^ fanout24/A (sky130_fd_sc_hd__clkbuf_4)
    21    0.079151    0.240259    0.297565    1.149707 ^ fanout24/X (sky130_fd_sc_hd__clkbuf_4)
                                                         net24 (net)
                      0.242150    0.017253    1.166959 ^ _0766_/S (sky130_fd_sc_hd__mux2_1)
     1    0.003598    0.059962    0.354205    1.521164 v _0766_/X (sky130_fd_sc_hd__mux2_1)
                                                         _0010_ (net)
                      0.059962    0.000237    1.521402 v _0964_/D (sky130_fd_sc_hd__dfstp_1)
                                              1.521402   data arrival time

                                 25.000000   25.000000   clock clk (rise edge)
                                  0.000000   25.000000   clock source latency
     2    0.018194    0.087443    0.060611   25.060610 ^ clk (in)
                                                         clk (net)
                      0.087487    0.000000   25.060610 ^ clkbuf_0_clk/A (sky130_fd_sc_hd__clkbuf_16)
    17    0.112789    0.126581    0.207491   25.268101 ^ clkbuf_0_clk/X (sky130_fd_sc_hd__clkbuf_16)
                                                         clknet_0_clk (net)
                      0.127178    0.006949   25.275051 ^ clkbuf_3_2__f_clk/A (sky130_fd_sc_hd__clkbuf_16)
    13    0.050595    0.069612    0.178316   25.453367 ^ clkbuf_3_2__f_clk/X (sky130_fd_sc_hd__clkbuf_16)
                                                         clknet_3_2__leaf_clk (net)
                      0.069818    0.002530   25.455896 ^ _0964_/CLK (sky130_fd_sc_hd__dfstp_1)
                                 -0.250000   25.205896   clock uncertainty
                                  0.000000   25.205896   clock reconvergence pessimism
                                 -0.068798   25.137098   library setup time
                                             25.137098   data required time
---------------------------------------------------------------------------------------------
                                             25.137098   data required time
                                             -1.521402   data arrival time
---------------------------------------------------------------------------------------------
                                             23.615696   slack (MET)


Startpoint: _1016_ (rising edge-triggered flip-flop clocked by clk)
Endpoint: _0962_ (rising edge-triggered flip-flop clocked by clk)
Path Group: clk
Path Type: max

Fanout         Cap        Slew       Delay        Time   Description
---------------------------------------------------------------------------------------------
                                  0.000000    0.000000   clock clk (rise edge)
                                  0.000000    0.000000   clock source latency
     2    0.018194    0.087443    0.060612    0.060612 ^ clk (in)
                                                         clk (net)
                      0.087487    0.000000    0.060612 ^ clkbuf_0_clk/A (sky130_fd_sc_hd__clkbuf_16)
    17    0.112789    0.126581    0.207490    0.268102 ^ clkbuf_0_clk/X (sky130_fd_sc_hd__clkbuf_16)
                                                         clknet_0_clk (net)
                      0.127219    0.007181    0.275282 ^ clkbuf_3_6__f_clk/A (sky130_fd_sc_hd__clkbuf_16)
    15    0.050695    0.069711    0.178572    0.453854 ^ clkbuf_3_6__f_clk/X (sky130_fd_sc_hd__clkbuf_16)
                                                         clknet_3_6__leaf_clk (net)
                      0.069826    0.002464    0.456318 ^ _1016_/CLK (sky130_fd_sc_hd__dfrtp_1)
     4    0.013787    0.131440    0.394777    0.851095 ^ _1016_/Q (sky130_fd_sc_hd__dfrtp_1)
                                                         MATMULT_INST.uart_rcv.shift_strobe (net)
                      0.131446    0.001046    0.852141 ^ fanout24/A (sky130_fd_sc_hd__clkbuf_4)
    21    0.079151    0.240259    0.297565    1.149707 ^ fanout24/X (sky130_fd_sc_hd__clkbuf_4)
                                                         net24 (net)
                      0.242632    0.019235    1.168941 ^ _0764_/S (sky130_fd_sc_hd__mux2_1)
     1    0.002776    0.054894    0.346748    1.515689 v _0764_/X (sky130_fd_sc_hd__mux2_1)
                                                         _0008_ (net)
                      0.054894    0.000203    1.515892 v _0962_/D (sky130_fd_sc_hd__dfstp_1)
                                              1.515892   data arrival time

                                 25.000000   25.000000   clock clk (rise edge)
                                  0.000000   25.000000   clock source latency
     2    0.018194    0.087443    0.060611   25.060610 ^ clk (in)
                                                         clk (net)
                      0.087487    0.000000   25.060610 ^ clkbuf_0_clk/A (sky130_fd_sc_hd__clkbuf_16)
    17    0.112789    0.126581    0.207491   25.268101 ^ clkbuf_0_clk/X (sky130_fd_sc_hd__clkbuf_16)
                                                         clknet_0_clk (net)
                      0.127233    0.007255   25.275356 ^ clkbuf_3_0__f_clk/A (sky130_fd_sc_hd__clkbuf_16)
    12    0.045397    0.064813    0.174575   25.449930 ^ clkbuf_3_0__f_clk/X (sky130_fd_sc_hd__clkbuf_16)
                                                         clknet_3_0__leaf_clk (net)
                      0.064881    0.001931   25.451862 ^ _0962_/CLK (sky130_fd_sc_hd__dfstp_1)
                                 -0.250000   25.201862   clock uncertainty
                                  0.000000   25.201862   clock reconvergence pessimism
                                 -0.068093   25.133770   library setup time
                                             25.133770   data required time
---------------------------------------------------------------------------------------------
                                             25.133770   data required time
                                             -1.515892   data arrival time
---------------------------------------------------------------------------------------------
                                             23.617878   slack (MET)


Startpoint: _1016_ (rising edge-triggered flip-flop clocked by clk)
Endpoint: _0961_ (rising edge-triggered flip-flop clocked by clk)
Path Group: clk
Path Type: max

Fanout         Cap        Slew       Delay        Time   Description
---------------------------------------------------------------------------------------------
                                  0.000000    0.000000   clock clk (rise edge)
                                  0.000000    0.000000   clock source latency
     2    0.018194    0.087443    0.060612    0.060612 ^ clk (in)
                                                         clk (net)
                      0.087487    0.000000    0.060612 ^ clkbuf_0_clk/A (sky130_fd_sc_hd__clkbuf_16)
    17    0.112789    0.126581    0.207490    0.268102 ^ clkbuf_0_clk/X (sky130_fd_sc_hd__clkbuf_16)
                                                         clknet_0_clk (net)
                      0.127219    0.007181    0.275282 ^ clkbuf_3_6__f_clk/A (sky130_fd_sc_hd__clkbuf_16)
    15    0.050695    0.069711    0.178572    0.453854 ^ clkbuf_3_6__f_clk/X (sky130_fd_sc_hd__clkbuf_16)
                                                         clknet_3_6__leaf_clk (net)
                      0.069826    0.002464    0.456318 ^ _1016_/CLK (sky130_fd_sc_hd__dfrtp_1)
     4    0.013787    0.131440    0.394777    0.851095 ^ _1016_/Q (sky130_fd_sc_hd__dfrtp_1)
                                                         MATMULT_INST.uart_rcv.shift_strobe (net)
                      0.131446    0.001046    0.852141 ^ fanout24/A (sky130_fd_sc_hd__clkbuf_4)
    21    0.079151    0.240259    0.297565    1.149707 ^ fanout24/X (sky130_fd_sc_hd__clkbuf_4)
                                                         net24 (net)
                      0.242684    0.019438    1.169145 ^ _0763_/S (sky130_fd_sc_hd__mux2_1)
     1    0.002869    0.055461    0.347637    1.516781 v _0763_/X (sky130_fd_sc_hd__mux2_1)
                                                         _0007_ (net)
                      0.055461    0.000193    1.516974 v _0961_/D (sky130_fd_sc_hd__dfstp_1)
                                              1.516974   data arrival time

                                 25.000000   25.000000   clock clk (rise edge)
                                  0.000000   25.000000   clock source latency
     2    0.018194    0.087443    0.060611   25.060610 ^ clk (in)
                                                         clk (net)
                      0.087487    0.000000   25.060610 ^ clkbuf_0_clk/A (sky130_fd_sc_hd__clkbuf_16)
    17    0.112789    0.126581    0.207491   25.268101 ^ clkbuf_0_clk/X (sky130_fd_sc_hd__clkbuf_16)
                                                         clknet_0_clk (net)
                      0.127233    0.007255   25.275356 ^ clkbuf_3_0__f_clk/A (sky130_fd_sc_hd__clkbuf_16)
    12    0.045397    0.064813    0.174575   25.449930 ^ clkbuf_3_0__f_clk/X (sky130_fd_sc_hd__clkbuf_16)
                                                         clknet_3_0__leaf_clk (net)
                      0.065135    0.003212   25.453142 ^ _0961_/CLK (sky130_fd_sc_hd__dfstp_1)
                                 -0.250000   25.203144   clock uncertainty
                                  0.000000   25.203144   clock reconvergence pessimism
                                 -0.068239   25.134905   library setup time
                                             25.134905   data required time
---------------------------------------------------------------------------------------------
                                             25.134905   data required time
                                             -1.516974   data arrival time
---------------------------------------------------------------------------------------------
                                             23.617929   slack (MET)


Startpoint: _1016_ (rising edge-triggered flip-flop clocked by clk)
Endpoint: _0959_ (rising edge-triggered flip-flop clocked by clk)
Path Group: clk
Path Type: max

Fanout         Cap        Slew       Delay        Time   Description
---------------------------------------------------------------------------------------------
                                  0.000000    0.000000   clock clk (rise edge)
                                  0.000000    0.000000   clock source latency
     2    0.018194    0.087443    0.060612    0.060612 ^ clk (in)
                                                         clk (net)
                      0.087487    0.000000    0.060612 ^ clkbuf_0_clk/A (sky130_fd_sc_hd__clkbuf_16)
    17    0.112789    0.126581    0.207490    0.268102 ^ clkbuf_0_clk/X (sky130_fd_sc_hd__clkbuf_16)
                                                         clknet_0_clk (net)
                      0.127219    0.007181    0.275282 ^ clkbuf_3_6__f_clk/A (sky130_fd_sc_hd__clkbuf_16)
    15    0.050695    0.069711    0.178572    0.453854 ^ clkbuf_3_6__f_clk/X (sky130_fd_sc_hd__clkbuf_16)
                                                         clknet_3_6__leaf_clk (net)
                      0.069826    0.002464    0.456318 ^ _1016_/CLK (sky130_fd_sc_hd__dfrtp_1)
     4    0.013787    0.131440    0.394777    0.851095 ^ _1016_/Q (sky130_fd_sc_hd__dfrtp_1)
                                                         MATMULT_INST.uart_rcv.shift_strobe (net)
                      0.131446    0.001046    0.852141 ^ fanout24/A (sky130_fd_sc_hd__clkbuf_4)
    21    0.079151    0.240259    0.297565    1.149707 ^ fanout24/X (sky130_fd_sc_hd__clkbuf_4)
                                                         net24 (net)
                      0.242788    0.019832    1.169539 ^ _0761_/S (sky130_fd_sc_hd__mux2_1)
     1    0.002794    0.054995    0.346948    1.516486 v _0761_/X (sky130_fd_sc_hd__mux2_1)
                                                         _0005_ (net)
                      0.054995    0.000191    1.516678 v _0959_/D (sky130_fd_sc_hd__dfstp_1)
                                              1.516678   data arrival time

                                 25.000000   25.000000   clock clk (rise edge)
                                  0.000000   25.000000   clock source latency
     2    0.018194    0.087443    0.060611   25.060610 ^ clk (in)
                                                         clk (net)
                      0.087487    0.000000   25.060610 ^ clkbuf_0_clk/A (sky130_fd_sc_hd__clkbuf_16)
    17    0.112789    0.126581    0.207491   25.268101 ^ clkbuf_0_clk/X (sky130_fd_sc_hd__clkbuf_16)
                                                         clknet_0_clk (net)
                      0.127233    0.007255   25.275356 ^ clkbuf_3_0__f_clk/A (sky130_fd_sc_hd__clkbuf_16)
    12    0.045397    0.064813    0.174575   25.449930 ^ clkbuf_3_0__f_clk/X (sky130_fd_sc_hd__clkbuf_16)
                                                         clknet_3_0__leaf_clk (net)
                      0.065172    0.003444   25.453375 ^ _0959_/CLK (sky130_fd_sc_hd__dfstp_1)
                                 -0.250000   25.203377   clock uncertainty
                                  0.000000   25.203377   clock reconvergence pessimism
                                 -0.068063   25.135313   library setup time
                                             25.135313   data required time
---------------------------------------------------------------------------------------------
                                             25.135313   data required time
                                             -1.516678   data arrival time
---------------------------------------------------------------------------------------------
                                             23.618635   slack (MET)


Startpoint: _1016_ (rising edge-triggered flip-flop clocked by clk)
Endpoint: _0960_ (rising edge-triggered flip-flop clocked by clk)
Path Group: clk
Path Type: max

Fanout         Cap        Slew       Delay        Time   Description
---------------------------------------------------------------------------------------------
                                  0.000000    0.000000   clock clk (rise edge)
                                  0.000000    0.000000   clock source latency
     2    0.018194    0.087443    0.060612    0.060612 ^ clk (in)
                                                         clk (net)
                      0.087487    0.000000    0.060612 ^ clkbuf_0_clk/A (sky130_fd_sc_hd__clkbuf_16)
    17    0.112789    0.126581    0.207490    0.268102 ^ clkbuf_0_clk/X (sky130_fd_sc_hd__clkbuf_16)
                                                         clknet_0_clk (net)
                      0.127219    0.007181    0.275282 ^ clkbuf_3_6__f_clk/A (sky130_fd_sc_hd__clkbuf_16)
    15    0.050695    0.069711    0.178572    0.453854 ^ clkbuf_3_6__f_clk/X (sky130_fd_sc_hd__clkbuf_16)
                                                         clknet_3_6__leaf_clk (net)
                      0.069826    0.002464    0.456318 ^ _1016_/CLK (sky130_fd_sc_hd__dfrtp_1)
     4    0.013787    0.131440    0.394777    0.851095 ^ _1016_/Q (sky130_fd_sc_hd__dfrtp_1)
                                                         MATMULT_INST.uart_rcv.shift_strobe (net)
                      0.131446    0.001046    0.852141 ^ fanout24/A (sky130_fd_sc_hd__clkbuf_4)
    21    0.079151    0.240259    0.297565    1.149707 ^ fanout24/X (sky130_fd_sc_hd__clkbuf_4)
                                                         net24 (net)
                      0.242747    0.019679    1.169386 ^ _0762_/S (sky130_fd_sc_hd__mux2_1)
     1    0.002733    0.054641    0.346386    1.515772 v _0762_/X (sky130_fd_sc_hd__mux2_1)
                                                         _0006_ (net)
                      0.054641    0.000130    1.515902 v _0960_/D (sky130_fd_sc_hd__dfstp_1)
                                              1.515902   data arrival time

                                 25.000000   25.000000   clock clk (rise edge)
                                  0.000000   25.000000   clock source latency
     2    0.018194    0.087443    0.060611   25.060610 ^ clk (in)
                                                         clk (net)
                      0.087487    0.000000   25.060610 ^ clkbuf_0_clk/A (sky130_fd_sc_hd__clkbuf_16)
    17    0.112789    0.126581    0.207491   25.268101 ^ clkbuf_0_clk/X (sky130_fd_sc_hd__clkbuf_16)
                                                         clknet_0_clk (net)
                      0.127233    0.007255   25.275356 ^ clkbuf_3_0__f_clk/A (sky130_fd_sc_hd__clkbuf_16)
    12    0.045397    0.064813    0.174575   25.449930 ^ clkbuf_3_0__f_clk/X (sky130_fd_sc_hd__clkbuf_16)
                                                         clknet_3_0__leaf_clk (net)
                      0.065136    0.003221   25.453152 ^ _0960_/CLK (sky130_fd_sc_hd__dfstp_1)
                                 -0.250000   25.203152   clock uncertainty
                                  0.000000   25.203152   clock reconvergence pessimism
                                 -0.067945   25.135206   library setup time
                                             25.135206   data required time
---------------------------------------------------------------------------------------------
                                             25.135206   data required time
                                             -1.515902   data arrival time
---------------------------------------------------------------------------------------------
                                             23.619305   slack (MET)


Startpoint: _1016_ (rising edge-triggered flip-flop clocked by clk)
Endpoint: _0965_ (rising edge-triggered flip-flop clocked by clk)
Path Group: clk
Path Type: max

Fanout         Cap        Slew       Delay        Time   Description
---------------------------------------------------------------------------------------------
                                  0.000000    0.000000   clock clk (rise edge)
                                  0.000000    0.000000   clock source latency
     2    0.018194    0.087443    0.060612    0.060612 ^ clk (in)
                                                         clk (net)
                      0.087487    0.000000    0.060612 ^ clkbuf_0_clk/A (sky130_fd_sc_hd__clkbuf_16)
    17    0.112789    0.126581    0.207490    0.268102 ^ clkbuf_0_clk/X (sky130_fd_sc_hd__clkbuf_16)
                                                         clknet_0_clk (net)
                      0.127219    0.007181    0.275282 ^ clkbuf_3_6__f_clk/A (sky130_fd_sc_hd__clkbuf_16)
    15    0.050695    0.069711    0.178572    0.453854 ^ clkbuf_3_6__f_clk/X (sky130_fd_sc_hd__clkbuf_16)
                                                         clknet_3_6__leaf_clk (net)
                      0.069826    0.002464    0.456318 ^ _1016_/CLK (sky130_fd_sc_hd__dfrtp_1)
     4    0.013787    0.131440    0.394777    0.851095 ^ _1016_/Q (sky130_fd_sc_hd__dfrtp_1)
                                                         MATMULT_INST.uart_rcv.shift_strobe (net)
                      0.131446    0.001046    0.852141 ^ fanout24/A (sky130_fd_sc_hd__clkbuf_4)
    21    0.079151    0.240259    0.297565    1.149707 ^ fanout24/X (sky130_fd_sc_hd__clkbuf_4)
                                                         net24 (net)
                      0.242108    0.017072    1.166778 ^ _0767_/S (sky130_fd_sc_hd__mux2_1)
     1    0.003016    0.056579    0.348940    1.515718 v _0767_/X (sky130_fd_sc_hd__mux2_1)
                                                         _0011_ (net)
                      0.056579    0.000203    1.515921 v _0965_/D (sky130_fd_sc_hd__dfstp_1)
                                              1.515921   data arrival time

                                 25.000000   25.000000   clock clk (rise edge)
                                  0.000000   25.000000   clock source latency
     2    0.018194    0.087443    0.060611   25.060610 ^ clk (in)
                                                         clk (net)
                      0.087487    0.000000   25.060610 ^ clkbuf_0_clk/A (sky130_fd_sc_hd__clkbuf_16)
    17    0.112789    0.126581    0.207491   25.268101 ^ clkbuf_0_clk/X (sky130_fd_sc_hd__clkbuf_16)
                                                         clknet_0_clk (net)
                      0.127083    0.006391   25.274492 ^ clkbuf_3_3__f_clk/A (sky130_fd_sc_hd__clkbuf_16)
    11    0.051178    0.070143    0.179082   25.453575 ^ clkbuf_3_3__f_clk/X (sky130_fd_sc_hd__clkbuf_16)
                                                         clknet_3_3__leaf_clk (net)
                      0.070324    0.003018   25.456593 ^ _0965_/CLK (sky130_fd_sc_hd__dfstp_1)
                                 -0.250000   25.206593   clock uncertainty
                                  0.000000   25.206593   clock reconvergence pessimism
                                 -0.067473   25.139120   library setup time
                                             25.139120   data required time
---------------------------------------------------------------------------------------------
                                             25.139120   data required time
                                             -1.515921   data arrival time
---------------------------------------------------------------------------------------------
                                             23.623198   slack (MET)


Startpoint: _1016_ (rising edge-triggered flip-flop clocked by clk)
Endpoint: _0966_ (rising edge-triggered flip-flop clocked by clk)
Path Group: clk
Path Type: max

Fanout         Cap        Slew       Delay        Time   Description
---------------------------------------------------------------------------------------------
                                  0.000000    0.000000   clock clk (rise edge)
                                  0.000000    0.000000   clock source latency
     2    0.018194    0.087443    0.060612    0.060612 ^ clk (in)
                                                         clk (net)
                      0.087487    0.000000    0.060612 ^ clkbuf_0_clk/A (sky130_fd_sc_hd__clkbuf_16)
    17    0.112789    0.126581    0.207490    0.268102 ^ clkbuf_0_clk/X (sky130_fd_sc_hd__clkbuf_16)
                                                         clknet_0_clk (net)
                      0.127219    0.007181    0.275282 ^ clkbuf_3_6__f_clk/A (sky130_fd_sc_hd__clkbuf_16)
    15    0.050695    0.069711    0.178572    0.453854 ^ clkbuf_3_6__f_clk/X (sky130_fd_sc_hd__clkbuf_16)
                                                         clknet_3_6__leaf_clk (net)
                      0.069826    0.002464    0.456318 ^ _1016_/CLK (sky130_fd_sc_hd__dfrtp_1)
     4    0.013787    0.131440    0.394777    0.851095 ^ _1016_/Q (sky130_fd_sc_hd__dfrtp_1)
                                                         MATMULT_INST.uart_rcv.shift_strobe (net)
                      0.131446    0.001046    0.852141 ^ fanout24/A (sky130_fd_sc_hd__clkbuf_4)
    21    0.079151    0.240259    0.297565    1.149707 ^ fanout24/X (sky130_fd_sc_hd__clkbuf_4)
                                                         net24 (net)
                      0.240856    0.009951    1.159658 ^ _0768_/S (sky130_fd_sc_hd__mux2_1)
     1    0.002857    0.055361    0.347264    1.506922 v _0768_/X (sky130_fd_sc_hd__mux2_1)
                                                         _0012_ (net)
                      0.055361    0.000196    1.507117 v _0966_/D (sky130_fd_sc_hd__dfstp_1)
                                              1.507117   data arrival time

                                 25.000000   25.000000   clock clk (rise edge)
                                  0.000000   25.000000   clock source latency
     2    0.018194    0.087443    0.060611   25.060610 ^ clk (in)
                                                         clk (net)
                      0.087487    0.000000   25.060610 ^ clkbuf_0_clk/A (sky130_fd_sc_hd__clkbuf_16)
    17    0.112789    0.126581    0.207491   25.268101 ^ clkbuf_0_clk/X (sky130_fd_sc_hd__clkbuf_16)
                                                         clknet_0_clk (net)
                      0.127328    0.007756   25.275856 ^ clkbuf_3_7__f_clk/A (sky130_fd_sc_hd__clkbuf_16)
    18    0.053999    0.072776    0.180540   25.456396 ^ clkbuf_3_7__f_clk/X (sky130_fd_sc_hd__clkbuf_16)
                                                         clknet_3_7__leaf_clk (net)
                      0.073303    0.004569   25.460966 ^ _0966_/CLK (sky130_fd_sc_hd__dfstp_1)
                                 -0.250000   25.210966   clock uncertainty
                                  0.000000   25.210966   clock reconvergence pessimism
                                 -0.066369   25.144598   library setup time
                                             25.144598   data required time
---------------------------------------------------------------------------------------------
                                             25.144598   data required time
                                             -1.507117   data arrival time
---------------------------------------------------------------------------------------------
                                             23.637482   slack (MET)


Startpoint: _1031_ (rising edge-triggered flip-flop clocked by clk)
Endpoint: _1032_ (rising edge-triggered flip-flop clocked by clk)
Path Group: clk
Path Type: max

Fanout         Cap        Slew       Delay        Time   Description
---------------------------------------------------------------------------------------------
                                  0.000000    0.000000   clock clk (rise edge)
                                  0.000000    0.000000   clock source latency
     2    0.018194    0.087443    0.060612    0.060612 ^ clk (in)
                                                         clk (net)
                      0.087487    0.000000    0.060612 ^ clkbuf_0_clk/A (sky130_fd_sc_hd__clkbuf_16)
    17    0.112789    0.126581    0.207490    0.268102 ^ clkbuf_0_clk/X (sky130_fd_sc_hd__clkbuf_16)
                                                         clknet_0_clk (net)
                      0.127328    0.007756    0.275858 ^ clkbuf_3_7__f_clk/A (sky130_fd_sc_hd__clkbuf_16)
    18    0.053999    0.072776    0.180539    0.456397 ^ clkbuf_3_7__f_clk/X (sky130_fd_sc_hd__clkbuf_16)
                                                         clknet_3_7__leaf_clk (net)
                      0.073113    0.003496    0.459893 ^ _1031_/CLK (sky130_fd_sc_hd__dfstp_1)
     2    0.004110    0.054674    0.511548    0.971441 ^ _1031_/Q (sky130_fd_sc_hd__dfstp_1)
                                                         MATMULT_INST.uart_rcv.sbd.new_sample (net)
                      0.054674    0.000264    0.971705 ^ hold2/A (sky130_fd_sc_hd__dlygate4sd3_1)
     1    0.003063    0.055164    0.540381    1.512086 ^ hold2/X (sky130_fd_sc_hd__dlygate4sd3_1)
                                                         net105 (net)
                      0.055164    0.000212    1.512298 ^ _1032_/D (sky130_fd_sc_hd__dfstp_1)
                                              1.512298   data arrival time

                                 25.000000   25.000000   clock clk (rise edge)
                                  0.000000   25.000000   clock source latency
     2    0.018194    0.087443    0.060611   25.060610 ^ clk (in)
                                                         clk (net)
                      0.087487    0.000000   25.060610 ^ clkbuf_0_clk/A (sky130_fd_sc_hd__clkbuf_16)
    17    0.112789    0.126581    0.207491   25.268101 ^ clkbuf_0_clk/X (sky130_fd_sc_hd__clkbuf_16)
                                                         clknet_0_clk (net)
                      0.127328    0.007756   25.275856 ^ clkbuf_3_7__f_clk/A (sky130_fd_sc_hd__clkbuf_16)
    18    0.053999    0.072776    0.180540   25.456396 ^ clkbuf_3_7__f_clk/X (sky130_fd_sc_hd__clkbuf_16)
                                                         clknet_3_7__leaf_clk (net)
                      0.073091    0.003357   25.459755 ^ _1032_/CLK (sky130_fd_sc_hd__dfstp_1)
                                 -0.250000   25.209755   clock uncertainty
                                  0.000000   25.209755   clock reconvergence pessimism
                                 -0.052957   25.156797   library setup time
                                             25.156797   data required time
---------------------------------------------------------------------------------------------
                                             25.156797   data required time
                                             -1.512298   data arrival time
---------------------------------------------------------------------------------------------
                                             23.644501   slack (MET)


Startpoint: _1033_ (rising edge-triggered flip-flop clocked by clk)
Endpoint: _1031_ (rising edge-triggered flip-flop clocked by clk)
Path Group: clk
Path Type: max

Fanout         Cap        Slew       Delay        Time   Description
---------------------------------------------------------------------------------------------
                                  0.000000    0.000000   clock clk (rise edge)
                                  0.000000    0.000000   clock source latency
     2    0.018194    0.087443    0.060612    0.060612 ^ clk (in)
                                                         clk (net)
                      0.087487    0.000000    0.060612 ^ clkbuf_0_clk/A (sky130_fd_sc_hd__clkbuf_16)
    17    0.112789    0.126581    0.207490    0.268102 ^ clkbuf_0_clk/X (sky130_fd_sc_hd__clkbuf_16)
                                                         clknet_0_clk (net)
                      0.127328    0.007756    0.275858 ^ clkbuf_3_7__f_clk/A (sky130_fd_sc_hd__clkbuf_16)
    18    0.053999    0.072776    0.180539    0.456397 ^ clkbuf_3_7__f_clk/X (sky130_fd_sc_hd__clkbuf_16)
                                                         clknet_3_7__leaf_clk (net)
                      0.073181    0.003910    0.460307 ^ _1033_/CLK (sky130_fd_sc_hd__dfstp_1)
     1    0.002521    0.043009    0.499998    0.960305 ^ _1033_/Q (sky130_fd_sc_hd__dfstp_1)
                                                         MATMULT_INST.uart_rcv.sbd.sync_phase (net)
                      0.043009    0.000159    0.960464 ^ hold1/A (sky130_fd_sc_hd__dlygate4sd3_1)
     1    0.002695    0.051979    0.533155    1.493619 ^ hold1/X (sky130_fd_sc_hd__dlygate4sd3_1)
                                                         net104 (net)
                      0.051979    0.000198    1.493817 ^ _1031_/D (sky130_fd_sc_hd__dfstp_1)
                                              1.493817   data arrival time

                                 25.000000   25.000000   clock clk (rise edge)
                                  0.000000   25.000000   clock source latency
     2    0.018194    0.087443    0.060611   25.060610 ^ clk (in)
                                                         clk (net)
                      0.087487    0.000000   25.060610 ^ clkbuf_0_clk/A (sky130_fd_sc_hd__clkbuf_16)
    17    0.112789    0.126581    0.207491   25.268101 ^ clkbuf_0_clk/X (sky130_fd_sc_hd__clkbuf_16)
                                                         clknet_0_clk (net)
                      0.127328    0.007756   25.275856 ^ clkbuf_3_7__f_clk/A (sky130_fd_sc_hd__clkbuf_16)
    18    0.053999    0.072776    0.180540   25.456396 ^ clkbuf_3_7__f_clk/X (sky130_fd_sc_hd__clkbuf_16)
                                                         clknet_3_7__leaf_clk (net)
                      0.073113    0.003496   25.459892 ^ _1031_/CLK (sky130_fd_sc_hd__dfstp_1)
                                 -0.250000   25.209894   clock uncertainty
                                  0.000000   25.209894   clock reconvergence pessimism
                                 -0.052275   25.157619   library setup time
                                             25.157619   data required time
---------------------------------------------------------------------------------------------
                                             25.157619   data required time
                                             -1.493817   data arrival time
---------------------------------------------------------------------------------------------
                                             23.663803   slack (MET)



