
===========================================================================
report_checks -path_delay max (Setup)
============================================================================
======================= max_ss_100C_1v60 Corner ===================================

Startpoint: _423_ (rising edge-triggered flip-flop clocked by clk)
Endpoint: gpio_out[10] (output port clocked by clk)
Path Group: clk
Path Type: max

Fanout         Cap        Slew       Delay        Time   Description
---------------------------------------------------------------------------------------------
                                  0.000000    0.000000   clock clk (rise edge)
                                  0.000000    0.000000   clock source latency
     2    0.019493    0.146390    0.099894    0.099894 ^ clk (in)
                                                         clk (net)
                      0.146398    0.000000    0.099894 ^ clkbuf_0_clk/A (sky130_fd_sc_hd__clkbuf_16)
    17    0.104516    0.183270    0.351977    0.451871 ^ clkbuf_0_clk/X (sky130_fd_sc_hd__clkbuf_16)
                                                         clknet_0_clk (net)
                      0.183975    0.008451    0.460322 ^ clkbuf_3_7__f_clk/A (sky130_fd_sc_hd__clkbuf_16)
    10    0.034553    0.086789    0.293910    0.754232 ^ clkbuf_3_7__f_clk/X (sky130_fd_sc_hd__clkbuf_16)
                                                         clknet_3_7__leaf_clk (net)
                      0.086820    0.001542    0.755774 ^ _423_/CLK (sky130_fd_sc_hd__dfrtp_4)
    10    0.028007    0.173269    1.082916    1.838689 v _423_/Q (sky130_fd_sc_hd__dfrtp_4)
                                                         TOP.top_rng_inst.display.current_data[2] (net)
                      0.173269    0.001298    1.839987 v _259_/A (sky130_fd_sc_hd__or3b_1)
     2    0.004919    0.162019    0.926593    2.766580 v _259_/X (sky130_fd_sc_hd__or3b_1)
                                                         _084_ (net)
                      0.162019    0.000270    2.766850 v _260_/B1 (sky130_fd_sc_hd__o2bb2a_1)
     1    0.002347    0.100095    0.654348    3.421198 v _260_/X (sky130_fd_sc_hd__o2bb2a_1)
                                                         net7 (net)
                      0.100095    0.000166    3.421364 v output7/A (sky130_fd_sc_hd__buf_2)
     1    0.034033    0.165230    0.357447    3.778811 v output7/X (sky130_fd_sc_hd__buf_2)
                                                         gpio_out[10] (net)
                      0.165244    0.001616    3.780427 v gpio_out[10] (out)
                                              3.780427   data arrival time

                                 25.000000   25.000000   clock clk (rise edge)
                                  0.000000   25.000000   clock network delay (propagated)
                                 -0.250000   24.750000   clock uncertainty
                                  0.000000   24.750000   clock reconvergence pessimism
                                 -5.000000   19.750000   output external delay
                                             19.750000   data required time
---------------------------------------------------------------------------------------------
                                             19.750000   data required time
                                             -3.780427   data arrival time
---------------------------------------------------------------------------------------------
                                             15.969573   slack (MET)


Startpoint: _423_ (rising edge-triggered flip-flop clocked by clk)
Endpoint: gpio_out[14] (output port clocked by clk)
Path Group: clk
Path Type: max

Fanout         Cap        Slew       Delay        Time   Description
---------------------------------------------------------------------------------------------
                                  0.000000    0.000000   clock clk (rise edge)
                                  0.000000    0.000000   clock source latency
     2    0.019493    0.146390    0.099894    0.099894 ^ clk (in)
                                                         clk (net)
                      0.146398    0.000000    0.099894 ^ clkbuf_0_clk/A (sky130_fd_sc_hd__clkbuf_16)
    17    0.104516    0.183270    0.351977    0.451871 ^ clkbuf_0_clk/X (sky130_fd_sc_hd__clkbuf_16)
                                                         clknet_0_clk (net)
                      0.183975    0.008451    0.460322 ^ clkbuf_3_7__f_clk/A (sky130_fd_sc_hd__clkbuf_16)
    10    0.034553    0.086789    0.293910    0.754232 ^ clkbuf_3_7__f_clk/X (sky130_fd_sc_hd__clkbuf_16)
                                                         clknet_3_7__leaf_clk (net)
                      0.086820    0.001542    0.755774 ^ _423_/CLK (sky130_fd_sc_hd__dfrtp_4)
    10    0.028007    0.173269    1.082916    1.838689 v _423_/Q (sky130_fd_sc_hd__dfrtp_4)
                                                         TOP.top_rng_inst.display.current_data[2] (net)
                      0.173269    0.001298    1.839987 v _259_/A (sky130_fd_sc_hd__or3b_1)
     2    0.004919    0.162019    0.926593    2.766580 v _259_/X (sky130_fd_sc_hd__or3b_1)
                                                         _084_ (net)
                      0.162019    0.000295    2.766876 v _267_/B1 (sky130_fd_sc_hd__o21ai_1)
     1    0.002861    0.164798    0.164852    2.931727 ^ _267_/Y (sky130_fd_sc_hd__o21ai_1)
                                                         _088_ (net)
                      0.164798    0.000132    2.931859 ^ _268_/B1 (sky130_fd_sc_hd__a21o_1)
     1    0.002291    0.058962    0.172175    3.104034 ^ _268_/X (sky130_fd_sc_hd__a21o_1)
                                                         net11 (net)
                      0.058962    0.000105    3.104140 ^ output11/A (sky130_fd_sc_hd__buf_2)
     1    0.033912    0.269673    0.335901    3.440040 ^ output11/X (sky130_fd_sc_hd__buf_2)
                                                         gpio_out[14] (net)
                      0.269678    0.001588    3.441628 ^ gpio_out[14] (out)
                                              3.441628   data arrival time

                                 25.000000   25.000000   clock clk (rise edge)
                                  0.000000   25.000000   clock network delay (propagated)
                                 -0.250000   24.750000   clock uncertainty
                                  0.000000   24.750000   clock reconvergence pessimism
                                 -5.000000   19.750000   output external delay
                                             19.750000   data required time
---------------------------------------------------------------------------------------------
                                             19.750000   data required time
                                             -3.441628   data arrival time
---------------------------------------------------------------------------------------------
                                             16.308372   slack (MET)


Startpoint: _423_ (rising edge-triggered flip-flop clocked by clk)
Endpoint: gpio_out[11] (output port clocked by clk)
Path Group: clk
Path Type: max

Fanout         Cap        Slew       Delay        Time   Description
---------------------------------------------------------------------------------------------
                                  0.000000    0.000000   clock clk (rise edge)
                                  0.000000    0.000000   clock source latency
     2    0.019493    0.146390    0.099894    0.099894 ^ clk (in)
                                                         clk (net)
                      0.146398    0.000000    0.099894 ^ clkbuf_0_clk/A (sky130_fd_sc_hd__clkbuf_16)
    17    0.104516    0.183270    0.351977    0.451871 ^ clkbuf_0_clk/X (sky130_fd_sc_hd__clkbuf_16)
                                                         clknet_0_clk (net)
                      0.183975    0.008451    0.460322 ^ clkbuf_3_7__f_clk/A (sky130_fd_sc_hd__clkbuf_16)
    10    0.034553    0.086789    0.293910    0.754232 ^ clkbuf_3_7__f_clk/X (sky130_fd_sc_hd__clkbuf_16)
                                                         clknet_3_7__leaf_clk (net)
                      0.086820    0.001542    0.755774 ^ _423_/CLK (sky130_fd_sc_hd__dfrtp_4)
    10    0.028007    0.173269    1.082916    1.838689 v _423_/Q (sky130_fd_sc_hd__dfrtp_4)
                                                         TOP.top_rng_inst.display.current_data[2] (net)
                      0.173269    0.001954    1.840644 v _252_/B (sky130_fd_sc_hd__and2b_1)
     2    0.004427    0.079829    0.383719    2.224362 v _252_/X (sky130_fd_sc_hd__and2b_1)
                                                         _079_ (net)
                      0.079829    0.000232    2.224594 v _261_/B (sky130_fd_sc_hd__or2_1)
     2    0.007265    0.135812    0.511318    2.735913 v _261_/X (sky130_fd_sc_hd__or2_1)
                                                         _085_ (net)
                      0.135812    0.000491    2.736403 v _263_/A (sky130_fd_sc_hd__xnor2_1)
     1    0.002074    0.165838    0.249958    2.986362 ^ _263_/Y (sky130_fd_sc_hd__xnor2_1)
                                                         net8 (net)
                      0.165838    0.000146    2.986508 ^ output8/A (sky130_fd_sc_hd__buf_2)
     1    0.034577    0.274816    0.389300    3.375808 ^ output8/X (sky130_fd_sc_hd__buf_2)
                                                         gpio_out[11] (net)
                      0.274822    0.001665    3.377473 ^ gpio_out[11] (out)
                                              3.377473   data arrival time

                                 25.000000   25.000000   clock clk (rise edge)
                                  0.000000   25.000000   clock network delay (propagated)
                                 -0.250000   24.750000   clock uncertainty
                                  0.000000   24.750000   clock reconvergence pessimism
                                 -5.000000   19.750000   output external delay
                                             19.750000   data required time
---------------------------------------------------------------------------------------------
                                             19.750000   data required time
                                             -3.377473   data arrival time
---------------------------------------------------------------------------------------------
                                             16.372526   slack (MET)


Startpoint: _421_ (rising edge-triggered flip-flop clocked by clk)
Endpoint: gpio_out[13] (output port clocked by clk)
Path Group: clk
Path Type: max

Fanout         Cap        Slew       Delay        Time   Description
---------------------------------------------------------------------------------------------
                                  0.000000    0.000000   clock clk (rise edge)
                                  0.000000    0.000000   clock source latency
     2    0.019493    0.146390    0.099894    0.099894 ^ clk (in)
                                                         clk (net)
                      0.146398    0.000000    0.099894 ^ clkbuf_0_clk/A (sky130_fd_sc_hd__clkbuf_16)
    17    0.104516    0.183270    0.351977    0.451871 ^ clkbuf_0_clk/X (sky130_fd_sc_hd__clkbuf_16)
                                                         clknet_0_clk (net)
                      0.183975    0.008451    0.460322 ^ clkbuf_3_7__f_clk/A (sky130_fd_sc_hd__clkbuf_16)
    10    0.034553    0.086789    0.293910    0.754232 ^ clkbuf_3_7__f_clk/X (sky130_fd_sc_hd__clkbuf_16)
                                                         clknet_3_7__leaf_clk (net)
                      0.086841    0.001914    0.756146 ^ _421_/CLK (sky130_fd_sc_hd__dfrtp_4)
     9    0.026312    0.170143    1.078464    1.834610 v _421_/Q (sky130_fd_sc_hd__dfrtp_4)
                                                         TOP.top_rng_inst.display.current_data[0] (net)
                      0.170143    0.001854    1.836464 v _246_/B (sky130_fd_sc_hd__and2b_1)
     2    0.004576    0.081074    0.383589    2.220053 v _246_/X (sky130_fd_sc_hd__and2b_1)
                                                         _073_ (net)
                      0.081074    0.000236    2.220289 v _265_/B1 (sky130_fd_sc_hd__a2bb2o_1)
     1    0.002776    0.098760    0.580785    2.801074 v _265_/X (sky130_fd_sc_hd__a2bb2o_1)
                                                         _087_ (net)
                      0.098760    0.000180    2.801254 v _266_/B1 (sky130_fd_sc_hd__o21ai_1)
     1    0.002175    0.146474    0.123298    2.924552 ^ _266_/Y (sky130_fd_sc_hd__o21ai_1)
                                                         net10 (net)
                      0.146474    0.000153    2.924704 ^ output10/A (sky130_fd_sc_hd__buf_2)
     1    0.034082    0.271098    0.377593    3.302298 ^ output10/X (sky130_fd_sc_hd__buf_2)
                                                         gpio_out[13] (net)
                      0.271104    0.001641    3.303939 ^ gpio_out[13] (out)
                                              3.303939   data arrival time

                                 25.000000   25.000000   clock clk (rise edge)
                                  0.000000   25.000000   clock network delay (propagated)
                                 -0.250000   24.750000   clock uncertainty
                                  0.000000   24.750000   clock reconvergence pessimism
                                 -5.000000   19.750000   output external delay
                                             19.750000   data required time
---------------------------------------------------------------------------------------------
                                             19.750000   data required time
                                             -3.303939   data arrival time
---------------------------------------------------------------------------------------------
                                             16.446060   slack (MET)


Startpoint: _421_ (rising edge-triggered flip-flop clocked by clk)
Endpoint: gpio_out[8] (output port clocked by clk)
Path Group: clk
Path Type: max

Fanout         Cap        Slew       Delay        Time   Description
---------------------------------------------------------------------------------------------
                                  0.000000    0.000000   clock clk (rise edge)
                                  0.000000    0.000000   clock source latency
     2    0.019493    0.146390    0.099894    0.099894 ^ clk (in)
                                                         clk (net)
                      0.146398    0.000000    0.099894 ^ clkbuf_0_clk/A (sky130_fd_sc_hd__clkbuf_16)
    17    0.104516    0.183270    0.351977    0.451871 ^ clkbuf_0_clk/X (sky130_fd_sc_hd__clkbuf_16)
                                                         clknet_0_clk (net)
                      0.183975    0.008451    0.460322 ^ clkbuf_3_7__f_clk/A (sky130_fd_sc_hd__clkbuf_16)
    10    0.034553    0.086789    0.293910    0.754232 ^ clkbuf_3_7__f_clk/X (sky130_fd_sc_hd__clkbuf_16)
                                                         clknet_3_7__leaf_clk (net)
                      0.086841    0.001914    0.756146 ^ _421_/CLK (sky130_fd_sc_hd__dfrtp_4)
     9    0.026312    0.170143    1.078464    1.834610 v _421_/Q (sky130_fd_sc_hd__dfrtp_4)
                                                         TOP.top_rng_inst.display.current_data[0] (net)
                      0.170143    0.001984    1.836594 v _251_/B (sky130_fd_sc_hd__nor2_1)
     3    0.008546    0.286079    0.300178    2.136772 ^ _251_/Y (sky130_fd_sc_hd__nor2_1)
                                                         _078_ (net)
                      0.286168    0.000423    2.137196 ^ _253_/B (sky130_fd_sc_hd__nand2_1)
     2    0.006400    0.134128    0.226972    2.364168 v _253_/Y (sky130_fd_sc_hd__nand2_1)
                                                         _080_ (net)
                      0.134128    0.000344    2.364512 v _254_/B1 (sky130_fd_sc_hd__o21a_1)
     1    0.002801    0.064962    0.217713    2.582225 v _254_/X (sky130_fd_sc_hd__o21a_1)
                                                         _081_ (net)
                      0.064962    0.000197    2.582422 v _255_/B1 (sky130_fd_sc_hd__o22a_1)
     1    0.004109    0.098573    0.356384    2.938805 v _255_/X (sky130_fd_sc_hd__o22a_1)
                                                         net17 (net)
                      0.098573    0.000279    2.939084 v output17/A (sky130_fd_sc_hd__buf_2)
     1    0.034011    0.165141    0.356646    3.295730 v output17/X (sky130_fd_sc_hd__buf_2)
                                                         gpio_out[8] (net)
                      0.165155    0.001613    3.297343 v gpio_out[8] (out)
                                              3.297343   data arrival time

                                 25.000000   25.000000   clock clk (rise edge)
                                  0.000000   25.000000   clock network delay (propagated)
                                 -0.250000   24.750000   clock uncertainty
                                  0.000000   24.750000   clock reconvergence pessimism
                                 -5.000000   19.750000   output external delay
                                             19.750000   data required time
---------------------------------------------------------------------------------------------
                                             19.750000   data required time
                                             -3.297343   data arrival time
---------------------------------------------------------------------------------------------
                                             16.452656   slack (MET)


Startpoint: _423_ (rising edge-triggered flip-flop clocked by clk)
Endpoint: gpio_out[12] (output port clocked by clk)
Path Group: clk
Path Type: max

Fanout         Cap        Slew       Delay        Time   Description
---------------------------------------------------------------------------------------------
                                  0.000000    0.000000   clock clk (rise edge)
                                  0.000000    0.000000   clock source latency
     2    0.019493    0.146390    0.099894    0.099894 ^ clk (in)
                                                         clk (net)
                      0.146398    0.000000    0.099894 ^ clkbuf_0_clk/A (sky130_fd_sc_hd__clkbuf_16)
    17    0.104516    0.183270    0.351977    0.451871 ^ clkbuf_0_clk/X (sky130_fd_sc_hd__clkbuf_16)
                                                         clknet_0_clk (net)
                      0.183975    0.008451    0.460322 ^ clkbuf_3_7__f_clk/A (sky130_fd_sc_hd__clkbuf_16)
    10    0.034553    0.086789    0.293910    0.754232 ^ clkbuf_3_7__f_clk/X (sky130_fd_sc_hd__clkbuf_16)
                                                         clknet_3_7__leaf_clk (net)
                      0.086820    0.001542    0.755774 ^ _423_/CLK (sky130_fd_sc_hd__dfrtp_4)
    10    0.028007    0.173269    1.082916    1.838689 v _423_/Q (sky130_fd_sc_hd__dfrtp_4)
                                                         TOP.top_rng_inst.display.current_data[2] (net)
                      0.173269    0.001954    1.840644 v _252_/B (sky130_fd_sc_hd__and2b_1)
     2    0.004427    0.079829    0.383719    2.224362 v _252_/X (sky130_fd_sc_hd__and2b_1)
                                                         _079_ (net)
                      0.079829    0.000232    2.224594 v _261_/B (sky130_fd_sc_hd__or2_1)
     2    0.007265    0.135812    0.511318    2.735913 v _261_/X (sky130_fd_sc_hd__or2_1)
                                                         _085_ (net)
                      0.135812    0.000454    2.736366 v _264_/B (sky130_fd_sc_hd__nand2_1)
     1    0.002505    0.077243    0.126625    2.862991 ^ _264_/Y (sky130_fd_sc_hd__nand2_1)
                                                         net9 (net)
                      0.077243    0.000167    2.863158 ^ output9/A (sky130_fd_sc_hd__buf_2)
     1    0.034491    0.274005    0.347320    3.210478 ^ output9/X (sky130_fd_sc_hd__buf_2)
                                                         gpio_out[12] (net)
                      0.274011    0.001646    3.212125 ^ gpio_out[12] (out)
                                              3.212125   data arrival time

                                 25.000000   25.000000   clock clk (rise edge)
                                  0.000000   25.000000   clock network delay (propagated)
                                 -0.250000   24.750000   clock uncertainty
                                  0.000000   24.750000   clock reconvergence pessimism
                                 -5.000000   19.750000   output external delay
                                             19.750000   data required time
---------------------------------------------------------------------------------------------
                                             19.750000   data required time
                                             -3.212125   data arrival time
---------------------------------------------------------------------------------------------
                                             16.537876   slack (MET)


Startpoint: _421_ (rising edge-triggered flip-flop clocked by clk)
Endpoint: gpio_out[9] (output port clocked by clk)
Path Group: clk
Path Type: max

Fanout         Cap        Slew       Delay        Time   Description
---------------------------------------------------------------------------------------------
                                  0.000000    0.000000   clock clk (rise edge)
                                  0.000000    0.000000   clock source latency
     2    0.019493    0.146390    0.099894    0.099894 ^ clk (in)
                                                         clk (net)
                      0.146398    0.000000    0.099894 ^ clkbuf_0_clk/A (sky130_fd_sc_hd__clkbuf_16)
    17    0.104516    0.183270    0.351977    0.451871 ^ clkbuf_0_clk/X (sky130_fd_sc_hd__clkbuf_16)
                                                         clknet_0_clk (net)
                      0.183975    0.008451    0.460322 ^ clkbuf_3_7__f_clk/A (sky130_fd_sc_hd__clkbuf_16)
    10    0.034553    0.086789    0.293910    0.754232 ^ clkbuf_3_7__f_clk/X (sky130_fd_sc_hd__clkbuf_16)
                                                         clknet_3_7__leaf_clk (net)
                      0.086841    0.001914    0.756146 ^ _421_/CLK (sky130_fd_sc_hd__dfrtp_4)
     9    0.026312    0.170143    1.078464    1.834610 v _421_/Q (sky130_fd_sc_hd__dfrtp_4)
                                                         TOP.top_rng_inst.display.current_data[0] (net)
                      0.170143    0.001902    1.836512 v _256_/A2 (sky130_fd_sc_hd__a21bo_1)
     3    0.008745    0.109172    0.428343    2.264855 v _256_/X (sky130_fd_sc_hd__a21bo_1)
                                                         _082_ (net)
                      0.109172    0.000425    2.265280 v _257_/A3 (sky130_fd_sc_hd__o32a_1)
     1    0.002187    0.102912    0.523496    2.788777 v _257_/X (sky130_fd_sc_hd__o32a_1)
                                                         net18 (net)
                      0.102912    0.000100    2.788877 v output18/A (sky130_fd_sc_hd__buf_2)
     1    0.033940    0.164858    0.358527    3.147404 v output18/X (sky130_fd_sc_hd__buf_2)
                                                         gpio_out[9] (net)
                      0.164871    0.001588    3.148992 v gpio_out[9] (out)
                                              3.148992   data arrival time

                                 25.000000   25.000000   clock clk (rise edge)
                                  0.000000   25.000000   clock network delay (propagated)
                                 -0.250000   24.750000   clock uncertainty
                                  0.000000   24.750000   clock reconvergence pessimism
                                 -5.000000   19.750000   output external delay
                                             19.750000   data required time
---------------------------------------------------------------------------------------------
                                             19.750000   data required time
                                             -3.148992   data arrival time
---------------------------------------------------------------------------------------------
                                             16.601007   slack (MET)


Startpoint: _453_ (rising edge-triggered flip-flop clocked by clk)
Endpoint: gpio_out[18] (output port clocked by clk)
Path Group: clk
Path Type: max

Fanout         Cap        Slew       Delay        Time   Description
---------------------------------------------------------------------------------------------
                                  0.000000    0.000000   clock clk (rise edge)
                                  0.000000    0.000000   clock source latency
     2    0.019493    0.146390    0.099894    0.099894 ^ clk (in)
                                                         clk (net)
                      0.146398    0.000000    0.099894 ^ clkbuf_0_clk/A (sky130_fd_sc_hd__clkbuf_16)
    17    0.104516    0.183270    0.351977    0.451871 ^ clkbuf_0_clk/X (sky130_fd_sc_hd__clkbuf_16)
                                                         clknet_0_clk (net)
                      0.183892    0.007863    0.459734 ^ clkbuf_3_6__f_clk/A (sky130_fd_sc_hd__clkbuf_16)
     9    0.032624    0.084096    0.291112    0.750846 ^ clkbuf_3_6__f_clk/X (sky130_fd_sc_hd__clkbuf_16)
                                                         clknet_3_6__leaf_clk (net)
                      0.084129    0.001543    0.752389 ^ _453_/CLK (sky130_fd_sc_hd__dfrtp_4)
     9    0.038756    0.194464    1.109445    1.861834 v _453_/Q (sky130_fd_sc_hd__dfrtp_4)
                                                         net14 (net)
                      0.194464    0.001602    1.863436 v output14/A (sky130_fd_sc_hd__buf_2)
     1    0.034488    0.167164    0.404394    2.267829 v output14/X (sky130_fd_sc_hd__buf_2)
                                                         gpio_out[18] (net)
                      0.167179    0.001646    2.269476 v gpio_out[18] (out)
                                              2.269476   data arrival time

                                 25.000000   25.000000   clock clk (rise edge)
                                  0.000000   25.000000   clock network delay (propagated)
                                 -0.250000   24.750000   clock uncertainty
                                  0.000000   24.750000   clock reconvergence pessimism
                                 -5.000000   19.750000   output external delay
                                             19.750000   data required time
---------------------------------------------------------------------------------------------
                                             19.750000   data required time
                                             -2.269476   data arrival time
---------------------------------------------------------------------------------------------
                                             17.480524   slack (MET)


Startpoint: _454_ (rising edge-triggered flip-flop clocked by clk)
Endpoint: gpio_out[19] (output port clocked by clk)
Path Group: clk
Path Type: max

Fanout         Cap        Slew       Delay        Time   Description
---------------------------------------------------------------------------------------------
                                  0.000000    0.000000   clock clk (rise edge)
                                  0.000000    0.000000   clock source latency
     2    0.019493    0.146390    0.099894    0.099894 ^ clk (in)
                                                         clk (net)
                      0.146398    0.000000    0.099894 ^ clkbuf_0_clk/A (sky130_fd_sc_hd__clkbuf_16)
    17    0.104516    0.183270    0.351977    0.451871 ^ clkbuf_0_clk/X (sky130_fd_sc_hd__clkbuf_16)
                                                         clknet_0_clk (net)
                      0.183892    0.007863    0.459734 ^ clkbuf_3_6__f_clk/A (sky130_fd_sc_hd__clkbuf_16)
     9    0.032624    0.084096    0.291112    0.750846 ^ clkbuf_3_6__f_clk/X (sky130_fd_sc_hd__clkbuf_16)
                                                         clknet_3_6__leaf_clk (net)
                      0.084124    0.001440    0.752285 ^ _454_/CLK (sky130_fd_sc_hd__dfrtp_4)
     8    0.030655    0.178236    1.088388    1.840673 v _454_/Q (sky130_fd_sc_hd__dfrtp_4)
                                                         net15 (net)
                      0.178236    0.002672    1.843346 v output15/A (sky130_fd_sc_hd__buf_2)
     1    0.034067    0.165475    0.395221    2.238567 v output15/X (sky130_fd_sc_hd__buf_2)
                                                         gpio_out[19] (net)
                      0.165489    0.001639    2.240206 v gpio_out[19] (out)
                                              2.240206   data arrival time

                                 25.000000   25.000000   clock clk (rise edge)
                                  0.000000   25.000000   clock network delay (propagated)
                                 -0.250000   24.750000   clock uncertainty
                                  0.000000   24.750000   clock reconvergence pessimism
                                 -5.000000   19.750000   output external delay
                                             19.750000   data required time
---------------------------------------------------------------------------------------------
                                             19.750000   data required time
                                             -2.240206   data arrival time
---------------------------------------------------------------------------------------------
                                             17.509792   slack (MET)


Startpoint: _455_ (rising edge-triggered flip-flop clocked by clk)
Endpoint: gpio_out[20] (output port clocked by clk)
Path Group: clk
Path Type: max

Fanout         Cap        Slew       Delay        Time   Description
---------------------------------------------------------------------------------------------
                                  0.000000    0.000000   clock clk (rise edge)
                                  0.000000    0.000000   clock source latency
     2    0.019493    0.146390    0.099894    0.099894 ^ clk (in)
                                                         clk (net)
                      0.146398    0.000000    0.099894 ^ clkbuf_0_clk/A (sky130_fd_sc_hd__clkbuf_16)
    17    0.104516    0.183270    0.351977    0.451871 ^ clkbuf_0_clk/X (sky130_fd_sc_hd__clkbuf_16)
                                                         clknet_0_clk (net)
                      0.183975    0.008451    0.460322 ^ clkbuf_3_7__f_clk/A (sky130_fd_sc_hd__clkbuf_16)
    10    0.034553    0.086789    0.293910    0.754232 ^ clkbuf_3_7__f_clk/X (sky130_fd_sc_hd__clkbuf_16)
                                                         clknet_3_7__leaf_clk (net)
                      0.086844    0.001961    0.756193 ^ _455_/CLK (sky130_fd_sc_hd__dfrtp_1)
     3    0.007273    0.113872    0.785791    1.541985 v _455_/Q (sky130_fd_sc_hd__dfrtp_1)
                                                         net16 (net)
                      0.113872    0.000276    1.542261 v output16/A (sky130_fd_sc_hd__buf_2)
     1    0.034491    0.167068    0.365542    1.907803 v output16/X (sky130_fd_sc_hd__buf_2)
                                                         gpio_out[20] (net)
                      0.167082    0.001646    1.909449 v gpio_out[20] (out)
                                              1.909449   data arrival time

                                 25.000000   25.000000   clock clk (rise edge)
                                  0.000000   25.000000   clock network delay (propagated)
                                 -0.250000   24.750000   clock uncertainty
                                  0.000000   24.750000   clock reconvergence pessimism
                                 -5.000000   19.750000   output external delay
                                             19.750000   data required time
---------------------------------------------------------------------------------------------
                                             19.750000   data required time
                                             -1.909449   data arrival time
---------------------------------------------------------------------------------------------
                                             17.840551   slack (MET)


Startpoint: en (input port clocked by clk)
Endpoint: _427_ (recovery check against rising-edge clock clk)
Path Group: asynchronous
Path Type: max

Fanout         Cap        Slew       Delay        Time   Description
---------------------------------------------------------------------------------------------
                                  0.000000    0.000000   clock clk (rise edge)
                                  0.000000    0.000000   clock network delay (propagated)
                                  5.000000    5.000000 ^ input external delay
     2    0.004691    0.045077    0.025794    5.025795 ^ en (in)
                                                         en (net)
                      0.045078    0.000000    5.025795 ^ input1/A (sky130_fd_sc_hd__clkbuf_1)
     1    0.001877    0.057007    0.126633    5.152428 ^ input1/X (sky130_fd_sc_hd__clkbuf_1)
                                                         net1 (net)
                      0.057007    0.000085    5.152513 ^ _270_/B (sky130_fd_sc_hd__and2_1)
     1    0.003920    0.093971    0.234981    5.387494 ^ _270_/X (sky130_fd_sc_hd__and2_1)
                                                         TOP.n_rst (net)
                      0.093971    0.000254    5.387748 ^ fanout42/A (sky130_fd_sc_hd__clkbuf_2)
    11    0.038999    0.333174    0.389114    5.776862 ^ fanout42/X (sky130_fd_sc_hd__clkbuf_2)
                                                         net42 (net)
                      0.333180    0.001137    5.777999 ^ fanout37/A (sky130_fd_sc_hd__clkbuf_2)
     5    0.028841    0.251122    0.433008    6.211007 ^ fanout37/X (sky130_fd_sc_hd__clkbuf_2)
                                                         net37 (net)
                      0.251131    0.001880    6.212887 ^ fanout36/A (sky130_fd_sc_hd__clkbuf_4)
    10    0.053380    0.262681    0.471120    6.684008 ^ fanout36/X (sky130_fd_sc_hd__clkbuf_4)
                                                         net36 (net)
                      0.262684    0.001442    6.685449 ^ fanout35/A (sky130_fd_sc_hd__clkbuf_4)
    10    0.048687    0.242301    0.460658    7.146108 ^ fanout35/X (sky130_fd_sc_hd__clkbuf_4)
                                                         net35 (net)
                      0.242314    0.002133    7.148241 ^ _427_/RESET_B (sky130_fd_sc_hd__dfrtp_2)
                                              7.148241   data arrival time

                                 25.000000   25.000000   clock clk (rise edge)
                                  0.000000   25.000000   clock source latency
     2    0.019493    0.146390    0.099895   25.099894 ^ clk (in)
                                                         clk (net)
                      0.146398    0.000000   25.099894 ^ clkbuf_0_clk/A (sky130_fd_sc_hd__clkbuf_16)
    17    0.104516    0.183270    0.351976   25.451870 ^ clkbuf_0_clk/X (sky130_fd_sc_hd__clkbuf_16)
                                                         clknet_0_clk (net)
                      0.183654    0.005848   25.457718 ^ clkbuf_3_0__f_clk/A (sky130_fd_sc_hd__clkbuf_16)
     9    0.029795    0.080186    0.287008   25.744726 ^ clkbuf_3_0__f_clk/X (sky130_fd_sc_hd__clkbuf_16)
                                                         clknet_3_0__leaf_clk (net)
                      0.080236    0.001767   25.746494 ^ _427_/CLK (sky130_fd_sc_hd__dfrtp_2)
                                 -0.250000   25.496494   clock uncertainty
                                  0.000000   25.496494   clock reconvergence pessimism
                                  0.374376   25.870871   library recovery time
                                             25.870871   data required time
---------------------------------------------------------------------------------------------
                                             25.870871   data required time
                                             -7.148241   data arrival time
---------------------------------------------------------------------------------------------
                                             18.722631   slack (MET)


Startpoint: en (input port clocked by clk)
Endpoint: _435_ (recovery check against rising-edge clock clk)
Path Group: asynchronous
Path Type: max

Fanout         Cap        Slew       Delay        Time   Description
---------------------------------------------------------------------------------------------
                                  0.000000    0.000000   clock clk (rise edge)
                                  0.000000    0.000000   clock network delay (propagated)
                                  5.000000    5.000000 ^ input external delay
     2    0.004691    0.045077    0.025794    5.025795 ^ en (in)
                                                         en (net)
                      0.045078    0.000000    5.025795 ^ input1/A (sky130_fd_sc_hd__clkbuf_1)
     1    0.001877    0.057007    0.126633    5.152428 ^ input1/X (sky130_fd_sc_hd__clkbuf_1)
                                                         net1 (net)
                      0.057007    0.000085    5.152513 ^ _270_/B (sky130_fd_sc_hd__and2_1)
     1    0.003920    0.093971    0.234981    5.387494 ^ _270_/X (sky130_fd_sc_hd__and2_1)
                                                         TOP.n_rst (net)
                      0.093971    0.000254    5.387748 ^ fanout42/A (sky130_fd_sc_hd__clkbuf_2)
    11    0.038999    0.333174    0.389114    5.776862 ^ fanout42/X (sky130_fd_sc_hd__clkbuf_2)
                                                         net42 (net)
                      0.333180    0.001137    5.777999 ^ fanout37/A (sky130_fd_sc_hd__clkbuf_2)
     5    0.028841    0.251122    0.433008    6.211007 ^ fanout37/X (sky130_fd_sc_hd__clkbuf_2)
                                                         net37 (net)
                      0.251131    0.001880    6.212887 ^ fanout36/A (sky130_fd_sc_hd__clkbuf_4)
    10    0.053380    0.262681    0.471120    6.684008 ^ fanout36/X (sky130_fd_sc_hd__clkbuf_4)
                                                         net36 (net)
                      0.262684    0.001442    6.685449 ^ fanout35/A (sky130_fd_sc_hd__clkbuf_4)
    10    0.048687    0.242301    0.460658    7.146108 ^ fanout35/X (sky130_fd_sc_hd__clkbuf_4)
                                                         net35 (net)
                      0.242502    0.006305    7.152412 ^ _435_/RESET_B (sky130_fd_sc_hd__dfrtp_2)
                                              7.152412   data arrival time

                                 25.000000   25.000000   clock clk (rise edge)
                                  0.000000   25.000000   clock source latency
     2    0.019493    0.146390    0.099895   25.099894 ^ clk (in)
                                                         clk (net)
                      0.146398    0.000000   25.099894 ^ clkbuf_0_clk/A (sky130_fd_sc_hd__clkbuf_16)
    17    0.104516    0.183270    0.351976   25.451870 ^ clkbuf_0_clk/X (sky130_fd_sc_hd__clkbuf_16)
                                                         clknet_0_clk (net)
                      0.183951    0.008287   25.460157 ^ clkbuf_3_2__f_clk/A (sky130_fd_sc_hd__clkbuf_16)
    12    0.036241    0.089285    0.295907   25.756065 ^ clkbuf_3_2__f_clk/X (sky130_fd_sc_hd__clkbuf_16)
                                                         clknet_3_2__leaf_clk (net)
                      0.089320    0.001673   25.757738 ^ _435_/CLK (sky130_fd_sc_hd__dfrtp_2)
                                 -0.250000   25.507738   clock uncertainty
                                  0.000000   25.507738   clock reconvergence pessimism
                                  0.377379   25.885117   library recovery time
                                             25.885117   data required time
---------------------------------------------------------------------------------------------
                                             25.885117   data required time
                                             -7.152412   data arrival time
---------------------------------------------------------------------------------------------
                                             18.732704   slack (MET)


Startpoint: en (input port clocked by clk)
Endpoint: _429_ (recovery check against rising-edge clock clk)
Path Group: asynchronous
Path Type: max

Fanout         Cap        Slew       Delay        Time   Description
---------------------------------------------------------------------------------------------
                                  0.000000    0.000000   clock clk (rise edge)
                                  0.000000    0.000000   clock network delay (propagated)
                                  5.000000    5.000000 ^ input external delay
     2    0.004691    0.045077    0.025794    5.025795 ^ en (in)
                                                         en (net)
                      0.045078    0.000000    5.025795 ^ input1/A (sky130_fd_sc_hd__clkbuf_1)
     1    0.001877    0.057007    0.126633    5.152428 ^ input1/X (sky130_fd_sc_hd__clkbuf_1)
                                                         net1 (net)
                      0.057007    0.000085    5.152513 ^ _270_/B (sky130_fd_sc_hd__and2_1)
     1    0.003920    0.093971    0.234981    5.387494 ^ _270_/X (sky130_fd_sc_hd__and2_1)
                                                         TOP.n_rst (net)
                      0.093971    0.000254    5.387748 ^ fanout42/A (sky130_fd_sc_hd__clkbuf_2)
    11    0.038999    0.333174    0.389114    5.776862 ^ fanout42/X (sky130_fd_sc_hd__clkbuf_2)
                                                         net42 (net)
                      0.333180    0.001137    5.777999 ^ fanout37/A (sky130_fd_sc_hd__clkbuf_2)
     5    0.028841    0.251122    0.433008    6.211007 ^ fanout37/X (sky130_fd_sc_hd__clkbuf_2)
                                                         net37 (net)
                      0.251131    0.001880    6.212887 ^ fanout36/A (sky130_fd_sc_hd__clkbuf_4)
    10    0.053380    0.262681    0.471120    6.684008 ^ fanout36/X (sky130_fd_sc_hd__clkbuf_4)
                                                         net36 (net)
                      0.262684    0.001442    6.685449 ^ fanout35/A (sky130_fd_sc_hd__clkbuf_4)
    10    0.048687    0.242301    0.460658    7.146108 ^ fanout35/X (sky130_fd_sc_hd__clkbuf_4)
                                                         net35 (net)
                      0.242379    0.004206    7.150313 ^ _429_/RESET_B (sky130_fd_sc_hd__dfrtp_2)
                                              7.150313   data arrival time

                                 25.000000   25.000000   clock clk (rise edge)
                                  0.000000   25.000000   clock source latency
     2    0.019493    0.146390    0.099895   25.099894 ^ clk (in)
                                                         clk (net)
                      0.146398    0.000000   25.099894 ^ clkbuf_0_clk/A (sky130_fd_sc_hd__clkbuf_16)
    17    0.104516    0.183270    0.351976   25.451870 ^ clkbuf_0_clk/X (sky130_fd_sc_hd__clkbuf_16)
                                                         clknet_0_clk (net)
                      0.183951    0.008287   25.460157 ^ clkbuf_3_2__f_clk/A (sky130_fd_sc_hd__clkbuf_16)
    12    0.036241    0.089285    0.295907   25.756065 ^ clkbuf_3_2__f_clk/X (sky130_fd_sc_hd__clkbuf_16)
                                                         clknet_3_2__leaf_clk (net)
                      0.089337    0.001977   25.758041 ^ _429_/CLK (sky130_fd_sc_hd__dfrtp_2)
                                 -0.250000   25.508043   clock uncertainty
                                  0.000000   25.508043   clock reconvergence pessimism
                                  0.377437   25.885479   library recovery time
                                             25.885479   data required time
---------------------------------------------------------------------------------------------
                                             25.885479   data required time
                                             -7.150313   data arrival time
---------------------------------------------------------------------------------------------
                                             18.735167   slack (MET)


Startpoint: en (input port clocked by clk)
Endpoint: _446_ (recovery check against rising-edge clock clk)
Path Group: asynchronous
Path Type: max

Fanout         Cap        Slew       Delay        Time   Description
---------------------------------------------------------------------------------------------
                                  0.000000    0.000000   clock clk (rise edge)
                                  0.000000    0.000000   clock network delay (propagated)
                                  5.000000    5.000000 ^ input external delay
     2    0.004691    0.045077    0.025794    5.025795 ^ en (in)
                                                         en (net)
                      0.045078    0.000000    5.025795 ^ input1/A (sky130_fd_sc_hd__clkbuf_1)
     1    0.001877    0.057007    0.126633    5.152428 ^ input1/X (sky130_fd_sc_hd__clkbuf_1)
                                                         net1 (net)
                      0.057007    0.000085    5.152513 ^ _270_/B (sky130_fd_sc_hd__and2_1)
     1    0.003920    0.093971    0.234981    5.387494 ^ _270_/X (sky130_fd_sc_hd__and2_1)
                                                         TOP.n_rst (net)
                      0.093971    0.000254    5.387748 ^ fanout42/A (sky130_fd_sc_hd__clkbuf_2)
    11    0.038999    0.333174    0.389114    5.776862 ^ fanout42/X (sky130_fd_sc_hd__clkbuf_2)
                                                         net42 (net)
                      0.333180    0.001137    5.777999 ^ fanout37/A (sky130_fd_sc_hd__clkbuf_2)
     5    0.028841    0.251122    0.433008    6.211007 ^ fanout37/X (sky130_fd_sc_hd__clkbuf_2)
                                                         net37 (net)
                      0.251131    0.001880    6.212887 ^ fanout36/A (sky130_fd_sc_hd__clkbuf_4)
    10    0.053380    0.262681    0.471120    6.684008 ^ fanout36/X (sky130_fd_sc_hd__clkbuf_4)
                                                         net36 (net)
                      0.262684    0.001442    6.685449 ^ fanout35/A (sky130_fd_sc_hd__clkbuf_4)
    10    0.048687    0.242301    0.460658    7.146108 ^ fanout35/X (sky130_fd_sc_hd__clkbuf_4)
                                                         net35 (net)
                      0.242379    0.004205    7.150312 ^ _446_/RESET_B (sky130_fd_sc_hd__dfrtp_1)
                                              7.150312   data arrival time

                                 25.000000   25.000000   clock clk (rise edge)
                                  0.000000   25.000000   clock source latency
     2    0.019493    0.146390    0.099895   25.099894 ^ clk (in)
                                                         clk (net)
                      0.146398    0.000000   25.099894 ^ clkbuf_0_clk/A (sky130_fd_sc_hd__clkbuf_16)
    17    0.104516    0.183270    0.351976   25.451870 ^ clkbuf_0_clk/X (sky130_fd_sc_hd__clkbuf_16)
                                                         clknet_0_clk (net)
                      0.183654    0.005848   25.457718 ^ clkbuf_3_0__f_clk/A (sky130_fd_sc_hd__clkbuf_16)
     9    0.029795    0.080186    0.287008   25.744726 ^ clkbuf_3_0__f_clk/X (sky130_fd_sc_hd__clkbuf_16)
                                                         clknet_3_0__leaf_clk (net)
                      0.080231    0.001704   25.746429 ^ _446_/CLK (sky130_fd_sc_hd__dfrtp_1)
                                 -0.250000   25.496431   clock uncertainty
                                  0.000000   25.496431   clock reconvergence pessimism
                                  0.402176   25.898607   library recovery time
                                             25.898607   data required time
---------------------------------------------------------------------------------------------
                                             25.898607   data required time
                                             -7.150312   data arrival time
---------------------------------------------------------------------------------------------
                                             18.748295   slack (MET)


Startpoint: en (input port clocked by clk)
Endpoint: _484_ (recovery check against rising-edge clock clk)
Path Group: asynchronous
Path Type: max

Fanout         Cap        Slew       Delay        Time   Description
---------------------------------------------------------------------------------------------
                                  0.000000    0.000000   clock clk (rise edge)
                                  0.000000    0.000000   clock network delay (propagated)
                                  5.000000    5.000000 ^ input external delay
     2    0.004691    0.045077    0.025794    5.025795 ^ en (in)
                                                         en (net)
                      0.045078    0.000000    5.025795 ^ input1/A (sky130_fd_sc_hd__clkbuf_1)
     1    0.001877    0.057007    0.126633    5.152428 ^ input1/X (sky130_fd_sc_hd__clkbuf_1)
                                                         net1 (net)
                      0.057007    0.000085    5.152513 ^ _270_/B (sky130_fd_sc_hd__and2_1)
     1    0.003920    0.093971    0.234981    5.387494 ^ _270_/X (sky130_fd_sc_hd__and2_1)
                                                         TOP.n_rst (net)
                      0.093971    0.000254    5.387748 ^ fanout42/A (sky130_fd_sc_hd__clkbuf_2)
    11    0.038999    0.333174    0.389114    5.776862 ^ fanout42/X (sky130_fd_sc_hd__clkbuf_2)
                                                         net42 (net)
                      0.333180    0.001137    5.777999 ^ fanout37/A (sky130_fd_sc_hd__clkbuf_2)
     5    0.028841    0.251122    0.433008    6.211007 ^ fanout37/X (sky130_fd_sc_hd__clkbuf_2)
                                                         net37 (net)
                      0.251122    0.000712    6.211720 ^ fanout34/A (sky130_fd_sc_hd__buf_2)
     8    0.038660    0.305665    0.447594    6.659313 ^ fanout34/X (sky130_fd_sc_hd__buf_2)
                                                         net34 (net)
                      0.305665    0.001107    6.660419 ^ fanout33/A (sky130_fd_sc_hd__clkbuf_4)
    10    0.042751    0.216805    0.461231    7.121651 ^ fanout33/X (sky130_fd_sc_hd__clkbuf_4)
                                                         net33 (net)
                      0.216914    0.004513    7.126164 ^ _484_/RESET_B (sky130_fd_sc_hd__dfrtp_2)
                                              7.126164   data arrival time

                                 25.000000   25.000000   clock clk (rise edge)
                                  0.000000   25.000000   clock source latency
     2    0.019493    0.146390    0.099895   25.099894 ^ clk (in)
                                                         clk (net)
                      0.146398    0.000000   25.099894 ^ clkbuf_0_clk/A (sky130_fd_sc_hd__clkbuf_16)
    17    0.104516    0.183270    0.351976   25.451870 ^ clkbuf_0_clk/X (sky130_fd_sc_hd__clkbuf_16)
                                                         clknet_0_clk (net)
                      0.183654    0.005848   25.457718 ^ clkbuf_3_0__f_clk/A (sky130_fd_sc_hd__clkbuf_16)
     9    0.029795    0.080186    0.287008   25.744726 ^ clkbuf_3_0__f_clk/X (sky130_fd_sc_hd__clkbuf_16)
                                                         clknet_3_0__leaf_clk (net)
                      0.080225    0.001597   25.746323 ^ _484_/CLK (sky130_fd_sc_hd__dfrtp_2)
                                 -0.250000   25.496325   clock uncertainty
                                  0.000000   25.496325   clock reconvergence pessimism
                                  0.385222   25.881544   library recovery time
                                             25.881544   data required time
---------------------------------------------------------------------------------------------
                                             25.881544   data required time
                                             -7.126164   data arrival time
---------------------------------------------------------------------------------------------
                                             18.755381   slack (MET)


Startpoint: en (input port clocked by clk)
Endpoint: _426_ (recovery check against rising-edge clock clk)
Path Group: asynchronous
Path Type: max

Fanout         Cap        Slew       Delay        Time   Description
---------------------------------------------------------------------------------------------
                                  0.000000    0.000000   clock clk (rise edge)
                                  0.000000    0.000000   clock network delay (propagated)
                                  5.000000    5.000000 ^ input external delay
     2    0.004691    0.045077    0.025794    5.025795 ^ en (in)
                                                         en (net)
                      0.045078    0.000000    5.025795 ^ input1/A (sky130_fd_sc_hd__clkbuf_1)
     1    0.001877    0.057007    0.126633    5.152428 ^ input1/X (sky130_fd_sc_hd__clkbuf_1)
                                                         net1 (net)
                      0.057007    0.000085    5.152513 ^ _270_/B (sky130_fd_sc_hd__and2_1)
     1    0.003920    0.093971    0.234981    5.387494 ^ _270_/X (sky130_fd_sc_hd__and2_1)
                                                         TOP.n_rst (net)
                      0.093971    0.000254    5.387748 ^ fanout42/A (sky130_fd_sc_hd__clkbuf_2)
    11    0.038999    0.333174    0.389114    5.776862 ^ fanout42/X (sky130_fd_sc_hd__clkbuf_2)
                                                         net42 (net)
                      0.333180    0.001137    5.777999 ^ fanout37/A (sky130_fd_sc_hd__clkbuf_2)
     5    0.028841    0.251122    0.433008    6.211007 ^ fanout37/X (sky130_fd_sc_hd__clkbuf_2)
                                                         net37 (net)
                      0.251131    0.001880    6.212887 ^ fanout36/A (sky130_fd_sc_hd__clkbuf_4)
    10    0.053380    0.262681    0.471120    6.684008 ^ fanout36/X (sky130_fd_sc_hd__clkbuf_4)
                                                         net36 (net)
                      0.262684    0.001442    6.685449 ^ fanout35/A (sky130_fd_sc_hd__clkbuf_4)
    10    0.048687    0.242301    0.460658    7.146108 ^ fanout35/X (sky130_fd_sc_hd__clkbuf_4)
                                                         net35 (net)
                      0.242512    0.006442    7.152549 ^ _426_/RESET_B (sky130_fd_sc_hd__dfrtp_1)
                                              7.152549   data arrival time

                                 25.000000   25.000000   clock clk (rise edge)
                                  0.000000   25.000000   clock source latency
     2    0.019493    0.146390    0.099895   25.099894 ^ clk (in)
                                                         clk (net)
                      0.146398    0.000000   25.099894 ^ clkbuf_0_clk/A (sky130_fd_sc_hd__clkbuf_16)
    17    0.104516    0.183270    0.351976   25.451870 ^ clkbuf_0_clk/X (sky130_fd_sc_hd__clkbuf_16)
                                                         clknet_0_clk (net)
                      0.183951    0.008287   25.460157 ^ clkbuf_3_2__f_clk/A (sky130_fd_sc_hd__clkbuf_16)
    12    0.036241    0.089285    0.295907   25.756065 ^ clkbuf_3_2__f_clk/X (sky130_fd_sc_hd__clkbuf_16)
                                                         clknet_3_2__leaf_clk (net)
                      0.089338    0.001993   25.758059 ^ _426_/CLK (sky130_fd_sc_hd__dfrtp_1)
                                 -0.250000   25.508059   clock uncertainty
                                  0.000000   25.508059   clock reconvergence pessimism
                                  0.405198   25.913256   library recovery time
                                             25.913256   data required time
---------------------------------------------------------------------------------------------
                                             25.913256   data required time
                                             -7.152549   data arrival time
---------------------------------------------------------------------------------------------
                                             18.760708   slack (MET)


Startpoint: en (input port clocked by clk)
Endpoint: _434_ (recovery check against rising-edge clock clk)
Path Group: asynchronous
Path Type: max

Fanout         Cap        Slew       Delay        Time   Description
---------------------------------------------------------------------------------------------
                                  0.000000    0.000000   clock clk (rise edge)
                                  0.000000    0.000000   clock network delay (propagated)
                                  5.000000    5.000000 ^ input external delay
     2    0.004691    0.045077    0.025794    5.025795 ^ en (in)
                                                         en (net)
                      0.045078    0.000000    5.025795 ^ input1/A (sky130_fd_sc_hd__clkbuf_1)
     1    0.001877    0.057007    0.126633    5.152428 ^ input1/X (sky130_fd_sc_hd__clkbuf_1)
                                                         net1 (net)
                      0.057007    0.000085    5.152513 ^ _270_/B (sky130_fd_sc_hd__and2_1)
     1    0.003920    0.093971    0.234981    5.387494 ^ _270_/X (sky130_fd_sc_hd__and2_1)
                                                         TOP.n_rst (net)
                      0.093971    0.000254    5.387748 ^ fanout42/A (sky130_fd_sc_hd__clkbuf_2)
    11    0.038999    0.333174    0.389114    5.776862 ^ fanout42/X (sky130_fd_sc_hd__clkbuf_2)
                                                         net42 (net)
                      0.333180    0.001137    5.777999 ^ fanout37/A (sky130_fd_sc_hd__clkbuf_2)
     5    0.028841    0.251122    0.433008    6.211007 ^ fanout37/X (sky130_fd_sc_hd__clkbuf_2)
                                                         net37 (net)
                      0.251131    0.001880    6.212887 ^ fanout36/A (sky130_fd_sc_hd__clkbuf_4)
    10    0.053380    0.262681    0.471120    6.684008 ^ fanout36/X (sky130_fd_sc_hd__clkbuf_4)
                                                         net36 (net)
                      0.262684    0.001442    6.685449 ^ fanout35/A (sky130_fd_sc_hd__clkbuf_4)
    10    0.048687    0.242301    0.460658    7.146108 ^ fanout35/X (sky130_fd_sc_hd__clkbuf_4)
                                                         net35 (net)
                      0.242491    0.006153    7.152260 ^ _434_/RESET_B (sky130_fd_sc_hd__dfrtp_1)
                                              7.152260   data arrival time

                                 25.000000   25.000000   clock clk (rise edge)
                                  0.000000   25.000000   clock source latency
     2    0.019493    0.146390    0.099895   25.099894 ^ clk (in)
                                                         clk (net)
                      0.146398    0.000000   25.099894 ^ clkbuf_0_clk/A (sky130_fd_sc_hd__clkbuf_16)
    17    0.104516    0.183270    0.351976   25.451870 ^ clkbuf_0_clk/X (sky130_fd_sc_hd__clkbuf_16)
                                                         clknet_0_clk (net)
                      0.183951    0.008287   25.460157 ^ clkbuf_3_2__f_clk/A (sky130_fd_sc_hd__clkbuf_16)
    12    0.036241    0.089285    0.295907   25.756065 ^ clkbuf_3_2__f_clk/X (sky130_fd_sc_hd__clkbuf_16)
                                                         clknet_3_2__leaf_clk (net)
                      0.089358    0.002286   25.758350 ^ _434_/CLK (sky130_fd_sc_hd__dfrtp_1)
                                 -0.250000   25.508352   clock uncertainty
                                  0.000000   25.508352   clock reconvergence pessimism
                                  0.405213   25.913563   library recovery time
                                             25.913563   data required time
---------------------------------------------------------------------------------------------
                                             25.913563   data required time
                                             -7.152260   data arrival time
---------------------------------------------------------------------------------------------
                                             18.761303   slack (MET)


Startpoint: en (input port clocked by clk)
Endpoint: _432_ (recovery check against rising-edge clock clk)
Path Group: asynchronous
Path Type: max

Fanout         Cap        Slew       Delay        Time   Description
---------------------------------------------------------------------------------------------
                                  0.000000    0.000000   clock clk (rise edge)
                                  0.000000    0.000000   clock network delay (propagated)
                                  5.000000    5.000000 ^ input external delay
     2    0.004691    0.045077    0.025794    5.025795 ^ en (in)
                                                         en (net)
                      0.045078    0.000000    5.025795 ^ input1/A (sky130_fd_sc_hd__clkbuf_1)
     1    0.001877    0.057007    0.126633    5.152428 ^ input1/X (sky130_fd_sc_hd__clkbuf_1)
                                                         net1 (net)
                      0.057007    0.000085    5.152513 ^ _270_/B (sky130_fd_sc_hd__and2_1)
     1    0.003920    0.093971    0.234981    5.387494 ^ _270_/X (sky130_fd_sc_hd__and2_1)
                                                         TOP.n_rst (net)
                      0.093971    0.000254    5.387748 ^ fanout42/A (sky130_fd_sc_hd__clkbuf_2)
    11    0.038999    0.333174    0.389114    5.776862 ^ fanout42/X (sky130_fd_sc_hd__clkbuf_2)
                                                         net42 (net)
                      0.333180    0.001137    5.777999 ^ fanout37/A (sky130_fd_sc_hd__clkbuf_2)
     5    0.028841    0.251122    0.433008    6.211007 ^ fanout37/X (sky130_fd_sc_hd__clkbuf_2)
                                                         net37 (net)
                      0.251131    0.001880    6.212887 ^ fanout36/A (sky130_fd_sc_hd__clkbuf_4)
    10    0.053380    0.262681    0.471120    6.684008 ^ fanout36/X (sky130_fd_sc_hd__clkbuf_4)
                                                         net36 (net)
                      0.262684    0.001442    6.685449 ^ fanout35/A (sky130_fd_sc_hd__clkbuf_4)
    10    0.048687    0.242301    0.460658    7.146108 ^ fanout35/X (sky130_fd_sc_hd__clkbuf_4)
                                                         net35 (net)
                      0.242460    0.005692    7.151800 ^ _432_/RESET_B (sky130_fd_sc_hd__dfrtp_1)
                                              7.151800   data arrival time

                                 25.000000   25.000000   clock clk (rise edge)
                                  0.000000   25.000000   clock source latency
     2    0.019493    0.146390    0.099895   25.099894 ^ clk (in)
                                                         clk (net)
                      0.146398    0.000000   25.099894 ^ clkbuf_0_clk/A (sky130_fd_sc_hd__clkbuf_16)
    17    0.104516    0.183270    0.351976   25.451870 ^ clkbuf_0_clk/X (sky130_fd_sc_hd__clkbuf_16)
                                                         clknet_0_clk (net)
                      0.183951    0.008287   25.460157 ^ clkbuf_3_2__f_clk/A (sky130_fd_sc_hd__clkbuf_16)
    12    0.036241    0.089285    0.295907   25.756065 ^ clkbuf_3_2__f_clk/X (sky130_fd_sc_hd__clkbuf_16)
                                                         clknet_3_2__leaf_clk (net)
                      0.089365    0.002373   25.758438 ^ _432_/CLK (sky130_fd_sc_hd__dfrtp_1)
                                 -0.250000   25.508438   clock uncertainty
                                  0.000000   25.508438   clock reconvergence pessimism
                                  0.405226   25.913666   library recovery time
                                             25.913666   data required time
---------------------------------------------------------------------------------------------
                                             25.913666   data required time
                                             -7.151800   data arrival time
---------------------------------------------------------------------------------------------
                                             18.761866   slack (MET)


Startpoint: en (input port clocked by clk)
Endpoint: _431_ (recovery check against rising-edge clock clk)
Path Group: asynchronous
Path Type: max

Fanout         Cap        Slew       Delay        Time   Description
---------------------------------------------------------------------------------------------
                                  0.000000    0.000000   clock clk (rise edge)
                                  0.000000    0.000000   clock network delay (propagated)
                                  5.000000    5.000000 ^ input external delay
     2    0.004691    0.045077    0.025794    5.025795 ^ en (in)
                                                         en (net)
                      0.045078    0.000000    5.025795 ^ input1/A (sky130_fd_sc_hd__clkbuf_1)
     1    0.001877    0.057007    0.126633    5.152428 ^ input1/X (sky130_fd_sc_hd__clkbuf_1)
                                                         net1 (net)
                      0.057007    0.000085    5.152513 ^ _270_/B (sky130_fd_sc_hd__and2_1)
     1    0.003920    0.093971    0.234981    5.387494 ^ _270_/X (sky130_fd_sc_hd__and2_1)
                                                         TOP.n_rst (net)
                      0.093971    0.000254    5.387748 ^ fanout42/A (sky130_fd_sc_hd__clkbuf_2)
    11    0.038999    0.333174    0.389114    5.776862 ^ fanout42/X (sky130_fd_sc_hd__clkbuf_2)
                                                         net42 (net)
                      0.333180    0.001137    5.777999 ^ fanout37/A (sky130_fd_sc_hd__clkbuf_2)
     5    0.028841    0.251122    0.433008    6.211007 ^ fanout37/X (sky130_fd_sc_hd__clkbuf_2)
                                                         net37 (net)
                      0.251131    0.001880    6.212887 ^ fanout36/A (sky130_fd_sc_hd__clkbuf_4)
    10    0.053380    0.262681    0.471120    6.684008 ^ fanout36/X (sky130_fd_sc_hd__clkbuf_4)
                                                         net36 (net)
                      0.262684    0.001442    6.685449 ^ fanout35/A (sky130_fd_sc_hd__clkbuf_4)
    10    0.048687    0.242301    0.460658    7.146108 ^ fanout35/X (sky130_fd_sc_hd__clkbuf_4)
                                                         net35 (net)
                      0.242431    0.005214    7.151321 ^ _431_/RESET_B (sky130_fd_sc_hd__dfrtp_1)
                                              7.151321   data arrival time

                                 25.000000   25.000000   clock clk (rise edge)
                                  0.000000   25.000000   clock source latency
     2    0.019493    0.146390    0.099895   25.099894 ^ clk (in)
                                                         clk (net)
                      0.146398    0.000000   25.099894 ^ clkbuf_0_clk/A (sky130_fd_sc_hd__clkbuf_16)
    17    0.104516    0.183270    0.351976   25.451870 ^ clkbuf_0_clk/X (sky130_fd_sc_hd__clkbuf_16)
                                                         clknet_0_clk (net)
                      0.183951    0.008287   25.460157 ^ clkbuf_3_2__f_clk/A (sky130_fd_sc_hd__clkbuf_16)
    12    0.036241    0.089285    0.295907   25.756065 ^ clkbuf_3_2__f_clk/X (sky130_fd_sc_hd__clkbuf_16)
                                                         clknet_3_2__leaf_clk (net)
                      0.089361    0.002325   25.758390 ^ _431_/CLK (sky130_fd_sc_hd__dfrtp_1)
                                 -0.250000   25.508390   clock uncertainty
                                  0.000000   25.508390   clock reconvergence pessimism
                                  0.405236   25.913628   library recovery time
                                             25.913628   data required time
---------------------------------------------------------------------------------------------
                                             25.913628   data required time
                                             -7.151321   data arrival time
---------------------------------------------------------------------------------------------
                                             18.762306   slack (MET)


Startpoint: en (input port clocked by clk)
Endpoint: _430_ (recovery check against rising-edge clock clk)
Path Group: asynchronous
Path Type: max

Fanout         Cap        Slew       Delay        Time   Description
---------------------------------------------------------------------------------------------
                                  0.000000    0.000000   clock clk (rise edge)
                                  0.000000    0.000000   clock network delay (propagated)
                                  5.000000    5.000000 ^ input external delay
     2    0.004691    0.045077    0.025794    5.025795 ^ en (in)
                                                         en (net)
                      0.045078    0.000000    5.025795 ^ input1/A (sky130_fd_sc_hd__clkbuf_1)
     1    0.001877    0.057007    0.126633    5.152428 ^ input1/X (sky130_fd_sc_hd__clkbuf_1)
                                                         net1 (net)
                      0.057007    0.000085    5.152513 ^ _270_/B (sky130_fd_sc_hd__and2_1)
     1    0.003920    0.093971    0.234981    5.387494 ^ _270_/X (sky130_fd_sc_hd__and2_1)
                                                         TOP.n_rst (net)
                      0.093971    0.000254    5.387748 ^ fanout42/A (sky130_fd_sc_hd__clkbuf_2)
    11    0.038999    0.333174    0.389114    5.776862 ^ fanout42/X (sky130_fd_sc_hd__clkbuf_2)
                                                         net42 (net)
                      0.333180    0.001137    5.777999 ^ fanout37/A (sky130_fd_sc_hd__clkbuf_2)
     5    0.028841    0.251122    0.433008    6.211007 ^ fanout37/X (sky130_fd_sc_hd__clkbuf_2)
                                                         net37 (net)
                      0.251131    0.001880    6.212887 ^ fanout36/A (sky130_fd_sc_hd__clkbuf_4)
    10    0.053380    0.262681    0.471120    6.684008 ^ fanout36/X (sky130_fd_sc_hd__clkbuf_4)
                                                         net36 (net)
                      0.262684    0.001442    6.685449 ^ fanout35/A (sky130_fd_sc_hd__clkbuf_4)
    10    0.048687    0.242301    0.460658    7.146108 ^ fanout35/X (sky130_fd_sc_hd__clkbuf_4)
                                                         net35 (net)
                      0.242397    0.004572    7.150680 ^ _430_/RESET_B (sky130_fd_sc_hd__dfrtp_1)
                                              7.150680   data arrival time

                                 25.000000   25.000000   clock clk (rise edge)
                                  0.000000   25.000000   clock source latency
     2    0.019493    0.146390    0.099895   25.099894 ^ clk (in)
                                                         clk (net)
                      0.146398    0.000000   25.099894 ^ clkbuf_0_clk/A (sky130_fd_sc_hd__clkbuf_16)
    17    0.104516    0.183270    0.351976   25.451870 ^ clkbuf_0_clk/X (sky130_fd_sc_hd__clkbuf_16)
                                                         clknet_0_clk (net)
                      0.183951    0.008287   25.460157 ^ clkbuf_3_2__f_clk/A (sky130_fd_sc_hd__clkbuf_16)
    12    0.036241    0.089285    0.295907   25.756065 ^ clkbuf_3_2__f_clk/X (sky130_fd_sc_hd__clkbuf_16)
                                                         clknet_3_2__leaf_clk (net)
                      0.089357    0.002276   25.758341 ^ _430_/CLK (sky130_fd_sc_hd__dfrtp_1)
                                 -0.250000   25.508341   clock uncertainty
                                  0.000000   25.508341   clock reconvergence pessimism
                                  0.405247   25.913588   library recovery time
                                             25.913588   data required time
---------------------------------------------------------------------------------------------
                                             25.913588   data required time
                                             -7.150680   data arrival time
---------------------------------------------------------------------------------------------
                                             18.762909   slack (MET)


Startpoint: en (input port clocked by clk)
Endpoint: _428_ (recovery check against rising-edge clock clk)
Path Group: asynchronous
Path Type: max

Fanout         Cap        Slew       Delay        Time   Description
---------------------------------------------------------------------------------------------
                                  0.000000    0.000000   clock clk (rise edge)
                                  0.000000    0.000000   clock network delay (propagated)
                                  5.000000    5.000000 ^ input external delay
     2    0.004691    0.045077    0.025794    5.025795 ^ en (in)
                                                         en (net)
                      0.045078    0.000000    5.025795 ^ input1/A (sky130_fd_sc_hd__clkbuf_1)
     1    0.001877    0.057007    0.126633    5.152428 ^ input1/X (sky130_fd_sc_hd__clkbuf_1)
                                                         net1 (net)
                      0.057007    0.000085    5.152513 ^ _270_/B (sky130_fd_sc_hd__and2_1)
     1    0.003920    0.093971    0.234981    5.387494 ^ _270_/X (sky130_fd_sc_hd__and2_1)
                                                         TOP.n_rst (net)
                      0.093971    0.000254    5.387748 ^ fanout42/A (sky130_fd_sc_hd__clkbuf_2)
    11    0.038999    0.333174    0.389114    5.776862 ^ fanout42/X (sky130_fd_sc_hd__clkbuf_2)
                                                         net42 (net)
                      0.333180    0.001137    5.777999 ^ fanout37/A (sky130_fd_sc_hd__clkbuf_2)
     5    0.028841    0.251122    0.433008    6.211007 ^ fanout37/X (sky130_fd_sc_hd__clkbuf_2)
                                                         net37 (net)
                      0.251131    0.001880    6.212887 ^ fanout36/A (sky130_fd_sc_hd__clkbuf_4)
    10    0.053380    0.262681    0.471120    6.684008 ^ fanout36/X (sky130_fd_sc_hd__clkbuf_4)
                                                         net36 (net)
                      0.262684    0.001442    6.685449 ^ fanout35/A (sky130_fd_sc_hd__clkbuf_4)
    10    0.048687    0.242301    0.460658    7.146108 ^ fanout35/X (sky130_fd_sc_hd__clkbuf_4)
                                                         net35 (net)
                      0.242367    0.003919    7.150026 ^ _428_/RESET_B (sky130_fd_sc_hd__dfrtp_1)
                                              7.150026   data arrival time

                                 25.000000   25.000000   clock clk (rise edge)
                                  0.000000   25.000000   clock source latency
     2    0.019493    0.146390    0.099895   25.099894 ^ clk (in)
                                                         clk (net)
                      0.146398    0.000000   25.099894 ^ clkbuf_0_clk/A (sky130_fd_sc_hd__clkbuf_16)
    17    0.104516    0.183270    0.351976   25.451870 ^ clkbuf_0_clk/X (sky130_fd_sc_hd__clkbuf_16)
                                                         clknet_0_clk (net)
                      0.183951    0.008287   25.460157 ^ clkbuf_3_2__f_clk/A (sky130_fd_sc_hd__clkbuf_16)
    12    0.036241    0.089285    0.295907   25.756065 ^ clkbuf_3_2__f_clk/X (sky130_fd_sc_hd__clkbuf_16)
                                                         clknet_3_2__leaf_clk (net)
                      0.089326    0.001783   25.757849 ^ _428_/CLK (sky130_fd_sc_hd__dfrtp_1)
                                 -0.250000   25.507849   clock uncertainty
                                  0.000000   25.507849   clock reconvergence pessimism
                                  0.405248   25.913095   library recovery time
                                             25.913095   data required time
---------------------------------------------------------------------------------------------
                                             25.913095   data required time
                                             -7.150026   data arrival time
---------------------------------------------------------------------------------------------
                                             18.763069   slack (MET)


Startpoint: en (input port clocked by clk)
Endpoint: _472_ (recovery check against rising-edge clock clk)
Path Group: asynchronous
Path Type: max

Fanout         Cap        Slew       Delay        Time   Description
---------------------------------------------------------------------------------------------
                                  0.000000    0.000000   clock clk (rise edge)
                                  0.000000    0.000000   clock network delay (propagated)
                                  5.000000    5.000000 ^ input external delay
     2    0.004691    0.045077    0.025794    5.025795 ^ en (in)
                                                         en (net)
                      0.045078    0.000000    5.025795 ^ input1/A (sky130_fd_sc_hd__clkbuf_1)
     1    0.001877    0.057007    0.126633    5.152428 ^ input1/X (sky130_fd_sc_hd__clkbuf_1)
                                                         net1 (net)
                      0.057007    0.000085    5.152513 ^ _270_/B (sky130_fd_sc_hd__and2_1)
     1    0.003920    0.093971    0.234981    5.387494 ^ _270_/X (sky130_fd_sc_hd__and2_1)
                                                         TOP.n_rst (net)
                      0.093971    0.000254    5.387748 ^ fanout42/A (sky130_fd_sc_hd__clkbuf_2)
    11    0.038999    0.333174    0.389114    5.776862 ^ fanout42/X (sky130_fd_sc_hd__clkbuf_2)
                                                         net42 (net)
                      0.333180    0.001137    5.777999 ^ fanout37/A (sky130_fd_sc_hd__clkbuf_2)
     5    0.028841    0.251122    0.433008    6.211007 ^ fanout37/X (sky130_fd_sc_hd__clkbuf_2)
                                                         net37 (net)
                      0.251122    0.000712    6.211720 ^ fanout34/A (sky130_fd_sc_hd__buf_2)
     8    0.038660    0.305665    0.447594    6.659313 ^ fanout34/X (sky130_fd_sc_hd__buf_2)
                                                         net34 (net)
                      0.305665    0.001107    6.660419 ^ fanout33/A (sky130_fd_sc_hd__clkbuf_4)
    10    0.042751    0.216805    0.461231    7.121651 ^ fanout33/X (sky130_fd_sc_hd__clkbuf_4)
                                                         net33 (net)
                      0.216890    0.004051    7.125701 ^ _472_/RESET_B (sky130_fd_sc_hd__dfrtp_2)
                                              7.125701   data arrival time

                                 25.000000   25.000000   clock clk (rise edge)
                                  0.000000   25.000000   clock source latency
     2    0.019493    0.146390    0.099895   25.099894 ^ clk (in)
                                                         clk (net)
                      0.146398    0.000000   25.099894 ^ clkbuf_0_clk/A (sky130_fd_sc_hd__clkbuf_16)
    17    0.104516    0.183270    0.351976   25.451870 ^ clkbuf_0_clk/X (sky130_fd_sc_hd__clkbuf_16)
                                                         clknet_0_clk (net)
                      0.183690    0.006198   25.458069 ^ clkbuf_3_1__f_clk/A (sky130_fd_sc_hd__clkbuf_16)
    12    0.042726    0.097318    0.304698   25.762768 ^ clkbuf_3_1__f_clk/X (sky130_fd_sc_hd__clkbuf_16)
                                                         clknet_3_1__leaf_clk (net)
                      0.097436    0.002080   25.764847 ^ _472_/CLK (sky130_fd_sc_hd__dfrtp_2)
                                 -0.250000   25.514849   clock uncertainty
                                  0.000000   25.514849   clock reconvergence pessimism
                                  0.391059   25.905907   library recovery time
                                             25.905907   data required time
---------------------------------------------------------------------------------------------
                                             25.905907   data required time
                                             -7.125701   data arrival time
---------------------------------------------------------------------------------------------
                                             18.780207   slack (MET)


Startpoint: en (input port clocked by clk)
Endpoint: _479_ (recovery check against rising-edge clock clk)
Path Group: asynchronous
Path Type: max

Fanout         Cap        Slew       Delay        Time   Description
---------------------------------------------------------------------------------------------
                                  0.000000    0.000000   clock clk (rise edge)
                                  0.000000    0.000000   clock network delay (propagated)
                                  5.000000    5.000000 ^ input external delay
     2    0.004691    0.045077    0.025794    5.025795 ^ en (in)
                                                         en (net)
                      0.045078    0.000000    5.025795 ^ input1/A (sky130_fd_sc_hd__clkbuf_1)
     1    0.001877    0.057007    0.126633    5.152428 ^ input1/X (sky130_fd_sc_hd__clkbuf_1)
                                                         net1 (net)
                      0.057007    0.000085    5.152513 ^ _270_/B (sky130_fd_sc_hd__and2_1)
     1    0.003920    0.093971    0.234981    5.387494 ^ _270_/X (sky130_fd_sc_hd__and2_1)
                                                         TOP.n_rst (net)
                      0.093971    0.000254    5.387748 ^ fanout42/A (sky130_fd_sc_hd__clkbuf_2)
    11    0.038999    0.333174    0.389114    5.776862 ^ fanout42/X (sky130_fd_sc_hd__clkbuf_2)
                                                         net42 (net)
                      0.333180    0.001137    5.777999 ^ fanout37/A (sky130_fd_sc_hd__clkbuf_2)
     5    0.028841    0.251122    0.433008    6.211007 ^ fanout37/X (sky130_fd_sc_hd__clkbuf_2)
                                                         net37 (net)
                      0.251122    0.000712    6.211720 ^ fanout34/A (sky130_fd_sc_hd__buf_2)
     8    0.038660    0.305665    0.447594    6.659313 ^ fanout34/X (sky130_fd_sc_hd__buf_2)
                                                         net34 (net)
                      0.305665    0.001107    6.660419 ^ fanout33/A (sky130_fd_sc_hd__clkbuf_4)
    10    0.042751    0.216805    0.461231    7.121651 ^ fanout33/X (sky130_fd_sc_hd__clkbuf_4)
                                                         net33 (net)
                      0.216817    0.001935    7.123586 ^ _479_/RESET_B (sky130_fd_sc_hd__dfrtp_1)
                                              7.123586   data arrival time

                                 25.000000   25.000000   clock clk (rise edge)
                                  0.000000   25.000000   clock source latency
     2    0.019493    0.146390    0.099895   25.099894 ^ clk (in)
                                                         clk (net)
                      0.146398    0.000000   25.099894 ^ clkbuf_0_clk/A (sky130_fd_sc_hd__clkbuf_16)
    17    0.104516    0.183270    0.351976   25.451870 ^ clkbuf_0_clk/X (sky130_fd_sc_hd__clkbuf_16)
                                                         clknet_0_clk (net)
                      0.183654    0.005848   25.457718 ^ clkbuf_3_0__f_clk/A (sky130_fd_sc_hd__clkbuf_16)
     9    0.029795    0.080186    0.287008   25.744726 ^ clkbuf_3_0__f_clk/X (sky130_fd_sc_hd__clkbuf_16)
                                                         clknet_3_0__leaf_clk (net)
                      0.080219    0.001499   25.746225 ^ _479_/CLK (sky130_fd_sc_hd__dfrtp_1)
                                 -0.250000   25.496225   clock uncertainty
                                  0.000000   25.496225   clock reconvergence pessimism
                                  0.411635   25.907862   library recovery time
                                             25.907862   data required time
---------------------------------------------------------------------------------------------
                                             25.907862   data required time
                                             -7.123586   data arrival time
---------------------------------------------------------------------------------------------
                                             18.784275   slack (MET)


Startpoint: en (input port clocked by clk)
Endpoint: _481_ (recovery check against rising-edge clock clk)
Path Group: asynchronous
Path Type: max

Fanout         Cap        Slew       Delay        Time   Description
---------------------------------------------------------------------------------------------
                                  0.000000    0.000000   clock clk (rise edge)
                                  0.000000    0.000000   clock network delay (propagated)
                                  5.000000    5.000000 ^ input external delay
     2    0.004691    0.045077    0.025794    5.025795 ^ en (in)
                                                         en (net)
                      0.045078    0.000000    5.025795 ^ input1/A (sky130_fd_sc_hd__clkbuf_1)
     1    0.001877    0.057007    0.126633    5.152428 ^ input1/X (sky130_fd_sc_hd__clkbuf_1)
                                                         net1 (net)
                      0.057007    0.000085    5.152513 ^ _270_/B (sky130_fd_sc_hd__and2_1)
     1    0.003920    0.093971    0.234981    5.387494 ^ _270_/X (sky130_fd_sc_hd__and2_1)
                                                         TOP.n_rst (net)
                      0.093971    0.000254    5.387748 ^ fanout42/A (sky130_fd_sc_hd__clkbuf_2)
    11    0.038999    0.333174    0.389114    5.776862 ^ fanout42/X (sky130_fd_sc_hd__clkbuf_2)
                                                         net42 (net)
                      0.333180    0.001137    5.777999 ^ fanout37/A (sky130_fd_sc_hd__clkbuf_2)
     5    0.028841    0.251122    0.433008    6.211007 ^ fanout37/X (sky130_fd_sc_hd__clkbuf_2)
                                                         net37 (net)
                      0.251122    0.000712    6.211720 ^ fanout34/A (sky130_fd_sc_hd__buf_2)
     8    0.038660    0.305665    0.447594    6.659313 ^ fanout34/X (sky130_fd_sc_hd__buf_2)
                                                         net34 (net)
                      0.305665    0.001107    6.660419 ^ fanout33/A (sky130_fd_sc_hd__clkbuf_4)
    10    0.042751    0.216805    0.461231    7.121651 ^ fanout33/X (sky130_fd_sc_hd__clkbuf_4)
                                                         net33 (net)
                      0.216814    0.001779    7.123429 ^ _481_/RESET_B (sky130_fd_sc_hd__dfrtp_1)
                                              7.123429   data arrival time

                                 25.000000   25.000000   clock clk (rise edge)
                                  0.000000   25.000000   clock source latency
     2    0.019493    0.146390    0.099895   25.099894 ^ clk (in)
                                                         clk (net)
                      0.146398    0.000000   25.099894 ^ clkbuf_0_clk/A (sky130_fd_sc_hd__clkbuf_16)
    17    0.104516    0.183270    0.351976   25.451870 ^ clkbuf_0_clk/X (sky130_fd_sc_hd__clkbuf_16)
                                                         clknet_0_clk (net)
                      0.183654    0.005848   25.457718 ^ clkbuf_3_0__f_clk/A (sky130_fd_sc_hd__clkbuf_16)
     9    0.029795    0.080186    0.287008   25.744726 ^ clkbuf_3_0__f_clk/X (sky130_fd_sc_hd__clkbuf_16)
                                                         clknet_3_0__leaf_clk (net)
                      0.080223    0.001563   25.746290 ^ _481_/CLK (sky130_fd_sc_hd__dfrtp_1)
                                 -0.250000   25.496290   clock uncertainty
                                  0.000000   25.496290   clock reconvergence pessimism
                                  0.411637   25.907927   library recovery time
                                             25.907927   data required time
---------------------------------------------------------------------------------------------
                                             25.907927   data required time
                                             -7.123429   data arrival time
---------------------------------------------------------------------------------------------
                                             18.784498   slack (MET)


Startpoint: en (input port clocked by clk)
Endpoint: _478_ (recovery check against rising-edge clock clk)
Path Group: asynchronous
Path Type: max

Fanout         Cap        Slew       Delay        Time   Description
---------------------------------------------------------------------------------------------
                                  0.000000    0.000000   clock clk (rise edge)
                                  0.000000    0.000000   clock network delay (propagated)
                                  5.000000    5.000000 ^ input external delay
     2    0.004691    0.045077    0.025794    5.025795 ^ en (in)
                                                         en (net)
                      0.045078    0.000000    5.025795 ^ input1/A (sky130_fd_sc_hd__clkbuf_1)
     1    0.001877    0.057007    0.126633    5.152428 ^ input1/X (sky130_fd_sc_hd__clkbuf_1)
                                                         net1 (net)
                      0.057007    0.000085    5.152513 ^ _270_/B (sky130_fd_sc_hd__and2_1)
     1    0.003920    0.093971    0.234981    5.387494 ^ _270_/X (sky130_fd_sc_hd__and2_1)
                                                         TOP.n_rst (net)
                      0.093971    0.000254    5.387748 ^ fanout42/A (sky130_fd_sc_hd__clkbuf_2)
    11    0.038999    0.333174    0.389114    5.776862 ^ fanout42/X (sky130_fd_sc_hd__clkbuf_2)
                                                         net42 (net)
                      0.333180    0.001137    5.777999 ^ fanout37/A (sky130_fd_sc_hd__clkbuf_2)
     5    0.028841    0.251122    0.433008    6.211007 ^ fanout37/X (sky130_fd_sc_hd__clkbuf_2)
                                                         net37 (net)
                      0.251122    0.000712    6.211720 ^ fanout34/A (sky130_fd_sc_hd__buf_2)
     8    0.038660    0.305665    0.447594    6.659313 ^ fanout34/X (sky130_fd_sc_hd__buf_2)
                                                         net34 (net)
                      0.305665    0.001107    6.660419 ^ fanout33/A (sky130_fd_sc_hd__clkbuf_4)
    10    0.042751    0.216805    0.461231    7.121651 ^ fanout33/X (sky130_fd_sc_hd__clkbuf_4)
                                                         net33 (net)
                      0.216915    0.004534    7.126185 ^ _478_/RESET_B (sky130_fd_sc_hd__dfrtp_1)
                                              7.126185   data arrival time

                                 25.000000   25.000000   clock clk (rise edge)
                                  0.000000   25.000000   clock source latency
     2    0.019493    0.146390    0.099895   25.099894 ^ clk (in)
                                                         clk (net)
                      0.146398    0.000000   25.099894 ^ clkbuf_0_clk/A (sky130_fd_sc_hd__clkbuf_16)
    17    0.104516    0.183270    0.351976   25.451870 ^ clkbuf_0_clk/X (sky130_fd_sc_hd__clkbuf_16)
                                                         clknet_0_clk (net)
                      0.183690    0.006198   25.458069 ^ clkbuf_3_1__f_clk/A (sky130_fd_sc_hd__clkbuf_16)
    12    0.042726    0.097318    0.304698   25.762768 ^ clkbuf_3_1__f_clk/X (sky130_fd_sc_hd__clkbuf_16)
                                                         clknet_3_1__leaf_clk (net)
                      0.097418    0.001865   25.764631 ^ _478_/CLK (sky130_fd_sc_hd__dfrtp_1)
                                 -0.250000   25.514633   clock uncertainty
                                  0.000000   25.514633   clock reconvergence pessimism
                                  0.417388   25.932020   library recovery time
                                             25.932020   data required time
---------------------------------------------------------------------------------------------
                                             25.932020   data required time
                                             -7.126185   data arrival time
---------------------------------------------------------------------------------------------
                                             18.805836   slack (MET)


Startpoint: en (input port clocked by clk)
Endpoint: _475_ (recovery check against rising-edge clock clk)
Path Group: asynchronous
Path Type: max

Fanout         Cap        Slew       Delay        Time   Description
---------------------------------------------------------------------------------------------
                                  0.000000    0.000000   clock clk (rise edge)
                                  0.000000    0.000000   clock network delay (propagated)
                                  5.000000    5.000000 ^ input external delay
     2    0.004691    0.045077    0.025794    5.025795 ^ en (in)
                                                         en (net)
                      0.045078    0.000000    5.025795 ^ input1/A (sky130_fd_sc_hd__clkbuf_1)
     1    0.001877    0.057007    0.126633    5.152428 ^ input1/X (sky130_fd_sc_hd__clkbuf_1)
                                                         net1 (net)
                      0.057007    0.000085    5.152513 ^ _270_/B (sky130_fd_sc_hd__and2_1)
     1    0.003920    0.093971    0.234981    5.387494 ^ _270_/X (sky130_fd_sc_hd__and2_1)
                                                         TOP.n_rst (net)
                      0.093971    0.000254    5.387748 ^ fanout42/A (sky130_fd_sc_hd__clkbuf_2)
    11    0.038999    0.333174    0.389114    5.776862 ^ fanout42/X (sky130_fd_sc_hd__clkbuf_2)
                                                         net42 (net)
                      0.333180    0.001137    5.777999 ^ fanout37/A (sky130_fd_sc_hd__clkbuf_2)
     5    0.028841    0.251122    0.433008    6.211007 ^ fanout37/X (sky130_fd_sc_hd__clkbuf_2)
                                                         net37 (net)
                      0.251122    0.000712    6.211720 ^ fanout34/A (sky130_fd_sc_hd__buf_2)
     8    0.038660    0.305665    0.447594    6.659313 ^ fanout34/X (sky130_fd_sc_hd__buf_2)
                                                         net34 (net)
                      0.305665    0.001107    6.660419 ^ fanout33/A (sky130_fd_sc_hd__clkbuf_4)
    10    0.042751    0.216805    0.461231    7.121651 ^ fanout33/X (sky130_fd_sc_hd__clkbuf_4)
                                                         net33 (net)
                      0.216913    0.004492    7.126142 ^ _475_/RESET_B (sky130_fd_sc_hd__dfrtp_1)
                                              7.126142   data arrival time

                                 25.000000   25.000000   clock clk (rise edge)
                                  0.000000   25.000000   clock source latency
     2    0.019493    0.146390    0.099895   25.099894 ^ clk (in)
                                                         clk (net)
                      0.146398    0.000000   25.099894 ^ clkbuf_0_clk/A (sky130_fd_sc_hd__clkbuf_16)
    17    0.104516    0.183270    0.351976   25.451870 ^ clkbuf_0_clk/X (sky130_fd_sc_hd__clkbuf_16)
                                                         clknet_0_clk (net)
                      0.183690    0.006198   25.458069 ^ clkbuf_3_1__f_clk/A (sky130_fd_sc_hd__clkbuf_16)
    12    0.042726    0.097318    0.304698   25.762768 ^ clkbuf_3_1__f_clk/X (sky130_fd_sc_hd__clkbuf_16)
                                                         clknet_3_1__leaf_clk (net)
                      0.097477    0.002553   25.765320 ^ _475_/CLK (sky130_fd_sc_hd__dfrtp_1)
                                 -0.250000   25.515320   clock uncertainty
                                  0.000000   25.515320   clock reconvergence pessimism
                                  0.417408   25.932728   library recovery time
                                             25.932728   data required time
---------------------------------------------------------------------------------------------
                                             25.932728   data required time
                                             -7.126142   data arrival time
---------------------------------------------------------------------------------------------
                                             18.806587   slack (MET)


Startpoint: en (input port clocked by clk)
Endpoint: _476_ (recovery check against rising-edge clock clk)
Path Group: asynchronous
Path Type: max

Fanout         Cap        Slew       Delay        Time   Description
---------------------------------------------------------------------------------------------
                                  0.000000    0.000000   clock clk (rise edge)
                                  0.000000    0.000000   clock network delay (propagated)
                                  5.000000    5.000000 ^ input external delay
     2    0.004691    0.045077    0.025794    5.025795 ^ en (in)
                                                         en (net)
                      0.045078    0.000000    5.025795 ^ input1/A (sky130_fd_sc_hd__clkbuf_1)
     1    0.001877    0.057007    0.126633    5.152428 ^ input1/X (sky130_fd_sc_hd__clkbuf_1)
                                                         net1 (net)
                      0.057007    0.000085    5.152513 ^ _270_/B (sky130_fd_sc_hd__and2_1)
     1    0.003920    0.093971    0.234981    5.387494 ^ _270_/X (sky130_fd_sc_hd__and2_1)
                                                         TOP.n_rst (net)
                      0.093971    0.000254    5.387748 ^ fanout42/A (sky130_fd_sc_hd__clkbuf_2)
    11    0.038999    0.333174    0.389114    5.776862 ^ fanout42/X (sky130_fd_sc_hd__clkbuf_2)
                                                         net42 (net)
                      0.333180    0.001137    5.777999 ^ fanout37/A (sky130_fd_sc_hd__clkbuf_2)
     5    0.028841    0.251122    0.433008    6.211007 ^ fanout37/X (sky130_fd_sc_hd__clkbuf_2)
                                                         net37 (net)
                      0.251122    0.000712    6.211720 ^ fanout34/A (sky130_fd_sc_hd__buf_2)
     8    0.038660    0.305665    0.447594    6.659313 ^ fanout34/X (sky130_fd_sc_hd__buf_2)
                                                         net34 (net)
                      0.305665    0.001107    6.660419 ^ fanout33/A (sky130_fd_sc_hd__clkbuf_4)
    10    0.042751    0.216805    0.461231    7.121651 ^ fanout33/X (sky130_fd_sc_hd__clkbuf_4)
                                                         net33 (net)
                      0.216917    0.004574    7.126225 ^ _476_/RESET_B (sky130_fd_sc_hd__dfrtp_1)
                                              7.126225   data arrival time

                                 25.000000   25.000000   clock clk (rise edge)
                                  0.000000   25.000000   clock source latency
     2    0.019493    0.146390    0.099895   25.099894 ^ clk (in)
                                                         clk (net)
                      0.146398    0.000000   25.099894 ^ clkbuf_0_clk/A (sky130_fd_sc_hd__clkbuf_16)
    17    0.104516    0.183270    0.351976   25.451870 ^ clkbuf_0_clk/X (sky130_fd_sc_hd__clkbuf_16)
                                                         clknet_0_clk (net)
                      0.183690    0.006198   25.458069 ^ clkbuf_3_1__f_clk/A (sky130_fd_sc_hd__clkbuf_16)
    12    0.042726    0.097318    0.304698   25.762768 ^ clkbuf_3_1__f_clk/X (sky130_fd_sc_hd__clkbuf_16)
                                                         clknet_3_1__leaf_clk (net)
                      0.097555    0.003393   25.766159 ^ _476_/CLK (sky130_fd_sc_hd__dfrtp_1)
                                 -0.250000   25.516161   clock uncertainty
                                  0.000000   25.516161   clock reconvergence pessimism
                                  0.417433   25.933594   library recovery time
                                             25.933594   data required time
---------------------------------------------------------------------------------------------
                                             25.933594   data required time
                                             -7.126225   data arrival time
---------------------------------------------------------------------------------------------
                                             18.807369   slack (MET)


Startpoint: en (input port clocked by clk)
Endpoint: _474_ (recovery check against rising-edge clock clk)
Path Group: asynchronous
Path Type: max

Fanout         Cap        Slew       Delay        Time   Description
---------------------------------------------------------------------------------------------
                                  0.000000    0.000000   clock clk (rise edge)
                                  0.000000    0.000000   clock network delay (propagated)
                                  5.000000    5.000000 ^ input external delay
     2    0.004691    0.045077    0.025794    5.025795 ^ en (in)
                                                         en (net)
                      0.045078    0.000000    5.025795 ^ input1/A (sky130_fd_sc_hd__clkbuf_1)
     1    0.001877    0.057007    0.126633    5.152428 ^ input1/X (sky130_fd_sc_hd__clkbuf_1)
                                                         net1 (net)
                      0.057007    0.000085    5.152513 ^ _270_/B (sky130_fd_sc_hd__and2_1)
     1    0.003920    0.093971    0.234981    5.387494 ^ _270_/X (sky130_fd_sc_hd__and2_1)
                                                         TOP.n_rst (net)
                      0.093971    0.000254    5.387748 ^ fanout42/A (sky130_fd_sc_hd__clkbuf_2)
    11    0.038999    0.333174    0.389114    5.776862 ^ fanout42/X (sky130_fd_sc_hd__clkbuf_2)
                                                         net42 (net)
                      0.333180    0.001137    5.777999 ^ fanout37/A (sky130_fd_sc_hd__clkbuf_2)
     5    0.028841    0.251122    0.433008    6.211007 ^ fanout37/X (sky130_fd_sc_hd__clkbuf_2)
                                                         net37 (net)
                      0.251122    0.000712    6.211720 ^ fanout34/A (sky130_fd_sc_hd__buf_2)
     8    0.038660    0.305665    0.447594    6.659313 ^ fanout34/X (sky130_fd_sc_hd__buf_2)
                                                         net34 (net)
                      0.305665    0.001107    6.660419 ^ fanout33/A (sky130_fd_sc_hd__clkbuf_4)
    10    0.042751    0.216805    0.461231    7.121651 ^ fanout33/X (sky130_fd_sc_hd__clkbuf_4)
                                                         net33 (net)
                      0.216920    0.004626    7.126276 ^ _474_/RESET_B (sky130_fd_sc_hd__dfrtp_1)
                                              7.126276   data arrival time

                                 25.000000   25.000000   clock clk (rise edge)
                                  0.000000   25.000000   clock source latency
     2    0.019493    0.146390    0.099895   25.099894 ^ clk (in)
                                                         clk (net)
                      0.146398    0.000000   25.099894 ^ clkbuf_0_clk/A (sky130_fd_sc_hd__clkbuf_16)
    17    0.104516    0.183270    0.351976   25.451870 ^ clkbuf_0_clk/X (sky130_fd_sc_hd__clkbuf_16)
                                                         clknet_0_clk (net)
                      0.183690    0.006198   25.458069 ^ clkbuf_3_1__f_clk/A (sky130_fd_sc_hd__clkbuf_16)
    12    0.042726    0.097318    0.304698   25.762768 ^ clkbuf_3_1__f_clk/X (sky130_fd_sc_hd__clkbuf_16)
                                                         clknet_3_1__leaf_clk (net)
                      0.097576    0.003601   25.766367 ^ _474_/CLK (sky130_fd_sc_hd__dfrtp_1)
                                 -0.250000   25.516369   clock uncertainty
                                  0.000000   25.516369   clock reconvergence pessimism
                                  0.417439   25.933807   library recovery time
                                             25.933807   data required time
---------------------------------------------------------------------------------------------
                                             25.933807   data required time
                                             -7.126276   data arrival time
---------------------------------------------------------------------------------------------
                                             18.807529   slack (MET)


Startpoint: en (input port clocked by clk)
Endpoint: _473_ (recovery check against rising-edge clock clk)
Path Group: asynchronous
Path Type: max

Fanout         Cap        Slew       Delay        Time   Description
---------------------------------------------------------------------------------------------
                                  0.000000    0.000000   clock clk (rise edge)
                                  0.000000    0.000000   clock network delay (propagated)
                                  5.000000    5.000000 ^ input external delay
     2    0.004691    0.045077    0.025794    5.025795 ^ en (in)
                                                         en (net)
                      0.045078    0.000000    5.025795 ^ input1/A (sky130_fd_sc_hd__clkbuf_1)
     1    0.001877    0.057007    0.126633    5.152428 ^ input1/X (sky130_fd_sc_hd__clkbuf_1)
                                                         net1 (net)
                      0.057007    0.000085    5.152513 ^ _270_/B (sky130_fd_sc_hd__and2_1)
     1    0.003920    0.093971    0.234981    5.387494 ^ _270_/X (sky130_fd_sc_hd__and2_1)
                                                         TOP.n_rst (net)
                      0.093971    0.000254    5.387748 ^ fanout42/A (sky130_fd_sc_hd__clkbuf_2)
    11    0.038999    0.333174    0.389114    5.776862 ^ fanout42/X (sky130_fd_sc_hd__clkbuf_2)
                                                         net42 (net)
                      0.333180    0.001137    5.777999 ^ fanout37/A (sky130_fd_sc_hd__clkbuf_2)
     5    0.028841    0.251122    0.433008    6.211007 ^ fanout37/X (sky130_fd_sc_hd__clkbuf_2)
                                                         net37 (net)
                      0.251122    0.000712    6.211720 ^ fanout34/A (sky130_fd_sc_hd__buf_2)
     8    0.038660    0.305665    0.447594    6.659313 ^ fanout34/X (sky130_fd_sc_hd__buf_2)
                                                         net34 (net)
                      0.305665    0.001107    6.660419 ^ fanout33/A (sky130_fd_sc_hd__clkbuf_4)
    10    0.042751    0.216805    0.461231    7.121651 ^ fanout33/X (sky130_fd_sc_hd__clkbuf_4)
                                                         net33 (net)
                      0.216844    0.002958    7.124608 ^ _473_/RESET_B (sky130_fd_sc_hd__dfrtp_1)
                                              7.124608   data arrival time

                                 25.000000   25.000000   clock clk (rise edge)
                                  0.000000   25.000000   clock source latency
     2    0.019493    0.146390    0.099895   25.099894 ^ clk (in)
                                                         clk (net)
                      0.146398    0.000000   25.099894 ^ clkbuf_0_clk/A (sky130_fd_sc_hd__clkbuf_16)
    17    0.104516    0.183270    0.351976   25.451870 ^ clkbuf_0_clk/X (sky130_fd_sc_hd__clkbuf_16)
                                                         clknet_0_clk (net)
                      0.183690    0.006198   25.458069 ^ clkbuf_3_1__f_clk/A (sky130_fd_sc_hd__clkbuf_16)
    12    0.042726    0.097318    0.304698   25.762768 ^ clkbuf_3_1__f_clk/X (sky130_fd_sc_hd__clkbuf_16)
                                                         clknet_3_1__leaf_clk (net)
                      0.097595    0.003785   25.766552 ^ _473_/CLK (sky130_fd_sc_hd__dfrtp_1)
                                 -0.250000   25.516554   clock uncertainty
                                  0.000000   25.516554   clock reconvergence pessimism
                                  0.417474   25.934027   library recovery time
                                             25.934027   data required time
---------------------------------------------------------------------------------------------
                                             25.934027   data required time
                                             -7.124608   data arrival time
---------------------------------------------------------------------------------------------
                                             18.809418   slack (MET)


Startpoint: en (input port clocked by clk)
Endpoint: _483_ (recovery check against rising-edge clock clk)
Path Group: asynchronous
Path Type: max

Fanout         Cap        Slew       Delay        Time   Description
---------------------------------------------------------------------------------------------
                                  0.000000    0.000000   clock clk (rise edge)
                                  0.000000    0.000000   clock network delay (propagated)
                                  5.000000    5.000000 ^ input external delay
     2    0.004691    0.045077    0.025794    5.025795 ^ en (in)
                                                         en (net)
                      0.045078    0.000000    5.025795 ^ input1/A (sky130_fd_sc_hd__clkbuf_1)
     1    0.001877    0.057007    0.126633    5.152428 ^ input1/X (sky130_fd_sc_hd__clkbuf_1)
                                                         net1 (net)
                      0.057007    0.000085    5.152513 ^ _270_/B (sky130_fd_sc_hd__and2_1)
     1    0.003920    0.093971    0.234981    5.387494 ^ _270_/X (sky130_fd_sc_hd__and2_1)
                                                         TOP.n_rst (net)
                      0.093971    0.000254    5.387748 ^ fanout42/A (sky130_fd_sc_hd__clkbuf_2)
    11    0.038999    0.333174    0.389114    5.776862 ^ fanout42/X (sky130_fd_sc_hd__clkbuf_2)
                                                         net42 (net)
                      0.333180    0.001137    5.777999 ^ fanout37/A (sky130_fd_sc_hd__clkbuf_2)
     5    0.028841    0.251122    0.433008    6.211007 ^ fanout37/X (sky130_fd_sc_hd__clkbuf_2)
                                                         net37 (net)
                      0.251122    0.000712    6.211720 ^ fanout34/A (sky130_fd_sc_hd__buf_2)
     8    0.038660    0.305665    0.447594    6.659313 ^ fanout34/X (sky130_fd_sc_hd__buf_2)
                                                         net34 (net)
                      0.305665    0.001107    6.660419 ^ fanout33/A (sky130_fd_sc_hd__clkbuf_4)
    10    0.042751    0.216805    0.461231    7.121651 ^ fanout33/X (sky130_fd_sc_hd__clkbuf_4)
                                                         net33 (net)
                      0.216826    0.002330    7.123980 ^ _483_/RESET_B (sky130_fd_sc_hd__dfrtp_1)
                                              7.123980   data arrival time

                                 25.000000   25.000000   clock clk (rise edge)
                                  0.000000   25.000000   clock source latency
     2    0.019493    0.146390    0.099895   25.099894 ^ clk (in)
                                                         clk (net)
                      0.146398    0.000000   25.099894 ^ clkbuf_0_clk/A (sky130_fd_sc_hd__clkbuf_16)
    17    0.104516    0.183270    0.351976   25.451870 ^ clkbuf_0_clk/X (sky130_fd_sc_hd__clkbuf_16)
                                                         clknet_0_clk (net)
                      0.183690    0.006198   25.458069 ^ clkbuf_3_1__f_clk/A (sky130_fd_sc_hd__clkbuf_16)
    12    0.042726    0.097318    0.304698   25.762768 ^ clkbuf_3_1__f_clk/X (sky130_fd_sc_hd__clkbuf_16)
                                                         clknet_3_1__leaf_clk (net)
                      0.097599    0.003824   25.766592 ^ _483_/CLK (sky130_fd_sc_hd__dfrtp_1)
                                 -0.250000   25.516592   clock uncertainty
                                  0.000000   25.516592   clock reconvergence pessimism
                                  0.417482   25.934072   library recovery time
                                             25.934072   data required time
---------------------------------------------------------------------------------------------
                                             25.934072   data required time
                                             -7.123980   data arrival time
---------------------------------------------------------------------------------------------
                                             18.810093   slack (MET)


Startpoint: _437_ (rising edge-triggered flip-flop clocked by clk)
Endpoint: _449_ (rising edge-triggered flip-flop clocked by clk)
Path Group: clk
Path Type: max

Fanout         Cap        Slew       Delay        Time   Description
---------------------------------------------------------------------------------------------
                                  0.000000    0.000000   clock clk (rise edge)
                                  0.000000    0.000000   clock source latency
     2    0.019493    0.146390    0.099894    0.099894 ^ clk (in)
                                                         clk (net)
                      0.146398    0.000000    0.099894 ^ clkbuf_0_clk/A (sky130_fd_sc_hd__clkbuf_16)
    17    0.104516    0.183270    0.351977    0.451871 ^ clkbuf_0_clk/X (sky130_fd_sc_hd__clkbuf_16)
                                                         clknet_0_clk (net)
                      0.183584    0.005092    0.456964 ^ clkbuf_3_4__f_clk/A (sky130_fd_sc_hd__clkbuf_16)
     7    0.032306    0.083695    0.290323    0.747286 ^ clkbuf_3_4__f_clk/X (sky130_fd_sc_hd__clkbuf_16)
                                                         clknet_3_4__leaf_clk (net)
                      0.083760    0.002068    0.749355 ^ _437_/CLK (sky130_fd_sc_hd__dfstp_1)
     1    0.002777    0.078133    1.068684    1.818039 ^ _437_/Q (sky130_fd_sc_hd__dfstp_1)
                                                         TOP.top_rng_inst.display.datas[0] (net)
                      0.078133    0.000175    1.818214 ^ fanout27/A (sky130_fd_sc_hd__buf_2)
     7    0.037264    0.294775    0.361680    2.179894 ^ fanout27/X (sky130_fd_sc_hd__buf_2)
                                                         net27 (net)
                      0.294897    0.002620    2.182513 ^ fanout26/A (sky130_fd_sc_hd__buf_2)
    10    0.036646    0.290583    0.455113    2.637627 ^ fanout26/X (sky130_fd_sc_hd__buf_2)
                                                         net26 (net)
                      0.290587    0.001590    2.639217 ^ _312_/S0 (sky130_fd_sc_hd__mux4_1)
     2    0.008126    0.214408    1.386989    4.026206 v _312_/X (sky130_fd_sc_hd__mux4_1)
                                                         _121_ (net)
                      0.214408    0.000587    4.026793 v _313_/A1 (sky130_fd_sc_hd__mux2_1)
     2    0.005479    0.137497    0.746788    4.773581 v _313_/X (sky130_fd_sc_hd__mux2_1)
                                                         _122_ (net)
                      0.137497    0.000193    4.773774 v _357_/B2 (sky130_fd_sc_hd__a32o_1)
     1    0.010299    0.133644    0.474108    5.247882 v _357_/X (sky130_fd_sc_hd__a32o_1)
                                                         _158_ (net)
                      0.133648    0.000859    5.248741 v _359_/A (sky130_fd_sc_hd__xnor2_1)
     1    0.003753    0.104685    0.254471    5.503212 v _359_/Y (sky130_fd_sc_hd__xnor2_1)
                                                         _160_ (net)
                      0.104685    0.000239    5.503451 v _360_/A1 (sky130_fd_sc_hd__mux2_1)
     1    0.002026    0.102833    0.649392    6.152843 v _360_/X (sky130_fd_sc_hd__mux2_1)
                                                         _017_ (net)
                      0.102833    0.000147    6.152990 v _449_/D (sky130_fd_sc_hd__dfrtp_1)
                                              6.152990   data arrival time

                                 25.000000   25.000000   clock clk (rise edge)
                                  0.000000   25.000000   clock source latency
     2    0.019493    0.146390    0.099895   25.099894 ^ clk (in)
                                                         clk (net)
                      0.146398    0.000000   25.099894 ^ clkbuf_0_clk/A (sky130_fd_sc_hd__clkbuf_16)
    17    0.104516    0.183270    0.351976   25.451870 ^ clkbuf_0_clk/X (sky130_fd_sc_hd__clkbuf_16)
                                                         clknet_0_clk (net)
                      0.183892    0.007862   25.459732 ^ clkbuf_3_6__f_clk/A (sky130_fd_sc_hd__clkbuf_16)
     9    0.032624    0.084096    0.291111   25.750843 ^ clkbuf_3_6__f_clk/X (sky130_fd_sc_hd__clkbuf_16)
                                                         clknet_3_6__leaf_clk (net)
                      0.084124    0.001444   25.752289 ^ _449_/CLK (sky130_fd_sc_hd__dfrtp_1)
                                 -0.250000   25.502289   clock uncertainty
                                  0.000000   25.502289   clock reconvergence pessimism
                                 -0.286490   25.215797   library setup time
                                             25.215797   data required time
---------------------------------------------------------------------------------------------
                                             25.215797   data required time
                                             -6.152990   data arrival time
---------------------------------------------------------------------------------------------
                                             19.062809   slack (MET)


Startpoint: en (input port clocked by clk)
Endpoint: _438_ (recovery check against rising-edge clock clk)
Path Group: asynchronous
Path Type: max

Fanout         Cap        Slew       Delay        Time   Description
---------------------------------------------------------------------------------------------
                                  0.000000    0.000000   clock clk (rise edge)
                                  0.000000    0.000000   clock network delay (propagated)
                                  5.000000    5.000000 ^ input external delay
     2    0.004691    0.045077    0.025794    5.025795 ^ en (in)
                                                         en (net)
                      0.045078    0.000000    5.025795 ^ input1/A (sky130_fd_sc_hd__clkbuf_1)
     1    0.001877    0.057007    0.126633    5.152428 ^ input1/X (sky130_fd_sc_hd__clkbuf_1)
                                                         net1 (net)
                      0.057007    0.000085    5.152513 ^ _270_/B (sky130_fd_sc_hd__and2_1)
     1    0.003920    0.093971    0.234981    5.387494 ^ _270_/X (sky130_fd_sc_hd__and2_1)
                                                         TOP.n_rst (net)
                      0.093971    0.000254    5.387748 ^ fanout42/A (sky130_fd_sc_hd__clkbuf_2)
    11    0.038999    0.333174    0.389114    5.776862 ^ fanout42/X (sky130_fd_sc_hd__clkbuf_2)
                                                         net42 (net)
                      0.333180    0.001137    5.777999 ^ fanout37/A (sky130_fd_sc_hd__clkbuf_2)
     5    0.028841    0.251122    0.433008    6.211007 ^ fanout37/X (sky130_fd_sc_hd__clkbuf_2)
                                                         net37 (net)
                      0.251122    0.000712    6.211720 ^ fanout34/A (sky130_fd_sc_hd__buf_2)
     8    0.038660    0.305665    0.447594    6.659313 ^ fanout34/X (sky130_fd_sc_hd__buf_2)
                                                         net34 (net)
                      0.305715    0.003886    6.663199 ^ _438_/SET_B (sky130_fd_sc_hd__dfstp_1)
                                              6.663199   data arrival time

                                 25.000000   25.000000   clock clk (rise edge)
                                  0.000000   25.000000   clock source latency
     2    0.019493    0.146390    0.099895   25.099894 ^ clk (in)
                                                         clk (net)
                      0.146398    0.000000   25.099894 ^ clkbuf_0_clk/A (sky130_fd_sc_hd__clkbuf_16)
    17    0.104516    0.183270    0.351976   25.451870 ^ clkbuf_0_clk/X (sky130_fd_sc_hd__clkbuf_16)
                                                         clknet_0_clk (net)
                      0.183690    0.006198   25.458069 ^ clkbuf_3_1__f_clk/A (sky130_fd_sc_hd__clkbuf_16)
    12    0.042726    0.097318    0.304698   25.762768 ^ clkbuf_3_1__f_clk/X (sky130_fd_sc_hd__clkbuf_16)
                                                         clknet_3_1__leaf_clk (net)
                      0.097517    0.002995   25.765762 ^ _438_/CLK (sky130_fd_sc_hd__dfstp_1)
                                 -0.250000   25.515762   clock uncertainty
                                  0.000000   25.515762   clock reconvergence pessimism
                                  0.246345   25.762108   library recovery time
                                             25.762108   data required time
---------------------------------------------------------------------------------------------
                                             25.762108   data required time
                                             -6.663199   data arrival time
---------------------------------------------------------------------------------------------
                                             19.098909   slack (MET)


Startpoint: _437_ (rising edge-triggered flip-flop clocked by clk)
Endpoint: _445_ (rising edge-triggered flip-flop clocked by clk)
Path Group: clk
Path Type: max

Fanout         Cap        Slew       Delay        Time   Description
---------------------------------------------------------------------------------------------
                                  0.000000    0.000000   clock clk (rise edge)
                                  0.000000    0.000000   clock source latency
     2    0.019493    0.146390    0.099894    0.099894 ^ clk (in)
                                                         clk (net)
                      0.146398    0.000000    0.099894 ^ clkbuf_0_clk/A (sky130_fd_sc_hd__clkbuf_16)
    17    0.104516    0.183270    0.351977    0.451871 ^ clkbuf_0_clk/X (sky130_fd_sc_hd__clkbuf_16)
                                                         clknet_0_clk (net)
                      0.183584    0.005092    0.456964 ^ clkbuf_3_4__f_clk/A (sky130_fd_sc_hd__clkbuf_16)
     7    0.032306    0.083695    0.290323    0.747286 ^ clkbuf_3_4__f_clk/X (sky130_fd_sc_hd__clkbuf_16)
                                                         clknet_3_4__leaf_clk (net)
                      0.083760    0.002068    0.749355 ^ _437_/CLK (sky130_fd_sc_hd__dfstp_1)
     1    0.002777    0.078133    1.068684    1.818039 ^ _437_/Q (sky130_fd_sc_hd__dfstp_1)
                                                         TOP.top_rng_inst.display.datas[0] (net)
                      0.078133    0.000175    1.818214 ^ fanout27/A (sky130_fd_sc_hd__buf_2)
     7    0.037264    0.294775    0.361680    2.179894 ^ fanout27/X (sky130_fd_sc_hd__buf_2)
                                                         net27 (net)
                      0.294897    0.002620    2.182513 ^ fanout26/A (sky130_fd_sc_hd__buf_2)
    10    0.036646    0.290583    0.455113    2.637627 ^ fanout26/X (sky130_fd_sc_hd__buf_2)
                                                         net26 (net)
                      0.290587    0.001590    2.639217 ^ _312_/S0 (sky130_fd_sc_hd__mux4_1)
     2    0.008126    0.214408    1.386989    4.026206 v _312_/X (sky130_fd_sc_hd__mux4_1)
                                                         _121_ (net)
                      0.214408    0.000545    4.026751 v _341_/A0 (sky130_fd_sc_hd__mux2_1)
     1    0.003397    0.116440    0.694341    4.721092 v _341_/X (sky130_fd_sc_hd__mux2_1)
                                                         _146_ (net)
                      0.116440    0.000253    4.721345 v _342_/B1 (sky130_fd_sc_hd__a32o_1)
     1    0.008933    0.121892    0.441815    5.163160 v _342_/X (sky130_fd_sc_hd__a32o_1)
                                                         _147_ (net)
                      0.121895    0.000782    5.163942 v _344_/A (sky130_fd_sc_hd__xnor2_1)
     1    0.002960    0.093428    0.238942    5.402884 v _344_/Y (sky130_fd_sc_hd__xnor2_1)
                                                         _149_ (net)
                      0.093428    0.000188    5.403073 v _345_/A1 (sky130_fd_sc_hd__mux2_1)
     1    0.002294    0.105208    0.649576    6.052649 v _345_/X (sky130_fd_sc_hd__mux2_1)
                                                         _013_ (net)
                      0.105208    0.000158    6.052807 v _445_/D (sky130_fd_sc_hd__dfrtp_1)
                                              6.052807   data arrival time

                                 25.000000   25.000000   clock clk (rise edge)
                                  0.000000   25.000000   clock source latency
     2    0.019493    0.146390    0.099895   25.099894 ^ clk (in)
                                                         clk (net)
                      0.146398    0.000000   25.099894 ^ clkbuf_0_clk/A (sky130_fd_sc_hd__clkbuf_16)
    17    0.104516    0.183270    0.351976   25.451870 ^ clkbuf_0_clk/X (sky130_fd_sc_hd__clkbuf_16)
                                                         clknet_0_clk (net)
                      0.183892    0.007862   25.459732 ^ clkbuf_3_6__f_clk/A (sky130_fd_sc_hd__clkbuf_16)
     9    0.032624    0.084096    0.291111   25.750843 ^ clkbuf_3_6__f_clk/X (sky130_fd_sc_hd__clkbuf_16)
                                                         clknet_3_6__leaf_clk (net)
                      0.084129    0.001551   25.752396 ^ _445_/CLK (sky130_fd_sc_hd__dfrtp_1)
                                 -0.250000   25.502396   clock uncertainty
                                  0.000000   25.502396   clock reconvergence pessimism
                                 -0.287479   25.214916   library setup time
                                             25.214916   data required time
---------------------------------------------------------------------------------------------
                                             25.214916   data required time
                                             -6.052807   data arrival time
---------------------------------------------------------------------------------------------
                                             19.162111   slack (MET)


Startpoint: en (input port clocked by clk)
Endpoint: _414_ (recovery check against rising-edge clock clk)
Path Group: asynchronous
Path Type: max

Fanout         Cap        Slew       Delay        Time   Description
---------------------------------------------------------------------------------------------
                                  0.000000    0.000000   clock clk (rise edge)
                                  0.000000    0.000000   clock network delay (propagated)
                                  5.000000    5.000000 ^ input external delay
     2    0.004691    0.045077    0.025794    5.025795 ^ en (in)
                                                         en (net)
                      0.045078    0.000000    5.025795 ^ input1/A (sky130_fd_sc_hd__clkbuf_1)
     1    0.001877    0.057007    0.126633    5.152428 ^ input1/X (sky130_fd_sc_hd__clkbuf_1)
                                                         net1 (net)
                      0.057007    0.000085    5.152513 ^ _270_/B (sky130_fd_sc_hd__and2_1)
     1    0.003920    0.093971    0.234981    5.387494 ^ _270_/X (sky130_fd_sc_hd__and2_1)
                                                         TOP.n_rst (net)
                      0.093971    0.000254    5.387748 ^ fanout42/A (sky130_fd_sc_hd__clkbuf_2)
    11    0.038999    0.333174    0.389114    5.776862 ^ fanout42/X (sky130_fd_sc_hd__clkbuf_2)
                                                         net42 (net)
                      0.333180    0.001137    5.777999 ^ fanout37/A (sky130_fd_sc_hd__clkbuf_2)
     5    0.028841    0.251122    0.433008    6.211007 ^ fanout37/X (sky130_fd_sc_hd__clkbuf_2)
                                                         net37 (net)
                      0.251131    0.001880    6.212887 ^ fanout36/A (sky130_fd_sc_hd__clkbuf_4)
    10    0.053380    0.262681    0.471120    6.684008 ^ fanout36/X (sky130_fd_sc_hd__clkbuf_4)
                                                         net36 (net)
                      0.262785    0.004921    6.688929 ^ _414_/RESET_B (sky130_fd_sc_hd__dfrtp_1)
                                              6.688929   data arrival time

                                 25.000000   25.000000   clock clk (rise edge)
                                  0.000000   25.000000   clock source latency
     2    0.019493    0.146390    0.099895   25.099894 ^ clk (in)
                                                         clk (net)
                      0.146398    0.000000   25.099894 ^ clkbuf_0_clk/A (sky130_fd_sc_hd__clkbuf_16)
    17    0.104516    0.183270    0.351976   25.451870 ^ clkbuf_0_clk/X (sky130_fd_sc_hd__clkbuf_16)
                                                         clknet_0_clk (net)
                      0.183897    0.007898   25.459768 ^ clkbuf_3_3__f_clk/A (sky130_fd_sc_hd__clkbuf_16)
     9    0.034005    0.086042    0.292996   25.752764 ^ clkbuf_3_3__f_clk/X (sky130_fd_sc_hd__clkbuf_16)
                                                         clknet_3_3__leaf_clk (net)
                      0.086067    0.001416   25.754181 ^ _414_/CLK (sky130_fd_sc_hd__dfrtp_1)
                                 -0.250000   25.504181   clock uncertainty
                                  0.000000   25.504181   clock reconvergence pessimism
                                  0.396593   25.900774   library recovery time
                                             25.900774   data required time
---------------------------------------------------------------------------------------------
                                             25.900774   data required time
                                             -6.688929   data arrival time
---------------------------------------------------------------------------------------------
                                             19.211845   slack (MET)


Startpoint: en (input port clocked by clk)
Endpoint: _482_ (recovery check against rising-edge clock clk)
Path Group: asynchronous
Path Type: max

Fanout         Cap        Slew       Delay        Time   Description
---------------------------------------------------------------------------------------------
                                  0.000000    0.000000   clock clk (rise edge)
                                  0.000000    0.000000   clock network delay (propagated)
                                  5.000000    5.000000 ^ input external delay
     2    0.004691    0.045077    0.025794    5.025795 ^ en (in)
                                                         en (net)
                      0.045078    0.000000    5.025795 ^ input1/A (sky130_fd_sc_hd__clkbuf_1)
     1    0.001877    0.057007    0.126633    5.152428 ^ input1/X (sky130_fd_sc_hd__clkbuf_1)
                                                         net1 (net)
                      0.057007    0.000085    5.152513 ^ _270_/B (sky130_fd_sc_hd__and2_1)
     1    0.003920    0.093971    0.234981    5.387494 ^ _270_/X (sky130_fd_sc_hd__and2_1)
                                                         TOP.n_rst (net)
                      0.093971    0.000254    5.387748 ^ fanout42/A (sky130_fd_sc_hd__clkbuf_2)
    11    0.038999    0.333174    0.389114    5.776862 ^ fanout42/X (sky130_fd_sc_hd__clkbuf_2)
                                                         net42 (net)
                      0.333180    0.001137    5.777999 ^ fanout37/A (sky130_fd_sc_hd__clkbuf_2)
     5    0.028841    0.251122    0.433008    6.211007 ^ fanout37/X (sky130_fd_sc_hd__clkbuf_2)
                                                         net37 (net)
                      0.251122    0.000712    6.211720 ^ fanout34/A (sky130_fd_sc_hd__buf_2)
     8    0.038660    0.305665    0.447594    6.659313 ^ fanout34/X (sky130_fd_sc_hd__buf_2)
                                                         net34 (net)
                      0.305698    0.003293    6.662606 ^ _482_/RESET_B (sky130_fd_sc_hd__dfrtp_1)
                                              6.662606   data arrival time

                                 25.000000   25.000000   clock clk (rise edge)
                                  0.000000   25.000000   clock source latency
     2    0.019493    0.146390    0.099895   25.099894 ^ clk (in)
                                                         clk (net)
                      0.146398    0.000000   25.099894 ^ clkbuf_0_clk/A (sky130_fd_sc_hd__clkbuf_16)
    17    0.104516    0.183270    0.351976   25.451870 ^ clkbuf_0_clk/X (sky130_fd_sc_hd__clkbuf_16)
                                                         clknet_0_clk (net)
                      0.183654    0.005848   25.457718 ^ clkbuf_3_0__f_clk/A (sky130_fd_sc_hd__clkbuf_16)
     9    0.029795    0.080186    0.287008   25.744726 ^ clkbuf_3_0__f_clk/X (sky130_fd_sc_hd__clkbuf_16)
                                                         clknet_3_0__leaf_clk (net)
                      0.080216    0.001441   25.746166 ^ _482_/CLK (sky130_fd_sc_hd__dfrtp_1)
                                 -0.250000   25.496168   clock uncertainty
                                  0.000000   25.496168   clock reconvergence pessimism
                                  0.378731   25.874899   library recovery time
                                             25.874899   data required time
---------------------------------------------------------------------------------------------
                                             25.874899   data required time
                                             -6.662606   data arrival time
---------------------------------------------------------------------------------------------
                                             19.212294   slack (MET)


Startpoint: en (input port clocked by clk)
Endpoint: _464_ (recovery check against rising-edge clock clk)
Path Group: asynchronous
Path Type: max

Fanout         Cap        Slew       Delay        Time   Description
---------------------------------------------------------------------------------------------
                                  0.000000    0.000000   clock clk (rise edge)
                                  0.000000    0.000000   clock network delay (propagated)
                                  5.000000    5.000000 ^ input external delay
     2    0.004691    0.045077    0.025794    5.025795 ^ en (in)
                                                         en (net)
                      0.045078    0.000000    5.025795 ^ input1/A (sky130_fd_sc_hd__clkbuf_1)
     1    0.001877    0.057007    0.126633    5.152428 ^ input1/X (sky130_fd_sc_hd__clkbuf_1)
                                                         net1 (net)
                      0.057007    0.000085    5.152513 ^ _270_/B (sky130_fd_sc_hd__and2_1)
     1    0.003920    0.093971    0.234981    5.387494 ^ _270_/X (sky130_fd_sc_hd__and2_1)
                                                         TOP.n_rst (net)
                      0.093971    0.000254    5.387748 ^ fanout42/A (sky130_fd_sc_hd__clkbuf_2)
    11    0.038999    0.333174    0.389114    5.776862 ^ fanout42/X (sky130_fd_sc_hd__clkbuf_2)
                                                         net42 (net)
                      0.333180    0.001137    5.777999 ^ fanout37/A (sky130_fd_sc_hd__clkbuf_2)
     5    0.028841    0.251122    0.433008    6.211007 ^ fanout37/X (sky130_fd_sc_hd__clkbuf_2)
                                                         net37 (net)
                      0.251131    0.001880    6.212887 ^ fanout36/A (sky130_fd_sc_hd__clkbuf_4)
    10    0.053380    0.262681    0.471120    6.684008 ^ fanout36/X (sky130_fd_sc_hd__clkbuf_4)
                                                         net36 (net)
                      0.262786    0.004944    6.688951 ^ _464_/RESET_B (sky130_fd_sc_hd__dfrtp_1)
                                              6.688951   data arrival time

                                 25.000000   25.000000   clock clk (rise edge)
                                  0.000000   25.000000   clock source latency
     2    0.019493    0.146390    0.099895   25.099894 ^ clk (in)
                                                         clk (net)
                      0.146398    0.000000   25.099894 ^ clkbuf_0_clk/A (sky130_fd_sc_hd__clkbuf_16)
    17    0.104516    0.183270    0.351976   25.451870 ^ clkbuf_0_clk/X (sky130_fd_sc_hd__clkbuf_16)
                                                         clknet_0_clk (net)
                      0.183897    0.007898   25.459768 ^ clkbuf_3_3__f_clk/A (sky130_fd_sc_hd__clkbuf_16)
     9    0.034005    0.086042    0.292996   25.752764 ^ clkbuf_3_3__f_clk/X (sky130_fd_sc_hd__clkbuf_16)
                                                         clknet_3_3__leaf_clk (net)
                      0.086097    0.001970   25.754734 ^ _464_/CLK (sky130_fd_sc_hd__dfrtp_1)
                                 -0.250000   25.504736   clock uncertainty
                                  0.000000   25.504736   clock reconvergence pessimism
                                  0.396603   25.901339   library recovery time
                                             25.901339   data required time
---------------------------------------------------------------------------------------------
                                             25.901339   data required time
                                             -6.688951   data arrival time
---------------------------------------------------------------------------------------------
                                             19.212387   slack (MET)


Startpoint: en (input port clocked by clk)
Endpoint: _480_ (recovery check against rising-edge clock clk)
Path Group: asynchronous
Path Type: max

Fanout         Cap        Slew       Delay        Time   Description
---------------------------------------------------------------------------------------------
                                  0.000000    0.000000   clock clk (rise edge)
                                  0.000000    0.000000   clock network delay (propagated)
                                  5.000000    5.000000 ^ input external delay
     2    0.004691    0.045077    0.025794    5.025795 ^ en (in)
                                                         en (net)
                      0.045078    0.000000    5.025795 ^ input1/A (sky130_fd_sc_hd__clkbuf_1)
     1    0.001877    0.057007    0.126633    5.152428 ^ input1/X (sky130_fd_sc_hd__clkbuf_1)
                                                         net1 (net)
                      0.057007    0.000085    5.152513 ^ _270_/B (sky130_fd_sc_hd__and2_1)
     1    0.003920    0.093971    0.234981    5.387494 ^ _270_/X (sky130_fd_sc_hd__and2_1)
                                                         TOP.n_rst (net)
                      0.093971    0.000254    5.387748 ^ fanout42/A (sky130_fd_sc_hd__clkbuf_2)
    11    0.038999    0.333174    0.389114    5.776862 ^ fanout42/X (sky130_fd_sc_hd__clkbuf_2)
                                                         net42 (net)
                      0.333180    0.001137    5.777999 ^ fanout37/A (sky130_fd_sc_hd__clkbuf_2)
     5    0.028841    0.251122    0.433008    6.211007 ^ fanout37/X (sky130_fd_sc_hd__clkbuf_2)
                                                         net37 (net)
                      0.251122    0.000712    6.211720 ^ fanout34/A (sky130_fd_sc_hd__buf_2)
     8    0.038660    0.305665    0.447594    6.659313 ^ fanout34/X (sky130_fd_sc_hd__buf_2)
                                                         net34 (net)
                      0.305698    0.003277    6.662590 ^ _480_/RESET_B (sky130_fd_sc_hd__dfrtp_1)
                                              6.662590   data arrival time

                                 25.000000   25.000000   clock clk (rise edge)
                                  0.000000   25.000000   clock source latency
     2    0.019493    0.146390    0.099895   25.099894 ^ clk (in)
                                                         clk (net)
                      0.146398    0.000000   25.099894 ^ clkbuf_0_clk/A (sky130_fd_sc_hd__clkbuf_16)
    17    0.104516    0.183270    0.351976   25.451870 ^ clkbuf_0_clk/X (sky130_fd_sc_hd__clkbuf_16)
                                                         clknet_0_clk (net)
                      0.183654    0.005848   25.457718 ^ clkbuf_3_0__f_clk/A (sky130_fd_sc_hd__clkbuf_16)
     9    0.029795    0.080186    0.287008   25.744726 ^ clkbuf_3_0__f_clk/X (sky130_fd_sc_hd__clkbuf_16)
                                                         clknet_3_0__leaf_clk (net)
                      0.080222    0.001553   25.746279 ^ _480_/CLK (sky130_fd_sc_hd__dfrtp_1)
                                 -0.250000   25.496279   clock uncertainty
                                  0.000000   25.496279   clock reconvergence pessimism
                                  0.378733   25.875013   library recovery time
                                             25.875013   data required time
---------------------------------------------------------------------------------------------
                                             25.875013   data required time
                                             -6.662590   data arrival time
---------------------------------------------------------------------------------------------
                                             19.212423   slack (MET)


Startpoint: en (input port clocked by clk)
Endpoint: _447_ (recovery check against rising-edge clock clk)
Path Group: asynchronous
Path Type: max

Fanout         Cap        Slew       Delay        Time   Description
---------------------------------------------------------------------------------------------
                                  0.000000    0.000000   clock clk (rise edge)
                                  0.000000    0.000000   clock network delay (propagated)
                                  5.000000    5.000000 ^ input external delay
     2    0.004691    0.045077    0.025794    5.025795 ^ en (in)
                                                         en (net)
                      0.045078    0.000000    5.025795 ^ input1/A (sky130_fd_sc_hd__clkbuf_1)
     1    0.001877    0.057007    0.126633    5.152428 ^ input1/X (sky130_fd_sc_hd__clkbuf_1)
                                                         net1 (net)
                      0.057007    0.000085    5.152513 ^ _270_/B (sky130_fd_sc_hd__and2_1)
     1    0.003920    0.093971    0.234981    5.387494 ^ _270_/X (sky130_fd_sc_hd__and2_1)
                                                         TOP.n_rst (net)
                      0.093971    0.000254    5.387748 ^ fanout42/A (sky130_fd_sc_hd__clkbuf_2)
    11    0.038999    0.333174    0.389114    5.776862 ^ fanout42/X (sky130_fd_sc_hd__clkbuf_2)
                                                         net42 (net)
                      0.333180    0.001137    5.777999 ^ fanout37/A (sky130_fd_sc_hd__clkbuf_2)
     5    0.028841    0.251122    0.433008    6.211007 ^ fanout37/X (sky130_fd_sc_hd__clkbuf_2)
                                                         net37 (net)
                      0.251122    0.000712    6.211720 ^ fanout34/A (sky130_fd_sc_hd__buf_2)
     8    0.038660    0.305665    0.447594    6.659313 ^ fanout34/X (sky130_fd_sc_hd__buf_2)
                                                         net34 (net)
                      0.305699    0.003339    6.662652 ^ _447_/RESET_B (sky130_fd_sc_hd__dfrtp_1)
                                              6.662652   data arrival time

                                 25.000000   25.000000   clock clk (rise edge)
                                  0.000000   25.000000   clock source latency
     2    0.019493    0.146390    0.099895   25.099894 ^ clk (in)
                                                         clk (net)
                      0.146398    0.000000   25.099894 ^ clkbuf_0_clk/A (sky130_fd_sc_hd__clkbuf_16)
    17    0.104516    0.183270    0.351976   25.451870 ^ clkbuf_0_clk/X (sky130_fd_sc_hd__clkbuf_16)
                                                         clknet_0_clk (net)
                      0.183654    0.005848   25.457718 ^ clkbuf_3_0__f_clk/A (sky130_fd_sc_hd__clkbuf_16)
     9    0.029795    0.080186    0.287008   25.744726 ^ clkbuf_3_0__f_clk/X (sky130_fd_sc_hd__clkbuf_16)
                                                         clknet_3_0__leaf_clk (net)
                      0.080230    0.001680   25.746407 ^ _447_/CLK (sky130_fd_sc_hd__dfrtp_1)
                                 -0.250000   25.496407   clock uncertainty
                                  0.000000   25.496407   clock reconvergence pessimism
                                  0.378735   25.875143   library recovery time
                                             25.875143   data required time
---------------------------------------------------------------------------------------------
                                             25.875143   data required time
                                             -6.662652   data arrival time
---------------------------------------------------------------------------------------------
                                             19.212492   slack (MET)


Startpoint: en (input port clocked by clk)
Endpoint: _444_ (recovery check against rising-edge clock clk)
Path Group: asynchronous
Path Type: max

Fanout         Cap        Slew       Delay        Time   Description
---------------------------------------------------------------------------------------------
                                  0.000000    0.000000   clock clk (rise edge)
                                  0.000000    0.000000   clock network delay (propagated)
                                  5.000000    5.000000 ^ input external delay
     2    0.004691    0.045077    0.025794    5.025795 ^ en (in)
                                                         en (net)
                      0.045078    0.000000    5.025795 ^ input1/A (sky130_fd_sc_hd__clkbuf_1)
     1    0.001877    0.057007    0.126633    5.152428 ^ input1/X (sky130_fd_sc_hd__clkbuf_1)
                                                         net1 (net)
                      0.057007    0.000085    5.152513 ^ _270_/B (sky130_fd_sc_hd__and2_1)
     1    0.003920    0.093971    0.234981    5.387494 ^ _270_/X (sky130_fd_sc_hd__and2_1)
                                                         TOP.n_rst (net)
                      0.093971    0.000254    5.387748 ^ fanout42/A (sky130_fd_sc_hd__clkbuf_2)
    11    0.038999    0.333174    0.389114    5.776862 ^ fanout42/X (sky130_fd_sc_hd__clkbuf_2)
                                                         net42 (net)
                      0.333180    0.001137    5.777999 ^ fanout37/A (sky130_fd_sc_hd__clkbuf_2)
     5    0.028841    0.251122    0.433008    6.211007 ^ fanout37/X (sky130_fd_sc_hd__clkbuf_2)
                                                         net37 (net)
                      0.251131    0.001880    6.212887 ^ fanout36/A (sky130_fd_sc_hd__clkbuf_4)
    10    0.053380    0.262681    0.471120    6.684008 ^ fanout36/X (sky130_fd_sc_hd__clkbuf_4)
                                                         net36 (net)
                      0.262793    0.005083    6.689090 ^ _444_/RESET_B (sky130_fd_sc_hd__dfrtp_1)
                                              6.689090   data arrival time

                                 25.000000   25.000000   clock clk (rise edge)
                                  0.000000   25.000000   clock source latency
     2    0.019493    0.146390    0.099895   25.099894 ^ clk (in)
                                                         clk (net)
                      0.146398    0.000000   25.099894 ^ clkbuf_0_clk/A (sky130_fd_sc_hd__clkbuf_16)
    17    0.104516    0.183270    0.351976   25.451870 ^ clkbuf_0_clk/X (sky130_fd_sc_hd__clkbuf_16)
                                                         clknet_0_clk (net)
                      0.183897    0.007898   25.459768 ^ clkbuf_3_3__f_clk/A (sky130_fd_sc_hd__clkbuf_16)
     9    0.034005    0.086042    0.292996   25.752764 ^ clkbuf_3_3__f_clk/X (sky130_fd_sc_hd__clkbuf_16)
                                                         clknet_3_3__leaf_clk (net)
                      0.086118    0.002252   25.755016 ^ _444_/CLK (sky130_fd_sc_hd__dfrtp_1)
                                 -0.250000   25.505018   clock uncertainty
                                  0.000000   25.505018   clock reconvergence pessimism
                                  0.396607   25.901625   library recovery time
                                             25.901625   data required time
---------------------------------------------------------------------------------------------
                                             25.901625   data required time
                                             -6.689090   data arrival time
---------------------------------------------------------------------------------------------
                                             19.212534   slack (MET)


Startpoint: en (input port clocked by clk)
Endpoint: _463_ (recovery check against rising-edge clock clk)
Path Group: asynchronous
Path Type: max

Fanout         Cap        Slew       Delay        Time   Description
---------------------------------------------------------------------------------------------
                                  0.000000    0.000000   clock clk (rise edge)
                                  0.000000    0.000000   clock network delay (propagated)
                                  5.000000    5.000000 ^ input external delay
     2    0.004691    0.045077    0.025794    5.025795 ^ en (in)
                                                         en (net)
                      0.045078    0.000000    5.025795 ^ input1/A (sky130_fd_sc_hd__clkbuf_1)
     1    0.001877    0.057007    0.126633    5.152428 ^ input1/X (sky130_fd_sc_hd__clkbuf_1)
                                                         net1 (net)
                      0.057007    0.000085    5.152513 ^ _270_/B (sky130_fd_sc_hd__and2_1)
     1    0.003920    0.093971    0.234981    5.387494 ^ _270_/X (sky130_fd_sc_hd__and2_1)
                                                         TOP.n_rst (net)
                      0.093971    0.000254    5.387748 ^ fanout42/A (sky130_fd_sc_hd__clkbuf_2)
    11    0.038999    0.333174    0.389114    5.776862 ^ fanout42/X (sky130_fd_sc_hd__clkbuf_2)
                                                         net42 (net)
                      0.333180    0.001137    5.777999 ^ fanout37/A (sky130_fd_sc_hd__clkbuf_2)
     5    0.028841    0.251122    0.433008    6.211007 ^ fanout37/X (sky130_fd_sc_hd__clkbuf_2)
                                                         net37 (net)
                      0.251131    0.001880    6.212887 ^ fanout36/A (sky130_fd_sc_hd__clkbuf_4)
    10    0.053380    0.262681    0.471120    6.684008 ^ fanout36/X (sky130_fd_sc_hd__clkbuf_4)
                                                         net36 (net)
                      0.262769    0.004593    6.688601 ^ _463_/RESET_B (sky130_fd_sc_hd__dfrtp_1)
                                              6.688601   data arrival time

                                 25.000000   25.000000   clock clk (rise edge)
                                  0.000000   25.000000   clock source latency
     2    0.019493    0.146390    0.099895   25.099894 ^ clk (in)
                                                         clk (net)
                      0.146398    0.000000   25.099894 ^ clkbuf_0_clk/A (sky130_fd_sc_hd__clkbuf_16)
    17    0.104516    0.183270    0.351976   25.451870 ^ clkbuf_0_clk/X (sky130_fd_sc_hd__clkbuf_16)
                                                         clknet_0_clk (net)
                      0.183897    0.007898   25.459768 ^ clkbuf_3_3__f_clk/A (sky130_fd_sc_hd__clkbuf_16)
     9    0.034005    0.086042    0.292996   25.752764 ^ clkbuf_3_3__f_clk/X (sky130_fd_sc_hd__clkbuf_16)
                                                         clknet_3_3__leaf_clk (net)
                      0.086108    0.002128   25.754892 ^ _463_/CLK (sky130_fd_sc_hd__dfrtp_1)
                                 -0.250000   25.504892   clock uncertainty
                                  0.000000   25.504892   clock reconvergence pessimism
                                  0.396613   25.901506   library recovery time
                                             25.901506   data required time
---------------------------------------------------------------------------------------------
                                             25.901506   data required time
                                             -6.688601   data arrival time
---------------------------------------------------------------------------------------------
                                             19.212906   slack (MET)


Startpoint: en (input port clocked by clk)
Endpoint: _465_ (recovery check against rising-edge clock clk)
Path Group: asynchronous
Path Type: max

Fanout         Cap        Slew       Delay        Time   Description
---------------------------------------------------------------------------------------------
                                  0.000000    0.000000   clock clk (rise edge)
                                  0.000000    0.000000   clock network delay (propagated)
                                  5.000000    5.000000 ^ input external delay
     2    0.004691    0.045077    0.025794    5.025795 ^ en (in)
                                                         en (net)
                      0.045078    0.000000    5.025795 ^ input1/A (sky130_fd_sc_hd__clkbuf_1)
     1    0.001877    0.057007    0.126633    5.152428 ^ input1/X (sky130_fd_sc_hd__clkbuf_1)
                                                         net1 (net)
                      0.057007    0.000085    5.152513 ^ _270_/B (sky130_fd_sc_hd__and2_1)
     1    0.003920    0.093971    0.234981    5.387494 ^ _270_/X (sky130_fd_sc_hd__and2_1)
                                                         TOP.n_rst (net)
                      0.093971    0.000254    5.387748 ^ fanout42/A (sky130_fd_sc_hd__clkbuf_2)
    11    0.038999    0.333174    0.389114    5.776862 ^ fanout42/X (sky130_fd_sc_hd__clkbuf_2)
                                                         net42 (net)
                      0.333180    0.001137    5.777999 ^ fanout37/A (sky130_fd_sc_hd__clkbuf_2)
     5    0.028841    0.251122    0.433008    6.211007 ^ fanout37/X (sky130_fd_sc_hd__clkbuf_2)
                                                         net37 (net)
                      0.251131    0.001880    6.212887 ^ fanout36/A (sky130_fd_sc_hd__clkbuf_4)
    10    0.053380    0.262681    0.471120    6.684008 ^ fanout36/X (sky130_fd_sc_hd__clkbuf_4)
                                                         net36 (net)
                      0.262738    0.003833    6.687841 ^ _465_/RESET_B (sky130_fd_sc_hd__dfrtp_1)
                                              6.687841   data arrival time

                                 25.000000   25.000000   clock clk (rise edge)
                                  0.000000   25.000000   clock source latency
     2    0.019493    0.146390    0.099895   25.099894 ^ clk (in)
                                                         clk (net)
                      0.146398    0.000000   25.099894 ^ clkbuf_0_clk/A (sky130_fd_sc_hd__clkbuf_16)
    17    0.104516    0.183270    0.351976   25.451870 ^ clkbuf_0_clk/X (sky130_fd_sc_hd__clkbuf_16)
                                                         clknet_0_clk (net)
                      0.183897    0.007898   25.459768 ^ clkbuf_3_3__f_clk/A (sky130_fd_sc_hd__clkbuf_16)
     9    0.034005    0.086042    0.292996   25.752764 ^ clkbuf_3_3__f_clk/X (sky130_fd_sc_hd__clkbuf_16)
                                                         clknet_3_3__leaf_clk (net)
                      0.086101    0.002018   25.754782 ^ _465_/CLK (sky130_fd_sc_hd__dfrtp_1)
                                 -0.250000   25.504784   clock uncertainty
                                  0.000000   25.504784   clock reconvergence pessimism
                                  0.396622   25.901405   library recovery time
                                             25.901405   data required time
---------------------------------------------------------------------------------------------
                                             25.901405   data required time
                                             -6.687841   data arrival time
---------------------------------------------------------------------------------------------
                                             19.213562   slack (MET)


Startpoint: en (input port clocked by clk)
Endpoint: _433_ (recovery check against rising-edge clock clk)
Path Group: asynchronous
Path Type: max

Fanout         Cap        Slew       Delay        Time   Description
---------------------------------------------------------------------------------------------
                                  0.000000    0.000000   clock clk (rise edge)
                                  0.000000    0.000000   clock network delay (propagated)
                                  5.000000    5.000000 ^ input external delay
     2    0.004691    0.045077    0.025794    5.025795 ^ en (in)
                                                         en (net)
                      0.045078    0.000000    5.025795 ^ input1/A (sky130_fd_sc_hd__clkbuf_1)
     1    0.001877    0.057007    0.126633    5.152428 ^ input1/X (sky130_fd_sc_hd__clkbuf_1)
                                                         net1 (net)
                      0.057007    0.000085    5.152513 ^ _270_/B (sky130_fd_sc_hd__and2_1)
     1    0.003920    0.093971    0.234981    5.387494 ^ _270_/X (sky130_fd_sc_hd__and2_1)
                                                         TOP.n_rst (net)
                      0.093971    0.000254    5.387748 ^ fanout42/A (sky130_fd_sc_hd__clkbuf_2)
    11    0.038999    0.333174    0.389114    5.776862 ^ fanout42/X (sky130_fd_sc_hd__clkbuf_2)
                                                         net42 (net)
                      0.333180    0.001137    5.777999 ^ fanout37/A (sky130_fd_sc_hd__clkbuf_2)
     5    0.028841    0.251122    0.433008    6.211007 ^ fanout37/X (sky130_fd_sc_hd__clkbuf_2)
                                                         net37 (net)
                      0.251131    0.001880    6.212887 ^ fanout36/A (sky130_fd_sc_hd__clkbuf_4)
    10    0.053380    0.262681    0.471120    6.684008 ^ fanout36/X (sky130_fd_sc_hd__clkbuf_4)
                                                         net36 (net)
                      0.262828    0.005721    6.689729 ^ _433_/RESET_B (sky130_fd_sc_hd__dfrtp_1)
                                              6.689729   data arrival time

                                 25.000000   25.000000   clock clk (rise edge)
                                  0.000000   25.000000   clock source latency
     2    0.019493    0.146390    0.099895   25.099894 ^ clk (in)
                                                         clk (net)
                      0.146398    0.000000   25.099894 ^ clkbuf_0_clk/A (sky130_fd_sc_hd__clkbuf_16)
    17    0.104516    0.183270    0.351976   25.451870 ^ clkbuf_0_clk/X (sky130_fd_sc_hd__clkbuf_16)
                                                         clknet_0_clk (net)
                      0.183951    0.008287   25.460157 ^ clkbuf_3_2__f_clk/A (sky130_fd_sc_hd__clkbuf_16)
    12    0.036241    0.089285    0.295907   25.756065 ^ clkbuf_3_2__f_clk/X (sky130_fd_sc_hd__clkbuf_16)
                                                         clknet_3_2__leaf_clk (net)
                      0.089363    0.002350   25.758415 ^ _433_/CLK (sky130_fd_sc_hd__dfrtp_1)
                                 -0.250000   25.508415   clock uncertainty
                                  0.000000   25.508415   clock reconvergence pessimism
                                  0.397690   25.906107   library recovery time
                                             25.906107   data required time
---------------------------------------------------------------------------------------------
                                             25.906107   data required time
                                             -6.689729   data arrival time
---------------------------------------------------------------------------------------------
                                             19.216377   slack (MET)


Startpoint: en (input port clocked by clk)
Endpoint: _418_ (recovery check against rising-edge clock clk)
Path Group: asynchronous
Path Type: max

Fanout         Cap        Slew       Delay        Time   Description
---------------------------------------------------------------------------------------------
                                  0.000000    0.000000   clock clk (rise edge)
                                  0.000000    0.000000   clock network delay (propagated)
                                  5.000000    5.000000 ^ input external delay
     2    0.004691    0.045077    0.025794    5.025795 ^ en (in)
                                                         en (net)
                      0.045078    0.000000    5.025795 ^ input1/A (sky130_fd_sc_hd__clkbuf_1)
     1    0.001877    0.057007    0.126633    5.152428 ^ input1/X (sky130_fd_sc_hd__clkbuf_1)
                                                         net1 (net)
                      0.057007    0.000085    5.152513 ^ _270_/B (sky130_fd_sc_hd__and2_1)
     1    0.003920    0.093971    0.234981    5.387494 ^ _270_/X (sky130_fd_sc_hd__and2_1)
                                                         TOP.n_rst (net)
                      0.093971    0.000254    5.387748 ^ fanout42/A (sky130_fd_sc_hd__clkbuf_2)
    11    0.038999    0.333174    0.389114    5.776862 ^ fanout42/X (sky130_fd_sc_hd__clkbuf_2)
                                                         net42 (net)
                      0.333180    0.001137    5.777999 ^ fanout37/A (sky130_fd_sc_hd__clkbuf_2)
     5    0.028841    0.251122    0.433008    6.211007 ^ fanout37/X (sky130_fd_sc_hd__clkbuf_2)
                                                         net37 (net)
                      0.251131    0.001880    6.212887 ^ fanout36/A (sky130_fd_sc_hd__clkbuf_4)
    10    0.053380    0.262681    0.471120    6.684008 ^ fanout36/X (sky130_fd_sc_hd__clkbuf_4)
                                                         net36 (net)
                      0.262826    0.005691    6.689699 ^ _418_/RESET_B (sky130_fd_sc_hd__dfrtp_1)
                                              6.689699   data arrival time

                                 25.000000   25.000000   clock clk (rise edge)
                                  0.000000   25.000000   clock source latency
     2    0.019493    0.146390    0.099895   25.099894 ^ clk (in)
                                                         clk (net)
                      0.146398    0.000000   25.099894 ^ clkbuf_0_clk/A (sky130_fd_sc_hd__clkbuf_16)
    17    0.104516    0.183270    0.351976   25.451870 ^ clkbuf_0_clk/X (sky130_fd_sc_hd__clkbuf_16)
                                                         clknet_0_clk (net)
                      0.183951    0.008287   25.460157 ^ clkbuf_3_2__f_clk/A (sky130_fd_sc_hd__clkbuf_16)
    12    0.036241    0.089285    0.295907   25.756065 ^ clkbuf_3_2__f_clk/X (sky130_fd_sc_hd__clkbuf_16)
                                                         clknet_3_2__leaf_clk (net)
                      0.089368    0.002421   25.758486 ^ _418_/CLK (sky130_fd_sc_hd__dfrtp_1)
                                 -0.250000   25.508486   clock uncertainty
                                  0.000000   25.508486   clock reconvergence pessimism
                                  0.397693   25.906179   library recovery time
                                             25.906179   data required time
---------------------------------------------------------------------------------------------
                                             25.906179   data required time
                                             -6.689699   data arrival time
---------------------------------------------------------------------------------------------
                                             19.216480   slack (MET)


Startpoint: en (input port clocked by clk)
Endpoint: _417_ (recovery check against rising-edge clock clk)
Path Group: asynchronous
Path Type: max

Fanout         Cap        Slew       Delay        Time   Description
---------------------------------------------------------------------------------------------
                                  0.000000    0.000000   clock clk (rise edge)
                                  0.000000    0.000000   clock network delay (propagated)
                                  5.000000    5.000000 ^ input external delay
     2    0.004691    0.045077    0.025794    5.025795 ^ en (in)
                                                         en (net)
                      0.045078    0.000000    5.025795 ^ input1/A (sky130_fd_sc_hd__clkbuf_1)
     1    0.001877    0.057007    0.126633    5.152428 ^ input1/X (sky130_fd_sc_hd__clkbuf_1)
                                                         net1 (net)
                      0.057007    0.000085    5.152513 ^ _270_/B (sky130_fd_sc_hd__and2_1)
     1    0.003920    0.093971    0.234981    5.387494 ^ _270_/X (sky130_fd_sc_hd__and2_1)
                                                         TOP.n_rst (net)
                      0.093971    0.000254    5.387748 ^ fanout42/A (sky130_fd_sc_hd__clkbuf_2)
    11    0.038999    0.333174    0.389114    5.776862 ^ fanout42/X (sky130_fd_sc_hd__clkbuf_2)
                                                         net42 (net)
                      0.333180    0.001137    5.777999 ^ fanout37/A (sky130_fd_sc_hd__clkbuf_2)
     5    0.028841    0.251122    0.433008    6.211007 ^ fanout37/X (sky130_fd_sc_hd__clkbuf_2)
                                                         net37 (net)
                      0.251131    0.001880    6.212887 ^ fanout36/A (sky130_fd_sc_hd__clkbuf_4)
    10    0.053380    0.262681    0.471120    6.684008 ^ fanout36/X (sky130_fd_sc_hd__clkbuf_4)
                                                         net36 (net)
                      0.262826    0.005683    6.689691 ^ _417_/RESET_B (sky130_fd_sc_hd__dfrtp_1)
                                              6.689691   data arrival time

                                 25.000000   25.000000   clock clk (rise edge)
                                  0.000000   25.000000   clock source latency
     2    0.019493    0.146390    0.099895   25.099894 ^ clk (in)
                                                         clk (net)
                      0.146398    0.000000   25.099894 ^ clkbuf_0_clk/A (sky130_fd_sc_hd__clkbuf_16)
    17    0.104516    0.183270    0.351976   25.451870 ^ clkbuf_0_clk/X (sky130_fd_sc_hd__clkbuf_16)
                                                         clknet_0_clk (net)
                      0.183951    0.008287   25.460157 ^ clkbuf_3_2__f_clk/A (sky130_fd_sc_hd__clkbuf_16)
    12    0.036241    0.089285    0.295907   25.756065 ^ clkbuf_3_2__f_clk/X (sky130_fd_sc_hd__clkbuf_16)
                                                         clknet_3_2__leaf_clk (net)
                      0.089373    0.002480   25.758545 ^ _417_/CLK (sky130_fd_sc_hd__dfrtp_1)
                                 -0.250000   25.508545   clock uncertainty
                                  0.000000   25.508545   clock reconvergence pessimism
                                  0.397695   25.906240   library recovery time
                                             25.906240   data required time
---------------------------------------------------------------------------------------------
                                             25.906240   data required time
                                             -6.689691   data arrival time
---------------------------------------------------------------------------------------------
                                             19.216549   slack (MET)


Startpoint: en (input port clocked by clk)
Endpoint: _466_ (recovery check against rising-edge clock clk)
Path Group: asynchronous
Path Type: max

Fanout         Cap        Slew       Delay        Time   Description
---------------------------------------------------------------------------------------------
                                  0.000000    0.000000   clock clk (rise edge)
                                  0.000000    0.000000   clock network delay (propagated)
                                  5.000000    5.000000 ^ input external delay
     2    0.004691    0.045077    0.025794    5.025795 ^ en (in)
                                                         en (net)
                      0.045078    0.000000    5.025795 ^ input1/A (sky130_fd_sc_hd__clkbuf_1)
     1    0.001877    0.057007    0.126633    5.152428 ^ input1/X (sky130_fd_sc_hd__clkbuf_1)
                                                         net1 (net)
                      0.057007    0.000085    5.152513 ^ _270_/B (sky130_fd_sc_hd__and2_1)
     1    0.003920    0.093971    0.234981    5.387494 ^ _270_/X (sky130_fd_sc_hd__and2_1)
                                                         TOP.n_rst (net)
                      0.093971    0.000254    5.387748 ^ fanout42/A (sky130_fd_sc_hd__clkbuf_2)
    11    0.038999    0.333174    0.389114    5.776862 ^ fanout42/X (sky130_fd_sc_hd__clkbuf_2)
                                                         net42 (net)
                      0.333180    0.001137    5.777999 ^ fanout37/A (sky130_fd_sc_hd__clkbuf_2)
     5    0.028841    0.251122    0.433008    6.211007 ^ fanout37/X (sky130_fd_sc_hd__clkbuf_2)
                                                         net37 (net)
                      0.251131    0.001880    6.212887 ^ fanout36/A (sky130_fd_sc_hd__clkbuf_4)
    10    0.053380    0.262681    0.471120    6.684008 ^ fanout36/X (sky130_fd_sc_hd__clkbuf_4)
                                                         net36 (net)
                      0.262716    0.003167    6.687175 ^ _466_/RESET_B (sky130_fd_sc_hd__dfrtp_1)
                                              6.687175   data arrival time

                                 25.000000   25.000000   clock clk (rise edge)
                                  0.000000   25.000000   clock source latency
     2    0.019493    0.146390    0.099895   25.099894 ^ clk (in)
                                                         clk (net)
                      0.146398    0.000000   25.099894 ^ clkbuf_0_clk/A (sky130_fd_sc_hd__clkbuf_16)
    17    0.104516    0.183270    0.351976   25.451870 ^ clkbuf_0_clk/X (sky130_fd_sc_hd__clkbuf_16)
                                                         clknet_0_clk (net)
                      0.183690    0.006198   25.458069 ^ clkbuf_3_1__f_clk/A (sky130_fd_sc_hd__clkbuf_16)
    12    0.042726    0.097318    0.304698   25.762768 ^ clkbuf_3_1__f_clk/X (sky130_fd_sc_hd__clkbuf_16)
                                                         clknet_3_1__leaf_clk (net)
                      0.097384    0.001478   25.764244 ^ _466_/CLK (sky130_fd_sc_hd__dfrtp_1)
                                 -0.250000   25.514246   clock uncertainty
                                  0.000000   25.514246   clock reconvergence pessimism
                                  0.400441   25.914686   library recovery time
                                             25.914686   data required time
---------------------------------------------------------------------------------------------
                                             25.914686   data required time
                                             -6.687175   data arrival time
---------------------------------------------------------------------------------------------
                                             19.227510   slack (MET)


Startpoint: en (input port clocked by clk)
Endpoint: _477_ (recovery check against rising-edge clock clk)
Path Group: asynchronous
Path Type: max

Fanout         Cap        Slew       Delay        Time   Description
---------------------------------------------------------------------------------------------
                                  0.000000    0.000000   clock clk (rise edge)
                                  0.000000    0.000000   clock network delay (propagated)
                                  5.000000    5.000000 ^ input external delay
     2    0.004691    0.045077    0.025794    5.025795 ^ en (in)
                                                         en (net)
                      0.045078    0.000000    5.025795 ^ input1/A (sky130_fd_sc_hd__clkbuf_1)
     1    0.001877    0.057007    0.126633    5.152428 ^ input1/X (sky130_fd_sc_hd__clkbuf_1)
                                                         net1 (net)
                      0.057007    0.000085    5.152513 ^ _270_/B (sky130_fd_sc_hd__and2_1)
     1    0.003920    0.093971    0.234981    5.387494 ^ _270_/X (sky130_fd_sc_hd__and2_1)
                                                         TOP.n_rst (net)
                      0.093971    0.000254    5.387748 ^ fanout42/A (sky130_fd_sc_hd__clkbuf_2)
    11    0.038999    0.333174    0.389114    5.776862 ^ fanout42/X (sky130_fd_sc_hd__clkbuf_2)
                                                         net42 (net)
                      0.333180    0.001137    5.777999 ^ fanout37/A (sky130_fd_sc_hd__clkbuf_2)
     5    0.028841    0.251122    0.433008    6.211007 ^ fanout37/X (sky130_fd_sc_hd__clkbuf_2)
                                                         net37 (net)
                      0.251122    0.000712    6.211720 ^ fanout34/A (sky130_fd_sc_hd__buf_2)
     8    0.038660    0.305665    0.447594    6.659313 ^ fanout34/X (sky130_fd_sc_hd__buf_2)
                                                         net34 (net)
                      0.305682    0.002558    6.661871 ^ _477_/RESET_B (sky130_fd_sc_hd__dfrtp_1)
                                              6.661871   data arrival time

                                 25.000000   25.000000   clock clk (rise edge)
                                  0.000000   25.000000   clock source latency
     2    0.019493    0.146390    0.099895   25.099894 ^ clk (in)
                                                         clk (net)
                      0.146398    0.000000   25.099894 ^ clkbuf_0_clk/A (sky130_fd_sc_hd__clkbuf_16)
    17    0.104516    0.183270    0.351976   25.451870 ^ clkbuf_0_clk/X (sky130_fd_sc_hd__clkbuf_16)
                                                         clknet_0_clk (net)
                      0.183690    0.006198   25.458069 ^ clkbuf_3_1__f_clk/A (sky130_fd_sc_hd__clkbuf_16)
    12    0.042726    0.097318    0.304698   25.762768 ^ clkbuf_3_1__f_clk/X (sky130_fd_sc_hd__clkbuf_16)
                                                         clknet_3_1__leaf_clk (net)
                      0.097602    0.003849   25.766617 ^ _477_/CLK (sky130_fd_sc_hd__dfrtp_1)
                                 -0.250000   25.516617   clock uncertainty
                                  0.000000   25.516617   clock reconvergence pessimism
                                  0.384628   25.901245   library recovery time
                                             25.901245   data required time
---------------------------------------------------------------------------------------------
                                             25.901245   data required time
                                             -6.661871   data arrival time
---------------------------------------------------------------------------------------------
                                             19.239374   slack (MET)


Startpoint: _437_ (rising edge-triggered flip-flop clocked by clk)
Endpoint: _441_ (rising edge-triggered flip-flop clocked by clk)
Path Group: clk
Path Type: max

Fanout         Cap        Slew       Delay        Time   Description
---------------------------------------------------------------------------------------------
                                  0.000000    0.000000   clock clk (rise edge)
                                  0.000000    0.000000   clock source latency
     2    0.019493    0.146390    0.099894    0.099894 ^ clk (in)
                                                         clk (net)
                      0.146398    0.000000    0.099894 ^ clkbuf_0_clk/A (sky130_fd_sc_hd__clkbuf_16)
    17    0.104516    0.183270    0.351977    0.451871 ^ clkbuf_0_clk/X (sky130_fd_sc_hd__clkbuf_16)
                                                         clknet_0_clk (net)
                      0.183584    0.005092    0.456964 ^ clkbuf_3_4__f_clk/A (sky130_fd_sc_hd__clkbuf_16)
     7    0.032306    0.083695    0.290323    0.747286 ^ clkbuf_3_4__f_clk/X (sky130_fd_sc_hd__clkbuf_16)
                                                         clknet_3_4__leaf_clk (net)
                      0.083760    0.002068    0.749355 ^ _437_/CLK (sky130_fd_sc_hd__dfstp_1)
     1    0.002777    0.078133    1.068684    1.818039 ^ _437_/Q (sky130_fd_sc_hd__dfstp_1)
                                                         TOP.top_rng_inst.display.datas[0] (net)
                      0.078133    0.000175    1.818214 ^ fanout27/A (sky130_fd_sc_hd__buf_2)
     7    0.037264    0.294775    0.361680    2.179894 ^ fanout27/X (sky130_fd_sc_hd__buf_2)
                                                         net27 (net)
                      0.294897    0.002620    2.182513 ^ fanout26/A (sky130_fd_sc_hd__buf_2)
    10    0.036646    0.290583    0.455113    2.637627 ^ fanout26/X (sky130_fd_sc_hd__buf_2)
                                                         net26 (net)
                      0.290587    0.001590    2.639217 ^ _312_/S0 (sky130_fd_sc_hd__mux4_1)
     2    0.008126    0.214408    1.386989    4.026206 v _312_/X (sky130_fd_sc_hd__mux4_1)
                                                         _121_ (net)
                      0.214408    0.000587    4.026793 v _313_/A1 (sky130_fd_sc_hd__mux2_1)
     2    0.005479    0.137497    0.746788    4.773581 v _313_/X (sky130_fd_sc_hd__mux2_1)
                                                         _122_ (net)
                      0.137497    0.000205    4.773785 v _314_/B (sky130_fd_sc_hd__nand2_1)
     1    0.009756    0.163975    0.201326    4.975111 ^ _314_/Y (sky130_fd_sc_hd__nand2_1)
                                                         _123_ (net)
                      0.164037    0.000647    4.975757 ^ _315_/B (sky130_fd_sc_hd__xnor2_1)
     1    0.002875    0.098210    0.152896    5.128654 v _315_/Y (sky130_fd_sc_hd__xnor2_1)
                                                         _124_ (net)
                      0.098210    0.000119    5.128772 v _316_/A1 (sky130_fd_sc_hd__mux2_1)
     1    0.002472    0.106776    0.654575    5.783347 v _316_/X (sky130_fd_sc_hd__mux2_1)
                                                         _009_ (net)
                      0.106776    0.000172    5.783519 v _441_/D (sky130_fd_sc_hd__dfrtp_1)
                                              5.783519   data arrival time

                                 25.000000   25.000000   clock clk (rise edge)
                                  0.000000   25.000000   clock source latency
     2    0.019493    0.146390    0.099895   25.099894 ^ clk (in)
                                                         clk (net)
                      0.146398    0.000000   25.099894 ^ clkbuf_0_clk/A (sky130_fd_sc_hd__clkbuf_16)
    17    0.104516    0.183270    0.351976   25.451870 ^ clkbuf_0_clk/X (sky130_fd_sc_hd__clkbuf_16)
                                                         clknet_0_clk (net)
                      0.183586    0.005111   25.456982 ^ clkbuf_3_5__f_clk/A (sky130_fd_sc_hd__clkbuf_16)
    10    0.034174    0.086300    0.293035   25.750015 ^ clkbuf_3_5__f_clk/X (sky130_fd_sc_hd__clkbuf_16)
                                                         clknet_3_5__leaf_clk (net)
                      0.086344    0.001794   25.751810 ^ _441_/CLK (sky130_fd_sc_hd__dfrtp_1)
                                 -0.250000   25.501812   clock uncertainty
                                  0.000000   25.501812   clock reconvergence pessimism
                                 -0.287542   25.214270   library setup time
                                             25.214270   data required time
---------------------------------------------------------------------------------------------
                                             25.214270   data required time
                                             -5.783519   data arrival time
---------------------------------------------------------------------------------------------
                                             19.430750   slack (MET)


Startpoint: _437_ (rising edge-triggered flip-flop clocked by clk)
Endpoint: _451_ (rising edge-triggered flip-flop clocked by clk)
Path Group: clk
Path Type: max

Fanout         Cap        Slew       Delay        Time   Description
---------------------------------------------------------------------------------------------
                                  0.000000    0.000000   clock clk (rise edge)
                                  0.000000    0.000000   clock source latency
     2    0.019493    0.146390    0.099894    0.099894 ^ clk (in)
                                                         clk (net)
                      0.146398    0.000000    0.099894 ^ clkbuf_0_clk/A (sky130_fd_sc_hd__clkbuf_16)
    17    0.104516    0.183270    0.351977    0.451871 ^ clkbuf_0_clk/X (sky130_fd_sc_hd__clkbuf_16)
                                                         clknet_0_clk (net)
                      0.183584    0.005092    0.456964 ^ clkbuf_3_4__f_clk/A (sky130_fd_sc_hd__clkbuf_16)
     7    0.032306    0.083695    0.290323    0.747286 ^ clkbuf_3_4__f_clk/X (sky130_fd_sc_hd__clkbuf_16)
                                                         clknet_3_4__leaf_clk (net)
                      0.083760    0.002068    0.749355 ^ _437_/CLK (sky130_fd_sc_hd__dfstp_1)
     1    0.002777    0.078133    1.068684    1.818039 ^ _437_/Q (sky130_fd_sc_hd__dfstp_1)
                                                         TOP.top_rng_inst.display.datas[0] (net)
                      0.078133    0.000175    1.818214 ^ fanout27/A (sky130_fd_sc_hd__buf_2)
     7    0.037264    0.294775    0.361680    2.179894 ^ fanout27/X (sky130_fd_sc_hd__buf_2)
                                                         net27 (net)
                      0.294897    0.002620    2.182513 ^ fanout26/A (sky130_fd_sc_hd__buf_2)
    10    0.036646    0.290583    0.455113    2.637627 ^ fanout26/X (sky130_fd_sc_hd__buf_2)
                                                         net26 (net)
                      0.290591    0.001863    2.639489 ^ _296_/S (sky130_fd_sc_hd__mux2_1)
     2    0.007056    0.150506    0.831914    3.471403 v _296_/X (sky130_fd_sc_hd__mux2_1)
                                                         _107_ (net)
                      0.150506    0.000379    3.471782 v _328_/A1 (sky130_fd_sc_hd__mux4_1)
     2    0.007524    0.206942    1.238353    4.710135 v _328_/X (sky130_fd_sc_hd__mux4_1)
                                                         _135_ (net)
                      0.206942    0.000402    4.710537 v _365_/A (sky130_fd_sc_hd__nand2_1)
     1    0.012342    0.198254    0.249034    4.959571 ^ _365_/Y (sky130_fd_sc_hd__nand2_1)
                                                         _164_ (net)
                      0.198329    0.001044    4.960616 ^ _366_/B (sky130_fd_sc_hd__xnor2_1)
     1    0.002435    0.092066    0.159825    5.120440 v _366_/Y (sky130_fd_sc_hd__xnor2_1)
                                                         _165_ (net)
                      0.092066    0.000171    5.120612 v _367_/A1 (sky130_fd_sc_hd__mux2_1)
     1    0.002127    0.103785    0.646148    5.766760 v _367_/X (sky130_fd_sc_hd__mux2_1)
                                                         _019_ (net)
                      0.103785    0.000098    5.766858 v _451_/D (sky130_fd_sc_hd__dfrtp_1)
                                              5.766858   data arrival time

                                 25.000000   25.000000   clock clk (rise edge)
                                  0.000000   25.000000   clock source latency
     2    0.019493    0.146390    0.099895   25.099894 ^ clk (in)
                                                         clk (net)
                      0.146398    0.000000   25.099894 ^ clkbuf_0_clk/A (sky130_fd_sc_hd__clkbuf_16)
    17    0.104516    0.183270    0.351976   25.451870 ^ clkbuf_0_clk/X (sky130_fd_sc_hd__clkbuf_16)
                                                         clknet_0_clk (net)
                      0.183975    0.008450   25.460321 ^ clkbuf_3_7__f_clk/A (sky130_fd_sc_hd__clkbuf_16)
    10    0.034553    0.086789    0.293911   25.754232 ^ clkbuf_3_7__f_clk/X (sky130_fd_sc_hd__clkbuf_16)
                                                         clknet_3_7__leaf_clk (net)
                      0.086830    0.001737   25.755968 ^ _451_/CLK (sky130_fd_sc_hd__dfrtp_1)
                                 -0.250000   25.505970   clock uncertainty
                                  0.000000   25.505970   clock reconvergence pessimism
                                 -0.286165   25.219805   library setup time
                                             25.219805   data required time
---------------------------------------------------------------------------------------------
                                             25.219805   data required time
                                             -5.766858   data arrival time
---------------------------------------------------------------------------------------------
                                             19.452946   slack (MET)


Startpoint: en (input port clocked by clk)
Endpoint: _440_ (recovery check against rising-edge clock clk)
Path Group: asynchronous
Path Type: max

Fanout         Cap        Slew       Delay        Time   Description
---------------------------------------------------------------------------------------------
                                  0.000000    0.000000   clock clk (rise edge)
                                  0.000000    0.000000   clock network delay (propagated)
                                  5.000000    5.000000 ^ input external delay
     2    0.004691    0.045077    0.025794    5.025795 ^ en (in)
                                                         en (net)
                      0.045078    0.000000    5.025795 ^ input1/A (sky130_fd_sc_hd__clkbuf_1)
     1    0.001877    0.057007    0.126633    5.152428 ^ input1/X (sky130_fd_sc_hd__clkbuf_1)
                                                         net1 (net)
                      0.057007    0.000085    5.152513 ^ _270_/B (sky130_fd_sc_hd__and2_1)
     1    0.003920    0.093971    0.234981    5.387494 ^ _270_/X (sky130_fd_sc_hd__and2_1)
                                                         TOP.n_rst (net)
                      0.093971    0.000254    5.387748 ^ fanout42/A (sky130_fd_sc_hd__clkbuf_2)
    11    0.038999    0.333174    0.389114    5.776862 ^ fanout42/X (sky130_fd_sc_hd__clkbuf_2)
                                                         net42 (net)
                      0.333248    0.004102    5.780963 ^ fanout38/A (sky130_fd_sc_hd__clkbuf_4)
    10    0.049801    0.247619    0.496275    6.277239 ^ fanout38/X (sky130_fd_sc_hd__clkbuf_4)
                                                         net38 (net)
                      0.247656    0.003082    6.280321 ^ _440_/SET_B (sky130_fd_sc_hd__dfstp_2)
                                              6.280321   data arrival time

                                 25.000000   25.000000   clock clk (rise edge)
                                  0.000000   25.000000   clock source latency
     2    0.019493    0.146390    0.099895   25.099894 ^ clk (in)
                                                         clk (net)
                      0.146398    0.000000   25.099894 ^ clkbuf_0_clk/A (sky130_fd_sc_hd__clkbuf_16)
    17    0.104516    0.183270    0.351976   25.451870 ^ clkbuf_0_clk/X (sky130_fd_sc_hd__clkbuf_16)
                                                         clknet_0_clk (net)
                      0.183584    0.005093   25.456963 ^ clkbuf_3_4__f_clk/A (sky130_fd_sc_hd__clkbuf_16)
     7    0.032306    0.083695    0.290322   25.747286 ^ clkbuf_3_4__f_clk/X (sky130_fd_sc_hd__clkbuf_16)
                                                         clknet_3_4__leaf_clk (net)
                      0.083739    0.001755   25.749041 ^ _440_/CLK (sky130_fd_sc_hd__dfstp_2)
                                 -0.250000   25.499043   clock uncertainty
                                  0.000000   25.499043   clock reconvergence pessimism
                                  0.245603   25.744644   library recovery time
                                             25.744644   data required time
---------------------------------------------------------------------------------------------
                                             25.744644   data required time
                                             -6.280321   data arrival time
---------------------------------------------------------------------------------------------
                                             19.464325   slack (MET)


Startpoint: en (input port clocked by clk)
Endpoint: _439_ (recovery check against rising-edge clock clk)
Path Group: asynchronous
Path Type: max

Fanout         Cap        Slew       Delay        Time   Description
---------------------------------------------------------------------------------------------
                                  0.000000    0.000000   clock clk (rise edge)
                                  0.000000    0.000000   clock network delay (propagated)
                                  5.000000    5.000000 ^ input external delay
     2    0.004691    0.045077    0.025794    5.025795 ^ en (in)
                                                         en (net)
                      0.045078    0.000000    5.025795 ^ input1/A (sky130_fd_sc_hd__clkbuf_1)
     1    0.001877    0.057007    0.126633    5.152428 ^ input1/X (sky130_fd_sc_hd__clkbuf_1)
                                                         net1 (net)
                      0.057007    0.000085    5.152513 ^ _270_/B (sky130_fd_sc_hd__and2_1)
     1    0.003920    0.093971    0.234981    5.387494 ^ _270_/X (sky130_fd_sc_hd__and2_1)
                                                         TOP.n_rst (net)
                      0.093971    0.000254    5.387748 ^ fanout42/A (sky130_fd_sc_hd__clkbuf_2)
    11    0.038999    0.333174    0.389114    5.776862 ^ fanout42/X (sky130_fd_sc_hd__clkbuf_2)
                                                         net42 (net)
                      0.333248    0.004102    5.780963 ^ fanout38/A (sky130_fd_sc_hd__clkbuf_4)
    10    0.049801    0.247619    0.496275    6.277239 ^ fanout38/X (sky130_fd_sc_hd__clkbuf_4)
                                                         net38 (net)
                      0.247695    0.004127    6.281366 ^ _439_/SET_B (sky130_fd_sc_hd__dfstp_1)
                                              6.281366   data arrival time

                                 25.000000   25.000000   clock clk (rise edge)
                                  0.000000   25.000000   clock source latency
     2    0.019493    0.146390    0.099895   25.099894 ^ clk (in)
                                                         clk (net)
                      0.146398    0.000000   25.099894 ^ clkbuf_0_clk/A (sky130_fd_sc_hd__clkbuf_16)
    17    0.104516    0.183270    0.351976   25.451870 ^ clkbuf_0_clk/X (sky130_fd_sc_hd__clkbuf_16)
                                                         clknet_0_clk (net)
                      0.183584    0.005093   25.456963 ^ clkbuf_3_4__f_clk/A (sky130_fd_sc_hd__clkbuf_16)
     7    0.032306    0.083695    0.290322   25.747286 ^ clkbuf_3_4__f_clk/X (sky130_fd_sc_hd__clkbuf_16)
                                                         clknet_3_4__leaf_clk (net)
                      0.083764    0.002117   25.749403 ^ _439_/CLK (sky130_fd_sc_hd__dfstp_1)
                                 -0.250000   25.499405   clock uncertainty
                                  0.000000   25.499405   clock reconvergence pessimism
                                  0.249667   25.749071   library recovery time
                                             25.749071   data required time
---------------------------------------------------------------------------------------------
                                             25.749071   data required time
                                             -6.281366   data arrival time
---------------------------------------------------------------------------------------------
                                             19.467705   slack (MET)


Startpoint: en (input port clocked by clk)
Endpoint: _437_ (recovery check against rising-edge clock clk)
Path Group: asynchronous
Path Type: max

Fanout         Cap        Slew       Delay        Time   Description
---------------------------------------------------------------------------------------------
                                  0.000000    0.000000   clock clk (rise edge)
                                  0.000000    0.000000   clock network delay (propagated)
                                  5.000000    5.000000 ^ input external delay
     2    0.004691    0.045077    0.025794    5.025795 ^ en (in)
                                                         en (net)
                      0.045078    0.000000    5.025795 ^ input1/A (sky130_fd_sc_hd__clkbuf_1)
     1    0.001877    0.057007    0.126633    5.152428 ^ input1/X (sky130_fd_sc_hd__clkbuf_1)
                                                         net1 (net)
                      0.057007    0.000085    5.152513 ^ _270_/B (sky130_fd_sc_hd__and2_1)
     1    0.003920    0.093971    0.234981    5.387494 ^ _270_/X (sky130_fd_sc_hd__and2_1)
                                                         TOP.n_rst (net)
                      0.093971    0.000254    5.387748 ^ fanout42/A (sky130_fd_sc_hd__clkbuf_2)
    11    0.038999    0.333174    0.389114    5.776862 ^ fanout42/X (sky130_fd_sc_hd__clkbuf_2)
                                                         net42 (net)
                      0.333248    0.004102    5.780963 ^ fanout38/A (sky130_fd_sc_hd__clkbuf_4)
    10    0.049801    0.247619    0.496275    6.277239 ^ fanout38/X (sky130_fd_sc_hd__clkbuf_4)
                                                         net38 (net)
                      0.247672    0.003550    6.280789 ^ _437_/SET_B (sky130_fd_sc_hd__dfstp_1)
                                              6.280789   data arrival time

                                 25.000000   25.000000   clock clk (rise edge)
                                  0.000000   25.000000   clock source latency
     2    0.019493    0.146390    0.099895   25.099894 ^ clk (in)
                                                         clk (net)
                      0.146398    0.000000   25.099894 ^ clkbuf_0_clk/A (sky130_fd_sc_hd__clkbuf_16)
    17    0.104516    0.183270    0.351976   25.451870 ^ clkbuf_0_clk/X (sky130_fd_sc_hd__clkbuf_16)
                                                         clknet_0_clk (net)
                      0.183584    0.005093   25.456963 ^ clkbuf_3_4__f_clk/A (sky130_fd_sc_hd__clkbuf_16)
     7    0.032306    0.083695    0.290322   25.747286 ^ clkbuf_3_4__f_clk/X (sky130_fd_sc_hd__clkbuf_16)
                                                         clknet_3_4__leaf_clk (net)
                      0.083760    0.002068   25.749353 ^ _437_/CLK (sky130_fd_sc_hd__dfstp_1)
                                 -0.250000   25.499355   clock uncertainty
                                  0.000000   25.499355   clock reconvergence pessimism
                                  0.249669   25.749023   library recovery time
                                             25.749023   data required time
---------------------------------------------------------------------------------------------
                                             25.749023   data required time
                                             -6.280789   data arrival time
---------------------------------------------------------------------------------------------
                                             19.468233   slack (MET)


Startpoint: _437_ (rising edge-triggered flip-flop clocked by clk)
Endpoint: _443_ (rising edge-triggered flip-flop clocked by clk)
Path Group: clk
Path Type: max

Fanout         Cap        Slew       Delay        Time   Description
---------------------------------------------------------------------------------------------
                                  0.000000    0.000000   clock clk (rise edge)
                                  0.000000    0.000000   clock source latency
     2    0.019493    0.146390    0.099894    0.099894 ^ clk (in)
                                                         clk (net)
                      0.146398    0.000000    0.099894 ^ clkbuf_0_clk/A (sky130_fd_sc_hd__clkbuf_16)
    17    0.104516    0.183270    0.351977    0.451871 ^ clkbuf_0_clk/X (sky130_fd_sc_hd__clkbuf_16)
                                                         clknet_0_clk (net)
                      0.183584    0.005092    0.456964 ^ clkbuf_3_4__f_clk/A (sky130_fd_sc_hd__clkbuf_16)
     7    0.032306    0.083695    0.290323    0.747286 ^ clkbuf_3_4__f_clk/X (sky130_fd_sc_hd__clkbuf_16)
                                                         clknet_3_4__leaf_clk (net)
                      0.083760    0.002068    0.749355 ^ _437_/CLK (sky130_fd_sc_hd__dfstp_1)
     1    0.002777    0.078133    1.068684    1.818039 ^ _437_/Q (sky130_fd_sc_hd__dfstp_1)
                                                         TOP.top_rng_inst.display.datas[0] (net)
                      0.078133    0.000175    1.818214 ^ fanout27/A (sky130_fd_sc_hd__buf_2)
     7    0.037264    0.294775    0.361680    2.179894 ^ fanout27/X (sky130_fd_sc_hd__buf_2)
                                                         net27 (net)
                      0.294897    0.002620    2.182513 ^ fanout26/A (sky130_fd_sc_hd__buf_2)
    10    0.036646    0.290583    0.455113    2.637627 ^ fanout26/X (sky130_fd_sc_hd__buf_2)
                                                         net26 (net)
                      0.290591    0.001863    2.639489 ^ _296_/S (sky130_fd_sc_hd__mux2_1)
     2    0.007056    0.150506    0.831914    3.471403 v _296_/X (sky130_fd_sc_hd__mux2_1)
                                                         _107_ (net)
                      0.150506    0.000379    3.471782 v _328_/A1 (sky130_fd_sc_hd__mux4_1)
     2    0.007524    0.206942    1.238353    4.710135 v _328_/X (sky130_fd_sc_hd__mux4_1)
                                                         _135_ (net)
                      0.206942    0.000298    4.710433 v _329_/B (sky130_fd_sc_hd__nand2_1)
     1    0.004682    0.104636    0.183896    4.894329 ^ _329_/Y (sky130_fd_sc_hd__nand2_1)
                                                         _136_ (net)
                      0.104636    0.000218    4.894547 ^ _330_/B (sky130_fd_sc_hd__xnor2_1)
     1    0.002712    0.100182    0.128574    5.023122 v _330_/Y (sky130_fd_sc_hd__xnor2_1)
                                                         _137_ (net)
                      0.100182    0.000111    5.023233 v _331_/A1 (sky130_fd_sc_hd__mux2_1)
     1    0.002409    0.106349    0.654254    5.677487 v _331_/X (sky130_fd_sc_hd__mux2_1)
                                                         _011_ (net)
                      0.106349    0.000162    5.677649 v _443_/D (sky130_fd_sc_hd__dfrtp_1)
                                              5.677649   data arrival time

                                 25.000000   25.000000   clock clk (rise edge)
                                  0.000000   25.000000   clock source latency
     2    0.019493    0.146390    0.099895   25.099894 ^ clk (in)
                                                         clk (net)
                      0.146398    0.000000   25.099894 ^ clkbuf_0_clk/A (sky130_fd_sc_hd__clkbuf_16)
    17    0.104516    0.183270    0.351976   25.451870 ^ clkbuf_0_clk/X (sky130_fd_sc_hd__clkbuf_16)
                                                         clknet_0_clk (net)
                      0.183584    0.005093   25.456963 ^ clkbuf_3_4__f_clk/A (sky130_fd_sc_hd__clkbuf_16)
     7    0.032306    0.083695    0.290322   25.747286 ^ clkbuf_3_4__f_clk/X (sky130_fd_sc_hd__clkbuf_16)
                                                         clknet_3_4__leaf_clk (net)
                      0.083730    0.001599   25.748884 ^ _443_/CLK (sky130_fd_sc_hd__dfrtp_1)
                                 -0.250000   25.498886   clock uncertainty
                                  0.000000   25.498886   clock reconvergence pessimism
                                 -0.288061   25.210825   library setup time
                                             25.210825   data required time
---------------------------------------------------------------------------------------------
                                             25.210825   data required time
                                             -5.677649   data arrival time
---------------------------------------------------------------------------------------------
                                             19.533176   slack (MET)


Startpoint: en (input port clocked by clk)
Endpoint: _421_ (recovery check against rising-edge clock clk)
Path Group: asynchronous
Path Type: max

Fanout         Cap        Slew       Delay        Time   Description
---------------------------------------------------------------------------------------------
                                  0.000000    0.000000   clock clk (rise edge)
                                  0.000000    0.000000   clock network delay (propagated)
                                  5.000000    5.000000 ^ input external delay
     2    0.004691    0.045077    0.025794    5.025795 ^ en (in)
                                                         en (net)
                      0.045078    0.000000    5.025795 ^ input1/A (sky130_fd_sc_hd__clkbuf_1)
     1    0.001877    0.057007    0.126633    5.152428 ^ input1/X (sky130_fd_sc_hd__clkbuf_1)
                                                         net1 (net)
                      0.057007    0.000085    5.152513 ^ _270_/B (sky130_fd_sc_hd__and2_1)
     1    0.003920    0.093971    0.234981    5.387494 ^ _270_/X (sky130_fd_sc_hd__and2_1)
                                                         TOP.n_rst (net)
                      0.093971    0.000254    5.387748 ^ fanout42/A (sky130_fd_sc_hd__clkbuf_2)
    11    0.038999    0.333174    0.389114    5.776862 ^ fanout42/X (sky130_fd_sc_hd__clkbuf_2)
                                                         net42 (net)
                      0.333260    0.004437    5.781299 ^ fanout41/A (sky130_fd_sc_hd__buf_2)
     8    0.036373    0.288771    0.468345    6.249644 ^ fanout41/X (sky130_fd_sc_hd__buf_2)
                                                         net41 (net)
                      0.288785    0.002274    6.251918 ^ _421_/RESET_B (sky130_fd_sc_hd__dfrtp_4)
                                              6.251918   data arrival time

                                 25.000000   25.000000   clock clk (rise edge)
                                  0.000000   25.000000   clock source latency
     2    0.019493    0.146390    0.099895   25.099894 ^ clk (in)
                                                         clk (net)
                      0.146398    0.000000   25.099894 ^ clkbuf_0_clk/A (sky130_fd_sc_hd__clkbuf_16)
    17    0.104516    0.183270    0.351976   25.451870 ^ clkbuf_0_clk/X (sky130_fd_sc_hd__clkbuf_16)
                                                         clknet_0_clk (net)
                      0.183975    0.008450   25.460321 ^ clkbuf_3_7__f_clk/A (sky130_fd_sc_hd__clkbuf_16)
    10    0.034553    0.086789    0.293911   25.754232 ^ clkbuf_3_7__f_clk/X (sky130_fd_sc_hd__clkbuf_16)
                                                         clknet_3_7__leaf_clk (net)
                      0.086841    0.001913   25.756145 ^ _421_/CLK (sky130_fd_sc_hd__dfrtp_4)
                                 -0.250000   25.506145   clock uncertainty
                                  0.000000   25.506145   clock reconvergence pessimism
                                  0.347085   25.853230   library recovery time
                                             25.853230   data required time
---------------------------------------------------------------------------------------------
                                             25.853230   data required time
                                             -6.251918   data arrival time
---------------------------------------------------------------------------------------------
                                             19.601311   slack (MET)


Startpoint: en (input port clocked by clk)
Endpoint: _423_ (recovery check against rising-edge clock clk)
Path Group: asynchronous
Path Type: max

Fanout         Cap        Slew       Delay        Time   Description
---------------------------------------------------------------------------------------------
                                  0.000000    0.000000   clock clk (rise edge)
                                  0.000000    0.000000   clock network delay (propagated)
                                  5.000000    5.000000 ^ input external delay
     2    0.004691    0.045077    0.025794    5.025795 ^ en (in)
                                                         en (net)
                      0.045078    0.000000    5.025795 ^ input1/A (sky130_fd_sc_hd__clkbuf_1)
     1    0.001877    0.057007    0.126633    5.152428 ^ input1/X (sky130_fd_sc_hd__clkbuf_1)
                                                         net1 (net)
                      0.057007    0.000085    5.152513 ^ _270_/B (sky130_fd_sc_hd__and2_1)
     1    0.003920    0.093971    0.234981    5.387494 ^ _270_/X (sky130_fd_sc_hd__and2_1)
                                                         TOP.n_rst (net)
                      0.093971    0.000254    5.387748 ^ fanout42/A (sky130_fd_sc_hd__clkbuf_2)
    11    0.038999    0.333174    0.389114    5.776862 ^ fanout42/X (sky130_fd_sc_hd__clkbuf_2)
                                                         net42 (net)
                      0.333260    0.004437    5.781299 ^ fanout41/A (sky130_fd_sc_hd__buf_2)
     8    0.036373    0.288771    0.468345    6.249644 ^ fanout41/X (sky130_fd_sc_hd__buf_2)
                                                         net41 (net)
                      0.288776    0.001673    6.251318 ^ _423_/RESET_B (sky130_fd_sc_hd__dfrtp_4)
                                              6.251318   data arrival time

                                 25.000000   25.000000   clock clk (rise edge)
                                  0.000000   25.000000   clock source latency
     2    0.019493    0.146390    0.099895   25.099894 ^ clk (in)
                                                         clk (net)
                      0.146398    0.000000   25.099894 ^ clkbuf_0_clk/A (sky130_fd_sc_hd__clkbuf_16)
    17    0.104516    0.183270    0.351976   25.451870 ^ clkbuf_0_clk/X (sky130_fd_sc_hd__clkbuf_16)
                                                         clknet_0_clk (net)
                      0.183975    0.008450   25.460321 ^ clkbuf_3_7__f_clk/A (sky130_fd_sc_hd__clkbuf_16)
    10    0.034553    0.086789    0.293911   25.754232 ^ clkbuf_3_7__f_clk/X (sky130_fd_sc_hd__clkbuf_16)
                                                         clknet_3_7__leaf_clk (net)
                      0.086820    0.001542   25.755774 ^ _423_/CLK (sky130_fd_sc_hd__dfrtp_4)
                                 -0.250000   25.505774   clock uncertainty
                                  0.000000   25.505774   clock reconvergence pessimism
                                  0.347082   25.852856   library recovery time
                                             25.852856   data required time
---------------------------------------------------------------------------------------------
                                             25.852856   data required time
                                             -6.251318   data arrival time
---------------------------------------------------------------------------------------------
                                             19.601540   slack (MET)


Startpoint: en (input port clocked by clk)
Endpoint: _422_ (recovery check against rising-edge clock clk)
Path Group: asynchronous
Path Type: max

Fanout         Cap        Slew       Delay        Time   Description
---------------------------------------------------------------------------------------------
                                  0.000000    0.000000   clock clk (rise edge)
                                  0.000000    0.000000   clock network delay (propagated)
                                  5.000000    5.000000 ^ input external delay
     2    0.004691    0.045077    0.025794    5.025795 ^ en (in)
                                                         en (net)
                      0.045078    0.000000    5.025795 ^ input1/A (sky130_fd_sc_hd__clkbuf_1)
     1    0.001877    0.057007    0.126633    5.152428 ^ input1/X (sky130_fd_sc_hd__clkbuf_1)
                                                         net1 (net)
                      0.057007    0.000085    5.152513 ^ _270_/B (sky130_fd_sc_hd__and2_1)
     1    0.003920    0.093971    0.234981    5.387494 ^ _270_/X (sky130_fd_sc_hd__and2_1)
                                                         TOP.n_rst (net)
                      0.093971    0.000254    5.387748 ^ fanout42/A (sky130_fd_sc_hd__clkbuf_2)
    11    0.038999    0.333174    0.389114    5.776862 ^ fanout42/X (sky130_fd_sc_hd__clkbuf_2)
                                                         net42 (net)
                      0.333260    0.004437    5.781299 ^ fanout41/A (sky130_fd_sc_hd__buf_2)
     8    0.036373    0.288771    0.468345    6.249644 ^ fanout41/X (sky130_fd_sc_hd__buf_2)
                                                         net41 (net)
                      0.288780    0.001969    6.251613 ^ _422_/RESET_B (sky130_fd_sc_hd__dfrtp_2)
                                              6.251613   data arrival time

                                 25.000000   25.000000   clock clk (rise edge)
                                  0.000000   25.000000   clock source latency
     2    0.019493    0.146390    0.099895   25.099894 ^ clk (in)
                                                         clk (net)
                      0.146398    0.000000   25.099894 ^ clkbuf_0_clk/A (sky130_fd_sc_hd__clkbuf_16)
    17    0.104516    0.183270    0.351976   25.451870 ^ clkbuf_0_clk/X (sky130_fd_sc_hd__clkbuf_16)
                                                         clknet_0_clk (net)
                      0.183975    0.008450   25.460321 ^ clkbuf_3_7__f_clk/A (sky130_fd_sc_hd__clkbuf_16)
    10    0.034553    0.086789    0.293911   25.754232 ^ clkbuf_3_7__f_clk/X (sky130_fd_sc_hd__clkbuf_16)
                                                         clknet_3_7__leaf_clk (net)
                      0.086829    0.001725   25.755957 ^ _422_/CLK (sky130_fd_sc_hd__dfrtp_2)
                                 -0.250000   25.505957   clock uncertainty
                                  0.000000   25.505957   clock reconvergence pessimism
                                  0.356776   25.862734   library recovery time
                                             25.862734   data required time
---------------------------------------------------------------------------------------------
                                             25.862734   data required time
                                             -6.251613   data arrival time
---------------------------------------------------------------------------------------------
                                             19.611120   slack (MET)


Startpoint: en (input port clocked by clk)
Endpoint: _458_ (recovery check against rising-edge clock clk)
Path Group: asynchronous
Path Type: max

Fanout         Cap        Slew       Delay        Time   Description
---------------------------------------------------------------------------------------------
                                  0.000000    0.000000   clock clk (rise edge)
                                  0.000000    0.000000   clock network delay (propagated)
                                  5.000000    5.000000 ^ input external delay
     2    0.004691    0.045077    0.025794    5.025795 ^ en (in)
                                                         en (net)
                      0.045078    0.000000    5.025795 ^ input1/A (sky130_fd_sc_hd__clkbuf_1)
     1    0.001877    0.057007    0.126633    5.152428 ^ input1/X (sky130_fd_sc_hd__clkbuf_1)
                                                         net1 (net)
                      0.057007    0.000085    5.152513 ^ _270_/B (sky130_fd_sc_hd__and2_1)
     1    0.003920    0.093971    0.234981    5.387494 ^ _270_/X (sky130_fd_sc_hd__and2_1)
                                                         TOP.n_rst (net)
                      0.093971    0.000254    5.387748 ^ fanout42/A (sky130_fd_sc_hd__clkbuf_2)
    11    0.038999    0.333174    0.389114    5.776862 ^ fanout42/X (sky130_fd_sc_hd__clkbuf_2)
                                                         net42 (net)
                      0.333248    0.004102    5.780963 ^ fanout38/A (sky130_fd_sc_hd__clkbuf_4)
    10    0.049801    0.247619    0.496275    6.277239 ^ fanout38/X (sky130_fd_sc_hd__clkbuf_4)
                                                         net38 (net)
                      0.247691    0.004043    6.281281 ^ _458_/RESET_B (sky130_fd_sc_hd__dfrtp_2)
                                              6.281281   data arrival time

                                 25.000000   25.000000   clock clk (rise edge)
                                  0.000000   25.000000   clock source latency
     2    0.019493    0.146390    0.099895   25.099894 ^ clk (in)
                                                         clk (net)
                      0.146398    0.000000   25.099894 ^ clkbuf_0_clk/A (sky130_fd_sc_hd__clkbuf_16)
    17    0.104516    0.183270    0.351976   25.451870 ^ clkbuf_0_clk/X (sky130_fd_sc_hd__clkbuf_16)
                                                         clknet_0_clk (net)
                      0.183690    0.006198   25.458069 ^ clkbuf_3_1__f_clk/A (sky130_fd_sc_hd__clkbuf_16)
    12    0.042726    0.097318    0.304698   25.762768 ^ clkbuf_3_1__f_clk/X (sky130_fd_sc_hd__clkbuf_16)
                                                         clknet_3_1__leaf_clk (net)
                      0.097539    0.003219   25.765985 ^ _458_/CLK (sky130_fd_sc_hd__dfrtp_2)
                                 -0.250000   25.515987   clock uncertainty
                                  0.000000   25.515987   clock reconvergence pessimism
                                  0.377954   25.893940   library recovery time
                                             25.893940   data required time
---------------------------------------------------------------------------------------------
                                             25.893940   data required time
                                             -6.281281   data arrival time
---------------------------------------------------------------------------------------------
                                             19.612659   slack (MET)


Startpoint: en (input port clocked by clk)
Endpoint: _454_ (recovery check against rising-edge clock clk)
Path Group: asynchronous
Path Type: max

Fanout         Cap        Slew       Delay        Time   Description
---------------------------------------------------------------------------------------------
                                  0.000000    0.000000   clock clk (rise edge)
                                  0.000000    0.000000   clock network delay (propagated)
                                  5.000000    5.000000 ^ input external delay
     2    0.004691    0.045077    0.025794    5.025795 ^ en (in)
                                                         en (net)
                      0.045078    0.000000    5.025795 ^ input1/A (sky130_fd_sc_hd__clkbuf_1)
     1    0.001877    0.057007    0.126633    5.152428 ^ input1/X (sky130_fd_sc_hd__clkbuf_1)
                                                         net1 (net)
                      0.057007    0.000085    5.152513 ^ _270_/B (sky130_fd_sc_hd__and2_1)
     1    0.003920    0.093971    0.234981    5.387494 ^ _270_/X (sky130_fd_sc_hd__and2_1)
                                                         TOP.n_rst (net)
                      0.093971    0.000254    5.387748 ^ fanout42/A (sky130_fd_sc_hd__clkbuf_2)
    11    0.038999    0.333174    0.389114    5.776862 ^ fanout42/X (sky130_fd_sc_hd__clkbuf_2)
                                                         net42 (net)
                      0.333233    0.003672    5.780534 ^ fanout40/A (sky130_fd_sc_hd__clkbuf_4)
    10    0.044456    0.224425    0.478034    6.258568 ^ fanout40/X (sky130_fd_sc_hd__clkbuf_4)
                                                         net40 (net)
                      0.224584    0.005448    6.264016 ^ _454_/RESET_B (sky130_fd_sc_hd__dfrtp_4)
                                              6.264016   data arrival time

                                 25.000000   25.000000   clock clk (rise edge)
                                  0.000000   25.000000   clock source latency
     2    0.019493    0.146390    0.099895   25.099894 ^ clk (in)
                                                         clk (net)
                      0.146398    0.000000   25.099894 ^ clkbuf_0_clk/A (sky130_fd_sc_hd__clkbuf_16)
    17    0.104516    0.183270    0.351976   25.451870 ^ clkbuf_0_clk/X (sky130_fd_sc_hd__clkbuf_16)
                                                         clknet_0_clk (net)
                      0.183892    0.007862   25.459732 ^ clkbuf_3_6__f_clk/A (sky130_fd_sc_hd__clkbuf_16)
     9    0.032624    0.084096    0.291111   25.750843 ^ clkbuf_3_6__f_clk/X (sky130_fd_sc_hd__clkbuf_16)
                                                         clknet_3_6__leaf_clk (net)
                      0.084124    0.001441   25.752285 ^ _454_/CLK (sky130_fd_sc_hd__dfrtp_4)
                                 -0.250000   25.502285   clock uncertainty
                                  0.000000   25.502285   clock reconvergence pessimism
                                  0.376216   25.878502   library recovery time
                                             25.878502   data required time
---------------------------------------------------------------------------------------------
                                             25.878502   data required time
                                             -6.264016   data arrival time
---------------------------------------------------------------------------------------------
                                             19.614487   slack (MET)


Startpoint: en (input port clocked by clk)
Endpoint: _453_ (recovery check against rising-edge clock clk)
Path Group: asynchronous
Path Type: max

Fanout         Cap        Slew       Delay        Time   Description
---------------------------------------------------------------------------------------------
                                  0.000000    0.000000   clock clk (rise edge)
                                  0.000000    0.000000   clock network delay (propagated)
                                  5.000000    5.000000 ^ input external delay
     2    0.004691    0.045077    0.025794    5.025795 ^ en (in)
                                                         en (net)
                      0.045078    0.000000    5.025795 ^ input1/A (sky130_fd_sc_hd__clkbuf_1)
     1    0.001877    0.057007    0.126633    5.152428 ^ input1/X (sky130_fd_sc_hd__clkbuf_1)
                                                         net1 (net)
                      0.057007    0.000085    5.152513 ^ _270_/B (sky130_fd_sc_hd__and2_1)
     1    0.003920    0.093971    0.234981    5.387494 ^ _270_/X (sky130_fd_sc_hd__and2_1)
                                                         TOP.n_rst (net)
                      0.093971    0.000254    5.387748 ^ fanout42/A (sky130_fd_sc_hd__clkbuf_2)
    11    0.038999    0.333174    0.389114    5.776862 ^ fanout42/X (sky130_fd_sc_hd__clkbuf_2)
                                                         net42 (net)
                      0.333233    0.003672    5.780534 ^ fanout40/A (sky130_fd_sc_hd__clkbuf_4)
    10    0.044456    0.224425    0.478034    6.258568 ^ fanout40/X (sky130_fd_sc_hd__clkbuf_4)
                                                         net40 (net)
                      0.224584    0.005449    6.264018 ^ _453_/RESET_B (sky130_fd_sc_hd__dfrtp_4)
                                              6.264018   data arrival time

                                 25.000000   25.000000   clock clk (rise edge)
                                  0.000000   25.000000   clock source latency
     2    0.019493    0.146390    0.099895   25.099894 ^ clk (in)
                                                         clk (net)
                      0.146398    0.000000   25.099894 ^ clkbuf_0_clk/A (sky130_fd_sc_hd__clkbuf_16)
    17    0.104516    0.183270    0.351976   25.451870 ^ clkbuf_0_clk/X (sky130_fd_sc_hd__clkbuf_16)
                                                         clknet_0_clk (net)
                      0.183892    0.007862   25.459732 ^ clkbuf_3_6__f_clk/A (sky130_fd_sc_hd__clkbuf_16)
     9    0.032624    0.084096    0.291111   25.750843 ^ clkbuf_3_6__f_clk/X (sky130_fd_sc_hd__clkbuf_16)
                                                         clknet_3_6__leaf_clk (net)
                      0.084129    0.001544   25.752388 ^ _453_/CLK (sky130_fd_sc_hd__dfrtp_4)
                                 -0.250000   25.502388   clock uncertainty
                                  0.000000   25.502388   clock reconvergence pessimism
                                  0.376218   25.878607   library recovery time
                                             25.878607   data required time
---------------------------------------------------------------------------------------------
                                             25.878607   data required time
                                             -6.264018   data arrival time
---------------------------------------------------------------------------------------------
                                             19.614590   slack (MET)


Startpoint: en (input port clocked by clk)
Endpoint: _443_ (recovery check against rising-edge clock clk)
Path Group: asynchronous
Path Type: max

Fanout         Cap        Slew       Delay        Time   Description
---------------------------------------------------------------------------------------------
                                  0.000000    0.000000   clock clk (rise edge)
                                  0.000000    0.000000   clock network delay (propagated)
                                  5.000000    5.000000 ^ input external delay
     2    0.004691    0.045077    0.025794    5.025795 ^ en (in)
                                                         en (net)
                      0.045078    0.000000    5.025795 ^ input1/A (sky130_fd_sc_hd__clkbuf_1)
     1    0.001877    0.057007    0.126633    5.152428 ^ input1/X (sky130_fd_sc_hd__clkbuf_1)
                                                         net1 (net)
                      0.057007    0.000085    5.152513 ^ _270_/B (sky130_fd_sc_hd__and2_1)
     1    0.003920    0.093971    0.234981    5.387494 ^ _270_/X (sky130_fd_sc_hd__and2_1)
                                                         TOP.n_rst (net)
                      0.093971    0.000254    5.387748 ^ fanout42/A (sky130_fd_sc_hd__clkbuf_2)
    11    0.038999    0.333174    0.389114    5.776862 ^ fanout42/X (sky130_fd_sc_hd__clkbuf_2)
                                                         net42 (net)
                      0.333248    0.004102    5.780963 ^ fanout38/A (sky130_fd_sc_hd__clkbuf_4)
    10    0.049801    0.247619    0.496275    6.277239 ^ fanout38/X (sky130_fd_sc_hd__clkbuf_4)
                                                         net38 (net)
                      0.247644    0.002624    6.279862 ^ _443_/RESET_B (sky130_fd_sc_hd__dfrtp_1)
                                              6.279862   data arrival time

                                 25.000000   25.000000   clock clk (rise edge)
                                  0.000000   25.000000   clock source latency
     2    0.019493    0.146390    0.099895   25.099894 ^ clk (in)
                                                         clk (net)
                      0.146398    0.000000   25.099894 ^ clkbuf_0_clk/A (sky130_fd_sc_hd__clkbuf_16)
    17    0.104516    0.183270    0.351976   25.451870 ^ clkbuf_0_clk/X (sky130_fd_sc_hd__clkbuf_16)
                                                         clknet_0_clk (net)
                      0.183584    0.005093   25.456963 ^ clkbuf_3_4__f_clk/A (sky130_fd_sc_hd__clkbuf_16)
     7    0.032306    0.083695    0.290322   25.747286 ^ clkbuf_3_4__f_clk/X (sky130_fd_sc_hd__clkbuf_16)
                                                         clknet_3_4__leaf_clk (net)
                      0.083730    0.001599   25.748884 ^ _443_/CLK (sky130_fd_sc_hd__dfrtp_1)
                                 -0.250000   25.498886   clock uncertainty
                                  0.000000   25.498886   clock reconvergence pessimism
                                  0.401408   25.900293   library recovery time
                                             25.900293   data required time
---------------------------------------------------------------------------------------------
                                             25.900293   data required time
                                             -6.279862   data arrival time
---------------------------------------------------------------------------------------------
                                             19.620430   slack (MET)


Startpoint: en (input port clocked by clk)
Endpoint: _452_ (recovery check against rising-edge clock clk)
Path Group: asynchronous
Path Type: max

Fanout         Cap        Slew       Delay        Time   Description
---------------------------------------------------------------------------------------------
                                  0.000000    0.000000   clock clk (rise edge)
                                  0.000000    0.000000   clock network delay (propagated)
                                  5.000000    5.000000 ^ input external delay
     2    0.004691    0.045077    0.025794    5.025795 ^ en (in)
                                                         en (net)
                      0.045078    0.000000    5.025795 ^ input1/A (sky130_fd_sc_hd__clkbuf_1)
     1    0.001877    0.057007    0.126633    5.152428 ^ input1/X (sky130_fd_sc_hd__clkbuf_1)
                                                         net1 (net)
                      0.057007    0.000085    5.152513 ^ _270_/B (sky130_fd_sc_hd__and2_1)
     1    0.003920    0.093971    0.234981    5.387494 ^ _270_/X (sky130_fd_sc_hd__and2_1)
                                                         TOP.n_rst (net)
                      0.093971    0.000254    5.387748 ^ fanout42/A (sky130_fd_sc_hd__clkbuf_2)
    11    0.038999    0.333174    0.389114    5.776862 ^ fanout42/X (sky130_fd_sc_hd__clkbuf_2)
                                                         net42 (net)
                      0.333248    0.004102    5.780963 ^ fanout38/A (sky130_fd_sc_hd__clkbuf_4)
    10    0.049801    0.247619    0.496275    6.277239 ^ fanout38/X (sky130_fd_sc_hd__clkbuf_4)
                                                         net38 (net)
                      0.247696    0.004144    6.281383 ^ _452_/RESET_B (sky130_fd_sc_hd__dfrtp_1)
                                              6.281383   data arrival time

                                 25.000000   25.000000   clock clk (rise edge)
                                  0.000000   25.000000   clock source latency
     2    0.019493    0.146390    0.099895   25.099894 ^ clk (in)
                                                         clk (net)
                      0.146398    0.000000   25.099894 ^ clkbuf_0_clk/A (sky130_fd_sc_hd__clkbuf_16)
    17    0.104516    0.183270    0.351976   25.451870 ^ clkbuf_0_clk/X (sky130_fd_sc_hd__clkbuf_16)
                                                         clknet_0_clk (net)
                      0.183586    0.005111   25.456982 ^ clkbuf_3_5__f_clk/A (sky130_fd_sc_hd__clkbuf_16)
    10    0.034174    0.086300    0.293035   25.750015 ^ clkbuf_3_5__f_clk/X (sky130_fd_sc_hd__clkbuf_16)
                                                         clknet_3_5__leaf_clk (net)
                      0.086333    0.001592   25.751608 ^ _452_/CLK (sky130_fd_sc_hd__dfrtp_1)
                                 -0.250000   25.501608   clock uncertainty
                                  0.000000   25.501608   clock reconvergence pessimism
                                  0.402266   25.903875   library recovery time
                                             25.903875   data required time
---------------------------------------------------------------------------------------------
                                             25.903875   data required time
                                             -6.281383   data arrival time
---------------------------------------------------------------------------------------------
                                             19.622492   slack (MET)


Startpoint: en (input port clocked by clk)
Endpoint: _441_ (recovery check against rising-edge clock clk)
Path Group: asynchronous
Path Type: max

Fanout         Cap        Slew       Delay        Time   Description
---------------------------------------------------------------------------------------------
                                  0.000000    0.000000   clock clk (rise edge)
                                  0.000000    0.000000   clock network delay (propagated)
                                  5.000000    5.000000 ^ input external delay
     2    0.004691    0.045077    0.025794    5.025795 ^ en (in)
                                                         en (net)
                      0.045078    0.000000    5.025795 ^ input1/A (sky130_fd_sc_hd__clkbuf_1)
     1    0.001877    0.057007    0.126633    5.152428 ^ input1/X (sky130_fd_sc_hd__clkbuf_1)
                                                         net1 (net)
                      0.057007    0.000085    5.152513 ^ _270_/B (sky130_fd_sc_hd__and2_1)
     1    0.003920    0.093971    0.234981    5.387494 ^ _270_/X (sky130_fd_sc_hd__and2_1)
                                                         TOP.n_rst (net)
                      0.093971    0.000254    5.387748 ^ fanout42/A (sky130_fd_sc_hd__clkbuf_2)
    11    0.038999    0.333174    0.389114    5.776862 ^ fanout42/X (sky130_fd_sc_hd__clkbuf_2)
                                                         net42 (net)
                      0.333248    0.004102    5.780963 ^ fanout38/A (sky130_fd_sc_hd__clkbuf_4)
    10    0.049801    0.247619    0.496275    6.277239 ^ fanout38/X (sky130_fd_sc_hd__clkbuf_4)
                                                         net38 (net)
                      0.247698    0.004190    6.281429 ^ _441_/RESET_B (sky130_fd_sc_hd__dfrtp_1)
                                              6.281429   data arrival time

                                 25.000000   25.000000   clock clk (rise edge)
                                  0.000000   25.000000   clock source latency
     2    0.019493    0.146390    0.099895   25.099894 ^ clk (in)
                                                         clk (net)
                      0.146398    0.000000   25.099894 ^ clkbuf_0_clk/A (sky130_fd_sc_hd__clkbuf_16)
    17    0.104516    0.183270    0.351976   25.451870 ^ clkbuf_0_clk/X (sky130_fd_sc_hd__clkbuf_16)
                                                         clknet_0_clk (net)
                      0.183586    0.005111   25.456982 ^ clkbuf_3_5__f_clk/A (sky130_fd_sc_hd__clkbuf_16)
    10    0.034174    0.086300    0.293035   25.750015 ^ clkbuf_3_5__f_clk/X (sky130_fd_sc_hd__clkbuf_16)
                                                         clknet_3_5__leaf_clk (net)
                      0.086344    0.001794   25.751810 ^ _441_/CLK (sky130_fd_sc_hd__dfrtp_1)
                                 -0.250000   25.501812   clock uncertainty
                                  0.000000   25.501812   clock reconvergence pessimism
                                  0.402270   25.904081   library recovery time
                                             25.904081   data required time
---------------------------------------------------------------------------------------------
                                             25.904081   data required time
                                             -6.281429   data arrival time
---------------------------------------------------------------------------------------------
                                             19.622652   slack (MET)


Startpoint: en (input port clocked by clk)
Endpoint: _471_ (recovery check against rising-edge clock clk)
Path Group: asynchronous
Path Type: max

Fanout         Cap        Slew       Delay        Time   Description
---------------------------------------------------------------------------------------------
                                  0.000000    0.000000   clock clk (rise edge)
                                  0.000000    0.000000   clock network delay (propagated)
                                  5.000000    5.000000 ^ input external delay
     2    0.004691    0.045077    0.025794    5.025795 ^ en (in)
                                                         en (net)
                      0.045078    0.000000    5.025795 ^ input1/A (sky130_fd_sc_hd__clkbuf_1)
     1    0.001877    0.057007    0.126633    5.152428 ^ input1/X (sky130_fd_sc_hd__clkbuf_1)
                                                         net1 (net)
                      0.057007    0.000085    5.152513 ^ _270_/B (sky130_fd_sc_hd__and2_1)
     1    0.003920    0.093971    0.234981    5.387494 ^ _270_/X (sky130_fd_sc_hd__and2_1)
                                                         TOP.n_rst (net)
                      0.093971    0.000254    5.387748 ^ fanout42/A (sky130_fd_sc_hd__clkbuf_2)
    11    0.038999    0.333174    0.389114    5.776862 ^ fanout42/X (sky130_fd_sc_hd__clkbuf_2)
                                                         net42 (net)
                      0.333248    0.004102    5.780963 ^ fanout38/A (sky130_fd_sc_hd__clkbuf_4)
    10    0.049801    0.247619    0.496275    6.277239 ^ fanout38/X (sky130_fd_sc_hd__clkbuf_4)
                                                         net38 (net)
                      0.247675    0.003621    6.280859 ^ _471_/RESET_B (sky130_fd_sc_hd__dfrtp_1)
                                              6.280859   data arrival time

                                 25.000000   25.000000   clock clk (rise edge)
                                  0.000000   25.000000   clock source latency
     2    0.019493    0.146390    0.099895   25.099894 ^ clk (in)
                                                         clk (net)
                      0.146398    0.000000   25.099894 ^ clkbuf_0_clk/A (sky130_fd_sc_hd__clkbuf_16)
    17    0.104516    0.183270    0.351976   25.451870 ^ clkbuf_0_clk/X (sky130_fd_sc_hd__clkbuf_16)
                                                         clknet_0_clk (net)
                      0.183586    0.005111   25.456982 ^ clkbuf_3_5__f_clk/A (sky130_fd_sc_hd__clkbuf_16)
    10    0.034174    0.086300    0.293035   25.750015 ^ clkbuf_3_5__f_clk/X (sky130_fd_sc_hd__clkbuf_16)
                                                         clknet_3_5__leaf_clk (net)
                      0.086335    0.001627   25.751644 ^ _471_/CLK (sky130_fd_sc_hd__dfrtp_1)
                                 -0.250000   25.501644   clock uncertainty
                                  0.000000   25.501644   clock reconvergence pessimism
                                  0.402275   25.903919   library recovery time
                                             25.903919   data required time
---------------------------------------------------------------------------------------------
                                             25.903919   data required time
                                             -6.280859   data arrival time
---------------------------------------------------------------------------------------------
                                             19.623060   slack (MET)


Startpoint: en (input port clocked by clk)
Endpoint: _442_ (recovery check against rising-edge clock clk)
Path Group: asynchronous
Path Type: max

Fanout         Cap        Slew       Delay        Time   Description
---------------------------------------------------------------------------------------------
                                  0.000000    0.000000   clock clk (rise edge)
                                  0.000000    0.000000   clock network delay (propagated)
                                  5.000000    5.000000 ^ input external delay
     2    0.004691    0.045077    0.025794    5.025795 ^ en (in)
                                                         en (net)
                      0.045078    0.000000    5.025795 ^ input1/A (sky130_fd_sc_hd__clkbuf_1)
     1    0.001877    0.057007    0.126633    5.152428 ^ input1/X (sky130_fd_sc_hd__clkbuf_1)
                                                         net1 (net)
                      0.057007    0.000085    5.152513 ^ _270_/B (sky130_fd_sc_hd__and2_1)
     1    0.003920    0.093971    0.234981    5.387494 ^ _270_/X (sky130_fd_sc_hd__and2_1)
                                                         TOP.n_rst (net)
                      0.093971    0.000254    5.387748 ^ fanout42/A (sky130_fd_sc_hd__clkbuf_2)
    11    0.038999    0.333174    0.389114    5.776862 ^ fanout42/X (sky130_fd_sc_hd__clkbuf_2)
                                                         net42 (net)
                      0.333248    0.004102    5.780963 ^ fanout38/A (sky130_fd_sc_hd__clkbuf_4)
    10    0.049801    0.247619    0.496275    6.277239 ^ fanout38/X (sky130_fd_sc_hd__clkbuf_4)
                                                         net38 (net)
                      0.247651    0.002902    6.280141 ^ _442_/RESET_B (sky130_fd_sc_hd__dfrtp_1)
                                              6.280141   data arrival time

                                 25.000000   25.000000   clock clk (rise edge)
                                  0.000000   25.000000   clock source latency
     2    0.019493    0.146390    0.099895   25.099894 ^ clk (in)
                                                         clk (net)
                      0.146398    0.000000   25.099894 ^ clkbuf_0_clk/A (sky130_fd_sc_hd__clkbuf_16)
    17    0.104516    0.183270    0.351976   25.451870 ^ clkbuf_0_clk/X (sky130_fd_sc_hd__clkbuf_16)
                                                         clknet_0_clk (net)
                      0.183586    0.005111   25.456982 ^ clkbuf_3_5__f_clk/A (sky130_fd_sc_hd__clkbuf_16)
    10    0.034174    0.086300    0.293035   25.750015 ^ clkbuf_3_5__f_clk/X (sky130_fd_sc_hd__clkbuf_16)
                                                         clknet_3_5__leaf_clk (net)
                      0.086339    0.001714   25.751730 ^ _442_/CLK (sky130_fd_sc_hd__dfrtp_1)
                                 -0.250000   25.501732   clock uncertainty
                                  0.000000   25.501732   clock reconvergence pessimism
                                  0.402285   25.904016   library recovery time
                                             25.904016   data required time
---------------------------------------------------------------------------------------------
                                             25.904016   data required time
                                             -6.280141   data arrival time
---------------------------------------------------------------------------------------------
                                             19.623875   slack (MET)


Startpoint: en (input port clocked by clk)
Endpoint: _448_ (recovery check against rising-edge clock clk)
Path Group: asynchronous
Path Type: max

Fanout         Cap        Slew       Delay        Time   Description
---------------------------------------------------------------------------------------------
                                  0.000000    0.000000   clock clk (rise edge)
                                  0.000000    0.000000   clock network delay (propagated)
                                  5.000000    5.000000 ^ input external delay
     2    0.004691    0.045077    0.025794    5.025795 ^ en (in)
                                                         en (net)
                      0.045078    0.000000    5.025795 ^ input1/A (sky130_fd_sc_hd__clkbuf_1)
     1    0.001877    0.057007    0.126633    5.152428 ^ input1/X (sky130_fd_sc_hd__clkbuf_1)
                                                         net1 (net)
                      0.057007    0.000085    5.152513 ^ _270_/B (sky130_fd_sc_hd__and2_1)
     1    0.003920    0.093971    0.234981    5.387494 ^ _270_/X (sky130_fd_sc_hd__and2_1)
                                                         TOP.n_rst (net)
                      0.093971    0.000254    5.387748 ^ fanout42/A (sky130_fd_sc_hd__clkbuf_2)
    11    0.038999    0.333174    0.389114    5.776862 ^ fanout42/X (sky130_fd_sc_hd__clkbuf_2)
                                                         net42 (net)
                      0.333248    0.004102    5.780963 ^ fanout38/A (sky130_fd_sc_hd__clkbuf_4)
    10    0.049801    0.247619    0.496275    6.277239 ^ fanout38/X (sky130_fd_sc_hd__clkbuf_4)
                                                         net38 (net)
                      0.247635    0.002261    6.279500 ^ _448_/RESET_B (sky130_fd_sc_hd__dfrtp_1)
                                              6.279500   data arrival time

                                 25.000000   25.000000   clock clk (rise edge)
                                  0.000000   25.000000   clock source latency
     2    0.019493    0.146390    0.099895   25.099894 ^ clk (in)
                                                         clk (net)
                      0.146398    0.000000   25.099894 ^ clkbuf_0_clk/A (sky130_fd_sc_hd__clkbuf_16)
    17    0.104516    0.183270    0.351976   25.451870 ^ clkbuf_0_clk/X (sky130_fd_sc_hd__clkbuf_16)
                                                         clknet_0_clk (net)
                      0.183586    0.005111   25.456982 ^ clkbuf_3_5__f_clk/A (sky130_fd_sc_hd__clkbuf_16)
    10    0.034174    0.086300    0.293035   25.750015 ^ clkbuf_3_5__f_clk/X (sky130_fd_sc_hd__clkbuf_16)
                                                         clknet_3_5__leaf_clk (net)
                      0.086344    0.001794   25.751810 ^ _448_/CLK (sky130_fd_sc_hd__dfrtp_1)
                                 -0.250000   25.501812   clock uncertainty
                                  0.000000   25.501812   clock reconvergence pessimism
                                  0.402293   25.904104   library recovery time
                                             25.904104   data required time
---------------------------------------------------------------------------------------------
                                             25.904104   data required time
                                             -6.279500   data arrival time
---------------------------------------------------------------------------------------------
                                             19.624605   slack (MET)


Startpoint: en (input port clocked by clk)
Endpoint: _424_ (recovery check against rising-edge clock clk)
Path Group: asynchronous
Path Type: max

Fanout         Cap        Slew       Delay        Time   Description
---------------------------------------------------------------------------------------------
                                  0.000000    0.000000   clock clk (rise edge)
                                  0.000000    0.000000   clock network delay (propagated)
                                  5.000000    5.000000 ^ input external delay
     2    0.004691    0.045077    0.025794    5.025795 ^ en (in)
                                                         en (net)
                      0.045078    0.000000    5.025795 ^ input1/A (sky130_fd_sc_hd__clkbuf_1)
     1    0.001877    0.057007    0.126633    5.152428 ^ input1/X (sky130_fd_sc_hd__clkbuf_1)
                                                         net1 (net)
                      0.057007    0.000085    5.152513 ^ _270_/B (sky130_fd_sc_hd__and2_1)
     1    0.003920    0.093971    0.234981    5.387494 ^ _270_/X (sky130_fd_sc_hd__and2_1)
                                                         TOP.n_rst (net)
                      0.093971    0.000254    5.387748 ^ fanout42/A (sky130_fd_sc_hd__clkbuf_2)
    11    0.038999    0.333174    0.389114    5.776862 ^ fanout42/X (sky130_fd_sc_hd__clkbuf_2)
                                                         net42 (net)
                      0.333260    0.004437    5.781299 ^ fanout41/A (sky130_fd_sc_hd__buf_2)
     8    0.036373    0.288771    0.468345    6.249644 ^ fanout41/X (sky130_fd_sc_hd__buf_2)
                                                         net41 (net)
                      0.288776    0.001680    6.251324 ^ _424_/RESET_B (sky130_fd_sc_hd__dfrtp_1)
                                              6.251324   data arrival time

                                 25.000000   25.000000   clock clk (rise edge)
                                  0.000000   25.000000   clock source latency
     2    0.019493    0.146390    0.099895   25.099894 ^ clk (in)
                                                         clk (net)
                      0.146398    0.000000   25.099894 ^ clkbuf_0_clk/A (sky130_fd_sc_hd__clkbuf_16)
    17    0.104516    0.183270    0.351976   25.451870 ^ clkbuf_0_clk/X (sky130_fd_sc_hd__clkbuf_16)
                                                         clknet_0_clk (net)
                      0.183975    0.008450   25.460321 ^ clkbuf_3_7__f_clk/A (sky130_fd_sc_hd__clkbuf_16)
    10    0.034553    0.086789    0.293911   25.754232 ^ clkbuf_3_7__f_clk/X (sky130_fd_sc_hd__clkbuf_16)
                                                         clknet_3_7__leaf_clk (net)
                      0.086795    0.000842   25.755074 ^ _424_/CLK (sky130_fd_sc_hd__dfrtp_1)
                                 -0.250000   25.505074   clock uncertainty
                                  0.000000   25.505074   clock reconvergence pessimism
                                  0.387222   25.892296   library recovery time
                                             25.892296   data required time
---------------------------------------------------------------------------------------------
                                             25.892296   data required time
                                             -6.251324   data arrival time
---------------------------------------------------------------------------------------------
                                             19.640972   slack (MET)


Startpoint: en (input port clocked by clk)
Endpoint: _455_ (recovery check against rising-edge clock clk)
Path Group: asynchronous
Path Type: max

Fanout         Cap        Slew       Delay        Time   Description
---------------------------------------------------------------------------------------------
                                  0.000000    0.000000   clock clk (rise edge)
                                  0.000000    0.000000   clock network delay (propagated)
                                  5.000000    5.000000 ^ input external delay
     2    0.004691    0.045077    0.025794    5.025795 ^ en (in)
                                                         en (net)
                      0.045078    0.000000    5.025795 ^ input1/A (sky130_fd_sc_hd__clkbuf_1)
     1    0.001877    0.057007    0.126633    5.152428 ^ input1/X (sky130_fd_sc_hd__clkbuf_1)
                                                         net1 (net)
                      0.057007    0.000085    5.152513 ^ _270_/B (sky130_fd_sc_hd__and2_1)
     1    0.003920    0.093971    0.234981    5.387494 ^ _270_/X (sky130_fd_sc_hd__and2_1)
                                                         TOP.n_rst (net)
                      0.093971    0.000254    5.387748 ^ fanout42/A (sky130_fd_sc_hd__clkbuf_2)
    11    0.038999    0.333174    0.389114    5.776862 ^ fanout42/X (sky130_fd_sc_hd__clkbuf_2)
                                                         net42 (net)
                      0.333260    0.004437    5.781299 ^ fanout41/A (sky130_fd_sc_hd__buf_2)
     8    0.036373    0.288771    0.468345    6.249644 ^ fanout41/X (sky130_fd_sc_hd__buf_2)
                                                         net41 (net)
                      0.288786    0.002344    6.251988 ^ _455_/RESET_B (sky130_fd_sc_hd__dfrtp_1)
                                              6.251988   data arrival time

                                 25.000000   25.000000   clock clk (rise edge)
                                  0.000000   25.000000   clock source latency
     2    0.019493    0.146390    0.099895   25.099894 ^ clk (in)
                                                         clk (net)
                      0.146398    0.000000   25.099894 ^ clkbuf_0_clk/A (sky130_fd_sc_hd__clkbuf_16)
    17    0.104516    0.183270    0.351976   25.451870 ^ clkbuf_0_clk/X (sky130_fd_sc_hd__clkbuf_16)
                                                         clknet_0_clk (net)
                      0.183975    0.008450   25.460321 ^ clkbuf_3_7__f_clk/A (sky130_fd_sc_hd__clkbuf_16)
    10    0.034553    0.086789    0.293911   25.754232 ^ clkbuf_3_7__f_clk/X (sky130_fd_sc_hd__clkbuf_16)
                                                         clknet_3_7__leaf_clk (net)
                      0.086844    0.001961   25.756193 ^ _455_/CLK (sky130_fd_sc_hd__dfrtp_1)
                                 -0.250000   25.506193   clock uncertainty
                                  0.000000   25.506193   clock reconvergence pessimism
                                  0.387235   25.893429   library recovery time
                                             25.893429   data required time
---------------------------------------------------------------------------------------------
                                             25.893429   data required time
                                             -6.251988   data arrival time
---------------------------------------------------------------------------------------------
                                             19.641441   slack (MET)


Startpoint: en (input port clocked by clk)
Endpoint: _469_ (recovery check against rising-edge clock clk)
Path Group: asynchronous
Path Type: max

Fanout         Cap        Slew       Delay        Time   Description
---------------------------------------------------------------------------------------------
                                  0.000000    0.000000   clock clk (rise edge)
                                  0.000000    0.000000   clock network delay (propagated)
                                  5.000000    5.000000 ^ input external delay
     2    0.004691    0.045077    0.025794    5.025795 ^ en (in)
                                                         en (net)
                      0.045078    0.000000    5.025795 ^ input1/A (sky130_fd_sc_hd__clkbuf_1)
     1    0.001877    0.057007    0.126633    5.152428 ^ input1/X (sky130_fd_sc_hd__clkbuf_1)
                                                         net1 (net)
                      0.057007    0.000085    5.152513 ^ _270_/B (sky130_fd_sc_hd__and2_1)
     1    0.003920    0.093971    0.234981    5.387494 ^ _270_/X (sky130_fd_sc_hd__and2_1)
                                                         TOP.n_rst (net)
                      0.093971    0.000254    5.387748 ^ fanout42/A (sky130_fd_sc_hd__clkbuf_2)
    11    0.038999    0.333174    0.389114    5.776862 ^ fanout42/X (sky130_fd_sc_hd__clkbuf_2)
                                                         net42 (net)
                      0.333260    0.004437    5.781299 ^ fanout41/A (sky130_fd_sc_hd__buf_2)
     8    0.036373    0.288771    0.468345    6.249644 ^ fanout41/X (sky130_fd_sc_hd__buf_2)
                                                         net41 (net)
                      0.288775    0.001594    6.251238 ^ _469_/RESET_B (sky130_fd_sc_hd__dfrtp_1)
                                              6.251238   data arrival time

                                 25.000000   25.000000   clock clk (rise edge)
                                  0.000000   25.000000   clock source latency
     2    0.019493    0.146390    0.099895   25.099894 ^ clk (in)
                                                         clk (net)
                      0.146398    0.000000   25.099894 ^ clkbuf_0_clk/A (sky130_fd_sc_hd__clkbuf_16)
    17    0.104516    0.183270    0.351976   25.451870 ^ clkbuf_0_clk/X (sky130_fd_sc_hd__clkbuf_16)
                                                         clknet_0_clk (net)
                      0.183975    0.008450   25.460321 ^ clkbuf_3_7__f_clk/A (sky130_fd_sc_hd__clkbuf_16)
    10    0.034553    0.086789    0.293911   25.754232 ^ clkbuf_3_7__f_clk/X (sky130_fd_sc_hd__clkbuf_16)
                                                         clknet_3_7__leaf_clk (net)
                      0.086806    0.001233   25.755465 ^ _469_/CLK (sky130_fd_sc_hd__dfrtp_1)
                                 -0.250000   25.505465   clock uncertainty
                                  0.000000   25.505465   clock reconvergence pessimism
                                  0.387226   25.892691   library recovery time
                                             25.892691   data required time
---------------------------------------------------------------------------------------------
                                             25.892691   data required time
                                             -6.251238   data arrival time
---------------------------------------------------------------------------------------------
                                             19.641453   slack (MET)


Startpoint: en (input port clocked by clk)
Endpoint: _451_ (recovery check against rising-edge clock clk)
Path Group: asynchronous
Path Type: max

Fanout         Cap        Slew       Delay        Time   Description
---------------------------------------------------------------------------------------------
                                  0.000000    0.000000   clock clk (rise edge)
                                  0.000000    0.000000   clock network delay (propagated)
                                  5.000000    5.000000 ^ input external delay
     2    0.004691    0.045077    0.025794    5.025795 ^ en (in)
                                                         en (net)
                      0.045078    0.000000    5.025795 ^ input1/A (sky130_fd_sc_hd__clkbuf_1)
     1    0.001877    0.057007    0.126633    5.152428 ^ input1/X (sky130_fd_sc_hd__clkbuf_1)
                                                         net1 (net)
                      0.057007    0.000085    5.152513 ^ _270_/B (sky130_fd_sc_hd__and2_1)
     1    0.003920    0.093971    0.234981    5.387494 ^ _270_/X (sky130_fd_sc_hd__and2_1)
                                                         TOP.n_rst (net)
                      0.093971    0.000254    5.387748 ^ fanout42/A (sky130_fd_sc_hd__clkbuf_2)
    11    0.038999    0.333174    0.389114    5.776862 ^ fanout42/X (sky130_fd_sc_hd__clkbuf_2)
                                                         net42 (net)
                      0.333260    0.004437    5.781299 ^ fanout41/A (sky130_fd_sc_hd__buf_2)
     8    0.036373    0.288771    0.468345    6.249644 ^ fanout41/X (sky130_fd_sc_hd__buf_2)
                                                         net41 (net)
                      0.288777    0.001748    6.251392 ^ _451_/RESET_B (sky130_fd_sc_hd__dfrtp_1)
                                              6.251392   data arrival time

                                 25.000000   25.000000   clock clk (rise edge)
                                  0.000000   25.000000   clock source latency
     2    0.019493    0.146390    0.099895   25.099894 ^ clk (in)
                                                         clk (net)
                      0.146398    0.000000   25.099894 ^ clkbuf_0_clk/A (sky130_fd_sc_hd__clkbuf_16)
    17    0.104516    0.183270    0.351976   25.451870 ^ clkbuf_0_clk/X (sky130_fd_sc_hd__clkbuf_16)
                                                         clknet_0_clk (net)
                      0.183975    0.008450   25.460321 ^ clkbuf_3_7__f_clk/A (sky130_fd_sc_hd__clkbuf_16)
    10    0.034553    0.086789    0.293911   25.754232 ^ clkbuf_3_7__f_clk/X (sky130_fd_sc_hd__clkbuf_16)
                                                         clknet_3_7__leaf_clk (net)
                      0.086830    0.001737   25.755968 ^ _451_/CLK (sky130_fd_sc_hd__dfrtp_1)
                                 -0.250000   25.505970   clock uncertainty
                                  0.000000   25.505970   clock reconvergence pessimism
                                  0.387233   25.893204   library recovery time
                                             25.893204   data required time
---------------------------------------------------------------------------------------------
                                             25.893204   data required time
                                             -6.251392   data arrival time
---------------------------------------------------------------------------------------------
                                             19.641811   slack (MET)


Startpoint: en (input port clocked by clk)
Endpoint: _470_ (recovery check against rising-edge clock clk)
Path Group: asynchronous
Path Type: max

Fanout         Cap        Slew       Delay        Time   Description
---------------------------------------------------------------------------------------------
                                  0.000000    0.000000   clock clk (rise edge)
                                  0.000000    0.000000   clock network delay (propagated)
                                  5.000000    5.000000 ^ input external delay
     2    0.004691    0.045077    0.025794    5.025795 ^ en (in)
                                                         en (net)
                      0.045078    0.000000    5.025795 ^ input1/A (sky130_fd_sc_hd__clkbuf_1)
     1    0.001877    0.057007    0.126633    5.152428 ^ input1/X (sky130_fd_sc_hd__clkbuf_1)
                                                         net1 (net)
                      0.057007    0.000085    5.152513 ^ _270_/B (sky130_fd_sc_hd__and2_1)
     1    0.003920    0.093971    0.234981    5.387494 ^ _270_/X (sky130_fd_sc_hd__and2_1)
                                                         TOP.n_rst (net)
                      0.093971    0.000254    5.387748 ^ fanout42/A (sky130_fd_sc_hd__clkbuf_2)
    11    0.038999    0.333174    0.389114    5.776862 ^ fanout42/X (sky130_fd_sc_hd__clkbuf_2)
                                                         net42 (net)
                      0.333260    0.004437    5.781299 ^ fanout41/A (sky130_fd_sc_hd__buf_2)
     8    0.036373    0.288771    0.468345    6.249644 ^ fanout41/X (sky130_fd_sc_hd__buf_2)
                                                         net41 (net)
                      0.288775    0.001616    6.251260 ^ _470_/RESET_B (sky130_fd_sc_hd__dfrtp_1)
                                              6.251260   data arrival time

                                 25.000000   25.000000   clock clk (rise edge)
                                  0.000000   25.000000   clock source latency
     2    0.019493    0.146390    0.099895   25.099894 ^ clk (in)
                                                         clk (net)
                      0.146398    0.000000   25.099894 ^ clkbuf_0_clk/A (sky130_fd_sc_hd__clkbuf_16)
    17    0.104516    0.183270    0.351976   25.451870 ^ clkbuf_0_clk/X (sky130_fd_sc_hd__clkbuf_16)
                                                         clknet_0_clk (net)
                      0.183975    0.008450   25.460321 ^ clkbuf_3_7__f_clk/A (sky130_fd_sc_hd__clkbuf_16)
    10    0.034553    0.086789    0.293911   25.754232 ^ clkbuf_3_7__f_clk/X (sky130_fd_sc_hd__clkbuf_16)
                                                         clknet_3_7__leaf_clk (net)
                      0.086824    0.001624   25.755856 ^ _470_/CLK (sky130_fd_sc_hd__dfrtp_1)
                                 -0.250000   25.505856   clock uncertainty
                                  0.000000   25.505856   clock reconvergence pessimism
                                  0.387232   25.893087   library recovery time
                                             25.893087   data required time
---------------------------------------------------------------------------------------------
                                             25.893087   data required time
                                             -6.251260   data arrival time
---------------------------------------------------------------------------------------------
                                             19.641829   slack (MET)


Startpoint: en (input port clocked by clk)
Endpoint: _436_ (recovery check against rising-edge clock clk)
Path Group: asynchronous
Path Type: max

Fanout         Cap        Slew       Delay        Time   Description
---------------------------------------------------------------------------------------------
                                  0.000000    0.000000   clock clk (rise edge)
                                  0.000000    0.000000   clock network delay (propagated)
                                  5.000000    5.000000 ^ input external delay
     2    0.004691    0.045077    0.025794    5.025795 ^ en (in)
                                                         en (net)
                      0.045078    0.000000    5.025795 ^ input1/A (sky130_fd_sc_hd__clkbuf_1)
     1    0.001877    0.057007    0.126633    5.152428 ^ input1/X (sky130_fd_sc_hd__clkbuf_1)
                                                         net1 (net)
                      0.057007    0.000085    5.152513 ^ _270_/B (sky130_fd_sc_hd__and2_1)
     1    0.003920    0.093971    0.234981    5.387494 ^ _270_/X (sky130_fd_sc_hd__and2_1)
                                                         TOP.n_rst (net)
                      0.093971    0.000254    5.387748 ^ fanout42/A (sky130_fd_sc_hd__clkbuf_2)
    11    0.038999    0.333174    0.389114    5.776862 ^ fanout42/X (sky130_fd_sc_hd__clkbuf_2)
                                                         net42 (net)
                      0.333233    0.003672    5.780534 ^ fanout40/A (sky130_fd_sc_hd__clkbuf_4)
    10    0.044456    0.224425    0.478034    6.258568 ^ fanout40/X (sky130_fd_sc_hd__clkbuf_4)
                                                         net40 (net)
                      0.224586    0.005477    6.264045 ^ _436_/RESET_B (sky130_fd_sc_hd__dfrtp_1)
                                              6.264045   data arrival time

                                 25.000000   25.000000   clock clk (rise edge)
                                  0.000000   25.000000   clock source latency
     2    0.019493    0.146390    0.099895   25.099894 ^ clk (in)
                                                         clk (net)
                      0.146398    0.000000   25.099894 ^ clkbuf_0_clk/A (sky130_fd_sc_hd__clkbuf_16)
    17    0.104516    0.183270    0.351976   25.451870 ^ clkbuf_0_clk/X (sky130_fd_sc_hd__clkbuf_16)
                                                         clknet_0_clk (net)
                      0.183892    0.007862   25.459732 ^ clkbuf_3_6__f_clk/A (sky130_fd_sc_hd__clkbuf_16)
     9    0.032624    0.084096    0.291111   25.750843 ^ clkbuf_3_6__f_clk/X (sky130_fd_sc_hd__clkbuf_16)
                                                         clknet_3_6__leaf_clk (net)
                      0.084125    0.001469   25.752314 ^ _436_/CLK (sky130_fd_sc_hd__dfrtp_1)
                                 -0.250000   25.502314   clock uncertainty
                                  0.000000   25.502314   clock reconvergence pessimism
                                  0.410074   25.912388   library recovery time
                                             25.912388   data required time
---------------------------------------------------------------------------------------------
                                             25.912388   data required time
                                             -6.264045   data arrival time
---------------------------------------------------------------------------------------------
                                             19.648342   slack (MET)


Startpoint: en (input port clocked by clk)
Endpoint: _449_ (recovery check against rising-edge clock clk)
Path Group: asynchronous
Path Type: max

Fanout         Cap        Slew       Delay        Time   Description
---------------------------------------------------------------------------------------------
                                  0.000000    0.000000   clock clk (rise edge)
                                  0.000000    0.000000   clock network delay (propagated)
                                  5.000000    5.000000 ^ input external delay
     2    0.004691    0.045077    0.025794    5.025795 ^ en (in)
                                                         en (net)
                      0.045078    0.000000    5.025795 ^ input1/A (sky130_fd_sc_hd__clkbuf_1)
     1    0.001877    0.057007    0.126633    5.152428 ^ input1/X (sky130_fd_sc_hd__clkbuf_1)
                                                         net1 (net)
                      0.057007    0.000085    5.152513 ^ _270_/B (sky130_fd_sc_hd__and2_1)
     1    0.003920    0.093971    0.234981    5.387494 ^ _270_/X (sky130_fd_sc_hd__and2_1)
                                                         TOP.n_rst (net)
                      0.093971    0.000254    5.387748 ^ fanout42/A (sky130_fd_sc_hd__clkbuf_2)
    11    0.038999    0.333174    0.389114    5.776862 ^ fanout42/X (sky130_fd_sc_hd__clkbuf_2)
                                                         net42 (net)
                      0.333233    0.003672    5.780534 ^ fanout40/A (sky130_fd_sc_hd__clkbuf_4)
    10    0.044456    0.224425    0.478034    6.258568 ^ fanout40/X (sky130_fd_sc_hd__clkbuf_4)
                                                         net40 (net)
                      0.224567    0.005195    6.263763 ^ _449_/RESET_B (sky130_fd_sc_hd__dfrtp_1)
                                              6.263763   data arrival time

                                 25.000000   25.000000   clock clk (rise edge)
                                  0.000000   25.000000   clock source latency
     2    0.019493    0.146390    0.099895   25.099894 ^ clk (in)
                                                         clk (net)
                      0.146398    0.000000   25.099894 ^ clkbuf_0_clk/A (sky130_fd_sc_hd__clkbuf_16)
    17    0.104516    0.183270    0.351976   25.451870 ^ clkbuf_0_clk/X (sky130_fd_sc_hd__clkbuf_16)
                                                         clknet_0_clk (net)
                      0.183892    0.007862   25.459732 ^ clkbuf_3_6__f_clk/A (sky130_fd_sc_hd__clkbuf_16)
     9    0.032624    0.084096    0.291111   25.750843 ^ clkbuf_3_6__f_clk/X (sky130_fd_sc_hd__clkbuf_16)
                                                         clknet_3_6__leaf_clk (net)
                      0.084124    0.001444   25.752289 ^ _449_/CLK (sky130_fd_sc_hd__dfrtp_1)
                                 -0.250000   25.502289   clock uncertainty
                                  0.000000   25.502289   clock reconvergence pessimism
                                  0.410081   25.912371   library recovery time
                                             25.912371   data required time
---------------------------------------------------------------------------------------------
                                             25.912371   data required time
                                             -6.263763   data arrival time
---------------------------------------------------------------------------------------------
                                             19.648607   slack (MET)


Startpoint: en (input port clocked by clk)
Endpoint: _445_ (recovery check against rising-edge clock clk)
Path Group: asynchronous
Path Type: max

Fanout         Cap        Slew       Delay        Time   Description
---------------------------------------------------------------------------------------------
                                  0.000000    0.000000   clock clk (rise edge)
                                  0.000000    0.000000   clock network delay (propagated)
                                  5.000000    5.000000 ^ input external delay
     2    0.004691    0.045077    0.025794    5.025795 ^ en (in)
                                                         en (net)
                      0.045078    0.000000    5.025795 ^ input1/A (sky130_fd_sc_hd__clkbuf_1)
     1    0.001877    0.057007    0.126633    5.152428 ^ input1/X (sky130_fd_sc_hd__clkbuf_1)
                                                         net1 (net)
                      0.057007    0.000085    5.152513 ^ _270_/B (sky130_fd_sc_hd__and2_1)
     1    0.003920    0.093971    0.234981    5.387494 ^ _270_/X (sky130_fd_sc_hd__and2_1)
                                                         TOP.n_rst (net)
                      0.093971    0.000254    5.387748 ^ fanout42/A (sky130_fd_sc_hd__clkbuf_2)
    11    0.038999    0.333174    0.389114    5.776862 ^ fanout42/X (sky130_fd_sc_hd__clkbuf_2)
                                                         net42 (net)
                      0.333233    0.003672    5.780534 ^ fanout40/A (sky130_fd_sc_hd__clkbuf_4)
    10    0.044456    0.224425    0.478034    6.258568 ^ fanout40/X (sky130_fd_sc_hd__clkbuf_4)
                                                         net40 (net)
                      0.224558    0.005045    6.263613 ^ _445_/RESET_B (sky130_fd_sc_hd__dfrtp_1)
                                              6.263613   data arrival time

                                 25.000000   25.000000   clock clk (rise edge)
                                  0.000000   25.000000   clock source latency
     2    0.019493    0.146390    0.099895   25.099894 ^ clk (in)
                                                         clk (net)
                      0.146398    0.000000   25.099894 ^ clkbuf_0_clk/A (sky130_fd_sc_hd__clkbuf_16)
    17    0.104516    0.183270    0.351976   25.451870 ^ clkbuf_0_clk/X (sky130_fd_sc_hd__clkbuf_16)
                                                         clknet_0_clk (net)
                      0.183892    0.007862   25.459732 ^ clkbuf_3_6__f_clk/A (sky130_fd_sc_hd__clkbuf_16)
     9    0.032624    0.084096    0.291111   25.750843 ^ clkbuf_3_6__f_clk/X (sky130_fd_sc_hd__clkbuf_16)
                                                         clknet_3_6__leaf_clk (net)
                      0.084129    0.001551   25.752396 ^ _445_/CLK (sky130_fd_sc_hd__dfrtp_1)
                                 -0.250000   25.502396   clock uncertainty
                                  0.000000   25.502396   clock reconvergence pessimism
                                  0.410086   25.912481   library recovery time
                                             25.912481   data required time
---------------------------------------------------------------------------------------------
                                             25.912481   data required time
                                             -6.263613   data arrival time
---------------------------------------------------------------------------------------------
                                             19.648869   slack (MET)


Startpoint: en (input port clocked by clk)
Endpoint: _450_ (recovery check against rising-edge clock clk)
Path Group: asynchronous
Path Type: max

Fanout         Cap        Slew       Delay        Time   Description
---------------------------------------------------------------------------------------------
                                  0.000000    0.000000   clock clk (rise edge)
                                  0.000000    0.000000   clock network delay (propagated)
                                  5.000000    5.000000 ^ input external delay
     2    0.004691    0.045077    0.025794    5.025795 ^ en (in)
                                                         en (net)
                      0.045078    0.000000    5.025795 ^ input1/A (sky130_fd_sc_hd__clkbuf_1)
     1    0.001877    0.057007    0.126633    5.152428 ^ input1/X (sky130_fd_sc_hd__clkbuf_1)
                                                         net1 (net)
                      0.057007    0.000085    5.152513 ^ _270_/B (sky130_fd_sc_hd__and2_1)
     1    0.003920    0.093971    0.234981    5.387494 ^ _270_/X (sky130_fd_sc_hd__and2_1)
                                                         TOP.n_rst (net)
                      0.093971    0.000254    5.387748 ^ fanout42/A (sky130_fd_sc_hd__clkbuf_2)
    11    0.038999    0.333174    0.389114    5.776862 ^ fanout42/X (sky130_fd_sc_hd__clkbuf_2)
                                                         net42 (net)
                      0.333233    0.003672    5.780534 ^ fanout40/A (sky130_fd_sc_hd__clkbuf_4)
    10    0.044456    0.224425    0.478034    6.258568 ^ fanout40/X (sky130_fd_sc_hd__clkbuf_4)
                                                         net40 (net)
                      0.224487    0.003645    6.262213 ^ _450_/RESET_B (sky130_fd_sc_hd__dfrtp_1)
                                              6.262213   data arrival time

                                 25.000000   25.000000   clock clk (rise edge)
                                  0.000000   25.000000   clock source latency
     2    0.019493    0.146390    0.099895   25.099894 ^ clk (in)
                                                         clk (net)
                      0.146398    0.000000   25.099894 ^ clkbuf_0_clk/A (sky130_fd_sc_hd__clkbuf_16)
    17    0.104516    0.183270    0.351976   25.451870 ^ clkbuf_0_clk/X (sky130_fd_sc_hd__clkbuf_16)
                                                         clknet_0_clk (net)
                      0.183892    0.007862   25.459732 ^ clkbuf_3_6__f_clk/A (sky130_fd_sc_hd__clkbuf_16)
     9    0.032624    0.084096    0.291111   25.750843 ^ clkbuf_3_6__f_clk/X (sky130_fd_sc_hd__clkbuf_16)
                                                         clknet_3_6__leaf_clk (net)
                      0.084134    0.001641   25.752485 ^ _450_/CLK (sky130_fd_sc_hd__dfrtp_1)
                                 -0.250000   25.502485   clock uncertainty
                                  0.000000   25.502485   clock reconvergence pessimism
                                  0.410114   25.912601   library recovery time
                                             25.912601   data required time
---------------------------------------------------------------------------------------------
                                             25.912601   data required time
                                             -6.262213   data arrival time
---------------------------------------------------------------------------------------------
                                             19.650389   slack (MET)


Startpoint: en (input port clocked by clk)
Endpoint: _416_ (recovery check against rising-edge clock clk)
Path Group: asynchronous
Path Type: max

Fanout         Cap        Slew       Delay        Time   Description
---------------------------------------------------------------------------------------------
                                  0.000000    0.000000   clock clk (rise edge)
                                  0.000000    0.000000   clock network delay (propagated)
                                  5.000000    5.000000 ^ input external delay
     2    0.004691    0.045077    0.025794    5.025795 ^ en (in)
                                                         en (net)
                      0.045078    0.000000    5.025795 ^ input1/A (sky130_fd_sc_hd__clkbuf_1)
     1    0.001877    0.057007    0.126633    5.152428 ^ input1/X (sky130_fd_sc_hd__clkbuf_1)
                                                         net1 (net)
                      0.057007    0.000085    5.152513 ^ _270_/B (sky130_fd_sc_hd__and2_1)
     1    0.003920    0.093971    0.234981    5.387494 ^ _270_/X (sky130_fd_sc_hd__and2_1)
                                                         TOP.n_rst (net)
                      0.093971    0.000254    5.387748 ^ fanout42/A (sky130_fd_sc_hd__clkbuf_2)
    11    0.038999    0.333174    0.389114    5.776862 ^ fanout42/X (sky130_fd_sc_hd__clkbuf_2)
                                                         net42 (net)
                      0.333233    0.003672    5.780534 ^ fanout40/A (sky130_fd_sc_hd__clkbuf_4)
    10    0.044456    0.224425    0.478034    6.258568 ^ fanout40/X (sky130_fd_sc_hd__clkbuf_4)
                                                         net40 (net)
                      0.224588    0.005504    6.264072 ^ _416_/RESET_B (sky130_fd_sc_hd__dfrtp_1)
                                              6.264072   data arrival time

                                 25.000000   25.000000   clock clk (rise edge)
                                  0.000000   25.000000   clock source latency
     2    0.019493    0.146390    0.099895   25.099894 ^ clk (in)
                                                         clk (net)
                      0.146398    0.000000   25.099894 ^ clkbuf_0_clk/A (sky130_fd_sc_hd__clkbuf_16)
    17    0.104516    0.183270    0.351976   25.451870 ^ clkbuf_0_clk/X (sky130_fd_sc_hd__clkbuf_16)
                                                         clknet_0_clk (net)
                      0.183897    0.007898   25.459768 ^ clkbuf_3_3__f_clk/A (sky130_fd_sc_hd__clkbuf_16)
     9    0.034005    0.086042    0.292996   25.752764 ^ clkbuf_3_3__f_clk/X (sky130_fd_sc_hd__clkbuf_16)
                                                         clknet_3_3__leaf_clk (net)
                      0.086069    0.001473   25.754236 ^ _416_/CLK (sky130_fd_sc_hd__dfrtp_1)
                                 -0.250000   25.504238   clock uncertainty
                                  0.000000   25.504238   clock reconvergence pessimism
                                  0.410728   25.914967   library recovery time
                                             25.914967   data required time
---------------------------------------------------------------------------------------------
                                             25.914967   data required time
                                             -6.264072   data arrival time
---------------------------------------------------------------------------------------------
                                             19.650894   slack (MET)


Startpoint: en (input port clocked by clk)
Endpoint: _420_ (recovery check against rising-edge clock clk)
Path Group: asynchronous
Path Type: max

Fanout         Cap        Slew       Delay        Time   Description
---------------------------------------------------------------------------------------------
                                  0.000000    0.000000   clock clk (rise edge)
                                  0.000000    0.000000   clock network delay (propagated)
                                  5.000000    5.000000 ^ input external delay
     2    0.004691    0.045077    0.025794    5.025795 ^ en (in)
                                                         en (net)
                      0.045078    0.000000    5.025795 ^ input1/A (sky130_fd_sc_hd__clkbuf_1)
     1    0.001877    0.057007    0.126633    5.152428 ^ input1/X (sky130_fd_sc_hd__clkbuf_1)
                                                         net1 (net)
                      0.057007    0.000085    5.152513 ^ _270_/B (sky130_fd_sc_hd__and2_1)
     1    0.003920    0.093971    0.234981    5.387494 ^ _270_/X (sky130_fd_sc_hd__and2_1)
                                                         TOP.n_rst (net)
                      0.093971    0.000254    5.387748 ^ fanout42/A (sky130_fd_sc_hd__clkbuf_2)
    11    0.038999    0.333174    0.389114    5.776862 ^ fanout42/X (sky130_fd_sc_hd__clkbuf_2)
                                                         net42 (net)
                      0.333233    0.003672    5.780534 ^ fanout40/A (sky130_fd_sc_hd__clkbuf_4)
    10    0.044456    0.224425    0.478034    6.258568 ^ fanout40/X (sky130_fd_sc_hd__clkbuf_4)
                                                         net40 (net)
                      0.224577    0.005347    6.263915 ^ _420_/RESET_B (sky130_fd_sc_hd__dfrtp_1)
                                              6.263915   data arrival time

                                 25.000000   25.000000   clock clk (rise edge)
                                  0.000000   25.000000   clock source latency
     2    0.019493    0.146390    0.099895   25.099894 ^ clk (in)
                                                         clk (net)
                      0.146398    0.000000   25.099894 ^ clkbuf_0_clk/A (sky130_fd_sc_hd__clkbuf_16)
    17    0.104516    0.183270    0.351976   25.451870 ^ clkbuf_0_clk/X (sky130_fd_sc_hd__clkbuf_16)
                                                         clknet_0_clk (net)
                      0.183897    0.007898   25.459768 ^ clkbuf_3_3__f_clk/A (sky130_fd_sc_hd__clkbuf_16)
     9    0.034005    0.086042    0.292996   25.752764 ^ clkbuf_3_3__f_clk/X (sky130_fd_sc_hd__clkbuf_16)
                                                         clknet_3_3__leaf_clk (net)
                      0.086067    0.001418   25.754181 ^ _420_/CLK (sky130_fd_sc_hd__dfrtp_1)
                                 -0.250000   25.504183   clock uncertainty
                                  0.000000   25.504183   clock reconvergence pessimism
                                  0.410732   25.914913   library recovery time
                                             25.914913   data required time
---------------------------------------------------------------------------------------------
                                             25.914913   data required time
                                             -6.263915   data arrival time
---------------------------------------------------------------------------------------------
                                             19.650997   slack (MET)


Startpoint: en (input port clocked by clk)
Endpoint: _467_ (recovery check against rising-edge clock clk)
Path Group: asynchronous
Path Type: max

Fanout         Cap        Slew       Delay        Time   Description
---------------------------------------------------------------------------------------------
                                  0.000000    0.000000   clock clk (rise edge)
                                  0.000000    0.000000   clock network delay (propagated)
                                  5.000000    5.000000 ^ input external delay
     2    0.004691    0.045077    0.025794    5.025795 ^ en (in)
                                                         en (net)
                      0.045078    0.000000    5.025795 ^ input1/A (sky130_fd_sc_hd__clkbuf_1)
     1    0.001877    0.057007    0.126633    5.152428 ^ input1/X (sky130_fd_sc_hd__clkbuf_1)
                                                         net1 (net)
                      0.057007    0.000085    5.152513 ^ _270_/B (sky130_fd_sc_hd__and2_1)
     1    0.003920    0.093971    0.234981    5.387494 ^ _270_/X (sky130_fd_sc_hd__and2_1)
                                                         TOP.n_rst (net)
                      0.093971    0.000254    5.387748 ^ fanout42/A (sky130_fd_sc_hd__clkbuf_2)
    11    0.038999    0.333174    0.389114    5.776862 ^ fanout42/X (sky130_fd_sc_hd__clkbuf_2)
                                                         net42 (net)
                      0.333233    0.003672    5.780534 ^ fanout40/A (sky130_fd_sc_hd__clkbuf_4)
    10    0.044456    0.224425    0.478034    6.258568 ^ fanout40/X (sky130_fd_sc_hd__clkbuf_4)
                                                         net40 (net)
                      0.224446    0.002434    6.261002 ^ _467_/RESET_B (sky130_fd_sc_hd__dfrtp_1)
                                              6.261002   data arrival time

                                 25.000000   25.000000   clock clk (rise edge)
                                  0.000000   25.000000   clock source latency
     2    0.019493    0.146390    0.099895   25.099894 ^ clk (in)
                                                         clk (net)
                      0.146398    0.000000   25.099894 ^ clkbuf_0_clk/A (sky130_fd_sc_hd__clkbuf_16)
    17    0.104516    0.183270    0.351976   25.451870 ^ clkbuf_0_clk/X (sky130_fd_sc_hd__clkbuf_16)
                                                         clknet_0_clk (net)
                      0.183892    0.007862   25.459732 ^ clkbuf_3_6__f_clk/A (sky130_fd_sc_hd__clkbuf_16)
     9    0.032624    0.084096    0.291111   25.750843 ^ clkbuf_3_6__f_clk/X (sky130_fd_sc_hd__clkbuf_16)
                                                         clknet_3_6__leaf_clk (net)
                      0.084141    0.001755   25.752600 ^ _467_/CLK (sky130_fd_sc_hd__dfrtp_1)
                                 -0.250000   25.502600   clock uncertainty
                                  0.000000   25.502600   clock reconvergence pessimism
                                  0.410131   25.912731   library recovery time
                                             25.912731   data required time
---------------------------------------------------------------------------------------------
                                             25.912731   data required time
                                             -6.261002   data arrival time
---------------------------------------------------------------------------------------------
                                             19.651730   slack (MET)


Startpoint: en (input port clocked by clk)
Endpoint: _468_ (recovery check against rising-edge clock clk)
Path Group: asynchronous
Path Type: max

Fanout         Cap        Slew       Delay        Time   Description
---------------------------------------------------------------------------------------------
                                  0.000000    0.000000   clock clk (rise edge)
                                  0.000000    0.000000   clock network delay (propagated)
                                  5.000000    5.000000 ^ input external delay
     2    0.004691    0.045077    0.025794    5.025795 ^ en (in)
                                                         en (net)
                      0.045078    0.000000    5.025795 ^ input1/A (sky130_fd_sc_hd__clkbuf_1)
     1    0.001877    0.057007    0.126633    5.152428 ^ input1/X (sky130_fd_sc_hd__clkbuf_1)
                                                         net1 (net)
                      0.057007    0.000085    5.152513 ^ _270_/B (sky130_fd_sc_hd__and2_1)
     1    0.003920    0.093971    0.234981    5.387494 ^ _270_/X (sky130_fd_sc_hd__and2_1)
                                                         TOP.n_rst (net)
                      0.093971    0.000254    5.387748 ^ fanout42/A (sky130_fd_sc_hd__clkbuf_2)
    11    0.038999    0.333174    0.389114    5.776862 ^ fanout42/X (sky130_fd_sc_hd__clkbuf_2)
                                                         net42 (net)
                      0.333233    0.003672    5.780534 ^ fanout40/A (sky130_fd_sc_hd__clkbuf_4)
    10    0.044456    0.224425    0.478034    6.258568 ^ fanout40/X (sky130_fd_sc_hd__clkbuf_4)
                                                         net40 (net)
                      0.224518    0.004319    6.262887 ^ _468_/RESET_B (sky130_fd_sc_hd__dfrtp_1)
                                              6.262887   data arrival time

                                 25.000000   25.000000   clock clk (rise edge)
                                  0.000000   25.000000   clock source latency
     2    0.019493    0.146390    0.099895   25.099894 ^ clk (in)
                                                         clk (net)
                      0.146398    0.000000   25.099894 ^ clkbuf_0_clk/A (sky130_fd_sc_hd__clkbuf_16)
    17    0.104516    0.183270    0.351976   25.451870 ^ clkbuf_0_clk/X (sky130_fd_sc_hd__clkbuf_16)
                                                         clknet_0_clk (net)
                      0.183975    0.008450   25.460321 ^ clkbuf_3_7__f_clk/A (sky130_fd_sc_hd__clkbuf_16)
    10    0.034553    0.086789    0.293911   25.754232 ^ clkbuf_3_7__f_clk/X (sky130_fd_sc_hd__clkbuf_16)
                                                         clknet_3_7__leaf_clk (net)
                      0.086804    0.001181   25.755413 ^ _468_/CLK (sky130_fd_sc_hd__dfrtp_1)
                                 -0.250000   25.505413   clock uncertainty
                                  0.000000   25.505413   clock reconvergence pessimism
                                  0.411002   25.916416   library recovery time
                                             25.916416   data required time
---------------------------------------------------------------------------------------------
                                             25.916416   data required time
                                             -6.262887   data arrival time
---------------------------------------------------------------------------------------------
                                             19.653528   slack (MET)


Startpoint: en (input port clocked by clk)
Endpoint: _462_ (recovery check against rising-edge clock clk)
Path Group: asynchronous
Path Type: max

Fanout         Cap        Slew       Delay        Time   Description
---------------------------------------------------------------------------------------------
                                  0.000000    0.000000   clock clk (rise edge)
                                  0.000000    0.000000   clock network delay (propagated)
                                  5.000000    5.000000 ^ input external delay
     2    0.004691    0.045077    0.025794    5.025795 ^ en (in)
                                                         en (net)
                      0.045078    0.000000    5.025795 ^ input1/A (sky130_fd_sc_hd__clkbuf_1)
     1    0.001877    0.057007    0.126633    5.152428 ^ input1/X (sky130_fd_sc_hd__clkbuf_1)
                                                         net1 (net)
                      0.057007    0.000085    5.152513 ^ _270_/B (sky130_fd_sc_hd__and2_1)
     1    0.003920    0.093971    0.234981    5.387494 ^ _270_/X (sky130_fd_sc_hd__and2_1)
                                                         TOP.n_rst (net)
                      0.093971    0.000254    5.387748 ^ fanout42/A (sky130_fd_sc_hd__clkbuf_2)
    11    0.038999    0.333174    0.389114    5.776862 ^ fanout42/X (sky130_fd_sc_hd__clkbuf_2)
                                                         net42 (net)
                      0.333263    0.004496    5.781358 ^ fanout39/A (sky130_fd_sc_hd__clkbuf_2)
     6    0.027387    0.240023    0.425906    6.207264 ^ fanout39/X (sky130_fd_sc_hd__clkbuf_2)
                                                         net39 (net)
                      0.240024    0.001094    6.208357 ^ _462_/RESET_B (sky130_fd_sc_hd__dfrtp_4)
                                              6.208357   data arrival time

                                 25.000000   25.000000   clock clk (rise edge)
                                  0.000000   25.000000   clock source latency
     2    0.019493    0.146390    0.099895   25.099894 ^ clk (in)
                                                         clk (net)
                      0.146398    0.000000   25.099894 ^ clkbuf_0_clk/A (sky130_fd_sc_hd__clkbuf_16)
    17    0.104516    0.183270    0.351976   25.451870 ^ clkbuf_0_clk/X (sky130_fd_sc_hd__clkbuf_16)
                                                         clknet_0_clk (net)
                      0.183584    0.005093   25.456963 ^ clkbuf_3_4__f_clk/A (sky130_fd_sc_hd__clkbuf_16)
     7    0.032306    0.083695    0.290322   25.747286 ^ clkbuf_3_4__f_clk/X (sky130_fd_sc_hd__clkbuf_16)
                                                         clknet_3_4__leaf_clk (net)
                      0.083749    0.001913   25.749199 ^ _462_/CLK (sky130_fd_sc_hd__dfrtp_4)
                                 -0.250000   25.499201   clock uncertainty
                                  0.000000   25.499201   clock reconvergence pessimism
                                  0.368861   25.868061   library recovery time
                                             25.868061   data required time
---------------------------------------------------------------------------------------------
                                             25.868061   data required time
                                             -6.208357   data arrival time
---------------------------------------------------------------------------------------------
                                             19.659702   slack (MET)


Startpoint: en (input port clocked by clk)
Endpoint: _457_ (recovery check against rising-edge clock clk)
Path Group: asynchronous
Path Type: max

Fanout         Cap        Slew       Delay        Time   Description
---------------------------------------------------------------------------------------------
                                  0.000000    0.000000   clock clk (rise edge)
                                  0.000000    0.000000   clock network delay (propagated)
                                  5.000000    5.000000 ^ input external delay
     2    0.004691    0.045077    0.025794    5.025795 ^ en (in)
                                                         en (net)
                      0.045078    0.000000    5.025795 ^ input1/A (sky130_fd_sc_hd__clkbuf_1)
     1    0.001877    0.057007    0.126633    5.152428 ^ input1/X (sky130_fd_sc_hd__clkbuf_1)
                                                         net1 (net)
                      0.057007    0.000085    5.152513 ^ _270_/B (sky130_fd_sc_hd__and2_1)
     1    0.003920    0.093971    0.234981    5.387494 ^ _270_/X (sky130_fd_sc_hd__and2_1)
                                                         TOP.n_rst (net)
                      0.093971    0.000254    5.387748 ^ fanout42/A (sky130_fd_sc_hd__clkbuf_2)
    11    0.038999    0.333174    0.389114    5.776862 ^ fanout42/X (sky130_fd_sc_hd__clkbuf_2)
                                                         net42 (net)
                      0.333263    0.004496    5.781358 ^ fanout39/A (sky130_fd_sc_hd__clkbuf_2)
     6    0.027387    0.240023    0.425906    6.207264 ^ fanout39/X (sky130_fd_sc_hd__clkbuf_2)
                                                         net39 (net)
                      0.240034    0.001892    6.209156 ^ _457_/RESET_B (sky130_fd_sc_hd__dfrtp_2)
                                              6.209156   data arrival time

                                 25.000000   25.000000   clock clk (rise edge)
                                  0.000000   25.000000   clock source latency
     2    0.019493    0.146390    0.099895   25.099894 ^ clk (in)
                                                         clk (net)
                      0.146398    0.000000   25.099894 ^ clkbuf_0_clk/A (sky130_fd_sc_hd__clkbuf_16)
    17    0.104516    0.183270    0.351976   25.451870 ^ clkbuf_0_clk/X (sky130_fd_sc_hd__clkbuf_16)
                                                         clknet_0_clk (net)
                      0.183584    0.005093   25.456963 ^ clkbuf_3_4__f_clk/A (sky130_fd_sc_hd__clkbuf_16)
     7    0.032306    0.083695    0.290322   25.747286 ^ clkbuf_3_4__f_clk/X (sky130_fd_sc_hd__clkbuf_16)
                                                         clknet_3_4__leaf_clk (net)
                      0.083762    0.002101   25.749388 ^ _457_/CLK (sky130_fd_sc_hd__dfrtp_2)
                                 -0.250000   25.499388   clock uncertainty
                                  0.000000   25.499388   clock reconvergence pessimism
                                  0.376547   25.875935   library recovery time
                                             25.875935   data required time
---------------------------------------------------------------------------------------------
                                             25.875935   data required time
                                             -6.209156   data arrival time
---------------------------------------------------------------------------------------------
                                             19.666779   slack (MET)


Startpoint: en (input port clocked by clk)
Endpoint: _415_ (recovery check against rising-edge clock clk)
Path Group: asynchronous
Path Type: max

Fanout         Cap        Slew       Delay        Time   Description
---------------------------------------------------------------------------------------------
                                  0.000000    0.000000   clock clk (rise edge)
                                  0.000000    0.000000   clock network delay (propagated)
                                  5.000000    5.000000 ^ input external delay
     2    0.004691    0.045077    0.025794    5.025795 ^ en (in)
                                                         en (net)
                      0.045078    0.000000    5.025795 ^ input1/A (sky130_fd_sc_hd__clkbuf_1)
     1    0.001877    0.057007    0.126633    5.152428 ^ input1/X (sky130_fd_sc_hd__clkbuf_1)
                                                         net1 (net)
                      0.057007    0.000085    5.152513 ^ _270_/B (sky130_fd_sc_hd__and2_1)
     1    0.003920    0.093971    0.234981    5.387494 ^ _270_/X (sky130_fd_sc_hd__and2_1)
                                                         TOP.n_rst (net)
                      0.093971    0.000254    5.387748 ^ fanout42/A (sky130_fd_sc_hd__clkbuf_2)
    11    0.038999    0.333174    0.389114    5.776862 ^ fanout42/X (sky130_fd_sc_hd__clkbuf_2)
                                                         net42 (net)
                      0.333180    0.001137    5.777999 ^ fanout37/A (sky130_fd_sc_hd__clkbuf_2)
     5    0.028841    0.251122    0.433008    6.211007 ^ fanout37/X (sky130_fd_sc_hd__clkbuf_2)
                                                         net37 (net)
                      0.251210    0.004447    6.215454 ^ _415_/RESET_B (sky130_fd_sc_hd__dfrtp_1)
                                              6.215454   data arrival time

                                 25.000000   25.000000   clock clk (rise edge)
                                  0.000000   25.000000   clock source latency
     2    0.019493    0.146390    0.099895   25.099894 ^ clk (in)
                                                         clk (net)
                      0.146398    0.000000   25.099894 ^ clkbuf_0_clk/A (sky130_fd_sc_hd__clkbuf_16)
    17    0.104516    0.183270    0.351976   25.451870 ^ clkbuf_0_clk/X (sky130_fd_sc_hd__clkbuf_16)
                                                         clknet_0_clk (net)
                      0.183892    0.007862   25.459732 ^ clkbuf_3_6__f_clk/A (sky130_fd_sc_hd__clkbuf_16)
     9    0.032624    0.084096    0.291111   25.750843 ^ clkbuf_3_6__f_clk/X (sky130_fd_sc_hd__clkbuf_16)
                                                         clknet_3_6__leaf_clk (net)
                      0.084130    0.001558   25.752401 ^ _415_/CLK (sky130_fd_sc_hd__dfrtp_1)
                                 -0.250000   25.502403   clock uncertainty
                                  0.000000   25.502403   clock reconvergence pessimism
                                  0.400223   25.902624   library recovery time
                                             25.902624   data required time
---------------------------------------------------------------------------------------------
                                             25.902624   data required time
                                             -6.215454   data arrival time
---------------------------------------------------------------------------------------------
                                             19.687172   slack (MET)


Startpoint: en (input port clocked by clk)
Endpoint: _425_ (recovery check against rising-edge clock clk)
Path Group: asynchronous
Path Type: max

Fanout         Cap        Slew       Delay        Time   Description
---------------------------------------------------------------------------------------------
                                  0.000000    0.000000   clock clk (rise edge)
                                  0.000000    0.000000   clock network delay (propagated)
                                  5.000000    5.000000 ^ input external delay
     2    0.004691    0.045077    0.025794    5.025795 ^ en (in)
                                                         en (net)
                      0.045078    0.000000    5.025795 ^ input1/A (sky130_fd_sc_hd__clkbuf_1)
     1    0.001877    0.057007    0.126633    5.152428 ^ input1/X (sky130_fd_sc_hd__clkbuf_1)
                                                         net1 (net)
                      0.057007    0.000085    5.152513 ^ _270_/B (sky130_fd_sc_hd__and2_1)
     1    0.003920    0.093971    0.234981    5.387494 ^ _270_/X (sky130_fd_sc_hd__and2_1)
                                                         TOP.n_rst (net)
                      0.093971    0.000254    5.387748 ^ fanout42/A (sky130_fd_sc_hd__clkbuf_2)
    11    0.038999    0.333174    0.389114    5.776862 ^ fanout42/X (sky130_fd_sc_hd__clkbuf_2)
                                                         net42 (net)
                      0.333180    0.001137    5.777999 ^ fanout37/A (sky130_fd_sc_hd__clkbuf_2)
     5    0.028841    0.251122    0.433008    6.211007 ^ fanout37/X (sky130_fd_sc_hd__clkbuf_2)
                                                         net37 (net)
                      0.251183    0.003817    6.214824 ^ _425_/RESET_B (sky130_fd_sc_hd__dfrtp_1)
                                              6.214824   data arrival time

                                 25.000000   25.000000   clock clk (rise edge)
                                  0.000000   25.000000   clock source latency
     2    0.019493    0.146390    0.099895   25.099894 ^ clk (in)
                                                         clk (net)
                      0.146398    0.000000   25.099894 ^ clkbuf_0_clk/A (sky130_fd_sc_hd__clkbuf_16)
    17    0.104516    0.183270    0.351976   25.451870 ^ clkbuf_0_clk/X (sky130_fd_sc_hd__clkbuf_16)
                                                         clknet_0_clk (net)
                      0.183897    0.007898   25.459768 ^ clkbuf_3_3__f_clk/A (sky130_fd_sc_hd__clkbuf_16)
     9    0.034005    0.086042    0.292996   25.752764 ^ clkbuf_3_3__f_clk/X (sky130_fd_sc_hd__clkbuf_16)
                                                         clknet_3_3__leaf_clk (net)
                      0.086051    0.000961   25.753725 ^ _425_/CLK (sky130_fd_sc_hd__dfrtp_1)
                                 -0.250000   25.503727   clock uncertainty
                                  0.000000   25.503727   clock reconvergence pessimism
                                  0.400881   25.904608   library recovery time
                                             25.904608   data required time
---------------------------------------------------------------------------------------------
                                             25.904608   data required time
                                             -6.214824   data arrival time
---------------------------------------------------------------------------------------------
                                             19.689783   slack (MET)


Startpoint: en (input port clocked by clk)
Endpoint: _419_ (recovery check against rising-edge clock clk)
Path Group: asynchronous
Path Type: max

Fanout         Cap        Slew       Delay        Time   Description
---------------------------------------------------------------------------------------------
                                  0.000000    0.000000   clock clk (rise edge)
                                  0.000000    0.000000   clock network delay (propagated)
                                  5.000000    5.000000 ^ input external delay
     2    0.004691    0.045077    0.025794    5.025795 ^ en (in)
                                                         en (net)
                      0.045078    0.000000    5.025795 ^ input1/A (sky130_fd_sc_hd__clkbuf_1)
     1    0.001877    0.057007    0.126633    5.152428 ^ input1/X (sky130_fd_sc_hd__clkbuf_1)
                                                         net1 (net)
                      0.057007    0.000085    5.152513 ^ _270_/B (sky130_fd_sc_hd__and2_1)
     1    0.003920    0.093971    0.234981    5.387494 ^ _270_/X (sky130_fd_sc_hd__and2_1)
                                                         TOP.n_rst (net)
                      0.093971    0.000254    5.387748 ^ fanout42/A (sky130_fd_sc_hd__clkbuf_2)
    11    0.038999    0.333174    0.389114    5.776862 ^ fanout42/X (sky130_fd_sc_hd__clkbuf_2)
                                                         net42 (net)
                      0.333180    0.001137    5.777999 ^ fanout37/A (sky130_fd_sc_hd__clkbuf_2)
     5    0.028841    0.251122    0.433008    6.211007 ^ fanout37/X (sky130_fd_sc_hd__clkbuf_2)
                                                         net37 (net)
                      0.251197    0.004175    6.215182 ^ _419_/RESET_B (sky130_fd_sc_hd__dfrtp_1)
                                              6.215182   data arrival time

                                 25.000000   25.000000   clock clk (rise edge)
                                  0.000000   25.000000   clock source latency
     2    0.019493    0.146390    0.099895   25.099894 ^ clk (in)
                                                         clk (net)
                      0.146398    0.000000   25.099894 ^ clkbuf_0_clk/A (sky130_fd_sc_hd__clkbuf_16)
    17    0.104516    0.183270    0.351976   25.451870 ^ clkbuf_0_clk/X (sky130_fd_sc_hd__clkbuf_16)
                                                         clknet_0_clk (net)
                      0.183951    0.008287   25.460157 ^ clkbuf_3_2__f_clk/A (sky130_fd_sc_hd__clkbuf_16)
    12    0.036241    0.089285    0.295907   25.756065 ^ clkbuf_3_2__f_clk/X (sky130_fd_sc_hd__clkbuf_16)
                                                         clknet_3_2__leaf_clk (net)
                      0.089362    0.002345   25.758410 ^ _419_/CLK (sky130_fd_sc_hd__dfrtp_1)
                                 -0.250000   25.508410   clock uncertainty
                                  0.000000   25.508410   clock reconvergence pessimism
                                  0.401993   25.910404   library recovery time
                                             25.910404   data required time
---------------------------------------------------------------------------------------------
                                             25.910404   data required time
                                             -6.215182   data arrival time
---------------------------------------------------------------------------------------------
                                             19.695223   slack (MET)


Startpoint: en (input port clocked by clk)
Endpoint: _456_ (recovery check against rising-edge clock clk)
Path Group: asynchronous
Path Type: max

Fanout         Cap        Slew       Delay        Time   Description
---------------------------------------------------------------------------------------------
                                  0.000000    0.000000   clock clk (rise edge)
                                  0.000000    0.000000   clock network delay (propagated)
                                  5.000000    5.000000 ^ input external delay
     2    0.004691    0.045077    0.025794    5.025795 ^ en (in)
                                                         en (net)
                      0.045078    0.000000    5.025795 ^ input1/A (sky130_fd_sc_hd__clkbuf_1)
     1    0.001877    0.057007    0.126633    5.152428 ^ input1/X (sky130_fd_sc_hd__clkbuf_1)
                                                         net1 (net)
                      0.057007    0.000085    5.152513 ^ _270_/B (sky130_fd_sc_hd__and2_1)
     1    0.003920    0.093971    0.234981    5.387494 ^ _270_/X (sky130_fd_sc_hd__and2_1)
                                                         TOP.n_rst (net)
                      0.093971    0.000254    5.387748 ^ fanout42/A (sky130_fd_sc_hd__clkbuf_2)
    11    0.038999    0.333174    0.389114    5.776862 ^ fanout42/X (sky130_fd_sc_hd__clkbuf_2)
                                                         net42 (net)
                      0.333263    0.004496    5.781358 ^ fanout39/A (sky130_fd_sc_hd__clkbuf_2)
     6    0.027387    0.240023    0.425906    6.207264 ^ fanout39/X (sky130_fd_sc_hd__clkbuf_2)
                                                         net39 (net)
                      0.240033    0.001841    6.209105 ^ _456_/RESET_B (sky130_fd_sc_hd__dfrtp_1)
                                              6.209105   data arrival time

                                 25.000000   25.000000   clock clk (rise edge)
                                  0.000000   25.000000   clock source latency
     2    0.019493    0.146390    0.099895   25.099894 ^ clk (in)
                                                         clk (net)
                      0.146398    0.000000   25.099894 ^ clkbuf_0_clk/A (sky130_fd_sc_hd__clkbuf_16)
    17    0.104516    0.183270    0.351976   25.451870 ^ clkbuf_0_clk/X (sky130_fd_sc_hd__clkbuf_16)
                                                         clknet_0_clk (net)
                      0.183586    0.005111   25.456982 ^ clkbuf_3_5__f_clk/A (sky130_fd_sc_hd__clkbuf_16)
    10    0.034174    0.086300    0.293035   25.750015 ^ clkbuf_3_5__f_clk/X (sky130_fd_sc_hd__clkbuf_16)
                                                         clknet_3_5__leaf_clk (net)
                      0.086363    0.002085   25.752102 ^ _456_/CLK (sky130_fd_sc_hd__dfrtp_1)
                                 -0.250000   25.502102   clock uncertainty
                                  0.000000   25.502102   clock reconvergence pessimism
                                  0.405112   25.907215   library recovery time
                                             25.907215   data required time
---------------------------------------------------------------------------------------------
                                             25.907215   data required time
                                             -6.209105   data arrival time
---------------------------------------------------------------------------------------------
                                             19.698111   slack (MET)


Startpoint: en (input port clocked by clk)
Endpoint: _459_ (recovery check against rising-edge clock clk)
Path Group: asynchronous
Path Type: max

Fanout         Cap        Slew       Delay        Time   Description
---------------------------------------------------------------------------------------------
                                  0.000000    0.000000   clock clk (rise edge)
                                  0.000000    0.000000   clock network delay (propagated)
                                  5.000000    5.000000 ^ input external delay
     2    0.004691    0.045077    0.025794    5.025795 ^ en (in)
                                                         en (net)
                      0.045078    0.000000    5.025795 ^ input1/A (sky130_fd_sc_hd__clkbuf_1)
     1    0.001877    0.057007    0.126633    5.152428 ^ input1/X (sky130_fd_sc_hd__clkbuf_1)
                                                         net1 (net)
                      0.057007    0.000085    5.152513 ^ _270_/B (sky130_fd_sc_hd__and2_1)
     1    0.003920    0.093971    0.234981    5.387494 ^ _270_/X (sky130_fd_sc_hd__and2_1)
                                                         TOP.n_rst (net)
                      0.093971    0.000254    5.387748 ^ fanout42/A (sky130_fd_sc_hd__clkbuf_2)
    11    0.038999    0.333174    0.389114    5.776862 ^ fanout42/X (sky130_fd_sc_hd__clkbuf_2)
                                                         net42 (net)
                      0.333263    0.004496    5.781358 ^ fanout39/A (sky130_fd_sc_hd__clkbuf_2)
     6    0.027387    0.240023    0.425906    6.207264 ^ fanout39/X (sky130_fd_sc_hd__clkbuf_2)
                                                         net39 (net)
                      0.240032    0.001781    6.209045 ^ _459_/RESET_B (sky130_fd_sc_hd__dfrtp_1)
                                              6.209045   data arrival time

                                 25.000000   25.000000   clock clk (rise edge)
                                  0.000000   25.000000   clock source latency
     2    0.019493    0.146390    0.099895   25.099894 ^ clk (in)
                                                         clk (net)
                      0.146398    0.000000   25.099894 ^ clkbuf_0_clk/A (sky130_fd_sc_hd__clkbuf_16)
    17    0.104516    0.183270    0.351976   25.451870 ^ clkbuf_0_clk/X (sky130_fd_sc_hd__clkbuf_16)
                                                         clknet_0_clk (net)
                      0.183586    0.005111   25.456982 ^ clkbuf_3_5__f_clk/A (sky130_fd_sc_hd__clkbuf_16)
    10    0.034174    0.086300    0.293035   25.750015 ^ clkbuf_3_5__f_clk/X (sky130_fd_sc_hd__clkbuf_16)
                                                         clknet_3_5__leaf_clk (net)
                      0.086365    0.002116   25.752132 ^ _459_/CLK (sky130_fd_sc_hd__dfrtp_1)
                                 -0.250000   25.502132   clock uncertainty
                                  0.000000   25.502132   clock reconvergence pessimism
                                  0.405113   25.907246   library recovery time
                                             25.907246   data required time
---------------------------------------------------------------------------------------------
                                             25.907246   data required time
                                             -6.209045   data arrival time
---------------------------------------------------------------------------------------------
                                             19.698198   slack (MET)


Startpoint: en (input port clocked by clk)
Endpoint: _460_ (recovery check against rising-edge clock clk)
Path Group: asynchronous
Path Type: max

Fanout         Cap        Slew       Delay        Time   Description
---------------------------------------------------------------------------------------------
                                  0.000000    0.000000   clock clk (rise edge)
                                  0.000000    0.000000   clock network delay (propagated)
                                  5.000000    5.000000 ^ input external delay
     2    0.004691    0.045077    0.025794    5.025795 ^ en (in)
                                                         en (net)
                      0.045078    0.000000    5.025795 ^ input1/A (sky130_fd_sc_hd__clkbuf_1)
     1    0.001877    0.057007    0.126633    5.152428 ^ input1/X (sky130_fd_sc_hd__clkbuf_1)
                                                         net1 (net)
                      0.057007    0.000085    5.152513 ^ _270_/B (sky130_fd_sc_hd__and2_1)
     1    0.003920    0.093971    0.234981    5.387494 ^ _270_/X (sky130_fd_sc_hd__and2_1)
                                                         TOP.n_rst (net)
                      0.093971    0.000254    5.387748 ^ fanout42/A (sky130_fd_sc_hd__clkbuf_2)
    11    0.038999    0.333174    0.389114    5.776862 ^ fanout42/X (sky130_fd_sc_hd__clkbuf_2)
                                                         net42 (net)
                      0.333263    0.004496    5.781358 ^ fanout39/A (sky130_fd_sc_hd__clkbuf_2)
     6    0.027387    0.240023    0.425906    6.207264 ^ fanout39/X (sky130_fd_sc_hd__clkbuf_2)
                                                         net39 (net)
                      0.240028    0.001446    6.208710 ^ _460_/RESET_B (sky130_fd_sc_hd__dfrtp_1)
                                              6.208710   data arrival time

                                 25.000000   25.000000   clock clk (rise edge)
                                  0.000000   25.000000   clock source latency
     2    0.019493    0.146390    0.099895   25.099894 ^ clk (in)
                                                         clk (net)
                      0.146398    0.000000   25.099894 ^ clkbuf_0_clk/A (sky130_fd_sc_hd__clkbuf_16)
    17    0.104516    0.183270    0.351976   25.451870 ^ clkbuf_0_clk/X (sky130_fd_sc_hd__clkbuf_16)
                                                         clknet_0_clk (net)
                      0.183586    0.005111   25.456982 ^ clkbuf_3_5__f_clk/A (sky130_fd_sc_hd__clkbuf_16)
    10    0.034174    0.086300    0.293035   25.750015 ^ clkbuf_3_5__f_clk/X (sky130_fd_sc_hd__clkbuf_16)
                                                         clknet_3_5__leaf_clk (net)
                      0.086361    0.002057   25.752073 ^ _460_/CLK (sky130_fd_sc_hd__dfrtp_1)
                                 -0.250000   25.502073   clock uncertainty
                                  0.000000   25.502073   clock reconvergence pessimism
                                  0.405113   25.907188   library recovery time
                                             25.907188   data required time
---------------------------------------------------------------------------------------------
                                             25.907188   data required time
                                             -6.208710   data arrival time
---------------------------------------------------------------------------------------------
                                             19.698479   slack (MET)


Startpoint: en (input port clocked by clk)
Endpoint: _461_ (recovery check against rising-edge clock clk)
Path Group: asynchronous
Path Type: max

Fanout         Cap        Slew       Delay        Time   Description
---------------------------------------------------------------------------------------------
                                  0.000000    0.000000   clock clk (rise edge)
                                  0.000000    0.000000   clock network delay (propagated)
                                  5.000000    5.000000 ^ input external delay
     2    0.004691    0.045077    0.025794    5.025795 ^ en (in)
                                                         en (net)
                      0.045078    0.000000    5.025795 ^ input1/A (sky130_fd_sc_hd__clkbuf_1)
     1    0.001877    0.057007    0.126633    5.152428 ^ input1/X (sky130_fd_sc_hd__clkbuf_1)
                                                         net1 (net)
                      0.057007    0.000085    5.152513 ^ _270_/B (sky130_fd_sc_hd__and2_1)
     1    0.003920    0.093971    0.234981    5.387494 ^ _270_/X (sky130_fd_sc_hd__and2_1)
                                                         TOP.n_rst (net)
                      0.093971    0.000254    5.387748 ^ fanout42/A (sky130_fd_sc_hd__clkbuf_2)
    11    0.038999    0.333174    0.389114    5.776862 ^ fanout42/X (sky130_fd_sc_hd__clkbuf_2)
                                                         net42 (net)
                      0.333263    0.004496    5.781358 ^ fanout39/A (sky130_fd_sc_hd__clkbuf_2)
     6    0.027387    0.240023    0.425906    6.207264 ^ fanout39/X (sky130_fd_sc_hd__clkbuf_2)
                                                         net39 (net)
                      0.240023    0.000673    6.207937 ^ _461_/RESET_B (sky130_fd_sc_hd__dfrtp_1)
                                              6.207937   data arrival time

                                 25.000000   25.000000   clock clk (rise edge)
                                  0.000000   25.000000   clock source latency
     2    0.019493    0.146390    0.099895   25.099894 ^ clk (in)
                                                         clk (net)
                      0.146398    0.000000   25.099894 ^ clkbuf_0_clk/A (sky130_fd_sc_hd__clkbuf_16)
    17    0.104516    0.183270    0.351976   25.451870 ^ clkbuf_0_clk/X (sky130_fd_sc_hd__clkbuf_16)
                                                         clknet_0_clk (net)
                      0.183586    0.005111   25.456982 ^ clkbuf_3_5__f_clk/A (sky130_fd_sc_hd__clkbuf_16)
    10    0.034174    0.086300    0.293035   25.750015 ^ clkbuf_3_5__f_clk/X (sky130_fd_sc_hd__clkbuf_16)
                                                         clknet_3_5__leaf_clk (net)
                      0.086329    0.001513   25.751530 ^ _461_/CLK (sky130_fd_sc_hd__dfrtp_1)
                                 -0.250000   25.501530   clock uncertainty
                                  0.000000   25.501530   clock reconvergence pessimism
                                  0.405104   25.906633   library recovery time
                                             25.906633   data required time
---------------------------------------------------------------------------------------------
                                             25.906633   data required time
                                             -6.207937   data arrival time
---------------------------------------------------------------------------------------------
                                             19.698696   slack (MET)


Startpoint: _438_ (rising edge-triggered flip-flop clocked by clk)
Endpoint: _446_ (rising edge-triggered flip-flop clocked by clk)
Path Group: clk
Path Type: max

Fanout         Cap        Slew       Delay        Time   Description
---------------------------------------------------------------------------------------------
                                  0.000000    0.000000   clock clk (rise edge)
                                  0.000000    0.000000   clock source latency
     2    0.019493    0.146390    0.099894    0.099894 ^ clk (in)
                                                         clk (net)
                      0.146398    0.000000    0.099894 ^ clkbuf_0_clk/A (sky130_fd_sc_hd__clkbuf_16)
    17    0.104516    0.183270    0.351977    0.451871 ^ clkbuf_0_clk/X (sky130_fd_sc_hd__clkbuf_16)
                                                         clknet_0_clk (net)
                      0.183690    0.006197    0.458069 ^ clkbuf_3_1__f_clk/A (sky130_fd_sc_hd__clkbuf_16)
    12    0.042726    0.097318    0.304699    0.762768 ^ clkbuf_3_1__f_clk/X (sky130_fd_sc_hd__clkbuf_16)
                                                         clknet_3_1__leaf_clk (net)
                      0.097517    0.002994    0.765762 ^ _438_/CLK (sky130_fd_sc_hd__dfstp_1)
     4    0.022781    0.337743    1.280281    2.046043 ^ _438_/Q (sky130_fd_sc_hd__dfstp_1)
                                                         TOP.top_rng_inst.display.datas[1] (net)
                      0.337743    0.001345    2.047388 ^ fanout25/A (sky130_fd_sc_hd__buf_2)
    10    0.041207    0.324764    0.495104    2.542492 ^ fanout25/X (sky130_fd_sc_hd__buf_2)
                                                         net25 (net)
                      0.324764    0.001258    2.543750 ^ _318_/S0 (sky130_fd_sc_hd__mux4_1)
     2    0.009335    0.228729    1.416465    3.960214 v _318_/X (sky130_fd_sc_hd__mux4_1)
                                                         _126_ (net)
                      0.229001    0.000508    3.960722 v _347_/A3 (sky130_fd_sc_hd__a32o_1)
     1    0.007637    0.110952    0.571445    4.532167 v _347_/X (sky130_fd_sc_hd__a32o_1)
                                                         _151_ (net)
                      0.110953    0.000587    4.532754 v _348_/B (sky130_fd_sc_hd__xor2_1)
     1    0.002787    0.097775    0.277732    4.810486 v _348_/X (sky130_fd_sc_hd__xor2_1)
                                                         _152_ (net)
                      0.097775    0.000111    4.810597 v _349_/A1 (sky130_fd_sc_hd__mux2_1)
     1    0.002882    0.110886    0.661528    5.472126 v _349_/X (sky130_fd_sc_hd__mux2_1)
                                                         _014_ (net)
                      0.110886    0.000179    5.472304 v _446_/D (sky130_fd_sc_hd__dfrtp_1)
                                              5.472304   data arrival time

                                 25.000000   25.000000   clock clk (rise edge)
                                  0.000000   25.000000   clock source latency
     2    0.019493    0.146390    0.099895   25.099894 ^ clk (in)
                                                         clk (net)
                      0.146398    0.000000   25.099894 ^ clkbuf_0_clk/A (sky130_fd_sc_hd__clkbuf_16)
    17    0.104516    0.183270    0.351976   25.451870 ^ clkbuf_0_clk/X (sky130_fd_sc_hd__clkbuf_16)
                                                         clknet_0_clk (net)
                      0.183654    0.005848   25.457718 ^ clkbuf_3_0__f_clk/A (sky130_fd_sc_hd__clkbuf_16)
     9    0.029795    0.080186    0.287008   25.744726 ^ clkbuf_3_0__f_clk/X (sky130_fd_sc_hd__clkbuf_16)
                                                         clknet_3_0__leaf_clk (net)
                      0.080231    0.001704   25.746429 ^ _446_/CLK (sky130_fd_sc_hd__dfrtp_1)
                                 -0.250000   25.496431   clock uncertainty
                                  0.000000   25.496431   clock reconvergence pessimism
                                 -0.290886   25.205545   library setup time
                                             25.205545   data required time
---------------------------------------------------------------------------------------------
                                             25.205545   data required time
                                             -5.472304   data arrival time
---------------------------------------------------------------------------------------------
                                             19.733240   slack (MET)


Startpoint: _438_ (rising edge-triggered flip-flop clocked by clk)
Endpoint: _450_ (rising edge-triggered flip-flop clocked by clk)
Path Group: clk
Path Type: max

Fanout         Cap        Slew       Delay        Time   Description
---------------------------------------------------------------------------------------------
                                  0.000000    0.000000   clock clk (rise edge)
                                  0.000000    0.000000   clock source latency
     2    0.019493    0.146390    0.099894    0.099894 ^ clk (in)
                                                         clk (net)
                      0.146398    0.000000    0.099894 ^ clkbuf_0_clk/A (sky130_fd_sc_hd__clkbuf_16)
    17    0.104516    0.183270    0.351977    0.451871 ^ clkbuf_0_clk/X (sky130_fd_sc_hd__clkbuf_16)
                                                         clknet_0_clk (net)
                      0.183690    0.006197    0.458069 ^ clkbuf_3_1__f_clk/A (sky130_fd_sc_hd__clkbuf_16)
    12    0.042726    0.097318    0.304699    0.762768 ^ clkbuf_3_1__f_clk/X (sky130_fd_sc_hd__clkbuf_16)
                                                         clknet_3_1__leaf_clk (net)
                      0.097517    0.002994    0.765762 ^ _438_/CLK (sky130_fd_sc_hd__dfstp_1)
     4    0.022781    0.337743    1.280281    2.046043 ^ _438_/Q (sky130_fd_sc_hd__dfstp_1)
                                                         TOP.top_rng_inst.display.datas[1] (net)
                      0.337743    0.001345    2.047388 ^ fanout25/A (sky130_fd_sc_hd__buf_2)
    10    0.041207    0.324764    0.495104    2.542492 ^ fanout25/X (sky130_fd_sc_hd__buf_2)
                                                         net25 (net)
                      0.324764    0.001258    2.543750 ^ _318_/S0 (sky130_fd_sc_hd__mux4_1)
     2    0.009335    0.228729    1.416465    3.960214 v _318_/X (sky130_fd_sc_hd__mux4_1)
                                                         _126_ (net)
                      0.229001    0.000670    3.960885 v _320_/B (sky130_fd_sc_hd__nand2_1)
     2    0.006110    0.123692    0.208056    4.168941 ^ _320_/Y (sky130_fd_sc_hd__nand2_1)
                                                         _128_ (net)
                      0.123692    0.000394    4.169335 ^ _361_/A2 (sky130_fd_sc_hd__a21o_1)
     1    0.007665    0.123632    0.280285    4.449620 ^ _361_/X (sky130_fd_sc_hd__a21o_1)
                                                         _161_ (net)
                      0.123633    0.000623    4.450243 ^ _362_/B (sky130_fd_sc_hd__xnor2_1)
     1    0.003601    0.102704    0.146660    4.596903 v _362_/Y (sky130_fd_sc_hd__xnor2_1)
                                                         _162_ (net)
                      0.102704    0.000217    4.597120 v _363_/A1 (sky130_fd_sc_hd__mux2_1)
     1    0.002819    0.110366    0.662368    5.259489 v _363_/X (sky130_fd_sc_hd__mux2_1)
                                                         _018_ (net)
                      0.110366    0.000205    5.259694 v _450_/D (sky130_fd_sc_hd__dfrtp_1)
                                              5.259694   data arrival time

                                 25.000000   25.000000   clock clk (rise edge)
                                  0.000000   25.000000   clock source latency
     2    0.019493    0.146390    0.099895   25.099894 ^ clk (in)
                                                         clk (net)
                      0.146398    0.000000   25.099894 ^ clkbuf_0_clk/A (sky130_fd_sc_hd__clkbuf_16)
    17    0.104516    0.183270    0.351976   25.451870 ^ clkbuf_0_clk/X (sky130_fd_sc_hd__clkbuf_16)
                                                         clknet_0_clk (net)
                      0.183892    0.007862   25.459732 ^ clkbuf_3_6__f_clk/A (sky130_fd_sc_hd__clkbuf_16)
     9    0.032624    0.084096    0.291111   25.750843 ^ clkbuf_3_6__f_clk/X (sky130_fd_sc_hd__clkbuf_16)
                                                         clknet_3_6__leaf_clk (net)
                      0.084134    0.001641   25.752485 ^ _450_/CLK (sky130_fd_sc_hd__dfrtp_1)
                                 -0.250000   25.502485   clock uncertainty
                                  0.000000   25.502485   clock reconvergence pessimism
                                 -0.289628   25.212858   library setup time
                                             25.212858   data required time
---------------------------------------------------------------------------------------------
                                             25.212858   data required time
                                             -5.259694   data arrival time
---------------------------------------------------------------------------------------------
                                             19.953165   slack (MET)


Startpoint: _438_ (rising edge-triggered flip-flop clocked by clk)
Endpoint: _442_ (rising edge-triggered flip-flop clocked by clk)
Path Group: clk
Path Type: max

Fanout         Cap        Slew       Delay        Time   Description
---------------------------------------------------------------------------------------------
                                  0.000000    0.000000   clock clk (rise edge)
                                  0.000000    0.000000   clock source latency
     2    0.019493    0.146390    0.099894    0.099894 ^ clk (in)
                                                         clk (net)
                      0.146398    0.000000    0.099894 ^ clkbuf_0_clk/A (sky130_fd_sc_hd__clkbuf_16)
    17    0.104516    0.183270    0.351977    0.451871 ^ clkbuf_0_clk/X (sky130_fd_sc_hd__clkbuf_16)
                                                         clknet_0_clk (net)
                      0.183690    0.006197    0.458069 ^ clkbuf_3_1__f_clk/A (sky130_fd_sc_hd__clkbuf_16)
    12    0.042726    0.097318    0.304699    0.762768 ^ clkbuf_3_1__f_clk/X (sky130_fd_sc_hd__clkbuf_16)
                                                         clknet_3_1__leaf_clk (net)
                      0.097517    0.002994    0.765762 ^ _438_/CLK (sky130_fd_sc_hd__dfstp_1)
     4    0.022781    0.337743    1.280281    2.046043 ^ _438_/Q (sky130_fd_sc_hd__dfstp_1)
                                                         TOP.top_rng_inst.display.datas[1] (net)
                      0.337743    0.001345    2.047388 ^ fanout25/A (sky130_fd_sc_hd__buf_2)
    10    0.041207    0.324764    0.495104    2.542492 ^ fanout25/X (sky130_fd_sc_hd__buf_2)
                                                         net25 (net)
                      0.324764    0.001258    2.543750 ^ _318_/S0 (sky130_fd_sc_hd__mux4_1)
     2    0.009335    0.228729    1.416465    3.960214 v _318_/X (sky130_fd_sc_hd__mux4_1)
                                                         _126_ (net)
                      0.229001    0.000670    3.960885 v _320_/B (sky130_fd_sc_hd__nand2_1)
     2    0.006110    0.123692    0.208056    4.168941 ^ _320_/Y (sky130_fd_sc_hd__nand2_1)
                                                         _128_ (net)
                      0.123692    0.000387    4.169328 ^ _321_/A2 (sky130_fd_sc_hd__a21bo_1)
     1    0.006613    0.107714    0.263324    4.432652 ^ _321_/X (sky130_fd_sc_hd__a21bo_1)
                                                         _129_ (net)
                      0.107714    0.000326    4.432978 ^ _323_/A (sky130_fd_sc_hd__xnor2_1)
     1    0.002745    0.090403    0.148066    4.581043 v _323_/Y (sky130_fd_sc_hd__xnor2_1)
                                                         _131_ (net)
                      0.090403    0.000204    4.581247 v _324_/A1 (sky130_fd_sc_hd__mux2_1)
     1    0.002245    0.104742    0.647529    5.228776 v _324_/X (sky130_fd_sc_hd__mux2_1)
                                                         _010_ (net)
                      0.104742    0.000161    5.228938 v _442_/D (sky130_fd_sc_hd__dfrtp_1)
                                              5.228938   data arrival time

                                 25.000000   25.000000   clock clk (rise edge)
                                  0.000000   25.000000   clock source latency
     2    0.019493    0.146390    0.099895   25.099894 ^ clk (in)
                                                         clk (net)
                      0.146398    0.000000   25.099894 ^ clkbuf_0_clk/A (sky130_fd_sc_hd__clkbuf_16)
    17    0.104516    0.183270    0.351976   25.451870 ^ clkbuf_0_clk/X (sky130_fd_sc_hd__clkbuf_16)
                                                         clknet_0_clk (net)
                      0.183586    0.005111   25.456982 ^ clkbuf_3_5__f_clk/A (sky130_fd_sc_hd__clkbuf_16)
    10    0.034174    0.086300    0.293035   25.750015 ^ clkbuf_3_5__f_clk/X (sky130_fd_sc_hd__clkbuf_16)
                                                         clknet_3_5__leaf_clk (net)
                      0.086339    0.001714   25.751730 ^ _442_/CLK (sky130_fd_sc_hd__dfrtp_1)
                                 -0.250000   25.501732   clock uncertainty
                                  0.000000   25.501732   clock reconvergence pessimism
                                 -0.286695   25.215036   library setup time
                                             25.215036   data required time
---------------------------------------------------------------------------------------------
                                             25.215036   data required time
                                             -5.228938   data arrival time
---------------------------------------------------------------------------------------------
                                             19.986099   slack (MET)


Startpoint: _437_ (rising edge-triggered flip-flop clocked by clk)
Endpoint: _452_ (rising edge-triggered flip-flop clocked by clk)
Path Group: clk
Path Type: max

Fanout         Cap        Slew       Delay        Time   Description
---------------------------------------------------------------------------------------------
                                  0.000000    0.000000   clock clk (rise edge)
                                  0.000000    0.000000   clock source latency
     2    0.019493    0.146390    0.099894    0.099894 ^ clk (in)
                                                         clk (net)
                      0.146398    0.000000    0.099894 ^ clkbuf_0_clk/A (sky130_fd_sc_hd__clkbuf_16)
    17    0.104516    0.183270    0.351977    0.451871 ^ clkbuf_0_clk/X (sky130_fd_sc_hd__clkbuf_16)
                                                         clknet_0_clk (net)
                      0.183584    0.005092    0.456964 ^ clkbuf_3_4__f_clk/A (sky130_fd_sc_hd__clkbuf_16)
     7    0.032306    0.083695    0.290323    0.747286 ^ clkbuf_3_4__f_clk/X (sky130_fd_sc_hd__clkbuf_16)
                                                         clknet_3_4__leaf_clk (net)
                      0.083760    0.002068    0.749355 ^ _437_/CLK (sky130_fd_sc_hd__dfstp_1)
     1    0.002777    0.078133    1.068684    1.818039 ^ _437_/Q (sky130_fd_sc_hd__dfstp_1)
                                                         TOP.top_rng_inst.display.datas[0] (net)
                      0.078133    0.000175    1.818214 ^ fanout27/A (sky130_fd_sc_hd__buf_2)
     7    0.037264    0.294775    0.361680    2.179894 ^ fanout27/X (sky130_fd_sc_hd__buf_2)
                                                         net27 (net)
                      0.294897    0.002620    2.182513 ^ fanout26/A (sky130_fd_sc_hd__buf_2)
    10    0.036646    0.290583    0.455113    2.637627 ^ fanout26/X (sky130_fd_sc_hd__buf_2)
                                                         net26 (net)
                      0.290591    0.001927    2.639553 ^ _317_/S (sky130_fd_sc_hd__mux2_1)
     2    0.006403    0.121653    0.364294    3.003848 ^ _317_/X (sky130_fd_sc_hd__mux2_1)
                                                         _125_ (net)
                      0.121653    0.000326    3.004174 ^ _334_/C_N (sky130_fd_sc_hd__or3b_1)
     2    0.006389    0.174923    0.868309    3.872483 v _334_/X (sky130_fd_sc_hd__or3b_1)
                                                         _140_ (net)
                      0.174923    0.000422    3.872906 v _368_/A2 (sky130_fd_sc_hd__a21o_1)
     1    0.011462    0.128957    0.428620    4.301526 v _368_/X (sky130_fd_sc_hd__a21o_1)
                                                         _166_ (net)
                      0.128962    0.000942    4.302467 v _369_/B (sky130_fd_sc_hd__xnor2_1)
     1    0.003394    0.102329    0.236720    4.539187 v _369_/Y (sky130_fd_sc_hd__xnor2_1)
                                                         _167_ (net)
                      0.102329    0.000243    4.539431 v _370_/A1 (sky130_fd_sc_hd__mux2_1)
     1    0.002566    0.107694    0.657837    5.197268 v _370_/X (sky130_fd_sc_hd__mux2_1)
                                                         _020_ (net)
                      0.107694    0.000175    5.197443 v _452_/D (sky130_fd_sc_hd__dfrtp_1)
                                              5.197443   data arrival time

                                 25.000000   25.000000   clock clk (rise edge)
                                  0.000000   25.000000   clock source latency
     2    0.019493    0.146390    0.099895   25.099894 ^ clk (in)
                                                         clk (net)
                      0.146398    0.000000   25.099894 ^ clkbuf_0_clk/A (sky130_fd_sc_hd__clkbuf_16)
    17    0.104516    0.183270    0.351976   25.451870 ^ clkbuf_0_clk/X (sky130_fd_sc_hd__clkbuf_16)
                                                         clknet_0_clk (net)
                      0.183586    0.005111   25.456982 ^ clkbuf_3_5__f_clk/A (sky130_fd_sc_hd__clkbuf_16)
    10    0.034174    0.086300    0.293035   25.750015 ^ clkbuf_3_5__f_clk/X (sky130_fd_sc_hd__clkbuf_16)
                                                         clknet_3_5__leaf_clk (net)
                      0.086333    0.001592   25.751608 ^ _452_/CLK (sky130_fd_sc_hd__dfrtp_1)
                                 -0.250000   25.501608   clock uncertainty
                                  0.000000   25.501608   clock reconvergence pessimism
                                 -0.287928   25.213680   library setup time
                                             25.213680   data required time
---------------------------------------------------------------------------------------------
                                             25.213680   data required time
                                             -5.197443   data arrival time
---------------------------------------------------------------------------------------------
                                             20.016237   slack (MET)


Startpoint: _437_ (rising edge-triggered flip-flop clocked by clk)
Endpoint: _447_ (rising edge-triggered flip-flop clocked by clk)
Path Group: clk
Path Type: max

Fanout         Cap        Slew       Delay        Time   Description
---------------------------------------------------------------------------------------------
                                  0.000000    0.000000   clock clk (rise edge)
                                  0.000000    0.000000   clock source latency
     2    0.019493    0.146390    0.099894    0.099894 ^ clk (in)
                                                         clk (net)
                      0.146398    0.000000    0.099894 ^ clkbuf_0_clk/A (sky130_fd_sc_hd__clkbuf_16)
    17    0.104516    0.183270    0.351977    0.451871 ^ clkbuf_0_clk/X (sky130_fd_sc_hd__clkbuf_16)
                                                         clknet_0_clk (net)
                      0.183584    0.005092    0.456964 ^ clkbuf_3_4__f_clk/A (sky130_fd_sc_hd__clkbuf_16)
     7    0.032306    0.083695    0.290323    0.747286 ^ clkbuf_3_4__f_clk/X (sky130_fd_sc_hd__clkbuf_16)
                                                         clknet_3_4__leaf_clk (net)
                      0.083760    0.002068    0.749355 ^ _437_/CLK (sky130_fd_sc_hd__dfstp_1)
     1    0.002777    0.078133    1.068684    1.818039 ^ _437_/Q (sky130_fd_sc_hd__dfstp_1)
                                                         TOP.top_rng_inst.display.datas[0] (net)
                      0.078133    0.000175    1.818214 ^ fanout27/A (sky130_fd_sc_hd__buf_2)
     7    0.037264    0.294775    0.361680    2.179894 ^ fanout27/X (sky130_fd_sc_hd__buf_2)
                                                         net27 (net)
                      0.294897    0.002620    2.182513 ^ fanout26/A (sky130_fd_sc_hd__buf_2)
    10    0.036646    0.290583    0.455113    2.637627 ^ fanout26/X (sky130_fd_sc_hd__buf_2)
                                                         net26 (net)
                      0.290591    0.001863    2.639489 ^ _296_/S (sky130_fd_sc_hd__mux2_1)
     2    0.007056    0.150506    0.831914    3.471403 v _296_/X (sky130_fd_sc_hd__mux2_1)
                                                         _107_ (net)
                      0.150506    0.000351    3.471755 v _298_/A2_N (sky130_fd_sc_hd__o2bb2a_1)
     2    0.008266    0.153702    0.537118    4.008873 ^ _298_/X (sky130_fd_sc_hd__o2bb2a_1)
                                                         _109_ (net)
                      0.153702    0.000507    4.009379 ^ _350_/A2 (sky130_fd_sc_hd__o32a_1)
     1    0.006017    0.130527    0.353817    4.363196 ^ _350_/X (sky130_fd_sc_hd__o32a_1)
                                                         _153_ (net)
                      0.130527    0.000473    4.363668 ^ _351_/B (sky130_fd_sc_hd__xnor2_1)
     1    0.002925    0.093369    0.140942    4.504611 v _351_/Y (sky130_fd_sc_hd__xnor2_1)
                                                         _154_ (net)
                      0.093369    0.000181    4.504791 v _352_/A1 (sky130_fd_sc_hd__mux2_1)
     1    0.002863    0.110693    0.659468    5.164260 v _352_/X (sky130_fd_sc_hd__mux2_1)
                                                         _015_ (net)
                      0.110693    0.000119    5.164379 v _447_/D (sky130_fd_sc_hd__dfrtp_1)
                                              5.164379   data arrival time

                                 25.000000   25.000000   clock clk (rise edge)
                                  0.000000   25.000000   clock source latency
     2    0.019493    0.146390    0.099895   25.099894 ^ clk (in)
                                                         clk (net)
                      0.146398    0.000000   25.099894 ^ clkbuf_0_clk/A (sky130_fd_sc_hd__clkbuf_16)
    17    0.104516    0.183270    0.351976   25.451870 ^ clkbuf_0_clk/X (sky130_fd_sc_hd__clkbuf_16)
                                                         clknet_0_clk (net)
                      0.183654    0.005848   25.457718 ^ clkbuf_3_0__f_clk/A (sky130_fd_sc_hd__clkbuf_16)
     9    0.029795    0.080186    0.287008   25.744726 ^ clkbuf_3_0__f_clk/X (sky130_fd_sc_hd__clkbuf_16)
                                                         clknet_3_0__leaf_clk (net)
                      0.080230    0.001680   25.746407 ^ _447_/CLK (sky130_fd_sc_hd__dfrtp_1)
                                 -0.250000   25.496407   clock uncertainty
                                  0.000000   25.496407   clock reconvergence pessimism
                                 -0.290806   25.205603   library setup time
                                             25.205603   data required time
---------------------------------------------------------------------------------------------
                                             25.205603   data required time
                                             -5.164379   data arrival time
---------------------------------------------------------------------------------------------
                                             20.041224   slack (MET)


Startpoint: _437_ (rising edge-triggered flip-flop clocked by clk)
Endpoint: _444_ (rising edge-triggered flip-flop clocked by clk)
Path Group: clk
Path Type: max

Fanout         Cap        Slew       Delay        Time   Description
---------------------------------------------------------------------------------------------
                                  0.000000    0.000000   clock clk (rise edge)
                                  0.000000    0.000000   clock source latency
     2    0.019493    0.146390    0.099894    0.099894 ^ clk (in)
                                                         clk (net)
                      0.146398    0.000000    0.099894 ^ clkbuf_0_clk/A (sky130_fd_sc_hd__clkbuf_16)
    17    0.104516    0.183270    0.351977    0.451871 ^ clkbuf_0_clk/X (sky130_fd_sc_hd__clkbuf_16)
                                                         clknet_0_clk (net)
                      0.183584    0.005092    0.456964 ^ clkbuf_3_4__f_clk/A (sky130_fd_sc_hd__clkbuf_16)
     7    0.032306    0.083695    0.290323    0.747286 ^ clkbuf_3_4__f_clk/X (sky130_fd_sc_hd__clkbuf_16)
                                                         clknet_3_4__leaf_clk (net)
                      0.083760    0.002068    0.749355 ^ _437_/CLK (sky130_fd_sc_hd__dfstp_1)
     1    0.002777    0.078133    1.068684    1.818039 ^ _437_/Q (sky130_fd_sc_hd__dfstp_1)
                                                         TOP.top_rng_inst.display.datas[0] (net)
                      0.078133    0.000175    1.818214 ^ fanout27/A (sky130_fd_sc_hd__buf_2)
     7    0.037264    0.294775    0.361680    2.179894 ^ fanout27/X (sky130_fd_sc_hd__buf_2)
                                                         net27 (net)
                      0.294897    0.002620    2.182513 ^ fanout26/A (sky130_fd_sc_hd__buf_2)
    10    0.036646    0.290583    0.455113    2.637627 ^ fanout26/X (sky130_fd_sc_hd__buf_2)
                                                         net26 (net)
                      0.290591    0.001927    2.639553 ^ _317_/S (sky130_fd_sc_hd__mux2_1)
     2    0.006403    0.121653    0.364294    3.003848 ^ _317_/X (sky130_fd_sc_hd__mux2_1)
                                                         _125_ (net)
                      0.121653    0.000326    3.004174 ^ _334_/C_N (sky130_fd_sc_hd__or3b_1)
     2    0.006389    0.174923    0.868309    3.872483 v _334_/X (sky130_fd_sc_hd__or3b_1)
                                                         _140_ (net)
                      0.174923    0.000402    3.872885 v _335_/A2 (sky130_fd_sc_hd__a21bo_1)
     1    0.005938    0.087282    0.408177    4.281063 v _335_/X (sky130_fd_sc_hd__a21bo_1)
                                                         _141_ (net)
                      0.087283    0.000439    4.281502 v _336_/B (sky130_fd_sc_hd__xnor2_1)
     1    0.002793    0.090949    0.209667    4.491168 v _336_/Y (sky130_fd_sc_hd__xnor2_1)
                                                         _142_ (net)
                      0.090949    0.000177    4.491345 v _337_/A1 (sky130_fd_sc_hd__mux2_1)
     1    0.002403    0.106194    0.650490    5.141835 v _337_/X (sky130_fd_sc_hd__mux2_1)
                                                         _012_ (net)
                      0.106194    0.000167    5.142002 v _444_/D (sky130_fd_sc_hd__dfrtp_1)
                                              5.142002   data arrival time

                                 25.000000   25.000000   clock clk (rise edge)
                                  0.000000   25.000000   clock source latency
     2    0.019493    0.146390    0.099895   25.099894 ^ clk (in)
                                                         clk (net)
                      0.146398    0.000000   25.099894 ^ clkbuf_0_clk/A (sky130_fd_sc_hd__clkbuf_16)
    17    0.104516    0.183270    0.351976   25.451870 ^ clkbuf_0_clk/X (sky130_fd_sc_hd__clkbuf_16)
                                                         clknet_0_clk (net)
                      0.183897    0.007898   25.459768 ^ clkbuf_3_3__f_clk/A (sky130_fd_sc_hd__clkbuf_16)
     9    0.034005    0.086042    0.292996   25.752764 ^ clkbuf_3_3__f_clk/X (sky130_fd_sc_hd__clkbuf_16)
                                                         clknet_3_3__leaf_clk (net)
                      0.086118    0.002252   25.755016 ^ _444_/CLK (sky130_fd_sc_hd__dfrtp_1)
                                 -0.250000   25.505018   clock uncertainty
                                  0.000000   25.505018   clock reconvergence pessimism
                                 -0.287360   25.217657   library setup time
                                             25.217657   data required time
---------------------------------------------------------------------------------------------
                                             25.217657   data required time
                                             -5.142002   data arrival time
---------------------------------------------------------------------------------------------
                                             20.075655   slack (MET)


Startpoint: gpio_in[1] (input port clocked by clk)
Endpoint: _481_ (rising edge-triggered flip-flop clocked by clk)
Path Group: clk
Path Type: max

Fanout         Cap        Slew       Delay        Time   Description
---------------------------------------------------------------------------------------------
                                  0.000000    0.000000   clock clk (rise edge)
                                  0.000000    0.000000   clock network delay (propagated)
                                  5.000000    5.000000 v input external delay
     2    0.004794    0.026305    0.015550    5.015550 v gpio_in[1] (in)
                                                         gpio_in[1] (net)
                      0.026306    0.000000    5.015550 v input3/A (sky130_fd_sc_hd__clkbuf_1)
     1    0.002194    0.044400    0.134394    5.149945 v input3/X (sky130_fd_sc_hd__clkbuf_1)
                                                         net3 (net)
                      0.044400    0.000157    5.150101 v _481_/D (sky130_fd_sc_hd__dfrtp_1)
                                              5.150101   data arrival time

                                 25.000000   25.000000   clock clk (rise edge)
                                  0.000000   25.000000   clock source latency
     2    0.019493    0.146390    0.099895   25.099894 ^ clk (in)
                                                         clk (net)
                      0.146398    0.000000   25.099894 ^ clkbuf_0_clk/A (sky130_fd_sc_hd__clkbuf_16)
    17    0.104516    0.183270    0.351976   25.451870 ^ clkbuf_0_clk/X (sky130_fd_sc_hd__clkbuf_16)
                                                         clknet_0_clk (net)
                      0.183654    0.005848   25.457718 ^ clkbuf_3_0__f_clk/A (sky130_fd_sc_hd__clkbuf_16)
     9    0.029795    0.080186    0.287008   25.744726 ^ clkbuf_3_0__f_clk/X (sky130_fd_sc_hd__clkbuf_16)
                                                         clknet_3_0__leaf_clk (net)
                      0.080223    0.001563   25.746290 ^ _481_/CLK (sky130_fd_sc_hd__dfrtp_1)
                                 -0.250000   25.496290   clock uncertainty
                                  0.000000   25.496290   clock reconvergence pessimism
                                 -0.263166   25.233126   library setup time
                                             25.233126   data required time
---------------------------------------------------------------------------------------------
                                             25.233126   data required time
                                             -5.150101   data arrival time
---------------------------------------------------------------------------------------------
                                             20.083023   slack (MET)


Startpoint: gpio_in[2] (input port clocked by clk)
Endpoint: _479_ (rising edge-triggered flip-flop clocked by clk)
Path Group: clk
Path Type: max

Fanout         Cap        Slew       Delay        Time   Description
---------------------------------------------------------------------------------------------
                                  0.000000    0.000000   clock clk (rise edge)
                                  0.000000    0.000000   clock network delay (propagated)
                                  5.000000    5.000000 v input external delay
     2    0.003946    0.022926    0.012885    5.012886 v gpio_in[2] (in)
                                                         gpio_in[2] (net)
                      0.022935    0.000000    5.012886 v input4/A (sky130_fd_sc_hd__clkbuf_1)
     1    0.002204    0.044484    0.133089    5.145974 v input4/X (sky130_fd_sc_hd__clkbuf_1)
                                                         net4 (net)
                      0.044484    0.000158    5.146132 v _479_/D (sky130_fd_sc_hd__dfrtp_1)
                                              5.146132   data arrival time

                                 25.000000   25.000000   clock clk (rise edge)
                                  0.000000   25.000000   clock source latency
     2    0.019493    0.146390    0.099895   25.099894 ^ clk (in)
                                                         clk (net)
                      0.146398    0.000000   25.099894 ^ clkbuf_0_clk/A (sky130_fd_sc_hd__clkbuf_16)
    17    0.104516    0.183270    0.351976   25.451870 ^ clkbuf_0_clk/X (sky130_fd_sc_hd__clkbuf_16)
                                                         clknet_0_clk (net)
                      0.183654    0.005848   25.457718 ^ clkbuf_3_0__f_clk/A (sky130_fd_sc_hd__clkbuf_16)
     9    0.029795    0.080186    0.287008   25.744726 ^ clkbuf_3_0__f_clk/X (sky130_fd_sc_hd__clkbuf_16)
                                                         clknet_3_0__leaf_clk (net)
                      0.080219    0.001499   25.746225 ^ _479_/CLK (sky130_fd_sc_hd__dfrtp_1)
                                 -0.250000   25.496225   clock uncertainty
                                  0.000000   25.496225   clock reconvergence pessimism
                                 -0.263201   25.233025   library setup time
                                             25.233025   data required time
---------------------------------------------------------------------------------------------
                                             25.233025   data required time
                                             -5.146132   data arrival time
---------------------------------------------------------------------------------------------
                                             20.086893   slack (MET)


Startpoint: gpio_in[0] (input port clocked by clk)
Endpoint: _483_ (rising edge-triggered flip-flop clocked by clk)
Path Group: clk
Path Type: max

Fanout         Cap        Slew       Delay        Time   Description
---------------------------------------------------------------------------------------------
                                  0.000000    0.000000   clock clk (rise edge)
                                  0.000000    0.000000   clock network delay (propagated)
                                  5.000000    5.000000 v input external delay
     2    0.003697    0.021942    0.012097    5.012097 v gpio_in[0] (in)
                                                         gpio_in[0] (net)
                      0.021943    0.000000    5.012097 v input2/A (sky130_fd_sc_hd__clkbuf_1)
     1    0.002139    0.043853    0.132046    5.144143 v input2/X (sky130_fd_sc_hd__clkbuf_1)
                                                         net2 (net)
                      0.043853    0.000151    5.144294 v _483_/D (sky130_fd_sc_hd__dfrtp_1)
                                              5.144294   data arrival time

                                 25.000000   25.000000   clock clk (rise edge)
                                  0.000000   25.000000   clock source latency
     2    0.019493    0.146390    0.099895   25.099894 ^ clk (in)
                                                         clk (net)
                      0.146398    0.000000   25.099894 ^ clkbuf_0_clk/A (sky130_fd_sc_hd__clkbuf_16)
    17    0.104516    0.183270    0.351976   25.451870 ^ clkbuf_0_clk/X (sky130_fd_sc_hd__clkbuf_16)
                                                         clknet_0_clk (net)
                      0.183690    0.006198   25.458069 ^ clkbuf_3_1__f_clk/A (sky130_fd_sc_hd__clkbuf_16)
    12    0.042726    0.097318    0.304698   25.762768 ^ clkbuf_3_1__f_clk/X (sky130_fd_sc_hd__clkbuf_16)
                                                         clknet_3_1__leaf_clk (net)
                      0.097599    0.003824   25.766592 ^ _483_/CLK (sky130_fd_sc_hd__dfrtp_1)
                                 -0.250000   25.516592   clock uncertainty
                                  0.000000   25.516592   clock reconvergence pessimism
                                 -0.258310   25.258282   library setup time
                                             25.258282   data required time
---------------------------------------------------------------------------------------------
                                             25.258282   data required time
                                             -5.144294   data arrival time
---------------------------------------------------------------------------------------------
                                             20.113987   slack (MET)


Startpoint: gpio_in[3] (input port clocked by clk)
Endpoint: _477_ (rising edge-triggered flip-flop clocked by clk)
Path Group: clk
Path Type: max

Fanout         Cap        Slew       Delay        Time   Description
---------------------------------------------------------------------------------------------
                                  0.000000    0.000000   clock clk (rise edge)
                                  0.000000    0.000000   clock network delay (propagated)
                                  5.000000    5.000000 v input external delay
     2    0.003717    0.022020    0.012160    5.012161 v gpio_in[3] (in)
                                                         gpio_in[3] (net)
                      0.022020    0.000000    5.012161 v input5/A (sky130_fd_sc_hd__clkbuf_1)
     1    0.002129    0.043765    0.131985    5.144145 v input5/X (sky130_fd_sc_hd__clkbuf_1)
                                                         net5 (net)
                      0.043765    0.000154    5.144300 v _477_/D (sky130_fd_sc_hd__dfrtp_1)
                                              5.144300   data arrival time

                                 25.000000   25.000000   clock clk (rise edge)
                                  0.000000   25.000000   clock source latency
     2    0.019493    0.146390    0.099895   25.099894 ^ clk (in)
                                                         clk (net)
                      0.146398    0.000000   25.099894 ^ clkbuf_0_clk/A (sky130_fd_sc_hd__clkbuf_16)
    17    0.104516    0.183270    0.351976   25.451870 ^ clkbuf_0_clk/X (sky130_fd_sc_hd__clkbuf_16)
                                                         clknet_0_clk (net)
                      0.183690    0.006198   25.458069 ^ clkbuf_3_1__f_clk/A (sky130_fd_sc_hd__clkbuf_16)
    12    0.042726    0.097318    0.304698   25.762768 ^ clkbuf_3_1__f_clk/X (sky130_fd_sc_hd__clkbuf_16)
                                                         clknet_3_1__leaf_clk (net)
                      0.097602    0.003849   25.766617 ^ _477_/CLK (sky130_fd_sc_hd__dfrtp_1)
                                 -0.250000   25.516617   clock uncertainty
                                  0.000000   25.516617   clock reconvergence pessimism
                                 -0.258272   25.258345   library setup time
                                             25.258345   data required time
---------------------------------------------------------------------------------------------
                                             25.258345   data required time
                                             -5.144300   data arrival time
---------------------------------------------------------------------------------------------
                                             20.114046   slack (MET)


Startpoint: _437_ (rising edge-triggered flip-flop clocked by clk)
Endpoint: _439_ (rising edge-triggered flip-flop clocked by clk)
Path Group: clk
Path Type: max

Fanout         Cap        Slew       Delay        Time   Description
---------------------------------------------------------------------------------------------
                                  0.000000    0.000000   clock clk (rise edge)
                                  0.000000    0.000000   clock source latency
     2    0.019493    0.146390    0.099894    0.099894 ^ clk (in)
                                                         clk (net)
                      0.146398    0.000000    0.099894 ^ clkbuf_0_clk/A (sky130_fd_sc_hd__clkbuf_16)
    17    0.104516    0.183270    0.351977    0.451871 ^ clkbuf_0_clk/X (sky130_fd_sc_hd__clkbuf_16)
                                                         clknet_0_clk (net)
                      0.183584    0.005092    0.456964 ^ clkbuf_3_4__f_clk/A (sky130_fd_sc_hd__clkbuf_16)
     7    0.032306    0.083695    0.290323    0.747286 ^ clkbuf_3_4__f_clk/X (sky130_fd_sc_hd__clkbuf_16)
                                                         clknet_3_4__leaf_clk (net)
                      0.083760    0.002068    0.749355 ^ _437_/CLK (sky130_fd_sc_hd__dfstp_1)
     1    0.002777    0.078133    1.068684    1.818039 ^ _437_/Q (sky130_fd_sc_hd__dfstp_1)
                                                         TOP.top_rng_inst.display.datas[0] (net)
                      0.078133    0.000175    1.818214 ^ fanout27/A (sky130_fd_sc_hd__buf_2)
     7    0.037264    0.294775    0.361680    2.179894 ^ fanout27/X (sky130_fd_sc_hd__buf_2)
                                                         net27 (net)
                      0.294897    0.002620    2.182513 ^ fanout26/A (sky130_fd_sc_hd__buf_2)
    10    0.036646    0.290583    0.455113    2.637627 ^ fanout26/X (sky130_fd_sc_hd__buf_2)
                                                         net26 (net)
                      0.290591    0.001863    2.639489 ^ _296_/S (sky130_fd_sc_hd__mux2_1)
     2    0.007177    0.131723    0.372304    3.011793 ^ _296_/X (sky130_fd_sc_hd__mux2_1)
                                                         _107_ (net)
                      0.131723    0.000360    3.012153 ^ _298_/A2_N (sky130_fd_sc_hd__o2bb2a_1)
     2    0.007848    0.150664    0.515721    3.527874 v _298_/X (sky130_fd_sc_hd__o2bb2a_1)
                                                         _109_ (net)
                      0.150664    0.000424    3.528298 v _299_/C (sky130_fd_sc_hd__or3_1)
     1    0.005286    0.163252    0.784816    4.313115 v _299_/X (sky130_fd_sc_hd__or3_1)
                                                         _110_ (net)
                      0.163252    0.000380    4.313494 v _301_/A (sky130_fd_sc_hd__xnor2_1)
     1    0.002874    0.092222    0.258242    4.571736 v _301_/Y (sky130_fd_sc_hd__xnor2_1)
                                                         _112_ (net)
                      0.092231    0.000214    4.571950 v _302_/A1 (sky130_fd_sc_hd__mux2_1)
     1    0.002690    0.109198    0.655986    5.227937 v _302_/X (sky130_fd_sc_hd__mux2_1)
                                                         _007_ (net)
                      0.109198    0.000188    5.228125 v _439_/D (sky130_fd_sc_hd__dfstp_1)
                                              5.228125   data arrival time

                                 25.000000   25.000000   clock clk (rise edge)
                                  0.000000   25.000000   clock source latency
     2    0.019493    0.146390    0.099895   25.099894 ^ clk (in)
                                                         clk (net)
                      0.146398    0.000000   25.099894 ^ clkbuf_0_clk/A (sky130_fd_sc_hd__clkbuf_16)
    17    0.104516    0.183270    0.351976   25.451870 ^ clkbuf_0_clk/X (sky130_fd_sc_hd__clkbuf_16)
                                                         clknet_0_clk (net)
                      0.183584    0.005093   25.456963 ^ clkbuf_3_4__f_clk/A (sky130_fd_sc_hd__clkbuf_16)
     7    0.032306    0.083695    0.290322   25.747286 ^ clkbuf_3_4__f_clk/X (sky130_fd_sc_hd__clkbuf_16)
                                                         clknet_3_4__leaf_clk (net)
                      0.083764    0.002117   25.749403 ^ _439_/CLK (sky130_fd_sc_hd__dfstp_1)
                                 -0.250000   25.499405   clock uncertainty
                                  0.000000   25.499405   clock reconvergence pessimism
                                 -0.156274   25.343130   library setup time
                                             25.343130   data required time
---------------------------------------------------------------------------------------------
                                             25.343130   data required time
                                             -5.228125   data arrival time
---------------------------------------------------------------------------------------------
                                             20.115007   slack (MET)


Startpoint: _437_ (rising edge-triggered flip-flop clocked by clk)
Endpoint: _448_ (rising edge-triggered flip-flop clocked by clk)
Path Group: clk
Path Type: max

Fanout         Cap        Slew       Delay        Time   Description
---------------------------------------------------------------------------------------------
                                  0.000000    0.000000   clock clk (rise edge)
                                  0.000000    0.000000   clock source latency
     2    0.019493    0.146390    0.099894    0.099894 ^ clk (in)
                                                         clk (net)
                      0.146398    0.000000    0.099894 ^ clkbuf_0_clk/A (sky130_fd_sc_hd__clkbuf_16)
    17    0.104516    0.183270    0.351977    0.451871 ^ clkbuf_0_clk/X (sky130_fd_sc_hd__clkbuf_16)
                                                         clknet_0_clk (net)
                      0.183584    0.005092    0.456964 ^ clkbuf_3_4__f_clk/A (sky130_fd_sc_hd__clkbuf_16)
     7    0.032306    0.083695    0.290323    0.747286 ^ clkbuf_3_4__f_clk/X (sky130_fd_sc_hd__clkbuf_16)
                                                         clknet_3_4__leaf_clk (net)
                      0.083760    0.002068    0.749355 ^ _437_/CLK (sky130_fd_sc_hd__dfstp_1)
     1    0.002777    0.078133    1.068684    1.818039 ^ _437_/Q (sky130_fd_sc_hd__dfstp_1)
                                                         TOP.top_rng_inst.display.datas[0] (net)
                      0.078133    0.000175    1.818214 ^ fanout27/A (sky130_fd_sc_hd__buf_2)
     7    0.037264    0.294775    0.361680    2.179894 ^ fanout27/X (sky130_fd_sc_hd__buf_2)
                                                         net27 (net)
                      0.294924    0.003505    2.183399 ^ _303_/S0 (sky130_fd_sc_hd__mux4_1)
     2    0.007901    0.211861    1.385033    3.568432 v _303_/X (sky130_fd_sc_hd__mux4_1)
                                                         _113_ (net)
                      0.211861    0.000565    3.568996 v _304_/B (sky130_fd_sc_hd__nand2_1)
     2    0.009995    0.169399    0.239051    3.808048 ^ _304_/Y (sky130_fd_sc_hd__nand2_1)
                                                         _114_ (net)
                      0.169399    0.000388    3.808435 ^ _353_/A1 (sky130_fd_sc_hd__o22a_1)
     1    0.008100    0.147401    0.371159    4.179594 ^ _353_/X (sky130_fd_sc_hd__o22a_1)
                                                         _155_ (net)
                      0.147402    0.000652    4.180246 ^ _355_/A (sky130_fd_sc_hd__xnor2_1)
     1    0.003404    0.099759    0.171665    4.351912 v _355_/Y (sky130_fd_sc_hd__xnor2_1)
                                                         _157_ (net)
                      0.099759    0.000228    4.352140 v _356_/A1 (sky130_fd_sc_hd__mux2_1)
     1    0.002318    0.105610    0.652510    5.004650 v _356_/X (sky130_fd_sc_hd__mux2_1)
                                                         _016_ (net)
                      0.105610    0.000166    5.004816 v _448_/D (sky130_fd_sc_hd__dfrtp_1)
                                              5.004816   data arrival time

                                 25.000000   25.000000   clock clk (rise edge)
                                  0.000000   25.000000   clock source latency
     2    0.019493    0.146390    0.099895   25.099894 ^ clk (in)
                                                         clk (net)
                      0.146398    0.000000   25.099894 ^ clkbuf_0_clk/A (sky130_fd_sc_hd__clkbuf_16)
    17    0.104516    0.183270    0.351976   25.451870 ^ clkbuf_0_clk/X (sky130_fd_sc_hd__clkbuf_16)
                                                         clknet_0_clk (net)
                      0.183586    0.005111   25.456982 ^ clkbuf_3_5__f_clk/A (sky130_fd_sc_hd__clkbuf_16)
    10    0.034174    0.086300    0.293035   25.750015 ^ clkbuf_3_5__f_clk/X (sky130_fd_sc_hd__clkbuf_16)
                                                         clknet_3_5__leaf_clk (net)
                      0.086344    0.001794   25.751810 ^ _448_/CLK (sky130_fd_sc_hd__dfrtp_1)
                                 -0.250000   25.501812   clock uncertainty
                                  0.000000   25.501812   clock reconvergence pessimism
                                 -0.287056   25.214756   library setup time
                                             25.214756   data required time
---------------------------------------------------------------------------------------------
                                             25.214756   data required time
                                             -5.004816   data arrival time
---------------------------------------------------------------------------------------------
                                             20.209940   slack (MET)


Startpoint: _426_ (rising edge-triggered flip-flop clocked by clk)
Endpoint: _466_ (rising edge-triggered flip-flop clocked by clk)
Path Group: clk
Path Type: max

Fanout         Cap        Slew       Delay        Time   Description
---------------------------------------------------------------------------------------------
                                  0.000000    0.000000   clock clk (rise edge)
                                  0.000000    0.000000   clock source latency
     2    0.019493    0.146390    0.099894    0.099894 ^ clk (in)
                                                         clk (net)
                      0.146398    0.000000    0.099894 ^ clkbuf_0_clk/A (sky130_fd_sc_hd__clkbuf_16)
    17    0.104516    0.183270    0.351977    0.451871 ^ clkbuf_0_clk/X (sky130_fd_sc_hd__clkbuf_16)
                                                         clknet_0_clk (net)
                      0.183951    0.008286    0.460158 ^ clkbuf_3_2__f_clk/A (sky130_fd_sc_hd__clkbuf_16)
    12    0.036241    0.089285    0.295908    0.756066 ^ clkbuf_3_2__f_clk/X (sky130_fd_sc_hd__clkbuf_16)
                                                         clknet_3_2__leaf_clk (net)
                      0.089338    0.001992    0.758058 ^ _426_/CLK (sky130_fd_sc_hd__dfrtp_1)
     1    0.002532    0.075387    0.640096    1.398154 ^ _426_/Q (sky130_fd_sc_hd__dfrtp_1)
                                                         TOP.top_rng_inst.ecstate.rollover_flag (net)
                      0.075387    0.000183    1.398337 ^ fanout29/A (sky130_fd_sc_hd__buf_2)
    19    0.053567    0.414847    0.442951    1.841288 ^ fanout29/X (sky130_fd_sc_hd__buf_2)
                                                         net29 (net)
                      0.414882    0.003245    1.844533 ^ fanout28/A (sky130_fd_sc_hd__clkbuf_2)
    10    0.033500    0.289921    0.491354    2.335886 ^ fanout28/X (sky130_fd_sc_hd__clkbuf_2)
                                                         net28 (net)
                      0.289929    0.001930    2.337817 ^ _379_/A_N (sky130_fd_sc_hd__and2b_1)
     2    0.007323    0.102104    0.480248    2.818065 v _379_/X (sky130_fd_sc_hd__and2b_1)
                                                         _173_ (net)
                      0.102104    0.000482    2.818547 v fanout19/A (sky130_fd_sc_hd__clkbuf_4)
    21    0.065250    0.237540    0.414116    3.232663 v fanout19/X (sky130_fd_sc_hd__clkbuf_4)
                                                         net19 (net)
                      0.237547    0.001742    3.234405 v _402_/B1 (sky130_fd_sc_hd__a221o_1)
     1    0.001653    0.080406    0.581577    3.815983 v _402_/X (sky130_fd_sc_hd__a221o_1)
                                                         _034_ (net)
                      0.080406    0.000076    3.816059 v hold34/A (sky130_fd_sc_hd__dlygate4sd3_1)
     1    0.002460    0.102871    1.122118    4.938177 v hold34/X (sky130_fd_sc_hd__dlygate4sd3_1)
                                                         net133 (net)
                      0.102871    0.000176    4.938354 v _466_/D (sky130_fd_sc_hd__dfrtp_1)
                                              4.938354   data arrival time

                                 25.000000   25.000000   clock clk (rise edge)
                                  0.000000   25.000000   clock source latency
     2    0.019493    0.146390    0.099895   25.099894 ^ clk (in)
                                                         clk (net)
                      0.146398    0.000000   25.099894 ^ clkbuf_0_clk/A (sky130_fd_sc_hd__clkbuf_16)
    17    0.104516    0.183270    0.351976   25.451870 ^ clkbuf_0_clk/X (sky130_fd_sc_hd__clkbuf_16)
                                                         clknet_0_clk (net)
                      0.183690    0.006198   25.458069 ^ clkbuf_3_1__f_clk/A (sky130_fd_sc_hd__clkbuf_16)
    12    0.042726    0.097318    0.304698   25.762768 ^ clkbuf_3_1__f_clk/X (sky130_fd_sc_hd__clkbuf_16)
                                                         clknet_3_1__leaf_clk (net)
                      0.097384    0.001478   25.764244 ^ _466_/CLK (sky130_fd_sc_hd__dfrtp_1)
                                 -0.250000   25.514246   clock uncertainty
                                  0.000000   25.514246   clock reconvergence pessimism
                                 -0.282969   25.231277   library setup time
                                             25.231277   data required time
---------------------------------------------------------------------------------------------
                                             25.231277   data required time
                                             -4.938354   data arrival time
---------------------------------------------------------------------------------------------
                                             20.292923   slack (MET)


Startpoint: _426_ (rising edge-triggered flip-flop clocked by clk)
Endpoint: _469_ (rising edge-triggered flip-flop clocked by clk)
Path Group: clk
Path Type: max

Fanout         Cap        Slew       Delay        Time   Description
---------------------------------------------------------------------------------------------
                                  0.000000    0.000000   clock clk (rise edge)
                                  0.000000    0.000000   clock source latency
     2    0.019493    0.146390    0.099894    0.099894 ^ clk (in)
                                                         clk (net)
                      0.146398    0.000000    0.099894 ^ clkbuf_0_clk/A (sky130_fd_sc_hd__clkbuf_16)
    17    0.104516    0.183270    0.351977    0.451871 ^ clkbuf_0_clk/X (sky130_fd_sc_hd__clkbuf_16)
                                                         clknet_0_clk (net)
                      0.183951    0.008286    0.460158 ^ clkbuf_3_2__f_clk/A (sky130_fd_sc_hd__clkbuf_16)
    12    0.036241    0.089285    0.295908    0.756066 ^ clkbuf_3_2__f_clk/X (sky130_fd_sc_hd__clkbuf_16)
                                                         clknet_3_2__leaf_clk (net)
                      0.089338    0.001992    0.758058 ^ _426_/CLK (sky130_fd_sc_hd__dfrtp_1)
     1    0.002532    0.075387    0.640096    1.398154 ^ _426_/Q (sky130_fd_sc_hd__dfrtp_1)
                                                         TOP.top_rng_inst.ecstate.rollover_flag (net)
                      0.075387    0.000183    1.398337 ^ fanout29/A (sky130_fd_sc_hd__buf_2)
    19    0.053567    0.414847    0.442951    1.841288 ^ fanout29/X (sky130_fd_sc_hd__buf_2)
                                                         net29 (net)
                      0.414882    0.003245    1.844533 ^ fanout28/A (sky130_fd_sc_hd__clkbuf_2)
    10    0.033500    0.289921    0.491354    2.335886 ^ fanout28/X (sky130_fd_sc_hd__clkbuf_2)
                                                         net28 (net)
                      0.289929    0.001930    2.337817 ^ _379_/A_N (sky130_fd_sc_hd__and2b_1)
     2    0.007323    0.102104    0.480248    2.818065 v _379_/X (sky130_fd_sc_hd__and2b_1)
                                                         _173_ (net)
                      0.102104    0.000409    2.818474 v fanout20/A (sky130_fd_sc_hd__clkbuf_2)
     6    0.026982    0.193524    0.315712    3.134186 v fanout20/X (sky130_fd_sc_hd__clkbuf_2)
                                                         net20 (net)
                      0.193554    0.002415    3.136600 v _408_/B1 (sky130_fd_sc_hd__a221o_1)
     1    0.001772    0.081544    0.567584    3.704184 v _408_/X (sky130_fd_sc_hd__a221o_1)
                                                         _037_ (net)
                      0.081544    0.000081    3.704266 v hold40/A (sky130_fd_sc_hd__dlygate4sd3_1)
     1    0.002723    0.104844    1.127122    4.831388 v hold40/X (sky130_fd_sc_hd__dlygate4sd3_1)
                                                         net139 (net)
                      0.104844    0.000175    4.831564 v _469_/D (sky130_fd_sc_hd__dfrtp_1)
                                              4.831564   data arrival time

                                 25.000000   25.000000   clock clk (rise edge)
                                  0.000000   25.000000   clock source latency
     2    0.019493    0.146390    0.099895   25.099894 ^ clk (in)
                                                         clk (net)
                      0.146398    0.000000   25.099894 ^ clkbuf_0_clk/A (sky130_fd_sc_hd__clkbuf_16)
    17    0.104516    0.183270    0.351976   25.451870 ^ clkbuf_0_clk/X (sky130_fd_sc_hd__clkbuf_16)
                                                         clknet_0_clk (net)
                      0.183975    0.008450   25.460321 ^ clkbuf_3_7__f_clk/A (sky130_fd_sc_hd__clkbuf_16)
    10    0.034553    0.086789    0.293911   25.754232 ^ clkbuf_3_7__f_clk/X (sky130_fd_sc_hd__clkbuf_16)
                                                         clknet_3_7__leaf_clk (net)
                      0.086806    0.001233   25.755465 ^ _469_/CLK (sky130_fd_sc_hd__dfrtp_1)
                                 -0.250000   25.505465   clock uncertainty
                                  0.000000   25.505465   clock reconvergence pessimism
                                 -0.286613   25.218851   library setup time
                                             25.218851   data required time
---------------------------------------------------------------------------------------------
                                             25.218851   data required time
                                             -4.831564   data arrival time
---------------------------------------------------------------------------------------------
                                             20.387287   slack (MET)


Startpoint: _437_ (rising edge-triggered flip-flop clocked by clk)
Endpoint: _437_ (rising edge-triggered flip-flop clocked by clk)
Path Group: clk
Path Type: max

Fanout         Cap        Slew       Delay        Time   Description
---------------------------------------------------------------------------------------------
                                  0.000000    0.000000   clock clk (rise edge)
                                  0.000000    0.000000   clock source latency
     2    0.019493    0.146390    0.099894    0.099894 ^ clk (in)
                                                         clk (net)
                      0.146398    0.000000    0.099894 ^ clkbuf_0_clk/A (sky130_fd_sc_hd__clkbuf_16)
    17    0.104516    0.183270    0.351977    0.451871 ^ clkbuf_0_clk/X (sky130_fd_sc_hd__clkbuf_16)
                                                         clknet_0_clk (net)
                      0.183584    0.005092    0.456964 ^ clkbuf_3_4__f_clk/A (sky130_fd_sc_hd__clkbuf_16)
     7    0.032306    0.083695    0.290323    0.747286 ^ clkbuf_3_4__f_clk/X (sky130_fd_sc_hd__clkbuf_16)
                                                         clknet_3_4__leaf_clk (net)
                      0.083760    0.002068    0.749355 ^ _437_/CLK (sky130_fd_sc_hd__dfstp_1)
     1    0.002649    0.050543    0.705098    1.454453 v _437_/Q (sky130_fd_sc_hd__dfstp_1)
                                                         TOP.top_rng_inst.display.datas[0] (net)
                      0.050543    0.000164    1.454618 v fanout27/A (sky130_fd_sc_hd__buf_2)
     7    0.036142    0.173946    0.340287    1.794905 v fanout27/X (sky130_fd_sc_hd__buf_2)
                                                         net27 (net)
                      0.173985    0.002538    1.797443 v fanout26/A (sky130_fd_sc_hd__buf_2)
    10    0.035226    0.170032    0.396957    2.194401 v fanout26/X (sky130_fd_sc_hd__buf_2)
                                                         net26 (net)
                      0.170035    0.000979    2.195380 v _286_/A (sky130_fd_sc_hd__nor3b_1)
     3    0.008764    0.545445    0.582955    2.778335 ^ _286_/Y (sky130_fd_sc_hd__nor3b_1)
                                                         _099_ (net)
                      0.545445    0.000537    2.778872 ^ _287_/C_N (sky130_fd_sc_hd__or3b_1)
     1    0.005665    0.168572    0.978009    3.756881 v _287_/X (sky130_fd_sc_hd__or3b_1)
                                                         _100_ (net)
                      0.168572    0.000413    3.757293 v _288_/B (sky130_fd_sc_hd__xnor2_1)
     1    0.002783    0.091081    0.248094    4.005388 v _288_/Y (sky130_fd_sc_hd__xnor2_1)
                                                         _101_ (net)
                      0.091081    0.000114    4.005502 v _289_/A1 (sky130_fd_sc_hd__mux2_1)
     1    0.002879    0.111063    0.658805    4.664307 v _289_/X (sky130_fd_sc_hd__mux2_1)
                                                         _005_ (net)
                      0.111063    0.000211    4.664518 v _437_/D (sky130_fd_sc_hd__dfstp_1)
                                              4.664518   data arrival time

                                 25.000000   25.000000   clock clk (rise edge)
                                  0.000000   25.000000   clock source latency
     2    0.019493    0.146390    0.099895   25.099894 ^ clk (in)
                                                         clk (net)
                      0.146398    0.000000   25.099894 ^ clkbuf_0_clk/A (sky130_fd_sc_hd__clkbuf_16)
    17    0.104516    0.183270    0.351976   25.451870 ^ clkbuf_0_clk/X (sky130_fd_sc_hd__clkbuf_16)
                                                         clknet_0_clk (net)
                      0.183584    0.005093   25.456963 ^ clkbuf_3_4__f_clk/A (sky130_fd_sc_hd__clkbuf_16)
     7    0.032306    0.083695    0.290322   25.747286 ^ clkbuf_3_4__f_clk/X (sky130_fd_sc_hd__clkbuf_16)
                                                         clknet_3_4__leaf_clk (net)
                      0.083760    0.002068   25.749353 ^ _437_/CLK (sky130_fd_sc_hd__dfstp_1)
                                 -0.250000   25.499355   clock uncertainty
                                  0.000000   25.499355   clock reconvergence pessimism
                                 -0.156779   25.342575   library setup time
                                             25.342575   data required time
---------------------------------------------------------------------------------------------
                                             25.342575   data required time
                                             -4.664518   data arrival time
---------------------------------------------------------------------------------------------
                                             20.678057   slack (MET)


Startpoint: _414_ (rising edge-triggered flip-flop clocked by clk)
Endpoint: _415_ (rising edge-triggered flip-flop clocked by clk)
Path Group: clk
Path Type: max

Fanout         Cap        Slew       Delay        Time   Description
---------------------------------------------------------------------------------------------
                                  0.000000    0.000000   clock clk (rise edge)
                                  0.000000    0.000000   clock source latency
     2    0.019493    0.146390    0.099894    0.099894 ^ clk (in)
                                                         clk (net)
                      0.146398    0.000000    0.099894 ^ clkbuf_0_clk/A (sky130_fd_sc_hd__clkbuf_16)
    17    0.104516    0.183270    0.351977    0.451871 ^ clkbuf_0_clk/X (sky130_fd_sc_hd__clkbuf_16)
                                                         clknet_0_clk (net)
                      0.183897    0.007897    0.459769 ^ clkbuf_3_3__f_clk/A (sky130_fd_sc_hd__clkbuf_16)
     9    0.034005    0.086042    0.292996    0.752765 ^ clkbuf_3_3__f_clk/X (sky130_fd_sc_hd__clkbuf_16)
                                                         clknet_3_3__leaf_clk (net)
                      0.086067    0.001416    0.754182 ^ _414_/CLK (sky130_fd_sc_hd__dfrtp_1)
     6    0.017905    0.200659    0.873850    1.628031 v _414_/Q (sky130_fd_sc_hd__dfrtp_1)
                                                         TOP.top_rng_inst.lut1.ecstate.count_out[0] (net)
                      0.200660    0.000906    1.628938 v _216_/A2 (sky130_fd_sc_hd__o21a_1)
     1    0.003422    0.070795    0.367594    1.996532 v _216_/X (sky130_fd_sc_hd__o21a_1)
                                                         _058_ (net)
                      0.070795    0.000262    1.996794 v _217_/A3 (sky130_fd_sc_hd__o31ai_1)
     2    0.006110    0.473706    0.456678    2.453471 ^ _217_/Y (sky130_fd_sc_hd__o31ai_1)
                                                         _059_ (net)
                      0.473706    0.000336    2.453808 ^ _218_/B (sky130_fd_sc_hd__and2_1)
     5    0.015048    0.251608    0.499835    2.953643 ^ _218_/X (sky130_fd_sc_hd__and2_1)
                                                         _060_ (net)
                      0.251608    0.001012    2.954655 ^ _227_/B1 (sky130_fd_sc_hd__o21ai_1)
     1    0.003738    0.115067    0.205265    3.159920 v _227_/Y (sky130_fd_sc_hd__o21ai_1)
                                                         _065_ (net)
                      0.115067    0.000244    3.160164 v _228_/B1 (sky130_fd_sc_hd__a21oi_1)
     1    0.002598    0.161539    0.195702    3.355866 ^ _228_/Y (sky130_fd_sc_hd__a21oi_1)
                                                         TOP.top_rng_inst.lut1.ecstate.next_count[1] (net)
                      0.161539    0.000159    3.356025 ^ hold24/A (sky130_fd_sc_hd__dlygate4sd3_1)
     1    0.002153    0.084592    1.067373    4.423398 ^ hold24/X (sky130_fd_sc_hd__dlygate4sd3_1)
                                                         net123 (net)
                      0.084592    0.000155    4.423552 ^ _415_/D (sky130_fd_sc_hd__dfrtp_1)
                                              4.423552   data arrival time

                                 25.000000   25.000000   clock clk (rise edge)
                                  0.000000   25.000000   clock source latency
     2    0.019493    0.146390    0.099895   25.099894 ^ clk (in)
                                                         clk (net)
                      0.146398    0.000000   25.099894 ^ clkbuf_0_clk/A (sky130_fd_sc_hd__clkbuf_16)
    17    0.104516    0.183270    0.351976   25.451870 ^ clkbuf_0_clk/X (sky130_fd_sc_hd__clkbuf_16)
                                                         clknet_0_clk (net)
                      0.183892    0.007862   25.459732 ^ clkbuf_3_6__f_clk/A (sky130_fd_sc_hd__clkbuf_16)
     9    0.032624    0.084096    0.291111   25.750843 ^ clkbuf_3_6__f_clk/X (sky130_fd_sc_hd__clkbuf_16)
                                                         clknet_3_6__leaf_clk (net)
                      0.084130    0.001558   25.752401 ^ _415_/CLK (sky130_fd_sc_hd__dfrtp_1)
                                 -0.250000   25.502403   clock uncertainty
                                  0.000000   25.502403   clock reconvergence pessimism
                                 -0.134232   25.368170   library setup time
                                             25.368170   data required time
---------------------------------------------------------------------------------------------
                                             25.368170   data required time
                                             -4.423552   data arrival time
---------------------------------------------------------------------------------------------
                                             20.944618   slack (MET)


Startpoint: _437_ (rising edge-triggered flip-flop clocked by clk)
Endpoint: _438_ (rising edge-triggered flip-flop clocked by clk)
Path Group: clk
Path Type: max

Fanout         Cap        Slew       Delay        Time   Description
---------------------------------------------------------------------------------------------
                                  0.000000    0.000000   clock clk (rise edge)
                                  0.000000    0.000000   clock source latency
     2    0.019493    0.146390    0.099894    0.099894 ^ clk (in)
                                                         clk (net)
                      0.146398    0.000000    0.099894 ^ clkbuf_0_clk/A (sky130_fd_sc_hd__clkbuf_16)
    17    0.104516    0.183270    0.351977    0.451871 ^ clkbuf_0_clk/X (sky130_fd_sc_hd__clkbuf_16)
                                                         clknet_0_clk (net)
                      0.183584    0.005092    0.456964 ^ clkbuf_3_4__f_clk/A (sky130_fd_sc_hd__clkbuf_16)
     7    0.032306    0.083695    0.290323    0.747286 ^ clkbuf_3_4__f_clk/X (sky130_fd_sc_hd__clkbuf_16)
                                                         clknet_3_4__leaf_clk (net)
                      0.083760    0.002068    0.749355 ^ _437_/CLK (sky130_fd_sc_hd__dfstp_1)
     1    0.002777    0.078133    1.068684    1.818039 ^ _437_/Q (sky130_fd_sc_hd__dfstp_1)
                                                         TOP.top_rng_inst.display.datas[0] (net)
                      0.078133    0.000175    1.818214 ^ fanout27/A (sky130_fd_sc_hd__buf_2)
     7    0.037264    0.294775    0.361680    2.179894 ^ fanout27/X (sky130_fd_sc_hd__buf_2)
                                                         net27 (net)
                      0.294923    0.003468    2.183362 ^ _290_/S (sky130_fd_sc_hd__mux2_1)
     2    0.007108    0.150956    0.833660    3.017022 v _290_/X (sky130_fd_sc_hd__mux2_1)
                                                         _102_ (net)
                      0.150956    0.000228    3.017251 v _291_/C (sky130_fd_sc_hd__and3_1)
     2    0.008085    0.113721    0.447377    3.464627 v _291_/X (sky130_fd_sc_hd__and3_1)
                                                         _103_ (net)
                      0.113721    0.000485    3.465112 v _292_/B (sky130_fd_sc_hd__nand2b_1)
     1    0.004976    0.109602    0.149086    3.614198 ^ _292_/Y (sky130_fd_sc_hd__nand2b_1)
                                                         _104_ (net)
                      0.109602    0.000370    3.614568 ^ _294_/A (sky130_fd_sc_hd__xnor2_1)
     1    0.002553    0.087691    0.146379    3.760948 v _294_/Y (sky130_fd_sc_hd__xnor2_1)
                                                         _106_ (net)
                      0.087691    0.000186    3.761133 v _295_/A1 (sky130_fd_sc_hd__mux2_1)
     1    0.002775    0.110099    0.655670    4.416803 v _295_/X (sky130_fd_sc_hd__mux2_1)
                                                         _006_ (net)
                      0.110099    0.000191    4.416995 v _438_/D (sky130_fd_sc_hd__dfstp_1)
                                              4.416995   data arrival time

                                 25.000000   25.000000   clock clk (rise edge)
                                  0.000000   25.000000   clock source latency
     2    0.019493    0.146390    0.099895   25.099894 ^ clk (in)
                                                         clk (net)
                      0.146398    0.000000   25.099894 ^ clkbuf_0_clk/A (sky130_fd_sc_hd__clkbuf_16)
    17    0.104516    0.183270    0.351976   25.451870 ^ clkbuf_0_clk/X (sky130_fd_sc_hd__clkbuf_16)
                                                         clknet_0_clk (net)
                      0.183690    0.006198   25.458069 ^ clkbuf_3_1__f_clk/A (sky130_fd_sc_hd__clkbuf_16)
    12    0.042726    0.097318    0.304698   25.762768 ^ clkbuf_3_1__f_clk/X (sky130_fd_sc_hd__clkbuf_16)
                                                         clknet_3_1__leaf_clk (net)
                      0.097517    0.002995   25.765762 ^ _438_/CLK (sky130_fd_sc_hd__dfstp_1)
                                 -0.250000   25.515762   clock uncertainty
                                  0.000000   25.515762   clock reconvergence pessimism
                                 -0.152954   25.362810   library setup time
                                             25.362810   data required time
---------------------------------------------------------------------------------------------
                                             25.362810   data required time
                                             -4.416995   data arrival time
---------------------------------------------------------------------------------------------
                                             20.945814   slack (MET)


Startpoint: _474_ (rising edge-triggered flip-flop clocked by clk)
Endpoint: _474_ (rising edge-triggered flip-flop clocked by clk)
Path Group: clk
Path Type: max

Fanout         Cap        Slew       Delay        Time   Description
---------------------------------------------------------------------------------------------
                                  0.000000    0.000000   clock clk (rise edge)
                                  0.000000    0.000000   clock source latency
     2    0.019493    0.146390    0.099894    0.099894 ^ clk (in)
                                                         clk (net)
                      0.146398    0.000000    0.099894 ^ clkbuf_0_clk/A (sky130_fd_sc_hd__clkbuf_16)
    17    0.104516    0.183270    0.351977    0.451871 ^ clkbuf_0_clk/X (sky130_fd_sc_hd__clkbuf_16)
                                                         clknet_0_clk (net)
                      0.183690    0.006197    0.458069 ^ clkbuf_3_1__f_clk/A (sky130_fd_sc_hd__clkbuf_16)
    12    0.042726    0.097318    0.304699    0.762768 ^ clkbuf_3_1__f_clk/X (sky130_fd_sc_hd__clkbuf_16)
                                                         clknet_3_1__leaf_clk (net)
                      0.097576    0.003601    0.766369 ^ _474_/CLK (sky130_fd_sc_hd__dfrtp_1)
     4    0.009697    0.135556    0.812843    1.579212 v _474_/Q (sky130_fd_sc_hd__dfrtp_1)
                                                         TOP.top_rng_inst.k1.psc.count_out[2] (net)
                      0.135556    0.000561    1.579774 v hold35/A (sky130_fd_sc_hd__dlygate4sd3_1)
     1    0.004077    0.120025    1.176369    2.756143 v hold35/X (sky130_fd_sc_hd__dlygate4sd3_1)
                                                         net134 (net)
                      0.120025    0.000166    2.756308 v _241_/B1 (sky130_fd_sc_hd__a21oi_1)
     1    0.003715    0.193986    0.224258    2.980566 ^ _241_/Y (sky130_fd_sc_hd__a21oi_1)
                                                         _071_ (net)
                      0.193986    0.000251    2.980817 ^ _243_/A (sky130_fd_sc_hd__nor2_1)
     1    0.001768    0.056428    0.122076    3.102893 v _243_/Y (sky130_fd_sc_hd__nor2_1)
                                                         TOP.top_rng_inst.k1.psc.next_count[2] (net)
                      0.056428    0.000081    3.102974 v hold36/A (sky130_fd_sc_hd__dlygate4sd3_1)
     1    0.002216    0.101137    1.107680    4.210654 v hold36/X (sky130_fd_sc_hd__dlygate4sd3_1)
                                                         net135 (net)
                      0.101137    0.000154    4.210808 v _474_/D (sky130_fd_sc_hd__dfrtp_1)
                                              4.210808   data arrival time

                                 25.000000   25.000000   clock clk (rise edge)
                                  0.000000   25.000000   clock source latency
     2    0.019493    0.146390    0.099895   25.099894 ^ clk (in)
                                                         clk (net)
                      0.146398    0.000000   25.099894 ^ clkbuf_0_clk/A (sky130_fd_sc_hd__clkbuf_16)
    17    0.104516    0.183270    0.351976   25.451870 ^ clkbuf_0_clk/X (sky130_fd_sc_hd__clkbuf_16)
                                                         clknet_0_clk (net)
                      0.183690    0.006198   25.458069 ^ clkbuf_3_1__f_clk/A (sky130_fd_sc_hd__clkbuf_16)
    12    0.042726    0.097318    0.304698   25.762768 ^ clkbuf_3_1__f_clk/X (sky130_fd_sc_hd__clkbuf_16)
                                                         clknet_3_1__leaf_clk (net)
                      0.097576    0.003601   25.766367 ^ _474_/CLK (sky130_fd_sc_hd__dfrtp_1)
                                 -0.250000   25.516369   clock uncertainty
                                  0.000000   25.516369   clock reconvergence pessimism
                                 -0.282195   25.234175   library setup time
                                             25.234175   data required time
---------------------------------------------------------------------------------------------
                                             25.234175   data required time
                                             -4.210808   data arrival time
---------------------------------------------------------------------------------------------
                                             21.023367   slack (MET)


Startpoint: _425_ (rising edge-triggered flip-flop clocked by clk)
Endpoint: _414_ (rising edge-triggered flip-flop clocked by clk)
Path Group: clk
Path Type: max

Fanout         Cap        Slew       Delay        Time   Description
---------------------------------------------------------------------------------------------
                                  0.000000    0.000000   clock clk (rise edge)
                                  0.000000    0.000000   clock source latency
     2    0.019493    0.146390    0.099894    0.099894 ^ clk (in)
                                                         clk (net)
                      0.146398    0.000000    0.099894 ^ clkbuf_0_clk/A (sky130_fd_sc_hd__clkbuf_16)
    17    0.104516    0.183270    0.351977    0.451871 ^ clkbuf_0_clk/X (sky130_fd_sc_hd__clkbuf_16)
                                                         clknet_0_clk (net)
                      0.183897    0.007897    0.459769 ^ clkbuf_3_3__f_clk/A (sky130_fd_sc_hd__clkbuf_16)
     9    0.034005    0.086042    0.292996    0.752765 ^ clkbuf_3_3__f_clk/X (sky130_fd_sc_hd__clkbuf_16)
                                                         clknet_3_3__leaf_clk (net)
                      0.086051    0.000961    0.753726 ^ _425_/CLK (sky130_fd_sc_hd__dfrtp_1)
     4    0.009769    0.136118    0.808296    1.562022 v _425_/Q (sky130_fd_sc_hd__dfrtp_1)
                                                         TOP.top_rng_inst.lut1.started (net)
                      0.136118    0.000394    1.562416 v hold10/A (sky130_fd_sc_hd__dlygate4sd3_1)
     2    0.005144    0.129988    1.190567    2.752983 v hold10/X (sky130_fd_sc_hd__dlygate4sd3_1)
                                                         net109 (net)
                      0.129988    0.000239    2.753222 v _222_/B1_N (sky130_fd_sc_hd__a21boi_1)
     1    0.001873    0.109171    0.271183    3.024405 v _222_/Y (sky130_fd_sc_hd__a21boi_1)
                                                         TOP.top_rng_inst.lut1.ecstate.next_count[0] (net)
                      0.109171    0.000087    3.024492 v hold32/A (sky130_fd_sc_hd__dlygate4sd3_1)
     1    0.002438    0.102829    1.135749    4.160241 v hold32/X (sky130_fd_sc_hd__dlygate4sd3_1)
                                                         net131 (net)
                      0.102829    0.000163    4.160404 v _414_/D (sky130_fd_sc_hd__dfrtp_1)
                                              4.160404   data arrival time

                                 25.000000   25.000000   clock clk (rise edge)
                                  0.000000   25.000000   clock source latency
     2    0.019493    0.146390    0.099895   25.099894 ^ clk (in)
                                                         clk (net)
                      0.146398    0.000000   25.099894 ^ clkbuf_0_clk/A (sky130_fd_sc_hd__clkbuf_16)
    17    0.104516    0.183270    0.351976   25.451870 ^ clkbuf_0_clk/X (sky130_fd_sc_hd__clkbuf_16)
                                                         clknet_0_clk (net)
                      0.183897    0.007898   25.459768 ^ clkbuf_3_3__f_clk/A (sky130_fd_sc_hd__clkbuf_16)
     9    0.034005    0.086042    0.292996   25.752764 ^ clkbuf_3_3__f_clk/X (sky130_fd_sc_hd__clkbuf_16)
                                                         clknet_3_3__leaf_clk (net)
                      0.086067    0.001416   25.754181 ^ _414_/CLK (sky130_fd_sc_hd__dfrtp_1)
                                 -0.250000   25.504181   clock uncertainty
                                  0.000000   25.504181   clock reconvergence pessimism
                                 -0.285970   25.218210   library setup time
                                             25.218210   data required time
---------------------------------------------------------------------------------------------
                                             25.218210   data required time
                                             -4.160404   data arrival time
---------------------------------------------------------------------------------------------
                                             21.057806   slack (MET)


Startpoint: _437_ (rising edge-triggered flip-flop clocked by clk)
Endpoint: _440_ (rising edge-triggered flip-flop clocked by clk)
Path Group: clk
Path Type: max

Fanout         Cap        Slew       Delay        Time   Description
---------------------------------------------------------------------------------------------
                                  0.000000    0.000000   clock clk (rise edge)
                                  0.000000    0.000000   clock source latency
     2    0.019493    0.146390    0.099894    0.099894 ^ clk (in)
                                                         clk (net)
                      0.146398    0.000000    0.099894 ^ clkbuf_0_clk/A (sky130_fd_sc_hd__clkbuf_16)
    17    0.104516    0.183270    0.351977    0.451871 ^ clkbuf_0_clk/X (sky130_fd_sc_hd__clkbuf_16)
                                                         clknet_0_clk (net)
                      0.183584    0.005092    0.456964 ^ clkbuf_3_4__f_clk/A (sky130_fd_sc_hd__clkbuf_16)
     7    0.032306    0.083695    0.290323    0.747286 ^ clkbuf_3_4__f_clk/X (sky130_fd_sc_hd__clkbuf_16)
                                                         clknet_3_4__leaf_clk (net)
                      0.083760    0.002068    0.749355 ^ _437_/CLK (sky130_fd_sc_hd__dfstp_1)
     1    0.002777    0.078133    1.068684    1.818039 ^ _437_/Q (sky130_fd_sc_hd__dfstp_1)
                                                         TOP.top_rng_inst.display.datas[0] (net)
                      0.078133    0.000175    1.818214 ^ fanout27/A (sky130_fd_sc_hd__buf_2)
     7    0.037264    0.294775    0.361680    2.179894 ^ fanout27/X (sky130_fd_sc_hd__buf_2)
                                                         net27 (net)
                      0.294924    0.003505    2.183399 ^ _303_/S0 (sky130_fd_sc_hd__mux4_1)
     2    0.007901    0.211861    1.385033    3.568432 v _303_/X (sky130_fd_sc_hd__mux4_1)
                                                         _113_ (net)
                      0.211861    0.000565    3.568996 v _304_/B (sky130_fd_sc_hd__nand2_1)
     2    0.009995    0.169399    0.239051    3.808048 ^ _304_/Y (sky130_fd_sc_hd__nand2_1)
                                                         _114_ (net)
                      0.169399    0.000619    3.808666 ^ _305_/A2 (sky130_fd_sc_hd__a21oi_1)
     1    0.004755    0.145238    0.190638    3.999304 v _305_/Y (sky130_fd_sc_hd__a21oi_1)
                                                         _115_ (net)
                      0.145238    0.000228    3.999532 v _307_/A (sky130_fd_sc_hd__xnor2_1)
     1    0.003341    0.205328    0.286397    4.285929 ^ _307_/Y (sky130_fd_sc_hd__xnor2_1)
                                                         _008_ (net)
                      0.205328    0.000222    4.286151 ^ _440_/D (sky130_fd_sc_hd__dfstp_2)
                                              4.286151   data arrival time

                                 25.000000   25.000000   clock clk (rise edge)
                                  0.000000   25.000000   clock source latency
     2    0.019493    0.146390    0.099895   25.099894 ^ clk (in)
                                                         clk (net)
                      0.146398    0.000000   25.099894 ^ clkbuf_0_clk/A (sky130_fd_sc_hd__clkbuf_16)
    17    0.104516    0.183270    0.351976   25.451870 ^ clkbuf_0_clk/X (sky130_fd_sc_hd__clkbuf_16)
                                                         clknet_0_clk (net)
                      0.183584    0.005093   25.456963 ^ clkbuf_3_4__f_clk/A (sky130_fd_sc_hd__clkbuf_16)
     7    0.032306    0.083695    0.290322   25.747286 ^ clkbuf_3_4__f_clk/X (sky130_fd_sc_hd__clkbuf_16)
                                                         clknet_3_4__leaf_clk (net)
                      0.083739    0.001755   25.749041 ^ _440_/CLK (sky130_fd_sc_hd__dfstp_2)
                                 -0.250000   25.499043   clock uncertainty
                                  0.000000   25.499043   clock reconvergence pessimism
                                 -0.149831   25.349211   library setup time
                                             25.349211   data required time
---------------------------------------------------------------------------------------------
                                             25.349211   data required time
                                             -4.286151   data arrival time
---------------------------------------------------------------------------------------------
                                             21.063059   slack (MET)


Startpoint: _427_ (rising edge-triggered flip-flop clocked by clk)
Endpoint: _428_ (rising edge-triggered flip-flop clocked by clk)
Path Group: clk
Path Type: max

Fanout         Cap        Slew       Delay        Time   Description
---------------------------------------------------------------------------------------------
                                  0.000000    0.000000   clock clk (rise edge)
                                  0.000000    0.000000   clock source latency
     2    0.019493    0.146390    0.099894    0.099894 ^ clk (in)
                                                         clk (net)
                      0.146398    0.000000    0.099894 ^ clkbuf_0_clk/A (sky130_fd_sc_hd__clkbuf_16)
    17    0.104516    0.183270    0.351977    0.451871 ^ clkbuf_0_clk/X (sky130_fd_sc_hd__clkbuf_16)
                                                         clknet_0_clk (net)
                      0.183654    0.005848    0.457719 ^ clkbuf_3_0__f_clk/A (sky130_fd_sc_hd__clkbuf_16)
     9    0.029795    0.080186    0.287009    0.744728 ^ clkbuf_3_0__f_clk/X (sky130_fd_sc_hd__clkbuf_16)
                                                         clknet_3_0__leaf_clk (net)
                      0.080236    0.001766    0.746494 ^ _427_/CLK (sky130_fd_sc_hd__dfrtp_2)
     6    0.018375    0.145116    0.900770    1.647264 v _427_/Q (sky130_fd_sc_hd__dfrtp_2)
                                                         TOP.top_rng_inst.ecstate.count_out[0] (net)
                      0.145116    0.000735    1.648000 v hold7/A (sky130_fd_sc_hd__dlygate4sd3_1)
     2    0.006009    0.138236    1.204787    2.852787 v hold7/X (sky130_fd_sc_hd__dlygate4sd3_1)
                                                         net106 (net)
                      0.138236    0.000211    2.852998 v _235_/A2 (sky130_fd_sc_hd__a21oi_1)
     1    0.002323    0.154064    0.243069    3.096067 ^ _235_/Y (sky130_fd_sc_hd__a21oi_1)
                                                         TOP.top_rng_inst.ecstate.next_count[1] (net)
                      0.154064    0.000161    3.096228 ^ hold19/A (sky130_fd_sc_hd__dlygate4sd3_1)
     1    0.002648    0.089901    1.071993    4.168221 ^ hold19/X (sky130_fd_sc_hd__dlygate4sd3_1)
                                                         net118 (net)
                      0.089901    0.000183    4.168405 ^ _428_/D (sky130_fd_sc_hd__dfrtp_1)
                                              4.168405   data arrival time

                                 25.000000   25.000000   clock clk (rise edge)
                                  0.000000   25.000000   clock source latency
     2    0.019493    0.146390    0.099895   25.099894 ^ clk (in)
                                                         clk (net)
                      0.146398    0.000000   25.099894 ^ clkbuf_0_clk/A (sky130_fd_sc_hd__clkbuf_16)
    17    0.104516    0.183270    0.351976   25.451870 ^ clkbuf_0_clk/X (sky130_fd_sc_hd__clkbuf_16)
                                                         clknet_0_clk (net)
                      0.183951    0.008287   25.460157 ^ clkbuf_3_2__f_clk/A (sky130_fd_sc_hd__clkbuf_16)
    12    0.036241    0.089285    0.295907   25.756065 ^ clkbuf_3_2__f_clk/X (sky130_fd_sc_hd__clkbuf_16)
                                                         clknet_3_2__leaf_clk (net)
                      0.089326    0.001783   25.757849 ^ _428_/CLK (sky130_fd_sc_hd__dfrtp_1)
                                 -0.250000   25.507849   clock uncertainty
                                  0.000000   25.507849   clock reconvergence pessimism
                                 -0.134661   25.373188   library setup time
                                             25.373188   data required time
---------------------------------------------------------------------------------------------
                                             25.373188   data required time
                                             -4.168405   data arrival time
---------------------------------------------------------------------------------------------
                                             21.204784   slack (MET)


Startpoint: _472_ (rising edge-triggered flip-flop clocked by clk)
Endpoint: _472_ (rising edge-triggered flip-flop clocked by clk)
Path Group: clk
Path Type: max

Fanout         Cap        Slew       Delay        Time   Description
---------------------------------------------------------------------------------------------
                                  0.000000    0.000000   clock clk (rise edge)
                                  0.000000    0.000000   clock source latency
     2    0.019493    0.146390    0.099894    0.099894 ^ clk (in)
                                                         clk (net)
                      0.146398    0.000000    0.099894 ^ clkbuf_0_clk/A (sky130_fd_sc_hd__clkbuf_16)
    17    0.104516    0.183270    0.351977    0.451871 ^ clkbuf_0_clk/X (sky130_fd_sc_hd__clkbuf_16)
                                                         clknet_0_clk (net)
                      0.183690    0.006197    0.458069 ^ clkbuf_3_1__f_clk/A (sky130_fd_sc_hd__clkbuf_16)
    12    0.042726    0.097318    0.304699    0.762768 ^ clkbuf_3_1__f_clk/X (sky130_fd_sc_hd__clkbuf_16)
                                                         clknet_3_1__leaf_clk (net)
                      0.097436    0.002080    0.764848 ^ _472_/CLK (sky130_fd_sc_hd__dfrtp_2)
     6    0.017457    0.171989    0.793860    1.558709 ^ _472_/Q (sky130_fd_sc_hd__dfrtp_2)
                                                         TOP.top_rng_inst.k1.psc.count_out[0] (net)
                      0.171989    0.000550    1.559259 ^ hold8/A (sky130_fd_sc_hd__dlygate4sd3_1)
     2    0.006859    0.146200    1.135306    2.694564 ^ hold8/X (sky130_fd_sc_hd__dlygate4sd3_1)
                                                         net107 (net)
                      0.146200    0.000460    2.695024 ^ _238_/B (sky130_fd_sc_hd__nand2b_1)
     1    0.002319    0.083647    0.130893    2.825918 v _238_/Y (sky130_fd_sc_hd__nand2b_1)
                                                         TOP.top_rng_inst.k1.psc.next_count[0] (net)
                      0.083647    0.000146    2.826064 v hold9/A (sky130_fd_sc_hd__dlygate4sd3_1)
     1    0.002645    0.104242    1.126810    3.952874 v hold9/X (sky130_fd_sc_hd__dlygate4sd3_1)
                                                         net108 (net)
                      0.104242    0.000196    3.953070 v _472_/D (sky130_fd_sc_hd__dfrtp_2)
                                              3.953070   data arrival time

                                 25.000000   25.000000   clock clk (rise edge)
                                  0.000000   25.000000   clock source latency
     2    0.019493    0.146390    0.099895   25.099894 ^ clk (in)
                                                         clk (net)
                      0.146398    0.000000   25.099894 ^ clkbuf_0_clk/A (sky130_fd_sc_hd__clkbuf_16)
    17    0.104516    0.183270    0.351976   25.451870 ^ clkbuf_0_clk/X (sky130_fd_sc_hd__clkbuf_16)
                                                         clknet_0_clk (net)
                      0.183690    0.006198   25.458069 ^ clkbuf_3_1__f_clk/A (sky130_fd_sc_hd__clkbuf_16)
    12    0.042726    0.097318    0.304698   25.762768 ^ clkbuf_3_1__f_clk/X (sky130_fd_sc_hd__clkbuf_16)
                                                         clknet_3_1__leaf_clk (net)
                      0.097436    0.002080   25.764847 ^ _472_/CLK (sky130_fd_sc_hd__dfrtp_2)
                                 -0.250000   25.514849   clock uncertainty
                                  0.000000   25.514849   clock reconvergence pessimism
                                 -0.283596   25.231253   library setup time
                                             25.231253   data required time
---------------------------------------------------------------------------------------------
                                             25.231253   data required time
                                             -3.953070   data arrival time
---------------------------------------------------------------------------------------------
                                             21.278183   slack (MET)


Startpoint: _426_ (rising edge-triggered flip-flop clocked by clk)
Endpoint: _457_ (rising edge-triggered flip-flop clocked by clk)
Path Group: clk
Path Type: max

Fanout         Cap        Slew       Delay        Time   Description
---------------------------------------------------------------------------------------------
                                  0.000000    0.000000   clock clk (rise edge)
                                  0.000000    0.000000   clock source latency
     2    0.019493    0.146390    0.099894    0.099894 ^ clk (in)
                                                         clk (net)
                      0.146398    0.000000    0.099894 ^ clkbuf_0_clk/A (sky130_fd_sc_hd__clkbuf_16)
    17    0.104516    0.183270    0.351977    0.451871 ^ clkbuf_0_clk/X (sky130_fd_sc_hd__clkbuf_16)
                                                         clknet_0_clk (net)
                      0.183951    0.008286    0.460158 ^ clkbuf_3_2__f_clk/A (sky130_fd_sc_hd__clkbuf_16)
    12    0.036241    0.089285    0.295908    0.756066 ^ clkbuf_3_2__f_clk/X (sky130_fd_sc_hd__clkbuf_16)
                                                         clknet_3_2__leaf_clk (net)
                      0.089338    0.001992    0.758058 ^ _426_/CLK (sky130_fd_sc_hd__dfrtp_1)
     1    0.002532    0.075387    0.640096    1.398154 ^ _426_/Q (sky130_fd_sc_hd__dfrtp_1)
                                                         TOP.top_rng_inst.ecstate.rollover_flag (net)
                      0.075387    0.000183    1.398337 ^ fanout29/A (sky130_fd_sc_hd__buf_2)
    19    0.053567    0.414847    0.442951    1.841288 ^ fanout29/X (sky130_fd_sc_hd__buf_2)
                                                         net29 (net)
                      0.414882    0.003245    1.844533 ^ fanout28/A (sky130_fd_sc_hd__clkbuf_2)
    10    0.033500    0.289921    0.491354    2.335886 ^ fanout28/X (sky130_fd_sc_hd__clkbuf_2)
                                                         net28 (net)
                      0.289929    0.001930    2.337817 ^ _379_/A_N (sky130_fd_sc_hd__and2b_1)
     2    0.007323    0.102104    0.480248    2.818065 v _379_/X (sky130_fd_sc_hd__and2b_1)
                                                         _173_ (net)
                      0.102104    0.000482    2.818547 v fanout19/A (sky130_fd_sc_hd__clkbuf_4)
    21    0.065250    0.237540    0.414116    3.232663 v fanout19/X (sky130_fd_sc_hd__clkbuf_4)
                                                         net19 (net)
                      0.238134    0.009041    3.241704 v _384_/B1 (sky130_fd_sc_hd__a221o_1)
     1    0.002918    0.092799    0.601336    3.843040 v _384_/X (sky130_fd_sc_hd__a221o_1)
                                                         _025_ (net)
                      0.092799    0.000183    3.843223 v _457_/D (sky130_fd_sc_hd__dfrtp_2)
                                              3.843223   data arrival time

                                 25.000000   25.000000   clock clk (rise edge)
                                  0.000000   25.000000   clock source latency
     2    0.019493    0.146390    0.099895   25.099894 ^ clk (in)
                                                         clk (net)
                      0.146398    0.000000   25.099894 ^ clkbuf_0_clk/A (sky130_fd_sc_hd__clkbuf_16)
    17    0.104516    0.183270    0.351976   25.451870 ^ clkbuf_0_clk/X (sky130_fd_sc_hd__clkbuf_16)
                                                         clknet_0_clk (net)
                      0.183584    0.005093   25.456963 ^ clkbuf_3_4__f_clk/A (sky130_fd_sc_hd__clkbuf_16)
     7    0.032306    0.083695    0.290322   25.747286 ^ clkbuf_3_4__f_clk/X (sky130_fd_sc_hd__clkbuf_16)
                                                         clknet_3_4__leaf_clk (net)
                      0.083762    0.002101   25.749388 ^ _457_/CLK (sky130_fd_sc_hd__dfrtp_2)
                                 -0.250000   25.499388   clock uncertainty
                                  0.000000   25.499388   clock reconvergence pessimism
                                 -0.282464   25.216925   library setup time
                                             25.216925   data required time
---------------------------------------------------------------------------------------------
                                             25.216925   data required time
                                             -3.843223   data arrival time
---------------------------------------------------------------------------------------------
                                             21.373701   slack (MET)


Startpoint: _426_ (rising edge-triggered flip-flop clocked by clk)
Endpoint: _468_ (rising edge-triggered flip-flop clocked by clk)
Path Group: clk
Path Type: max

Fanout         Cap        Slew       Delay        Time   Description
---------------------------------------------------------------------------------------------
                                  0.000000    0.000000   clock clk (rise edge)
                                  0.000000    0.000000   clock source latency
     2    0.019493    0.146390    0.099894    0.099894 ^ clk (in)
                                                         clk (net)
                      0.146398    0.000000    0.099894 ^ clkbuf_0_clk/A (sky130_fd_sc_hd__clkbuf_16)
    17    0.104516    0.183270    0.351977    0.451871 ^ clkbuf_0_clk/X (sky130_fd_sc_hd__clkbuf_16)
                                                         clknet_0_clk (net)
                      0.183951    0.008286    0.460158 ^ clkbuf_3_2__f_clk/A (sky130_fd_sc_hd__clkbuf_16)
    12    0.036241    0.089285    0.295908    0.756066 ^ clkbuf_3_2__f_clk/X (sky130_fd_sc_hd__clkbuf_16)
                                                         clknet_3_2__leaf_clk (net)
                      0.089338    0.001992    0.758058 ^ _426_/CLK (sky130_fd_sc_hd__dfrtp_1)
     1    0.002532    0.075387    0.640096    1.398154 ^ _426_/Q (sky130_fd_sc_hd__dfrtp_1)
                                                         TOP.top_rng_inst.ecstate.rollover_flag (net)
                      0.075387    0.000183    1.398337 ^ fanout29/A (sky130_fd_sc_hd__buf_2)
    19    0.053567    0.414847    0.442951    1.841288 ^ fanout29/X (sky130_fd_sc_hd__buf_2)
                                                         net29 (net)
                      0.414882    0.003245    1.844533 ^ fanout28/A (sky130_fd_sc_hd__clkbuf_2)
    10    0.033500    0.289921    0.491354    2.335886 ^ fanout28/X (sky130_fd_sc_hd__clkbuf_2)
                                                         net28 (net)
                      0.289929    0.001930    2.337817 ^ _379_/A_N (sky130_fd_sc_hd__and2b_1)
     2    0.007323    0.102104    0.480248    2.818065 v _379_/X (sky130_fd_sc_hd__and2b_1)
                                                         _173_ (net)
                      0.102104    0.000482    2.818547 v fanout19/A (sky130_fd_sc_hd__clkbuf_4)
    21    0.065250    0.237540    0.414116    3.232663 v fanout19/X (sky130_fd_sc_hd__clkbuf_4)
                                                         net19 (net)
                      0.237623    0.004309    3.236972 v _406_/B1 (sky130_fd_sc_hd__a221o_1)
     1    0.003336    0.097321    0.607650    3.844623 v _406_/X (sky130_fd_sc_hd__a221o_1)
                                                         _036_ (net)
                      0.097321    0.000131    3.844754 v _468_/D (sky130_fd_sc_hd__dfrtp_1)
                                              3.844754   data arrival time

                                 25.000000   25.000000   clock clk (rise edge)
                                  0.000000   25.000000   clock source latency
     2    0.019493    0.146390    0.099895   25.099894 ^ clk (in)
                                                         clk (net)
                      0.146398    0.000000   25.099894 ^ clkbuf_0_clk/A (sky130_fd_sc_hd__clkbuf_16)
    17    0.104516    0.183270    0.351976   25.451870 ^ clkbuf_0_clk/X (sky130_fd_sc_hd__clkbuf_16)
                                                         clknet_0_clk (net)
                      0.183975    0.008450   25.460321 ^ clkbuf_3_7__f_clk/A (sky130_fd_sc_hd__clkbuf_16)
    10    0.034553    0.086789    0.293911   25.754232 ^ clkbuf_3_7__f_clk/X (sky130_fd_sc_hd__clkbuf_16)
                                                         clknet_3_7__leaf_clk (net)
                      0.086804    0.001181   25.755413 ^ _468_/CLK (sky130_fd_sc_hd__dfrtp_1)
                                 -0.250000   25.505413   clock uncertainty
                                  0.000000   25.505413   clock reconvergence pessimism
                                 -0.283477   25.221937   library setup time
                                             25.221937   data required time
---------------------------------------------------------------------------------------------
                                             25.221937   data required time
                                             -3.844754   data arrival time
---------------------------------------------------------------------------------------------
                                             21.377184   slack (MET)


Startpoint: _426_ (rising edge-triggered flip-flop clocked by clk)
Endpoint: _459_ (rising edge-triggered flip-flop clocked by clk)
Path Group: clk
Path Type: max

Fanout         Cap        Slew       Delay        Time   Description
---------------------------------------------------------------------------------------------
                                  0.000000    0.000000   clock clk (rise edge)
                                  0.000000    0.000000   clock source latency
     2    0.019493    0.146390    0.099894    0.099894 ^ clk (in)
                                                         clk (net)
                      0.146398    0.000000    0.099894 ^ clkbuf_0_clk/A (sky130_fd_sc_hd__clkbuf_16)
    17    0.104516    0.183270    0.351977    0.451871 ^ clkbuf_0_clk/X (sky130_fd_sc_hd__clkbuf_16)
                                                         clknet_0_clk (net)
                      0.183951    0.008286    0.460158 ^ clkbuf_3_2__f_clk/A (sky130_fd_sc_hd__clkbuf_16)
    12    0.036241    0.089285    0.295908    0.756066 ^ clkbuf_3_2__f_clk/X (sky130_fd_sc_hd__clkbuf_16)
                                                         clknet_3_2__leaf_clk (net)
                      0.089338    0.001992    0.758058 ^ _426_/CLK (sky130_fd_sc_hd__dfrtp_1)
     1    0.002532    0.075387    0.640096    1.398154 ^ _426_/Q (sky130_fd_sc_hd__dfrtp_1)
                                                         TOP.top_rng_inst.ecstate.rollover_flag (net)
                      0.075387    0.000183    1.398337 ^ fanout29/A (sky130_fd_sc_hd__buf_2)
    19    0.053567    0.414847    0.442951    1.841288 ^ fanout29/X (sky130_fd_sc_hd__buf_2)
                                                         net29 (net)
                      0.414882    0.003245    1.844533 ^ fanout28/A (sky130_fd_sc_hd__clkbuf_2)
    10    0.033500    0.289921    0.491354    2.335886 ^ fanout28/X (sky130_fd_sc_hd__clkbuf_2)
                                                         net28 (net)
                      0.289929    0.001930    2.337817 ^ _379_/A_N (sky130_fd_sc_hd__and2b_1)
     2    0.007323    0.102104    0.480248    2.818065 v _379_/X (sky130_fd_sc_hd__and2b_1)
                                                         _173_ (net)
                      0.102104    0.000482    2.818547 v fanout19/A (sky130_fd_sc_hd__clkbuf_4)
    21    0.065250    0.237540    0.414116    3.232663 v fanout19/X (sky130_fd_sc_hd__clkbuf_4)
                                                         net19 (net)
                      0.237993    0.007708    3.240371 v _388_/B1 (sky130_fd_sc_hd__a221o_1)
     1    0.002783    0.091406    0.599200    3.839571 v _388_/X (sky130_fd_sc_hd__a221o_1)
                                                         _027_ (net)
                      0.091406    0.000179    3.839750 v _459_/D (sky130_fd_sc_hd__dfrtp_1)
                                              3.839750   data arrival time

                                 25.000000   25.000000   clock clk (rise edge)
                                  0.000000   25.000000   clock source latency
     2    0.019493    0.146390    0.099895   25.099894 ^ clk (in)
                                                         clk (net)
                      0.146398    0.000000   25.099894 ^ clkbuf_0_clk/A (sky130_fd_sc_hd__clkbuf_16)
    17    0.104516    0.183270    0.351976   25.451870 ^ clkbuf_0_clk/X (sky130_fd_sc_hd__clkbuf_16)
                                                         clknet_0_clk (net)
                      0.183586    0.005111   25.456982 ^ clkbuf_3_5__f_clk/A (sky130_fd_sc_hd__clkbuf_16)
    10    0.034174    0.086300    0.293035   25.750015 ^ clkbuf_3_5__f_clk/X (sky130_fd_sc_hd__clkbuf_16)
                                                         clknet_3_5__leaf_clk (net)
                      0.086365    0.002116   25.752132 ^ _459_/CLK (sky130_fd_sc_hd__dfrtp_1)
                                 -0.250000   25.502132   clock uncertainty
                                  0.000000   25.502132   clock reconvergence pessimism
                                 -0.281128   25.221004   library setup time
                                             25.221004   data required time
---------------------------------------------------------------------------------------------
                                             25.221004   data required time
                                             -3.839750   data arrival time
---------------------------------------------------------------------------------------------
                                             21.381254   slack (MET)


Startpoint: _426_ (rising edge-triggered flip-flop clocked by clk)
Endpoint: _462_ (rising edge-triggered flip-flop clocked by clk)
Path Group: clk
Path Type: max

Fanout         Cap        Slew       Delay        Time   Description
---------------------------------------------------------------------------------------------
                                  0.000000    0.000000   clock clk (rise edge)
                                  0.000000    0.000000   clock source latency
     2    0.019493    0.146390    0.099894    0.099894 ^ clk (in)
                                                         clk (net)
                      0.146398    0.000000    0.099894 ^ clkbuf_0_clk/A (sky130_fd_sc_hd__clkbuf_16)
    17    0.104516    0.183270    0.351977    0.451871 ^ clkbuf_0_clk/X (sky130_fd_sc_hd__clkbuf_16)
                                                         clknet_0_clk (net)
                      0.183951    0.008286    0.460158 ^ clkbuf_3_2__f_clk/A (sky130_fd_sc_hd__clkbuf_16)
    12    0.036241    0.089285    0.295908    0.756066 ^ clkbuf_3_2__f_clk/X (sky130_fd_sc_hd__clkbuf_16)
                                                         clknet_3_2__leaf_clk (net)
                      0.089338    0.001992    0.758058 ^ _426_/CLK (sky130_fd_sc_hd__dfrtp_1)
     1    0.002532    0.075387    0.640096    1.398154 ^ _426_/Q (sky130_fd_sc_hd__dfrtp_1)
                                                         TOP.top_rng_inst.ecstate.rollover_flag (net)
                      0.075387    0.000183    1.398337 ^ fanout29/A (sky130_fd_sc_hd__buf_2)
    19    0.053567    0.414847    0.442951    1.841288 ^ fanout29/X (sky130_fd_sc_hd__buf_2)
                                                         net29 (net)
                      0.414882    0.003245    1.844533 ^ fanout28/A (sky130_fd_sc_hd__clkbuf_2)
    10    0.033500    0.289921    0.491354    2.335886 ^ fanout28/X (sky130_fd_sc_hd__clkbuf_2)
                                                         net28 (net)
                      0.289929    0.001930    2.337817 ^ _379_/A_N (sky130_fd_sc_hd__and2b_1)
     2    0.007323    0.102104    0.480248    2.818065 v _379_/X (sky130_fd_sc_hd__and2b_1)
                                                         _173_ (net)
                      0.102104    0.000482    2.818547 v fanout19/A (sky130_fd_sc_hd__clkbuf_4)
    21    0.065250    0.237540    0.414116    3.232663 v fanout19/X (sky130_fd_sc_hd__clkbuf_4)
                                                         net19 (net)
                      0.237979    0.007563    3.240226 v _394_/B1 (sky130_fd_sc_hd__a221o_1)
     1    0.002606    0.089775    0.596443    3.836668 v _394_/X (sky130_fd_sc_hd__a221o_1)
                                                         _030_ (net)
                      0.089775    0.000187    3.836856 v _462_/D (sky130_fd_sc_hd__dfrtp_4)
                                              3.836856   data arrival time

                                 25.000000   25.000000   clock clk (rise edge)
                                  0.000000   25.000000   clock source latency
     2    0.019493    0.146390    0.099895   25.099894 ^ clk (in)
                                                         clk (net)
                      0.146398    0.000000   25.099894 ^ clkbuf_0_clk/A (sky130_fd_sc_hd__clkbuf_16)
    17    0.104516    0.183270    0.351976   25.451870 ^ clkbuf_0_clk/X (sky130_fd_sc_hd__clkbuf_16)
                                                         clknet_0_clk (net)
                      0.183584    0.005093   25.456963 ^ clkbuf_3_4__f_clk/A (sky130_fd_sc_hd__clkbuf_16)
     7    0.032306    0.083695    0.290322   25.747286 ^ clkbuf_3_4__f_clk/X (sky130_fd_sc_hd__clkbuf_16)
                                                         clknet_3_4__leaf_clk (net)
                      0.083749    0.001913   25.749199 ^ _462_/CLK (sky130_fd_sc_hd__dfrtp_4)
                                 -0.250000   25.499201   clock uncertainty
                                  0.000000   25.499201   clock reconvergence pessimism
                                 -0.279369   25.219830   library setup time
                                             25.219830   data required time
---------------------------------------------------------------------------------------------
                                             25.219830   data required time
                                             -3.836856   data arrival time
---------------------------------------------------------------------------------------------
                                             21.382975   slack (MET)


Startpoint: _426_ (rising edge-triggered flip-flop clocked by clk)
Endpoint: _467_ (rising edge-triggered flip-flop clocked by clk)
Path Group: clk
Path Type: max

Fanout         Cap        Slew       Delay        Time   Description
---------------------------------------------------------------------------------------------
                                  0.000000    0.000000   clock clk (rise edge)
                                  0.000000    0.000000   clock source latency
     2    0.019493    0.146390    0.099894    0.099894 ^ clk (in)
                                                         clk (net)
                      0.146398    0.000000    0.099894 ^ clkbuf_0_clk/A (sky130_fd_sc_hd__clkbuf_16)
    17    0.104516    0.183270    0.351977    0.451871 ^ clkbuf_0_clk/X (sky130_fd_sc_hd__clkbuf_16)
                                                         clknet_0_clk (net)
                      0.183951    0.008286    0.460158 ^ clkbuf_3_2__f_clk/A (sky130_fd_sc_hd__clkbuf_16)
    12    0.036241    0.089285    0.295908    0.756066 ^ clkbuf_3_2__f_clk/X (sky130_fd_sc_hd__clkbuf_16)
                                                         clknet_3_2__leaf_clk (net)
                      0.089338    0.001992    0.758058 ^ _426_/CLK (sky130_fd_sc_hd__dfrtp_1)
     1    0.002532    0.075387    0.640096    1.398154 ^ _426_/Q (sky130_fd_sc_hd__dfrtp_1)
                                                         TOP.top_rng_inst.ecstate.rollover_flag (net)
                      0.075387    0.000183    1.398337 ^ fanout29/A (sky130_fd_sc_hd__buf_2)
    19    0.053567    0.414847    0.442951    1.841288 ^ fanout29/X (sky130_fd_sc_hd__buf_2)
                                                         net29 (net)
                      0.414882    0.003245    1.844533 ^ fanout28/A (sky130_fd_sc_hd__clkbuf_2)
    10    0.033500    0.289921    0.491354    2.335886 ^ fanout28/X (sky130_fd_sc_hd__clkbuf_2)
                                                         net28 (net)
                      0.289929    0.001930    2.337817 ^ _379_/A_N (sky130_fd_sc_hd__and2b_1)
     2    0.007323    0.102104    0.480248    2.818065 v _379_/X (sky130_fd_sc_hd__and2b_1)
                                                         _173_ (net)
                      0.102104    0.000482    2.818547 v fanout19/A (sky130_fd_sc_hd__clkbuf_4)
    21    0.065250    0.237540    0.414116    3.232663 v fanout19/X (sky130_fd_sc_hd__clkbuf_4)
                                                         net19 (net)
                      0.237636    0.004589    3.237252 v _404_/B1 (sky130_fd_sc_hd__a221o_1)
     1    0.002818    0.091731    0.599618    3.836870 v _404_/X (sky130_fd_sc_hd__a221o_1)
                                                         _035_ (net)
                      0.091731    0.000176    3.837046 v _467_/D (sky130_fd_sc_hd__dfrtp_1)
                                              3.837046   data arrival time

                                 25.000000   25.000000   clock clk (rise edge)
                                  0.000000   25.000000   clock source latency
     2    0.019493    0.146390    0.099895   25.099894 ^ clk (in)
                                                         clk (net)
                      0.146398    0.000000   25.099894 ^ clkbuf_0_clk/A (sky130_fd_sc_hd__clkbuf_16)
    17    0.104516    0.183270    0.351976   25.451870 ^ clkbuf_0_clk/X (sky130_fd_sc_hd__clkbuf_16)
                                                         clknet_0_clk (net)
                      0.183892    0.007862   25.459732 ^ clkbuf_3_6__f_clk/A (sky130_fd_sc_hd__clkbuf_16)
     9    0.032624    0.084096    0.291111   25.750843 ^ clkbuf_3_6__f_clk/X (sky130_fd_sc_hd__clkbuf_16)
                                                         clknet_3_6__leaf_clk (net)
                      0.084141    0.001755   25.752600 ^ _467_/CLK (sky130_fd_sc_hd__dfrtp_1)
                                 -0.250000   25.502600   clock uncertainty
                                  0.000000   25.502600   clock reconvergence pessimism
                                 -0.281857   25.220743   library setup time
                                             25.220743   data required time
---------------------------------------------------------------------------------------------
                                             25.220743   data required time
                                             -3.837046   data arrival time
---------------------------------------------------------------------------------------------
                                             21.383698   slack (MET)


Startpoint: _426_ (rising edge-triggered flip-flop clocked by clk)
Endpoint: _461_ (rising edge-triggered flip-flop clocked by clk)
Path Group: clk
Path Type: max

Fanout         Cap        Slew       Delay        Time   Description
---------------------------------------------------------------------------------------------
                                  0.000000    0.000000   clock clk (rise edge)
                                  0.000000    0.000000   clock source latency
     2    0.019493    0.146390    0.099894    0.099894 ^ clk (in)
                                                         clk (net)
                      0.146398    0.000000    0.099894 ^ clkbuf_0_clk/A (sky130_fd_sc_hd__clkbuf_16)
    17    0.104516    0.183270    0.351977    0.451871 ^ clkbuf_0_clk/X (sky130_fd_sc_hd__clkbuf_16)
                                                         clknet_0_clk (net)
                      0.183951    0.008286    0.460158 ^ clkbuf_3_2__f_clk/A (sky130_fd_sc_hd__clkbuf_16)
    12    0.036241    0.089285    0.295908    0.756066 ^ clkbuf_3_2__f_clk/X (sky130_fd_sc_hd__clkbuf_16)
                                                         clknet_3_2__leaf_clk (net)
                      0.089338    0.001992    0.758058 ^ _426_/CLK (sky130_fd_sc_hd__dfrtp_1)
     1    0.002532    0.075387    0.640096    1.398154 ^ _426_/Q (sky130_fd_sc_hd__dfrtp_1)
                                                         TOP.top_rng_inst.ecstate.rollover_flag (net)
                      0.075387    0.000183    1.398337 ^ fanout29/A (sky130_fd_sc_hd__buf_2)
    19    0.053567    0.414847    0.442951    1.841288 ^ fanout29/X (sky130_fd_sc_hd__buf_2)
                                                         net29 (net)
                      0.414882    0.003245    1.844533 ^ fanout28/A (sky130_fd_sc_hd__clkbuf_2)
    10    0.033500    0.289921    0.491354    2.335886 ^ fanout28/X (sky130_fd_sc_hd__clkbuf_2)
                                                         net28 (net)
                      0.289929    0.001930    2.337817 ^ _379_/A_N (sky130_fd_sc_hd__and2b_1)
     2    0.007323    0.102104    0.480248    2.818065 v _379_/X (sky130_fd_sc_hd__and2b_1)
                                                         _173_ (net)
                      0.102104    0.000482    2.818547 v fanout19/A (sky130_fd_sc_hd__clkbuf_4)
    21    0.065250    0.237540    0.414116    3.232663 v fanout19/X (sky130_fd_sc_hd__clkbuf_4)
                                                         net19 (net)
                      0.237995    0.007734    3.240397 v _392_/B1 (sky130_fd_sc_hd__a221o_1)
     1    0.002484    0.088472    0.594566    3.834963 v _392_/X (sky130_fd_sc_hd__a221o_1)
                                                         _029_ (net)
                      0.088472    0.000168    3.835130 v _461_/D (sky130_fd_sc_hd__dfrtp_1)
                                              3.835130   data arrival time

                                 25.000000   25.000000   clock clk (rise edge)
                                  0.000000   25.000000   clock source latency
     2    0.019493    0.146390    0.099895   25.099894 ^ clk (in)
                                                         clk (net)
                      0.146398    0.000000   25.099894 ^ clkbuf_0_clk/A (sky130_fd_sc_hd__clkbuf_16)
    17    0.104516    0.183270    0.351976   25.451870 ^ clkbuf_0_clk/X (sky130_fd_sc_hd__clkbuf_16)
                                                         clknet_0_clk (net)
                      0.183586    0.005111   25.456982 ^ clkbuf_3_5__f_clk/A (sky130_fd_sc_hd__clkbuf_16)
    10    0.034174    0.086300    0.293035   25.750015 ^ clkbuf_3_5__f_clk/X (sky130_fd_sc_hd__clkbuf_16)
                                                         clknet_3_5__leaf_clk (net)
                      0.086329    0.001513   25.751530 ^ _461_/CLK (sky130_fd_sc_hd__dfrtp_1)
                                 -0.250000   25.501530   clock uncertainty
                                  0.000000   25.501530   clock reconvergence pessimism
                                 -0.279914   25.221615   library setup time
                                             25.221615   data required time
---------------------------------------------------------------------------------------------
                                             25.221615   data required time
                                             -3.835130   data arrival time
---------------------------------------------------------------------------------------------
                                             21.386484   slack (MET)


Startpoint: _426_ (rising edge-triggered flip-flop clocked by clk)
Endpoint: _460_ (rising edge-triggered flip-flop clocked by clk)
Path Group: clk
Path Type: max

Fanout         Cap        Slew       Delay        Time   Description
---------------------------------------------------------------------------------------------
                                  0.000000    0.000000   clock clk (rise edge)
                                  0.000000    0.000000   clock source latency
     2    0.019493    0.146390    0.099894    0.099894 ^ clk (in)
                                                         clk (net)
                      0.146398    0.000000    0.099894 ^ clkbuf_0_clk/A (sky130_fd_sc_hd__clkbuf_16)
    17    0.104516    0.183270    0.351977    0.451871 ^ clkbuf_0_clk/X (sky130_fd_sc_hd__clkbuf_16)
                                                         clknet_0_clk (net)
                      0.183951    0.008286    0.460158 ^ clkbuf_3_2__f_clk/A (sky130_fd_sc_hd__clkbuf_16)
    12    0.036241    0.089285    0.295908    0.756066 ^ clkbuf_3_2__f_clk/X (sky130_fd_sc_hd__clkbuf_16)
                                                         clknet_3_2__leaf_clk (net)
                      0.089338    0.001992    0.758058 ^ _426_/CLK (sky130_fd_sc_hd__dfrtp_1)
     1    0.002532    0.075387    0.640096    1.398154 ^ _426_/Q (sky130_fd_sc_hd__dfrtp_1)
                                                         TOP.top_rng_inst.ecstate.rollover_flag (net)
                      0.075387    0.000183    1.398337 ^ fanout29/A (sky130_fd_sc_hd__buf_2)
    19    0.053567    0.414847    0.442951    1.841288 ^ fanout29/X (sky130_fd_sc_hd__buf_2)
                                                         net29 (net)
                      0.414882    0.003245    1.844533 ^ fanout28/A (sky130_fd_sc_hd__clkbuf_2)
    10    0.033500    0.289921    0.491354    2.335886 ^ fanout28/X (sky130_fd_sc_hd__clkbuf_2)
                                                         net28 (net)
                      0.289929    0.001930    2.337817 ^ _379_/A_N (sky130_fd_sc_hd__and2b_1)
     2    0.007323    0.102104    0.480248    2.818065 v _379_/X (sky130_fd_sc_hd__and2b_1)
                                                         _173_ (net)
                      0.102104    0.000482    2.818547 v fanout19/A (sky130_fd_sc_hd__clkbuf_4)
    21    0.065250    0.237540    0.414116    3.232663 v fanout19/X (sky130_fd_sc_hd__clkbuf_4)
                                                         net19 (net)
                      0.238035    0.008132    3.240795 v _390_/B1 (sky130_fd_sc_hd__a221o_1)
     1    0.002134    0.085011    0.589163    3.829959 v _390_/X (sky130_fd_sc_hd__a221o_1)
                                                         _028_ (net)
                      0.085011    0.000150    3.830109 v _460_/D (sky130_fd_sc_hd__dfrtp_1)
                                              3.830109   data arrival time

                                 25.000000   25.000000   clock clk (rise edge)
                                  0.000000   25.000000   clock source latency
     2    0.019493    0.146390    0.099895   25.099894 ^ clk (in)
                                                         clk (net)
                      0.146398    0.000000   25.099894 ^ clkbuf_0_clk/A (sky130_fd_sc_hd__clkbuf_16)
    17    0.104516    0.183270    0.351976   25.451870 ^ clkbuf_0_clk/X (sky130_fd_sc_hd__clkbuf_16)
                                                         clknet_0_clk (net)
                      0.183586    0.005111   25.456982 ^ clkbuf_3_5__f_clk/A (sky130_fd_sc_hd__clkbuf_16)
    10    0.034174    0.086300    0.293035   25.750015 ^ clkbuf_3_5__f_clk/X (sky130_fd_sc_hd__clkbuf_16)
                                                         clknet_3_5__leaf_clk (net)
                      0.086361    0.002057   25.752073 ^ _460_/CLK (sky130_fd_sc_hd__dfrtp_1)
                                 -0.250000   25.502073   clock uncertainty
                                  0.000000   25.502073   clock reconvergence pessimism
                                 -0.278463   25.223610   library setup time
                                             25.223610   data required time
---------------------------------------------------------------------------------------------
                                             25.223610   data required time
                                             -3.830109   data arrival time
---------------------------------------------------------------------------------------------
                                             21.393501   slack (MET)


Startpoint: _426_ (rising edge-triggered flip-flop clocked by clk)
Endpoint: _458_ (rising edge-triggered flip-flop clocked by clk)
Path Group: clk
Path Type: max

Fanout         Cap        Slew       Delay        Time   Description
---------------------------------------------------------------------------------------------
                                  0.000000    0.000000   clock clk (rise edge)
                                  0.000000    0.000000   clock source latency
     2    0.019493    0.146390    0.099894    0.099894 ^ clk (in)
                                                         clk (net)
                      0.146398    0.000000    0.099894 ^ clkbuf_0_clk/A (sky130_fd_sc_hd__clkbuf_16)
    17    0.104516    0.183270    0.351977    0.451871 ^ clkbuf_0_clk/X (sky130_fd_sc_hd__clkbuf_16)
                                                         clknet_0_clk (net)
                      0.183951    0.008286    0.460158 ^ clkbuf_3_2__f_clk/A (sky130_fd_sc_hd__clkbuf_16)
    12    0.036241    0.089285    0.295908    0.756066 ^ clkbuf_3_2__f_clk/X (sky130_fd_sc_hd__clkbuf_16)
                                                         clknet_3_2__leaf_clk (net)
                      0.089338    0.001992    0.758058 ^ _426_/CLK (sky130_fd_sc_hd__dfrtp_1)
     1    0.002532    0.075387    0.640096    1.398154 ^ _426_/Q (sky130_fd_sc_hd__dfrtp_1)
                                                         TOP.top_rng_inst.ecstate.rollover_flag (net)
                      0.075387    0.000183    1.398337 ^ fanout29/A (sky130_fd_sc_hd__buf_2)
    19    0.053567    0.414847    0.442951    1.841288 ^ fanout29/X (sky130_fd_sc_hd__buf_2)
                                                         net29 (net)
                      0.414882    0.003245    1.844533 ^ fanout28/A (sky130_fd_sc_hd__clkbuf_2)
    10    0.033500    0.289921    0.491354    2.335886 ^ fanout28/X (sky130_fd_sc_hd__clkbuf_2)
                                                         net28 (net)
                      0.289929    0.001930    2.337817 ^ _379_/A_N (sky130_fd_sc_hd__and2b_1)
     2    0.007323    0.102104    0.480248    2.818065 v _379_/X (sky130_fd_sc_hd__and2b_1)
                                                         _173_ (net)
                      0.102104    0.000482    2.818547 v fanout19/A (sky130_fd_sc_hd__clkbuf_4)
    21    0.065250    0.237540    0.414116    3.232663 v fanout19/X (sky130_fd_sc_hd__clkbuf_4)
                                                         net19 (net)
                      0.238206    0.009644    3.242307 v _386_/B1 (sky130_fd_sc_hd__a221o_1)
     1    0.002281    0.086485    0.591506    3.833812 v _386_/X (sky130_fd_sc_hd__a221o_1)
                                                         _026_ (net)
                      0.086485    0.000167    3.833979 v _458_/D (sky130_fd_sc_hd__dfrtp_2)
                                              3.833979   data arrival time

                                 25.000000   25.000000   clock clk (rise edge)
                                  0.000000   25.000000   clock source latency
     2    0.019493    0.146390    0.099895   25.099894 ^ clk (in)
                                                         clk (net)
                      0.146398    0.000000   25.099894 ^ clkbuf_0_clk/A (sky130_fd_sc_hd__clkbuf_16)
    17    0.104516    0.183270    0.351976   25.451870 ^ clkbuf_0_clk/X (sky130_fd_sc_hd__clkbuf_16)
                                                         clknet_0_clk (net)
                      0.183690    0.006198   25.458069 ^ clkbuf_3_1__f_clk/A (sky130_fd_sc_hd__clkbuf_16)
    12    0.042726    0.097318    0.304698   25.762768 ^ clkbuf_3_1__f_clk/X (sky130_fd_sc_hd__clkbuf_16)
                                                         clknet_3_1__leaf_clk (net)
                      0.097539    0.003219   25.765985 ^ _458_/CLK (sky130_fd_sc_hd__dfrtp_2)
                                 -0.250000   25.515987   clock uncertainty
                                  0.000000   25.515987   clock reconvergence pessimism
                                 -0.276153   25.239832   library setup time
                                             25.239832   data required time
---------------------------------------------------------------------------------------------
                                             25.239832   data required time
                                             -3.833979   data arrival time
---------------------------------------------------------------------------------------------
                                             21.405853   slack (MET)


Startpoint: _426_ (rising edge-triggered flip-flop clocked by clk)
Endpoint: _456_ (rising edge-triggered flip-flop clocked by clk)
Path Group: clk
Path Type: max

Fanout         Cap        Slew       Delay        Time   Description
---------------------------------------------------------------------------------------------
                                  0.000000    0.000000   clock clk (rise edge)
                                  0.000000    0.000000   clock source latency
     2    0.019493    0.146390    0.099894    0.099894 ^ clk (in)
                                                         clk (net)
                      0.146398    0.000000    0.099894 ^ clkbuf_0_clk/A (sky130_fd_sc_hd__clkbuf_16)
    17    0.104516    0.183270    0.351977    0.451871 ^ clkbuf_0_clk/X (sky130_fd_sc_hd__clkbuf_16)
                                                         clknet_0_clk (net)
                      0.183951    0.008286    0.460158 ^ clkbuf_3_2__f_clk/A (sky130_fd_sc_hd__clkbuf_16)
    12    0.036241    0.089285    0.295908    0.756066 ^ clkbuf_3_2__f_clk/X (sky130_fd_sc_hd__clkbuf_16)
                                                         clknet_3_2__leaf_clk (net)
                      0.089338    0.001992    0.758058 ^ _426_/CLK (sky130_fd_sc_hd__dfrtp_1)
     1    0.002532    0.075387    0.640096    1.398154 ^ _426_/Q (sky130_fd_sc_hd__dfrtp_1)
                                                         TOP.top_rng_inst.ecstate.rollover_flag (net)
                      0.075387    0.000183    1.398337 ^ fanout29/A (sky130_fd_sc_hd__buf_2)
    19    0.053567    0.414847    0.442951    1.841288 ^ fanout29/X (sky130_fd_sc_hd__buf_2)
                                                         net29 (net)
                      0.414882    0.003245    1.844533 ^ fanout28/A (sky130_fd_sc_hd__clkbuf_2)
    10    0.033500    0.289921    0.491354    2.335886 ^ fanout28/X (sky130_fd_sc_hd__clkbuf_2)
                                                         net28 (net)
                      0.289929    0.001930    2.337817 ^ _379_/A_N (sky130_fd_sc_hd__and2b_1)
     2    0.007323    0.102104    0.480248    2.818065 v _379_/X (sky130_fd_sc_hd__and2b_1)
                                                         _173_ (net)
                      0.102104    0.000482    2.818547 v fanout19/A (sky130_fd_sc_hd__clkbuf_4)
    21    0.065250    0.237540    0.414116    3.232663 v fanout19/X (sky130_fd_sc_hd__clkbuf_4)
                                                         net19 (net)
                      0.238123    0.008948    3.241611 v _380_/B1 (sky130_fd_sc_hd__o21a_1)
     1    0.002345    0.060985    0.262280    3.503891 v _380_/X (sky130_fd_sc_hd__o21a_1)
                                                         _174_ (net)
                      0.060985    0.000109    3.504000 v _382_/A2 (sky130_fd_sc_hd__a21o_1)
     1    0.003102    0.062501    0.311793    3.815793 v _382_/X (sky130_fd_sc_hd__a21o_1)
                                                         _024_ (net)
                      0.062543    0.000216    3.816009 v _456_/D (sky130_fd_sc_hd__dfrtp_1)
                                              3.816009   data arrival time

                                 25.000000   25.000000   clock clk (rise edge)
                                  0.000000   25.000000   clock source latency
     2    0.019493    0.146390    0.099895   25.099894 ^ clk (in)
                                                         clk (net)
                      0.146398    0.000000   25.099894 ^ clkbuf_0_clk/A (sky130_fd_sc_hd__clkbuf_16)
    17    0.104516    0.183270    0.351976   25.451870 ^ clkbuf_0_clk/X (sky130_fd_sc_hd__clkbuf_16)
                                                         clknet_0_clk (net)
                      0.183586    0.005111   25.456982 ^ clkbuf_3_5__f_clk/A (sky130_fd_sc_hd__clkbuf_16)
    10    0.034174    0.086300    0.293035   25.750015 ^ clkbuf_3_5__f_clk/X (sky130_fd_sc_hd__clkbuf_16)
                                                         clknet_3_5__leaf_clk (net)
                      0.086363    0.002085   25.752102 ^ _456_/CLK (sky130_fd_sc_hd__dfrtp_1)
                                 -0.250000   25.502102   clock uncertainty
                                  0.000000   25.502102   clock reconvergence pessimism
                                 -0.269095   25.233007   library setup time
                                             25.233007   data required time
---------------------------------------------------------------------------------------------
                                             25.233007   data required time
                                             -3.816009   data arrival time
---------------------------------------------------------------------------------------------
                                             21.416998   slack (MET)


Startpoint: _427_ (rising edge-triggered flip-flop clocked by clk)
Endpoint: _434_ (rising edge-triggered flip-flop clocked by clk)
Path Group: clk
Path Type: max

Fanout         Cap        Slew       Delay        Time   Description
---------------------------------------------------------------------------------------------
                                  0.000000    0.000000   clock clk (rise edge)
                                  0.000000    0.000000   clock source latency
     2    0.019493    0.146390    0.099894    0.099894 ^ clk (in)
                                                         clk (net)
                      0.146398    0.000000    0.099894 ^ clkbuf_0_clk/A (sky130_fd_sc_hd__clkbuf_16)
    17    0.104516    0.183270    0.351977    0.451871 ^ clkbuf_0_clk/X (sky130_fd_sc_hd__clkbuf_16)
                                                         clknet_0_clk (net)
                      0.183654    0.005848    0.457719 ^ clkbuf_3_0__f_clk/A (sky130_fd_sc_hd__clkbuf_16)
     9    0.029795    0.080186    0.287009    0.744728 ^ clkbuf_3_0__f_clk/X (sky130_fd_sc_hd__clkbuf_16)
                                                         clknet_3_0__leaf_clk (net)
                      0.080236    0.001766    0.746494 ^ _427_/CLK (sky130_fd_sc_hd__dfrtp_2)
     6    0.018375    0.145116    0.900770    1.647264 v _427_/Q (sky130_fd_sc_hd__dfrtp_2)
                                                         TOP.top_rng_inst.ecstate.count_out[0] (net)
                      0.145116    0.001105    1.648369 v _198_/D (sky130_fd_sc_hd__and4_1)
     6    0.017741    0.187100    0.558649    2.207018 v _198_/X (sky130_fd_sc_hd__and4_1)
                                                         _046_ (net)
                      0.187102    0.001081    2.208099 v _200_/C (sky130_fd_sc_hd__and3_1)
     3    0.007061    0.105338    0.456684    2.664783 v _200_/X (sky130_fd_sc_hd__and3_1)
                                                         _048_ (net)
                      0.105338    0.000419    2.665202 v _201_/B (sky130_fd_sc_hd__and2_1)
     2    0.005143    0.087045    0.352796    3.017998 v _201_/X (sky130_fd_sc_hd__and2_1)
                                                         _049_ (net)
                      0.087045    0.000177    3.018175 v _202_/B (sky130_fd_sc_hd__or2_1)
     1    0.002386    0.092377    0.455164    3.473339 v _202_/X (sky130_fd_sc_hd__or2_1)
                                                         _050_ (net)
                      0.092377    0.000144    3.473482 v _206_/A (sky130_fd_sc_hd__and3_1)
     1    0.002747    0.070154    0.299487    3.772969 v _206_/X (sky130_fd_sc_hd__and3_1)
                                                         TOP.top_rng_inst.ecstate.next_count[7] (net)
                      0.070154    0.000204    3.773173 v _434_/D (sky130_fd_sc_hd__dfrtp_1)
                                              3.773173   data arrival time

                                 25.000000   25.000000   clock clk (rise edge)
                                  0.000000   25.000000   clock source latency
     2    0.019493    0.146390    0.099895   25.099894 ^ clk (in)
                                                         clk (net)
                      0.146398    0.000000   25.099894 ^ clkbuf_0_clk/A (sky130_fd_sc_hd__clkbuf_16)
    17    0.104516    0.183270    0.351976   25.451870 ^ clkbuf_0_clk/X (sky130_fd_sc_hd__clkbuf_16)
                                                         clknet_0_clk (net)
                      0.183951    0.008287   25.460157 ^ clkbuf_3_2__f_clk/A (sky130_fd_sc_hd__clkbuf_16)
    12    0.036241    0.089285    0.295907   25.756065 ^ clkbuf_3_2__f_clk/X (sky130_fd_sc_hd__clkbuf_16)
                                                         clknet_3_2__leaf_clk (net)
                      0.089358    0.002286   25.758350 ^ _434_/CLK (sky130_fd_sc_hd__dfrtp_1)
                                 -0.250000   25.508352   clock uncertainty
                                  0.000000   25.508352   clock reconvergence pessimism
                                 -0.271470   25.236881   library setup time
                                             25.236881   data required time
---------------------------------------------------------------------------------------------
                                             25.236881   data required time
                                             -3.773173   data arrival time
---------------------------------------------------------------------------------------------
                                             21.463707   slack (MET)


Startpoint: _426_ (rising edge-triggered flip-flop clocked by clk)
Endpoint: _471_ (rising edge-triggered flip-flop clocked by clk)
Path Group: clk
Path Type: max

Fanout         Cap        Slew       Delay        Time   Description
---------------------------------------------------------------------------------------------
                                  0.000000    0.000000   clock clk (rise edge)
                                  0.000000    0.000000   clock source latency
     2    0.019493    0.146390    0.099894    0.099894 ^ clk (in)
                                                         clk (net)
                      0.146398    0.000000    0.099894 ^ clkbuf_0_clk/A (sky130_fd_sc_hd__clkbuf_16)
    17    0.104516    0.183270    0.351977    0.451871 ^ clkbuf_0_clk/X (sky130_fd_sc_hd__clkbuf_16)
                                                         clknet_0_clk (net)
                      0.183951    0.008286    0.460158 ^ clkbuf_3_2__f_clk/A (sky130_fd_sc_hd__clkbuf_16)
    12    0.036241    0.089285    0.295908    0.756066 ^ clkbuf_3_2__f_clk/X (sky130_fd_sc_hd__clkbuf_16)
                                                         clknet_3_2__leaf_clk (net)
                      0.089338    0.001992    0.758058 ^ _426_/CLK (sky130_fd_sc_hd__dfrtp_1)
     1    0.002532    0.075387    0.640096    1.398154 ^ _426_/Q (sky130_fd_sc_hd__dfrtp_1)
                                                         TOP.top_rng_inst.ecstate.rollover_flag (net)
                      0.075387    0.000183    1.398337 ^ fanout29/A (sky130_fd_sc_hd__buf_2)
    19    0.053567    0.414847    0.442951    1.841288 ^ fanout29/X (sky130_fd_sc_hd__buf_2)
                                                         net29 (net)
                      0.414882    0.003245    1.844533 ^ fanout28/A (sky130_fd_sc_hd__clkbuf_2)
    10    0.033500    0.289921    0.491354    2.335886 ^ fanout28/X (sky130_fd_sc_hd__clkbuf_2)
                                                         net28 (net)
                      0.289929    0.001930    2.337817 ^ _379_/A_N (sky130_fd_sc_hd__and2b_1)
     2    0.007323    0.102104    0.480248    2.818065 v _379_/X (sky130_fd_sc_hd__and2b_1)
                                                         _173_ (net)
                      0.102104    0.000409    2.818474 v fanout20/A (sky130_fd_sc_hd__clkbuf_2)
     6    0.026982    0.193524    0.315712    3.134186 v fanout20/X (sky130_fd_sc_hd__clkbuf_2)
                                                         net20 (net)
                      0.193566    0.002792    3.136977 v _412_/B1 (sky130_fd_sc_hd__a221o_1)
     1    0.002744    0.091017    0.582616    3.719593 v _412_/X (sky130_fd_sc_hd__a221o_1)
                                                         _039_ (net)
                      0.091017    0.000176    3.719769 v _471_/D (sky130_fd_sc_hd__dfrtp_1)
                                              3.719769   data arrival time

                                 25.000000   25.000000   clock clk (rise edge)
                                  0.000000   25.000000   clock source latency
     2    0.019493    0.146390    0.099895   25.099894 ^ clk (in)
                                                         clk (net)
                      0.146398    0.000000   25.099894 ^ clkbuf_0_clk/A (sky130_fd_sc_hd__clkbuf_16)
    17    0.104516    0.183270    0.351976   25.451870 ^ clkbuf_0_clk/X (sky130_fd_sc_hd__clkbuf_16)
                                                         clknet_0_clk (net)
                      0.183586    0.005111   25.456982 ^ clkbuf_3_5__f_clk/A (sky130_fd_sc_hd__clkbuf_16)
    10    0.034174    0.086300    0.293035   25.750015 ^ clkbuf_3_5__f_clk/X (sky130_fd_sc_hd__clkbuf_16)
                                                         clknet_3_5__leaf_clk (net)
                      0.086335    0.001627   25.751644 ^ _471_/CLK (sky130_fd_sc_hd__dfrtp_1)
                                 -0.250000   25.501644   clock uncertainty
                                  0.000000   25.501644   clock reconvergence pessimism
                                 -0.280974   25.220671   library setup time
                                             25.220671   data required time
---------------------------------------------------------------------------------------------
                                             25.220671   data required time
                                             -3.719769   data arrival time
---------------------------------------------------------------------------------------------
                                             21.500902   slack (MET)


Startpoint: _426_ (rising edge-triggered flip-flop clocked by clk)
Endpoint: _465_ (rising edge-triggered flip-flop clocked by clk)
Path Group: clk
Path Type: max

Fanout         Cap        Slew       Delay        Time   Description
---------------------------------------------------------------------------------------------
                                  0.000000    0.000000   clock clk (rise edge)
                                  0.000000    0.000000   clock source latency
     2    0.019493    0.146390    0.099894    0.099894 ^ clk (in)
                                                         clk (net)
                      0.146398    0.000000    0.099894 ^ clkbuf_0_clk/A (sky130_fd_sc_hd__clkbuf_16)
    17    0.104516    0.183270    0.351977    0.451871 ^ clkbuf_0_clk/X (sky130_fd_sc_hd__clkbuf_16)
                                                         clknet_0_clk (net)
                      0.183951    0.008286    0.460158 ^ clkbuf_3_2__f_clk/A (sky130_fd_sc_hd__clkbuf_16)
    12    0.036241    0.089285    0.295908    0.756066 ^ clkbuf_3_2__f_clk/X (sky130_fd_sc_hd__clkbuf_16)
                                                         clknet_3_2__leaf_clk (net)
                      0.089338    0.001992    0.758058 ^ _426_/CLK (sky130_fd_sc_hd__dfrtp_1)
     1    0.002532    0.075387    0.640096    1.398154 ^ _426_/Q (sky130_fd_sc_hd__dfrtp_1)
                                                         TOP.top_rng_inst.ecstate.rollover_flag (net)
                      0.075387    0.000183    1.398337 ^ fanout29/A (sky130_fd_sc_hd__buf_2)
    19    0.053567    0.414847    0.442951    1.841288 ^ fanout29/X (sky130_fd_sc_hd__buf_2)
                                                         net29 (net)
                      0.414882    0.003245    1.844533 ^ fanout28/A (sky130_fd_sc_hd__clkbuf_2)
    10    0.033500    0.289921    0.491354    2.335886 ^ fanout28/X (sky130_fd_sc_hd__clkbuf_2)
                                                         net28 (net)
                      0.289929    0.001930    2.337817 ^ _379_/A_N (sky130_fd_sc_hd__and2b_1)
     2    0.007323    0.102104    0.480248    2.818065 v _379_/X (sky130_fd_sc_hd__and2b_1)
                                                         _173_ (net)
                      0.102104    0.000409    2.818474 v fanout20/A (sky130_fd_sc_hd__clkbuf_2)
     6    0.026982    0.193524    0.315712    3.134186 v fanout20/X (sky130_fd_sc_hd__clkbuf_2)
                                                         net20 (net)
                      0.193524    0.000776    3.134962 v _400_/B1 (sky130_fd_sc_hd__a221o_1)
     1    0.002565    0.089278    0.579843    3.714805 v _400_/X (sky130_fd_sc_hd__a221o_1)
                                                         _033_ (net)
                      0.089278    0.000168    3.714973 v _465_/D (sky130_fd_sc_hd__dfrtp_1)
                                              3.714973   data arrival time

                                 25.000000   25.000000   clock clk (rise edge)
                                  0.000000   25.000000   clock source latency
     2    0.019493    0.146390    0.099895   25.099894 ^ clk (in)
                                                         clk (net)
                      0.146398    0.000000   25.099894 ^ clkbuf_0_clk/A (sky130_fd_sc_hd__clkbuf_16)
    17    0.104516    0.183270    0.351976   25.451870 ^ clkbuf_0_clk/X (sky130_fd_sc_hd__clkbuf_16)
                                                         clknet_0_clk (net)
                      0.183897    0.007898   25.459768 ^ clkbuf_3_3__f_clk/A (sky130_fd_sc_hd__clkbuf_16)
     9    0.034005    0.086042    0.292996   25.752764 ^ clkbuf_3_3__f_clk/X (sky130_fd_sc_hd__clkbuf_16)
                                                         clknet_3_3__leaf_clk (net)
                      0.086101    0.002018   25.754782 ^ _465_/CLK (sky130_fd_sc_hd__dfrtp_1)
                                 -0.250000   25.504784   clock uncertainty
                                  0.000000   25.504784   clock reconvergence pessimism
                                 -0.280311   25.224472   library setup time
                                             25.224472   data required time
---------------------------------------------------------------------------------------------
                                             25.224472   data required time
                                             -3.714973   data arrival time
---------------------------------------------------------------------------------------------
                                             21.509499   slack (MET)


Startpoint: _426_ (rising edge-triggered flip-flop clocked by clk)
Endpoint: _470_ (rising edge-triggered flip-flop clocked by clk)
Path Group: clk
Path Type: max

Fanout         Cap        Slew       Delay        Time   Description
---------------------------------------------------------------------------------------------
                                  0.000000    0.000000   clock clk (rise edge)
                                  0.000000    0.000000   clock source latency
     2    0.019493    0.146390    0.099894    0.099894 ^ clk (in)
                                                         clk (net)
                      0.146398    0.000000    0.099894 ^ clkbuf_0_clk/A (sky130_fd_sc_hd__clkbuf_16)
    17    0.104516    0.183270    0.351977    0.451871 ^ clkbuf_0_clk/X (sky130_fd_sc_hd__clkbuf_16)
                                                         clknet_0_clk (net)
                      0.183951    0.008286    0.460158 ^ clkbuf_3_2__f_clk/A (sky130_fd_sc_hd__clkbuf_16)
    12    0.036241    0.089285    0.295908    0.756066 ^ clkbuf_3_2__f_clk/X (sky130_fd_sc_hd__clkbuf_16)
                                                         clknet_3_2__leaf_clk (net)
                      0.089338    0.001992    0.758058 ^ _426_/CLK (sky130_fd_sc_hd__dfrtp_1)
     1    0.002532    0.075387    0.640096    1.398154 ^ _426_/Q (sky130_fd_sc_hd__dfrtp_1)
                                                         TOP.top_rng_inst.ecstate.rollover_flag (net)
                      0.075387    0.000183    1.398337 ^ fanout29/A (sky130_fd_sc_hd__buf_2)
    19    0.053567    0.414847    0.442951    1.841288 ^ fanout29/X (sky130_fd_sc_hd__buf_2)
                                                         net29 (net)
                      0.414882    0.003245    1.844533 ^ fanout28/A (sky130_fd_sc_hd__clkbuf_2)
    10    0.033500    0.289921    0.491354    2.335886 ^ fanout28/X (sky130_fd_sc_hd__clkbuf_2)
                                                         net28 (net)
                      0.289929    0.001930    2.337817 ^ _379_/A_N (sky130_fd_sc_hd__and2b_1)
     2    0.007323    0.102104    0.480248    2.818065 v _379_/X (sky130_fd_sc_hd__and2b_1)
                                                         _173_ (net)
                      0.102104    0.000409    2.818474 v fanout20/A (sky130_fd_sc_hd__clkbuf_2)
     6    0.026982    0.193524    0.315712    3.134186 v fanout20/X (sky130_fd_sc_hd__clkbuf_2)
                                                         net20 (net)
                      0.193563    0.002689    3.136875 v _410_/B1 (sky130_fd_sc_hd__a221o_1)
     1    0.002491    0.088638    0.578703    3.715578 v _410_/X (sky130_fd_sc_hd__a221o_1)
                                                         _038_ (net)
                      0.088638    0.000166    3.715744 v _470_/D (sky130_fd_sc_hd__dfrtp_1)
                                              3.715744   data arrival time

                                 25.000000   25.000000   clock clk (rise edge)
                                  0.000000   25.000000   clock source latency
     2    0.019493    0.146390    0.099895   25.099894 ^ clk (in)
                                                         clk (net)
                      0.146398    0.000000   25.099894 ^ clkbuf_0_clk/A (sky130_fd_sc_hd__clkbuf_16)
    17    0.104516    0.183270    0.351976   25.451870 ^ clkbuf_0_clk/X (sky130_fd_sc_hd__clkbuf_16)
                                                         clknet_0_clk (net)
                      0.183975    0.008450   25.460321 ^ clkbuf_3_7__f_clk/A (sky130_fd_sc_hd__clkbuf_16)
    10    0.034553    0.086789    0.293911   25.754232 ^ clkbuf_3_7__f_clk/X (sky130_fd_sc_hd__clkbuf_16)
                                                         clknet_3_7__leaf_clk (net)
                      0.086824    0.001624   25.755856 ^ _470_/CLK (sky130_fd_sc_hd__dfrtp_1)
                                 -0.250000   25.505856   clock uncertainty
                                  0.000000   25.505856   clock reconvergence pessimism
                                 -0.279852   25.226006   library setup time
                                             25.226006   data required time
---------------------------------------------------------------------------------------------
                                             25.226006   data required time
                                             -3.715744   data arrival time
---------------------------------------------------------------------------------------------
                                             21.510262   slack (MET)


Startpoint: _426_ (rising edge-triggered flip-flop clocked by clk)
Endpoint: _464_ (rising edge-triggered flip-flop clocked by clk)
Path Group: clk
Path Type: max

Fanout         Cap        Slew       Delay        Time   Description
---------------------------------------------------------------------------------------------
                                  0.000000    0.000000   clock clk (rise edge)
                                  0.000000    0.000000   clock source latency
     2    0.019493    0.146390    0.099894    0.099894 ^ clk (in)
                                                         clk (net)
                      0.146398    0.000000    0.099894 ^ clkbuf_0_clk/A (sky130_fd_sc_hd__clkbuf_16)
    17    0.104516    0.183270    0.351977    0.451871 ^ clkbuf_0_clk/X (sky130_fd_sc_hd__clkbuf_16)
                                                         clknet_0_clk (net)
                      0.183951    0.008286    0.460158 ^ clkbuf_3_2__f_clk/A (sky130_fd_sc_hd__clkbuf_16)
    12    0.036241    0.089285    0.295908    0.756066 ^ clkbuf_3_2__f_clk/X (sky130_fd_sc_hd__clkbuf_16)
                                                         clknet_3_2__leaf_clk (net)
                      0.089338    0.001992    0.758058 ^ _426_/CLK (sky130_fd_sc_hd__dfrtp_1)
     1    0.002532    0.075387    0.640096    1.398154 ^ _426_/Q (sky130_fd_sc_hd__dfrtp_1)
                                                         TOP.top_rng_inst.ecstate.rollover_flag (net)
                      0.075387    0.000183    1.398337 ^ fanout29/A (sky130_fd_sc_hd__buf_2)
    19    0.053567    0.414847    0.442951    1.841288 ^ fanout29/X (sky130_fd_sc_hd__buf_2)
                                                         net29 (net)
                      0.414882    0.003245    1.844533 ^ fanout28/A (sky130_fd_sc_hd__clkbuf_2)
    10    0.033500    0.289921    0.491354    2.335886 ^ fanout28/X (sky130_fd_sc_hd__clkbuf_2)
                                                         net28 (net)
                      0.289929    0.001930    2.337817 ^ _379_/A_N (sky130_fd_sc_hd__and2b_1)
     2    0.007323    0.102104    0.480248    2.818065 v _379_/X (sky130_fd_sc_hd__and2b_1)
                                                         _173_ (net)
                      0.102104    0.000409    2.818474 v fanout20/A (sky130_fd_sc_hd__clkbuf_2)
     6    0.026982    0.193524    0.315712    3.134186 v fanout20/X (sky130_fd_sc_hd__clkbuf_2)
                                                         net20 (net)
                      0.193524    0.000823    3.135009 v _398_/B1 (sky130_fd_sc_hd__a221o_1)
     1    0.002361    0.087344    0.576676    3.711685 v _398_/X (sky130_fd_sc_hd__a221o_1)
                                                         _032_ (net)
                      0.087344    0.000159    3.711844 v _464_/D (sky130_fd_sc_hd__dfrtp_1)
                                              3.711844   data arrival time

                                 25.000000   25.000000   clock clk (rise edge)
                                  0.000000   25.000000   clock source latency
     2    0.019493    0.146390    0.099895   25.099894 ^ clk (in)
                                                         clk (net)
                      0.146398    0.000000   25.099894 ^ clkbuf_0_clk/A (sky130_fd_sc_hd__clkbuf_16)
    17    0.104516    0.183270    0.351976   25.451870 ^ clkbuf_0_clk/X (sky130_fd_sc_hd__clkbuf_16)
                                                         clknet_0_clk (net)
                      0.183897    0.007898   25.459768 ^ clkbuf_3_3__f_clk/A (sky130_fd_sc_hd__clkbuf_16)
     9    0.034005    0.086042    0.292996   25.752764 ^ clkbuf_3_3__f_clk/X (sky130_fd_sc_hd__clkbuf_16)
                                                         clknet_3_3__leaf_clk (net)
                      0.086097    0.001970   25.754734 ^ _464_/CLK (sky130_fd_sc_hd__dfrtp_1)
                                 -0.250000   25.504736   clock uncertainty
                                  0.000000   25.504736   clock reconvergence pessimism
                                 -0.279506   25.225229   library setup time
                                             25.225229   data required time
---------------------------------------------------------------------------------------------
                                             25.225229   data required time
                                             -3.711844   data arrival time
---------------------------------------------------------------------------------------------
                                             21.513384   slack (MET)


Startpoint: _426_ (rising edge-triggered flip-flop clocked by clk)
Endpoint: _463_ (rising edge-triggered flip-flop clocked by clk)
Path Group: clk
Path Type: max

Fanout         Cap        Slew       Delay        Time   Description
---------------------------------------------------------------------------------------------
                                  0.000000    0.000000   clock clk (rise edge)
                                  0.000000    0.000000   clock source latency
     2    0.019493    0.146390    0.099894    0.099894 ^ clk (in)
                                                         clk (net)
                      0.146398    0.000000    0.099894 ^ clkbuf_0_clk/A (sky130_fd_sc_hd__clkbuf_16)
    17    0.104516    0.183270    0.351977    0.451871 ^ clkbuf_0_clk/X (sky130_fd_sc_hd__clkbuf_16)
                                                         clknet_0_clk (net)
                      0.183951    0.008286    0.460158 ^ clkbuf_3_2__f_clk/A (sky130_fd_sc_hd__clkbuf_16)
    12    0.036241    0.089285    0.295908    0.756066 ^ clkbuf_3_2__f_clk/X (sky130_fd_sc_hd__clkbuf_16)
                                                         clknet_3_2__leaf_clk (net)
                      0.089338    0.001992    0.758058 ^ _426_/CLK (sky130_fd_sc_hd__dfrtp_1)
     1    0.002532    0.075387    0.640096    1.398154 ^ _426_/Q (sky130_fd_sc_hd__dfrtp_1)
                                                         TOP.top_rng_inst.ecstate.rollover_flag (net)
                      0.075387    0.000183    1.398337 ^ fanout29/A (sky130_fd_sc_hd__buf_2)
    19    0.053567    0.414847    0.442951    1.841288 ^ fanout29/X (sky130_fd_sc_hd__buf_2)
                                                         net29 (net)
                      0.414882    0.003245    1.844533 ^ fanout28/A (sky130_fd_sc_hd__clkbuf_2)
    10    0.033500    0.289921    0.491354    2.335886 ^ fanout28/X (sky130_fd_sc_hd__clkbuf_2)
                                                         net28 (net)
                      0.289929    0.001930    2.337817 ^ _379_/A_N (sky130_fd_sc_hd__and2b_1)
     2    0.007323    0.102104    0.480248    2.818065 v _379_/X (sky130_fd_sc_hd__and2b_1)
                                                         _173_ (net)
                      0.102104    0.000409    2.818474 v fanout20/A (sky130_fd_sc_hd__clkbuf_2)
     6    0.026982    0.193524    0.315712    3.134186 v fanout20/X (sky130_fd_sc_hd__clkbuf_2)
                                                         net20 (net)
                      0.193533    0.001535    3.135721 v _396_/B1 (sky130_fd_sc_hd__a221o_1)
     1    0.002252    0.086214    0.575005    3.710725 v _396_/X (sky130_fd_sc_hd__a221o_1)
                                                         _031_ (net)
                      0.086214    0.000104    3.710830 v _463_/D (sky130_fd_sc_hd__dfrtp_1)
                                              3.710830   data arrival time

                                 25.000000   25.000000   clock clk (rise edge)
                                  0.000000   25.000000   clock source latency
     2    0.019493    0.146390    0.099895   25.099894 ^ clk (in)
                                                         clk (net)
                      0.146398    0.000000   25.099894 ^ clkbuf_0_clk/A (sky130_fd_sc_hd__clkbuf_16)
    17    0.104516    0.183270    0.351976   25.451870 ^ clkbuf_0_clk/X (sky130_fd_sc_hd__clkbuf_16)
                                                         clknet_0_clk (net)
                      0.183897    0.007898   25.459768 ^ clkbuf_3_3__f_clk/A (sky130_fd_sc_hd__clkbuf_16)
     9    0.034005    0.086042    0.292996   25.752764 ^ clkbuf_3_3__f_clk/X (sky130_fd_sc_hd__clkbuf_16)
                                                         clknet_3_3__leaf_clk (net)
                      0.086108    0.002128   25.754892 ^ _463_/CLK (sky130_fd_sc_hd__dfrtp_1)
                                 -0.250000   25.504892   clock uncertainty
                                  0.000000   25.504892   clock reconvergence pessimism
                                 -0.279032   25.225861   library setup time
                                             25.225861   data required time
---------------------------------------------------------------------------------------------
                                             25.225861   data required time
                                             -3.710830   data arrival time
---------------------------------------------------------------------------------------------
                                             21.515032   slack (MET)


Startpoint: _414_ (rising edge-triggered flip-flop clocked by clk)
Endpoint: _420_ (rising edge-triggered flip-flop clocked by clk)
Path Group: clk
Path Type: max

Fanout         Cap        Slew       Delay        Time   Description
---------------------------------------------------------------------------------------------
                                  0.000000    0.000000   clock clk (rise edge)
                                  0.000000    0.000000   clock source latency
     2    0.019493    0.146390    0.099894    0.099894 ^ clk (in)
                                                         clk (net)
                      0.146398    0.000000    0.099894 ^ clkbuf_0_clk/A (sky130_fd_sc_hd__clkbuf_16)
    17    0.104516    0.183270    0.351977    0.451871 ^ clkbuf_0_clk/X (sky130_fd_sc_hd__clkbuf_16)
                                                         clknet_0_clk (net)
                      0.183897    0.007897    0.459769 ^ clkbuf_3_3__f_clk/A (sky130_fd_sc_hd__clkbuf_16)
     9    0.034005    0.086042    0.292996    0.752765 ^ clkbuf_3_3__f_clk/X (sky130_fd_sc_hd__clkbuf_16)
                                                         clknet_3_3__leaf_clk (net)
                      0.086067    0.001416    0.754182 ^ _414_/CLK (sky130_fd_sc_hd__dfrtp_1)
     6    0.017905    0.200659    0.873850    1.628031 v _414_/Q (sky130_fd_sc_hd__dfrtp_1)
                                                         TOP.top_rng_inst.lut1.ecstate.count_out[0] (net)
                      0.200660    0.000906    1.628938 v _216_/A2 (sky130_fd_sc_hd__o21a_1)
     1    0.003422    0.070795    0.367594    1.996532 v _216_/X (sky130_fd_sc_hd__o21a_1)
                                                         _058_ (net)
                      0.070795    0.000262    1.996794 v _217_/A3 (sky130_fd_sc_hd__o31ai_1)
     2    0.006110    0.473706    0.456678    2.453471 ^ _217_/Y (sky130_fd_sc_hd__o31ai_1)
                                                         _059_ (net)
                      0.473706    0.000336    2.453808 ^ _218_/B (sky130_fd_sc_hd__and2_1)
     5    0.015048    0.251608    0.499835    2.953643 ^ _218_/X (sky130_fd_sc_hd__and2_1)
                                                         _060_ (net)
                      0.251608    0.000867    2.954510 ^ _221_/C (sky130_fd_sc_hd__and3b_1)
     2    0.004158    0.105747    0.390416    3.344926 ^ _221_/X (sky130_fd_sc_hd__and3b_1)
                                                         TOP.top_rng_inst.lut1.ecstate.next_count[2] (net)
                      0.105747    0.000188    3.345114 ^ _244_/C (sky130_fd_sc_hd__and3b_1)
     1    0.002333    0.081841    0.317498    3.662612 ^ _244_/X (sky130_fd_sc_hd__and3b_1)
                                                         TOP.top_rng_inst.lut1.ecstate.next_flag (net)
                      0.081841    0.000157    3.662770 ^ _420_/D (sky130_fd_sc_hd__dfrtp_1)
                                              3.662770   data arrival time

                                 25.000000   25.000000   clock clk (rise edge)
                                  0.000000   25.000000   clock source latency
     2    0.019493    0.146390    0.099895   25.099894 ^ clk (in)
                                                         clk (net)
                      0.146398    0.000000   25.099894 ^ clkbuf_0_clk/A (sky130_fd_sc_hd__clkbuf_16)
    17    0.104516    0.183270    0.351976   25.451870 ^ clkbuf_0_clk/X (sky130_fd_sc_hd__clkbuf_16)
                                                         clknet_0_clk (net)
                      0.183897    0.007898   25.459768 ^ clkbuf_3_3__f_clk/A (sky130_fd_sc_hd__clkbuf_16)
     9    0.034005    0.086042    0.292996   25.752764 ^ clkbuf_3_3__f_clk/X (sky130_fd_sc_hd__clkbuf_16)
                                                         clknet_3_3__leaf_clk (net)
                      0.086067    0.001418   25.754181 ^ _420_/CLK (sky130_fd_sc_hd__dfrtp_1)
                                 -0.250000   25.504183   clock uncertainty
                                  0.000000   25.504183   clock reconvergence pessimism
                                 -0.133200   25.370983   library setup time
                                             25.370983   data required time
---------------------------------------------------------------------------------------------
                                             25.370983   data required time
                                             -3.662770   data arrival time
---------------------------------------------------------------------------------------------
                                             21.708212   slack (MET)


Startpoint: _453_ (rising edge-triggered flip-flop clocked by clk)
Endpoint: _421_ (rising edge-triggered flip-flop clocked by clk)
Path Group: clk
Path Type: max

Fanout         Cap        Slew       Delay        Time   Description
---------------------------------------------------------------------------------------------
                                  0.000000    0.000000   clock clk (rise edge)
                                  0.000000    0.000000   clock source latency
     2    0.019493    0.146390    0.099894    0.099894 ^ clk (in)
                                                         clk (net)
                      0.146398    0.000000    0.099894 ^ clkbuf_0_clk/A (sky130_fd_sc_hd__clkbuf_16)
    17    0.104516    0.183270    0.351977    0.451871 ^ clkbuf_0_clk/X (sky130_fd_sc_hd__clkbuf_16)
                                                         clknet_0_clk (net)
                      0.183892    0.007863    0.459734 ^ clkbuf_3_6__f_clk/A (sky130_fd_sc_hd__clkbuf_16)
     9    0.032624    0.084096    0.291112    0.750846 ^ clkbuf_3_6__f_clk/X (sky130_fd_sc_hd__clkbuf_16)
                                                         clknet_3_6__leaf_clk (net)
                      0.084129    0.001543    0.752389 ^ _453_/CLK (sky130_fd_sc_hd__dfrtp_4)
     9    0.038756    0.194464    1.109445    1.861834 v _453_/Q (sky130_fd_sc_hd__dfrtp_4)
                                                         net14 (net)
                      0.194487    0.003690    1.865524 v _271_/S (sky130_fd_sc_hd__mux2_1)
     1    0.004590    0.130773    0.767733    2.633257 v _271_/X (sky130_fd_sc_hd__mux2_1)
                                                         _089_ (net)
                      0.130773    0.000335    2.633592 v _272_/B (sky130_fd_sc_hd__or2_1)
     1    0.002995    0.098148    0.482068    3.115660 v _272_/X (sky130_fd_sc_hd__or2_1)
                                                         _090_ (net)
                      0.098148    0.000206    3.115866 v _276_/A1 (sky130_fd_sc_hd__a32o_1)
     1    0.002750    0.070723    0.401249    3.517115 v _276_/X (sky130_fd_sc_hd__a32o_1)
                                                         _000_ (net)
                      0.070723    0.000191    3.517306 v _421_/D (sky130_fd_sc_hd__dfrtp_4)
                                              3.517306   data arrival time

                                 25.000000   25.000000   clock clk (rise edge)
                                  0.000000   25.000000   clock source latency
     2    0.019493    0.146390    0.099895   25.099894 ^ clk (in)
                                                         clk (net)
                      0.146398    0.000000   25.099894 ^ clkbuf_0_clk/A (sky130_fd_sc_hd__clkbuf_16)
    17    0.104516    0.183270    0.351976   25.451870 ^ clkbuf_0_clk/X (sky130_fd_sc_hd__clkbuf_16)
                                                         clknet_0_clk (net)
                      0.183975    0.008450   25.460321 ^ clkbuf_3_7__f_clk/A (sky130_fd_sc_hd__clkbuf_16)
    10    0.034553    0.086789    0.293911   25.754232 ^ clkbuf_3_7__f_clk/X (sky130_fd_sc_hd__clkbuf_16)
                                                         clknet_3_7__leaf_clk (net)
                      0.086841    0.001913   25.756145 ^ _421_/CLK (sky130_fd_sc_hd__dfrtp_4)
                                 -0.250000   25.506145   clock uncertainty
                                  0.000000   25.506145   clock reconvergence pessimism
                                 -0.270603   25.235542   library setup time
                                             25.235542   data required time
---------------------------------------------------------------------------------------------
                                             25.235542   data required time
                                             -3.517306   data arrival time
---------------------------------------------------------------------------------------------
                                             21.718237   slack (MET)


Startpoint: _453_ (rising edge-triggered flip-flop clocked by clk)
Endpoint: _422_ (rising edge-triggered flip-flop clocked by clk)
Path Group: clk
Path Type: max

Fanout         Cap        Slew       Delay        Time   Description
---------------------------------------------------------------------------------------------
                                  0.000000    0.000000   clock clk (rise edge)
                                  0.000000    0.000000   clock source latency
     2    0.019493    0.146390    0.099894    0.099894 ^ clk (in)
                                                         clk (net)
                      0.146398    0.000000    0.099894 ^ clkbuf_0_clk/A (sky130_fd_sc_hd__clkbuf_16)
    17    0.104516    0.183270    0.351977    0.451871 ^ clkbuf_0_clk/X (sky130_fd_sc_hd__clkbuf_16)
                                                         clknet_0_clk (net)
                      0.183892    0.007863    0.459734 ^ clkbuf_3_6__f_clk/A (sky130_fd_sc_hd__clkbuf_16)
     9    0.032624    0.084096    0.291112    0.750846 ^ clkbuf_3_6__f_clk/X (sky130_fd_sc_hd__clkbuf_16)
                                                         clknet_3_6__leaf_clk (net)
                      0.084129    0.001543    0.752389 ^ _453_/CLK (sky130_fd_sc_hd__dfrtp_4)
     9    0.040573    0.235764    0.956965    1.709354 ^ _453_/Q (sky130_fd_sc_hd__dfrtp_4)
                                                         net14 (net)
                      0.235824    0.003640    1.712994 ^ _277_/S0 (sky130_fd_sc_hd__mux4_1)
     1    0.005388    0.185831    1.327668    3.040662 v _277_/X (sky130_fd_sc_hd__mux4_1)
                                                         _094_ (net)
                      0.185831    0.000405    3.041067 v _278_/B2 (sky130_fd_sc_hd__a22o_1)
     1    0.002326    0.066948    0.392798    3.433865 v _278_/X (sky130_fd_sc_hd__a22o_1)
                                                         _001_ (net)
                      0.066948    0.000105    3.433970 v _422_/D (sky130_fd_sc_hd__dfrtp_2)
                                              3.433970   data arrival time

                                 25.000000   25.000000   clock clk (rise edge)
                                  0.000000   25.000000   clock source latency
     2    0.019493    0.146390    0.099895   25.099894 ^ clk (in)
                                                         clk (net)
                      0.146398    0.000000   25.099894 ^ clkbuf_0_clk/A (sky130_fd_sc_hd__clkbuf_16)
    17    0.104516    0.183270    0.351976   25.451870 ^ clkbuf_0_clk/X (sky130_fd_sc_hd__clkbuf_16)
                                                         clknet_0_clk (net)
                      0.183975    0.008450   25.460321 ^ clkbuf_3_7__f_clk/A (sky130_fd_sc_hd__clkbuf_16)
    10    0.034553    0.086789    0.293911   25.754232 ^ clkbuf_3_7__f_clk/X (sky130_fd_sc_hd__clkbuf_16)
                                                         clknet_3_7__leaf_clk (net)
                      0.086829    0.001725   25.755957 ^ _422_/CLK (sky130_fd_sc_hd__dfrtp_2)
                                 -0.250000   25.505957   clock uncertainty
                                  0.000000   25.505957   clock reconvergence pessimism
                                 -0.270849   25.235109   library setup time
                                             25.235109   data required time
---------------------------------------------------------------------------------------------
                                             25.235109   data required time
                                             -3.433970   data arrival time
---------------------------------------------------------------------------------------------
                                             21.801140   slack (MET)


Startpoint: _453_ (rising edge-triggered flip-flop clocked by clk)
Endpoint: _423_ (rising edge-triggered flip-flop clocked by clk)
Path Group: clk
Path Type: max

Fanout         Cap        Slew       Delay        Time   Description
---------------------------------------------------------------------------------------------
                                  0.000000    0.000000   clock clk (rise edge)
                                  0.000000    0.000000   clock source latency
     2    0.019493    0.146390    0.099894    0.099894 ^ clk (in)
                                                         clk (net)
                      0.146398    0.000000    0.099894 ^ clkbuf_0_clk/A (sky130_fd_sc_hd__clkbuf_16)
    17    0.104516    0.183270    0.351977    0.451871 ^ clkbuf_0_clk/X (sky130_fd_sc_hd__clkbuf_16)
                                                         clknet_0_clk (net)
                      0.183892    0.007863    0.459734 ^ clkbuf_3_6__f_clk/A (sky130_fd_sc_hd__clkbuf_16)
     9    0.032624    0.084096    0.291112    0.750846 ^ clkbuf_3_6__f_clk/X (sky130_fd_sc_hd__clkbuf_16)
                                                         clknet_3_6__leaf_clk (net)
                      0.084129    0.001543    0.752389 ^ _453_/CLK (sky130_fd_sc_hd__dfrtp_4)
     9    0.040573    0.235764    0.956965    1.709354 ^ _453_/Q (sky130_fd_sc_hd__dfrtp_4)
                                                         net14 (net)
                      0.235827    0.003715    1.713070 ^ _279_/S0 (sky130_fd_sc_hd__mux4_1)
     1    0.004744    0.179327    1.317976    3.031045 v _279_/X (sky130_fd_sc_hd__mux4_1)
                                                         _095_ (net)
                      0.179327    0.000330    3.031375 v _280_/B2 (sky130_fd_sc_hd__a22o_1)
     1    0.002208    0.065627    0.388752    3.420128 v _280_/X (sky130_fd_sc_hd__a22o_1)
                                                         _002_ (net)
                      0.065943    0.000100    3.420228 v _423_/D (sky130_fd_sc_hd__dfrtp_4)
                                              3.420228   data arrival time

                                 25.000000   25.000000   clock clk (rise edge)
                                  0.000000   25.000000   clock source latency
     2    0.019493    0.146390    0.099895   25.099894 ^ clk (in)
                                                         clk (net)
                      0.146398    0.000000   25.099894 ^ clkbuf_0_clk/A (sky130_fd_sc_hd__clkbuf_16)
    17    0.104516    0.183270    0.351976   25.451870 ^ clkbuf_0_clk/X (sky130_fd_sc_hd__clkbuf_16)
                                                         clknet_0_clk (net)
                      0.183975    0.008450   25.460321 ^ clkbuf_3_7__f_clk/A (sky130_fd_sc_hd__clkbuf_16)
    10    0.034553    0.086789    0.293911   25.754232 ^ clkbuf_3_7__f_clk/X (sky130_fd_sc_hd__clkbuf_16)
                                                         clknet_3_7__leaf_clk (net)
                      0.086820    0.001542   25.755774 ^ _423_/CLK (sky130_fd_sc_hd__dfrtp_4)
                                 -0.250000   25.505774   clock uncertainty
                                  0.000000   25.505774   clock reconvergence pessimism
                                 -0.268616   25.237160   library setup time
                                             25.237160   data required time
---------------------------------------------------------------------------------------------
                                             25.237160   data required time
                                             -3.420228   data arrival time
---------------------------------------------------------------------------------------------
                                             21.816931   slack (MET)


Startpoint: _453_ (rising edge-triggered flip-flop clocked by clk)
Endpoint: _424_ (rising edge-triggered flip-flop clocked by clk)
Path Group: clk
Path Type: max

Fanout         Cap        Slew       Delay        Time   Description
---------------------------------------------------------------------------------------------
                                  0.000000    0.000000   clock clk (rise edge)
                                  0.000000    0.000000   clock source latency
     2    0.019493    0.146390    0.099894    0.099894 ^ clk (in)
                                                         clk (net)
                      0.146398    0.000000    0.099894 ^ clkbuf_0_clk/A (sky130_fd_sc_hd__clkbuf_16)
    17    0.104516    0.183270    0.351977    0.451871 ^ clkbuf_0_clk/X (sky130_fd_sc_hd__clkbuf_16)
                                                         clknet_0_clk (net)
                      0.183892    0.007863    0.459734 ^ clkbuf_3_6__f_clk/A (sky130_fd_sc_hd__clkbuf_16)
     9    0.032624    0.084096    0.291112    0.750846 ^ clkbuf_3_6__f_clk/X (sky130_fd_sc_hd__clkbuf_16)
                                                         clknet_3_6__leaf_clk (net)
                      0.084129    0.001543    0.752389 ^ _453_/CLK (sky130_fd_sc_hd__dfrtp_4)
     9    0.040573    0.235764    0.956965    1.709354 ^ _453_/Q (sky130_fd_sc_hd__dfrtp_4)
                                                         net14 (net)
                      0.235842    0.004050    1.713404 ^ _281_/S0 (sky130_fd_sc_hd__mux4_1)
     1    0.003756    0.164751    1.297471    3.010875 v _281_/X (sky130_fd_sc_hd__mux4_1)
                                                         _096_ (net)
                      0.164751    0.000244    3.011119 v _282_/B2 (sky130_fd_sc_hd__a22o_1)
     1    0.002068    0.064660    0.381209    3.392328 v _282_/X (sky130_fd_sc_hd__a22o_1)
                                                         _003_ (net)
                      0.064660    0.000149    3.392477 v _424_/D (sky130_fd_sc_hd__dfrtp_1)
                                              3.392477   data arrival time

                                 25.000000   25.000000   clock clk (rise edge)
                                  0.000000   25.000000   clock source latency
     2    0.019493    0.146390    0.099895   25.099894 ^ clk (in)
                                                         clk (net)
                      0.146398    0.000000   25.099894 ^ clkbuf_0_clk/A (sky130_fd_sc_hd__clkbuf_16)
    17    0.104516    0.183270    0.351976   25.451870 ^ clkbuf_0_clk/X (sky130_fd_sc_hd__clkbuf_16)
                                                         clknet_0_clk (net)
                      0.183975    0.008450   25.460321 ^ clkbuf_3_7__f_clk/A (sky130_fd_sc_hd__clkbuf_16)
    10    0.034553    0.086789    0.293911   25.754232 ^ clkbuf_3_7__f_clk/X (sky130_fd_sc_hd__clkbuf_16)
                                                         clknet_3_7__leaf_clk (net)
                      0.086795    0.000842   25.755074 ^ _424_/CLK (sky130_fd_sc_hd__dfrtp_1)
                                 -0.250000   25.505074   clock uncertainty
                                  0.000000   25.505074   clock reconvergence pessimism
                                 -0.269862   25.235212   library setup time
                                             25.235212   data required time
---------------------------------------------------------------------------------------------
                                             25.235212   data required time
                                             -3.392477   data arrival time
---------------------------------------------------------------------------------------------
                                             21.842735   slack (MET)


Startpoint: _426_ (rising edge-triggered flip-flop clocked by clk)
Endpoint: _425_ (rising edge-triggered flip-flop clocked by clk)
Path Group: clk
Path Type: max

Fanout         Cap        Slew       Delay        Time   Description
---------------------------------------------------------------------------------------------
                                  0.000000    0.000000   clock clk (rise edge)
                                  0.000000    0.000000   clock source latency
     2    0.019493    0.146390    0.099894    0.099894 ^ clk (in)
                                                         clk (net)
                      0.146398    0.000000    0.099894 ^ clkbuf_0_clk/A (sky130_fd_sc_hd__clkbuf_16)
    17    0.104516    0.183270    0.351977    0.451871 ^ clkbuf_0_clk/X (sky130_fd_sc_hd__clkbuf_16)
                                                         clknet_0_clk (net)
                      0.183951    0.008286    0.460158 ^ clkbuf_3_2__f_clk/A (sky130_fd_sc_hd__clkbuf_16)
    12    0.036241    0.089285    0.295908    0.756066 ^ clkbuf_3_2__f_clk/X (sky130_fd_sc_hd__clkbuf_16)
                                                         clknet_3_2__leaf_clk (net)
                      0.089338    0.001992    0.758058 ^ _426_/CLK (sky130_fd_sc_hd__dfrtp_1)
     1    0.002404    0.071479    0.733416    1.491474 v _426_/Q (sky130_fd_sc_hd__dfrtp_1)
                                                         TOP.top_rng_inst.ecstate.rollover_flag (net)
                      0.071479    0.000172    1.491646 v fanout29/A (sky130_fd_sc_hd__buf_2)
    19    0.052417    0.240256    0.397499    1.889146 v fanout29/X (sky130_fd_sc_hd__buf_2)
                                                         net29 (net)
                      0.240295    0.003170    1.892316 v fanout28/A (sky130_fd_sc_hd__clkbuf_2)
    10    0.032808    0.232081    0.407868    2.300184 v fanout28/X (sky130_fd_sc_hd__clkbuf_2)
                                                         net28 (net)
                      0.232093    0.001865    2.302049 v _283_/B (sky130_fd_sc_hd__nor2_1)
     2    0.008672    0.289770    0.327416    2.629465 ^ _283_/Y (sky130_fd_sc_hd__nor2_1)
                                                         _097_ (net)
                      0.289771    0.000518    2.629983 ^ fanout23/A (sky130_fd_sc_hd__clkbuf_2)
     7    0.034893    0.300518    0.451191    3.081175 ^ fanout23/X (sky130_fd_sc_hd__clkbuf_2)
                                                         net23 (net)
                      0.300518    0.000867    3.082041 ^ _284_/B1 (sky130_fd_sc_hd__a21oi_1)
     1    0.002784    0.108403    0.146621    3.228662 v _284_/Y (sky130_fd_sc_hd__a21oi_1)
                                                         _004_ (net)
                      0.108403    0.000179    3.228842 v _425_/D (sky130_fd_sc_hd__dfrtp_1)
                                              3.228842   data arrival time

                                 25.000000   25.000000   clock clk (rise edge)
                                  0.000000   25.000000   clock source latency
     2    0.019493    0.146390    0.099895   25.099894 ^ clk (in)
                                                         clk (net)
                      0.146398    0.000000   25.099894 ^ clkbuf_0_clk/A (sky130_fd_sc_hd__clkbuf_16)
    17    0.104516    0.183270    0.351976   25.451870 ^ clkbuf_0_clk/X (sky130_fd_sc_hd__clkbuf_16)
                                                         clknet_0_clk (net)
                      0.183897    0.007898   25.459768 ^ clkbuf_3_3__f_clk/A (sky130_fd_sc_hd__clkbuf_16)
     9    0.034005    0.086042    0.292996   25.752764 ^ clkbuf_3_3__f_clk/X (sky130_fd_sc_hd__clkbuf_16)
                                                         clknet_3_3__leaf_clk (net)
                      0.086051    0.000961   25.753725 ^ _425_/CLK (sky130_fd_sc_hd__dfrtp_1)
                                 -0.250000   25.503727   clock uncertainty
                                  0.000000   25.503727   clock reconvergence pessimism
                                 -0.288299   25.215427   library setup time
                                             25.215427   data required time
---------------------------------------------------------------------------------------------
                                             25.215427   data required time
                                             -3.228842   data arrival time
---------------------------------------------------------------------------------------------
                                             21.986586   slack (MET)


Startpoint: _414_ (rising edge-triggered flip-flop clocked by clk)
Endpoint: _418_ (rising edge-triggered flip-flop clocked by clk)
Path Group: clk
Path Type: max

Fanout         Cap        Slew       Delay        Time   Description
---------------------------------------------------------------------------------------------
                                  0.000000    0.000000   clock clk (rise edge)
                                  0.000000    0.000000   clock source latency
     2    0.019493    0.146390    0.099894    0.099894 ^ clk (in)
                                                         clk (net)
                      0.146398    0.000000    0.099894 ^ clkbuf_0_clk/A (sky130_fd_sc_hd__clkbuf_16)
    17    0.104516    0.183270    0.351977    0.451871 ^ clkbuf_0_clk/X (sky130_fd_sc_hd__clkbuf_16)
                                                         clknet_0_clk (net)
                      0.183897    0.007897    0.459769 ^ clkbuf_3_3__f_clk/A (sky130_fd_sc_hd__clkbuf_16)
     9    0.034005    0.086042    0.292996    0.752765 ^ clkbuf_3_3__f_clk/X (sky130_fd_sc_hd__clkbuf_16)
                                                         clknet_3_3__leaf_clk (net)
                      0.086067    0.001416    0.754182 ^ _414_/CLK (sky130_fd_sc_hd__dfrtp_1)
     6    0.017905    0.200659    0.873850    1.628031 v _414_/Q (sky130_fd_sc_hd__dfrtp_1)
                                                         TOP.top_rng_inst.lut1.ecstate.count_out[0] (net)
                      0.200661    0.001005    1.629036 v _219_/B (sky130_fd_sc_hd__and3_1)
     4    0.009232    0.123383    0.452846    2.081882 v _219_/X (sky130_fd_sc_hd__and3_1)
                                                         _061_ (net)
                      0.123383    0.000564    2.082446 v _223_/B (sky130_fd_sc_hd__and2_1)
     2    0.003503    0.073680    0.346278    2.428724 v _223_/X (sky130_fd_sc_hd__and2_1)
                                                         _063_ (net)
                      0.073680    0.000199    2.428923 v _231_/B (sky130_fd_sc_hd__or2_1)
     1    0.002650    0.094778    0.454288    2.883212 v _231_/X (sky130_fd_sc_hd__or2_1)
                                                         _067_ (net)
                      0.094778    0.000160    2.883372 v _232_/B (sky130_fd_sc_hd__and3b_1)
     1    0.003533    0.076311    0.345847    3.229219 v _232_/X (sky130_fd_sc_hd__and3b_1)
                                                         TOP.top_rng_inst.lut1.ecstate.next_count[4] (net)
                      0.076311    0.000146    3.229365 v _418_/D (sky130_fd_sc_hd__dfrtp_1)
                                              3.229365   data arrival time

                                 25.000000   25.000000   clock clk (rise edge)
                                  0.000000   25.000000   clock source latency
     2    0.019493    0.146390    0.099895   25.099894 ^ clk (in)
                                                         clk (net)
                      0.146398    0.000000   25.099894 ^ clkbuf_0_clk/A (sky130_fd_sc_hd__clkbuf_16)
    17    0.104516    0.183270    0.351976   25.451870 ^ clkbuf_0_clk/X (sky130_fd_sc_hd__clkbuf_16)
                                                         clknet_0_clk (net)
                      0.183951    0.008287   25.460157 ^ clkbuf_3_2__f_clk/A (sky130_fd_sc_hd__clkbuf_16)
    12    0.036241    0.089285    0.295907   25.756065 ^ clkbuf_3_2__f_clk/X (sky130_fd_sc_hd__clkbuf_16)
                                                         clknet_3_2__leaf_clk (net)
                      0.089368    0.002421   25.758486 ^ _418_/CLK (sky130_fd_sc_hd__dfrtp_1)
                                 -0.250000   25.508486   clock uncertainty
                                  0.000000   25.508486   clock reconvergence pessimism
                                 -0.274034   25.234453   library setup time
                                             25.234453   data required time
---------------------------------------------------------------------------------------------
                                             25.234453   data required time
                                             -3.229365   data arrival time
---------------------------------------------------------------------------------------------
                                             22.005089   slack (MET)


Startpoint: _414_ (rising edge-triggered flip-flop clocked by clk)
Endpoint: _416_ (rising edge-triggered flip-flop clocked by clk)
Path Group: clk
Path Type: max

Fanout         Cap        Slew       Delay        Time   Description
---------------------------------------------------------------------------------------------
                                  0.000000    0.000000   clock clk (rise edge)
                                  0.000000    0.000000   clock source latency
     2    0.019493    0.146390    0.099894    0.099894 ^ clk (in)
                                                         clk (net)
                      0.146398    0.000000    0.099894 ^ clkbuf_0_clk/A (sky130_fd_sc_hd__clkbuf_16)
    17    0.104516    0.183270    0.351977    0.451871 ^ clkbuf_0_clk/X (sky130_fd_sc_hd__clkbuf_16)
                                                         clknet_0_clk (net)
                      0.183897    0.007897    0.459769 ^ clkbuf_3_3__f_clk/A (sky130_fd_sc_hd__clkbuf_16)
     9    0.034005    0.086042    0.292996    0.752765 ^ clkbuf_3_3__f_clk/X (sky130_fd_sc_hd__clkbuf_16)
                                                         clknet_3_3__leaf_clk (net)
                      0.086067    0.001416    0.754182 ^ _414_/CLK (sky130_fd_sc_hd__dfrtp_1)
     6    0.017905    0.200659    0.873850    1.628031 v _414_/Q (sky130_fd_sc_hd__dfrtp_1)
                                                         TOP.top_rng_inst.lut1.ecstate.count_out[0] (net)
                      0.200660    0.000906    1.628938 v _216_/A2 (sky130_fd_sc_hd__o21a_1)
     1    0.003422    0.070795    0.367594    1.996532 v _216_/X (sky130_fd_sc_hd__o21a_1)
                                                         _058_ (net)
                      0.070795    0.000262    1.996794 v _217_/A3 (sky130_fd_sc_hd__o31ai_1)
     2    0.006110    0.473706    0.456678    2.453471 ^ _217_/Y (sky130_fd_sc_hd__o31ai_1)
                                                         _059_ (net)
                      0.473706    0.000336    2.453808 ^ _218_/B (sky130_fd_sc_hd__and2_1)
     5    0.015048    0.251608    0.499835    2.953643 ^ _218_/X (sky130_fd_sc_hd__and2_1)
                                                         _060_ (net)
                      0.251608    0.000867    2.954510 ^ _221_/C (sky130_fd_sc_hd__and3b_1)
     2    0.004158    0.105747    0.390416    3.344926 ^ _221_/X (sky130_fd_sc_hd__and3b_1)
                                                         TOP.top_rng_inst.lut1.ecstate.next_count[2] (net)
                      0.105747    0.000152    3.345078 ^ _416_/D (sky130_fd_sc_hd__dfrtp_1)
                                              3.345078   data arrival time

                                 25.000000   25.000000   clock clk (rise edge)
                                  0.000000   25.000000   clock source latency
     2    0.019493    0.146390    0.099895   25.099894 ^ clk (in)
                                                         clk (net)
                      0.146398    0.000000   25.099894 ^ clkbuf_0_clk/A (sky130_fd_sc_hd__clkbuf_16)
    17    0.104516    0.183270    0.351976   25.451870 ^ clkbuf_0_clk/X (sky130_fd_sc_hd__clkbuf_16)
                                                         clknet_0_clk (net)
                      0.183897    0.007898   25.459768 ^ clkbuf_3_3__f_clk/A (sky130_fd_sc_hd__clkbuf_16)
     9    0.034005    0.086042    0.292996   25.752764 ^ clkbuf_3_3__f_clk/X (sky130_fd_sc_hd__clkbuf_16)
                                                         clknet_3_3__leaf_clk (net)
                      0.086069    0.001473   25.754236 ^ _416_/CLK (sky130_fd_sc_hd__dfrtp_1)
                                 -0.250000   25.504238   clock uncertainty
                                  0.000000   25.504238   clock reconvergence pessimism
                                 -0.139223   25.365013   library setup time
                                             25.365013   data required time
---------------------------------------------------------------------------------------------
                                             25.365013   data required time
                                             -3.345078   data arrival time
---------------------------------------------------------------------------------------------
                                             22.019936   slack (MET)


Startpoint: _472_ (rising edge-triggered flip-flop clocked by clk)
Endpoint: _473_ (rising edge-triggered flip-flop clocked by clk)
Path Group: clk
Path Type: max

Fanout         Cap        Slew       Delay        Time   Description
---------------------------------------------------------------------------------------------
                                  0.000000    0.000000   clock clk (rise edge)
                                  0.000000    0.000000   clock source latency
     2    0.019493    0.146390    0.099894    0.099894 ^ clk (in)
                                                         clk (net)
                      0.146398    0.000000    0.099894 ^ clkbuf_0_clk/A (sky130_fd_sc_hd__clkbuf_16)
    17    0.104516    0.183270    0.351977    0.451871 ^ clkbuf_0_clk/X (sky130_fd_sc_hd__clkbuf_16)
                                                         clknet_0_clk (net)
                      0.183690    0.006197    0.458069 ^ clkbuf_3_1__f_clk/A (sky130_fd_sc_hd__clkbuf_16)
    12    0.042726    0.097318    0.304699    0.762768 ^ clkbuf_3_1__f_clk/X (sky130_fd_sc_hd__clkbuf_16)
                                                         clknet_3_1__leaf_clk (net)
                      0.097436    0.002080    0.764848 ^ _472_/CLK (sky130_fd_sc_hd__dfrtp_2)
     6    0.016720    0.143759    0.898545    1.663393 v _472_/Q (sky130_fd_sc_hd__dfrtp_2)
                                                         TOP.top_rng_inst.k1.psc.count_out[0] (net)
                      0.143760    0.000525    1.663918 v hold8/A (sky130_fd_sc_hd__dlygate4sd3_1)
     2    0.006402    0.141611    1.208524    2.872442 v hold8/X (sky130_fd_sc_hd__dlygate4sd3_1)
                                                         net107 (net)
                      0.141611    0.000430    2.872872 v _240_/A2 (sky130_fd_sc_hd__o21a_1)
     1    0.003271    0.069376    0.340795    3.213666 v _240_/X (sky130_fd_sc_hd__o21a_1)
                                                         TOP.top_rng_inst.k1.psc.next_count[1] (net)
                      0.069376    0.000126    3.213793 v _473_/D (sky130_fd_sc_hd__dfrtp_1)
                                              3.213793   data arrival time

                                 25.000000   25.000000   clock clk (rise edge)
                                  0.000000   25.000000   clock source latency
     2    0.019493    0.146390    0.099895   25.099894 ^ clk (in)
                                                         clk (net)
                      0.146398    0.000000   25.099894 ^ clkbuf_0_clk/A (sky130_fd_sc_hd__clkbuf_16)
    17    0.104516    0.183270    0.351976   25.451870 ^ clkbuf_0_clk/X (sky130_fd_sc_hd__clkbuf_16)
                                                         clknet_0_clk (net)
                      0.183690    0.006198   25.458069 ^ clkbuf_3_1__f_clk/A (sky130_fd_sc_hd__clkbuf_16)
    12    0.042726    0.097318    0.304698   25.762768 ^ clkbuf_3_1__f_clk/X (sky130_fd_sc_hd__clkbuf_16)
                                                         clknet_3_1__leaf_clk (net)
                      0.097595    0.003785   25.766552 ^ _473_/CLK (sky130_fd_sc_hd__dfrtp_1)
                                 -0.250000   25.516554   clock uncertainty
                                  0.000000   25.516554   clock reconvergence pessimism
                                 -0.268950   25.247602   library setup time
                                             25.247602   data required time
---------------------------------------------------------------------------------------------
                                             25.247602   data required time
                                             -3.213793   data arrival time
---------------------------------------------------------------------------------------------
                                             22.033810   slack (MET)


Startpoint: _414_ (rising edge-triggered flip-flop clocked by clk)
Endpoint: _417_ (rising edge-triggered flip-flop clocked by clk)
Path Group: clk
Path Type: max

Fanout         Cap        Slew       Delay        Time   Description
---------------------------------------------------------------------------------------------
                                  0.000000    0.000000   clock clk (rise edge)
                                  0.000000    0.000000   clock source latency
     2    0.019493    0.146390    0.099894    0.099894 ^ clk (in)
                                                         clk (net)
                      0.146398    0.000000    0.099894 ^ clkbuf_0_clk/A (sky130_fd_sc_hd__clkbuf_16)
    17    0.104516    0.183270    0.351977    0.451871 ^ clkbuf_0_clk/X (sky130_fd_sc_hd__clkbuf_16)
                                                         clknet_0_clk (net)
                      0.183897    0.007897    0.459769 ^ clkbuf_3_3__f_clk/A (sky130_fd_sc_hd__clkbuf_16)
     9    0.034005    0.086042    0.292996    0.752765 ^ clkbuf_3_3__f_clk/X (sky130_fd_sc_hd__clkbuf_16)
                                                         clknet_3_3__leaf_clk (net)
                      0.086067    0.001416    0.754182 ^ _414_/CLK (sky130_fd_sc_hd__dfrtp_1)
     6    0.017905    0.200659    0.873850    1.628031 v _414_/Q (sky130_fd_sc_hd__dfrtp_1)
                                                         TOP.top_rng_inst.lut1.ecstate.count_out[0] (net)
                      0.200660    0.000906    1.628938 v _216_/A2 (sky130_fd_sc_hd__o21a_1)
     1    0.003422    0.070795    0.367594    1.996532 v _216_/X (sky130_fd_sc_hd__o21a_1)
                                                         _058_ (net)
                      0.070795    0.000262    1.996794 v _217_/A3 (sky130_fd_sc_hd__o31ai_1)
     2    0.006110    0.473706    0.456678    2.453471 ^ _217_/Y (sky130_fd_sc_hd__o31ai_1)
                                                         _059_ (net)
                      0.473706    0.000336    2.453808 ^ _218_/B (sky130_fd_sc_hd__and2_1)
     5    0.015048    0.251608    0.499835    2.953643 ^ _218_/X (sky130_fd_sc_hd__and2_1)
                                                         _060_ (net)
                      0.251608    0.001108    2.954751 ^ _230_/C (sky130_fd_sc_hd__and3b_1)
     1    0.003506    0.097039    0.380688    3.335439 ^ _230_/X (sky130_fd_sc_hd__and3b_1)
                                                         TOP.top_rng_inst.lut1.ecstate.next_count[3] (net)
                      0.097039    0.000146    3.335585 ^ _417_/D (sky130_fd_sc_hd__dfrtp_1)
                                              3.335585   data arrival time

                                 25.000000   25.000000   clock clk (rise edge)
                                  0.000000   25.000000   clock source latency
     2    0.019493    0.146390    0.099895   25.099894 ^ clk (in)
                                                         clk (net)
                      0.146398    0.000000   25.099894 ^ clkbuf_0_clk/A (sky130_fd_sc_hd__clkbuf_16)
    17    0.104516    0.183270    0.351976   25.451870 ^ clkbuf_0_clk/X (sky130_fd_sc_hd__clkbuf_16)
                                                         clknet_0_clk (net)
                      0.183951    0.008287   25.460157 ^ clkbuf_3_2__f_clk/A (sky130_fd_sc_hd__clkbuf_16)
    12    0.036241    0.089285    0.295907   25.756065 ^ clkbuf_3_2__f_clk/X (sky130_fd_sc_hd__clkbuf_16)
                                                         clknet_3_2__leaf_clk (net)
                      0.089373    0.002480   25.758545 ^ _417_/CLK (sky130_fd_sc_hd__dfrtp_1)
                                 -0.250000   25.508545   clock uncertainty
                                  0.000000   25.508545   clock reconvergence pessimism
                                 -0.136451   25.372095   library setup time
                                             25.372095   data required time
---------------------------------------------------------------------------------------------
                                             25.372095   data required time
                                             -3.335585   data arrival time
---------------------------------------------------------------------------------------------
                                             22.036509   slack (MET)


Startpoint: _414_ (rising edge-triggered flip-flop clocked by clk)
Endpoint: _419_ (rising edge-triggered flip-flop clocked by clk)
Path Group: clk
Path Type: max

Fanout         Cap        Slew       Delay        Time   Description
---------------------------------------------------------------------------------------------
                                  0.000000    0.000000   clock clk (rise edge)
                                  0.000000    0.000000   clock source latency
     2    0.019493    0.146390    0.099894    0.099894 ^ clk (in)
                                                         clk (net)
                      0.146398    0.000000    0.099894 ^ clkbuf_0_clk/A (sky130_fd_sc_hd__clkbuf_16)
    17    0.104516    0.183270    0.351977    0.451871 ^ clkbuf_0_clk/X (sky130_fd_sc_hd__clkbuf_16)
                                                         clknet_0_clk (net)
                      0.183897    0.007897    0.459769 ^ clkbuf_3_3__f_clk/A (sky130_fd_sc_hd__clkbuf_16)
     9    0.034005    0.086042    0.292996    0.752765 ^ clkbuf_3_3__f_clk/X (sky130_fd_sc_hd__clkbuf_16)
                                                         clknet_3_3__leaf_clk (net)
                      0.086067    0.001416    0.754182 ^ _414_/CLK (sky130_fd_sc_hd__dfrtp_1)
     6    0.017905    0.200659    0.873850    1.628031 v _414_/Q (sky130_fd_sc_hd__dfrtp_1)
                                                         TOP.top_rng_inst.lut1.ecstate.count_out[0] (net)
                      0.200660    0.000906    1.628938 v _216_/A2 (sky130_fd_sc_hd__o21a_1)
     1    0.003422    0.070795    0.367594    1.996532 v _216_/X (sky130_fd_sc_hd__o21a_1)
                                                         _058_ (net)
                      0.070795    0.000262    1.996794 v _217_/A3 (sky130_fd_sc_hd__o31ai_1)
     2    0.006110    0.473706    0.456678    2.453471 ^ _217_/Y (sky130_fd_sc_hd__o31ai_1)
                                                         _059_ (net)
                      0.473706    0.000336    2.453808 ^ _218_/B (sky130_fd_sc_hd__and2_1)
     5    0.015048    0.251608    0.499835    2.953643 ^ _218_/X (sky130_fd_sc_hd__and2_1)
                                                         _060_ (net)
                      0.251608    0.001038    2.954681 ^ _225_/B1 (sky130_fd_sc_hd__o21a_1)
     1    0.002029    0.062284    0.279790    3.234471 ^ _225_/X (sky130_fd_sc_hd__o21a_1)
                                                         TOP.top_rng_inst.lut1.ecstate.next_count[5] (net)
                      0.062284    0.000147    3.234618 ^ _419_/D (sky130_fd_sc_hd__dfrtp_1)
                                              3.234618   data arrival time

                                 25.000000   25.000000   clock clk (rise edge)
                                  0.000000   25.000000   clock source latency
     2    0.019493    0.146390    0.099895   25.099894 ^ clk (in)
                                                         clk (net)
                      0.146398    0.000000   25.099894 ^ clkbuf_0_clk/A (sky130_fd_sc_hd__clkbuf_16)
    17    0.104516    0.183270    0.351976   25.451870 ^ clkbuf_0_clk/X (sky130_fd_sc_hd__clkbuf_16)
                                                         clknet_0_clk (net)
                      0.183951    0.008287   25.460157 ^ clkbuf_3_2__f_clk/A (sky130_fd_sc_hd__clkbuf_16)
    12    0.036241    0.089285    0.295907   25.756065 ^ clkbuf_3_2__f_clk/X (sky130_fd_sc_hd__clkbuf_16)
                                                         clknet_3_2__leaf_clk (net)
                      0.089362    0.002345   25.758410 ^ _419_/CLK (sky130_fd_sc_hd__dfrtp_1)
                                 -0.250000   25.508410   clock uncertainty
                                  0.000000   25.508410   clock reconvergence pessimism
                                 -0.127697   25.380713   library setup time
                                             25.380713   data required time
---------------------------------------------------------------------------------------------
                                             25.380713   data required time
                                             -3.234618   data arrival time
---------------------------------------------------------------------------------------------
                                             22.146095   slack (MET)


Startpoint: _436_ (rising edge-triggered flip-flop clocked by clk)
Endpoint: _453_ (rising edge-triggered flip-flop clocked by clk)
Path Group: clk
Path Type: max

Fanout         Cap        Slew       Delay        Time   Description
---------------------------------------------------------------------------------------------
                                  0.000000    0.000000   clock clk (rise edge)
                                  0.000000    0.000000   clock source latency
     2    0.019493    0.146390    0.099894    0.099894 ^ clk (in)
                                                         clk (net)
                      0.146398    0.000000    0.099894 ^ clkbuf_0_clk/A (sky130_fd_sc_hd__clkbuf_16)
    17    0.104516    0.183270    0.351977    0.451871 ^ clkbuf_0_clk/X (sky130_fd_sc_hd__clkbuf_16)
                                                         clknet_0_clk (net)
                      0.183892    0.007863    0.459734 ^ clkbuf_3_6__f_clk/A (sky130_fd_sc_hd__clkbuf_16)
     9    0.032624    0.084096    0.291112    0.750846 ^ clkbuf_3_6__f_clk/X (sky130_fd_sc_hd__clkbuf_16)
                                                         clknet_3_6__leaf_clk (net)
                      0.084125    0.001468    0.752313 ^ _436_/CLK (sky130_fd_sc_hd__dfrtp_1)
     4    0.012794    0.163407    0.835015    1.587328 v _436_/Q (sky130_fd_sc_hd__dfrtp_1)
                                                         TOP.top_rng_inst.display.psc.rollover_flag (net)
                      0.163408    0.000580    1.587908 v hold22/A (sky130_fd_sc_hd__dlygate4sd3_1)
     1    0.004418    0.125590    1.195592    2.783500 v hold22/X (sky130_fd_sc_hd__dlygate4sd3_1)
                                                         net121 (net)
                      0.125590    0.000206    2.783706 v _371_/B (sky130_fd_sc_hd__xor2_1)
     1    0.002714    0.097465    0.282849    3.066555 v _371_/X (sky130_fd_sc_hd__xor2_1)
                                                         _021_ (net)
                      0.097465    0.000173    3.066729 v _453_/D (sky130_fd_sc_hd__dfrtp_4)
                                              3.066729   data arrival time

                                 25.000000   25.000000   clock clk (rise edge)
                                  0.000000   25.000000   clock source latency
     2    0.019493    0.146390    0.099895   25.099894 ^ clk (in)
                                                         clk (net)
                      0.146398    0.000000   25.099894 ^ clkbuf_0_clk/A (sky130_fd_sc_hd__clkbuf_16)
    17    0.104516    0.183270    0.351976   25.451870 ^ clkbuf_0_clk/X (sky130_fd_sc_hd__clkbuf_16)
                                                         clknet_0_clk (net)
                      0.183892    0.007862   25.459732 ^ clkbuf_3_6__f_clk/A (sky130_fd_sc_hd__clkbuf_16)
     9    0.032624    0.084096    0.291111   25.750843 ^ clkbuf_3_6__f_clk/X (sky130_fd_sc_hd__clkbuf_16)
                                                         clknet_3_6__leaf_clk (net)
                      0.084129    0.001544   25.752388 ^ _453_/CLK (sky130_fd_sc_hd__dfrtp_4)
                                 -0.250000   25.502388   clock uncertainty
                                  0.000000   25.502388   clock reconvergence pessimism
                                 -0.282474   25.219913   library setup time
                                             25.219913   data required time
---------------------------------------------------------------------------------------------
                                             25.219913   data required time
                                             -3.066729   data arrival time
---------------------------------------------------------------------------------------------
                                             22.153185   slack (MET)


Startpoint: _431_ (rising edge-triggered flip-flop clocked by clk)
Endpoint: _431_ (rising edge-triggered flip-flop clocked by clk)
Path Group: clk
Path Type: max

Fanout         Cap        Slew       Delay        Time   Description
---------------------------------------------------------------------------------------------
                                  0.000000    0.000000   clock clk (rise edge)
                                  0.000000    0.000000   clock source latency
     2    0.019493    0.146390    0.099894    0.099894 ^ clk (in)
                                                         clk (net)
                      0.146398    0.000000    0.099894 ^ clkbuf_0_clk/A (sky130_fd_sc_hd__clkbuf_16)
    17    0.104516    0.183270    0.351977    0.451871 ^ clkbuf_0_clk/X (sky130_fd_sc_hd__clkbuf_16)
                                                         clknet_0_clk (net)
                      0.183951    0.008286    0.460158 ^ clkbuf_3_2__f_clk/A (sky130_fd_sc_hd__clkbuf_16)
    12    0.036241    0.089285    0.295908    0.756066 ^ clkbuf_3_2__f_clk/X (sky130_fd_sc_hd__clkbuf_16)
                                                         clknet_3_2__leaf_clk (net)
                      0.089361    0.002325    0.758391 ^ _431_/CLK (sky130_fd_sc_hd__dfrtp_1)
     4    0.008167    0.121629    0.795124    1.553515 v _431_/Q (sky130_fd_sc_hd__dfrtp_1)
                                                         TOP.top_rng_inst.ecstate.count_out[4] (net)
                      0.121629    0.000235    1.553750 v hold46/A (sky130_fd_sc_hd__dlygate4sd3_1)
     1    0.003433    0.113159    1.158611    2.712362 v hold46/X (sky130_fd_sc_hd__dlygate4sd3_1)
                                                         net145 (net)
                      0.113159    0.000261    2.712622 v _211_/A1 (sky130_fd_sc_hd__o21ai_1)
     1    0.003829    0.191367    0.252056    2.964678 ^ _211_/Y (sky130_fd_sc_hd__o21ai_1)
                                                         _056_ (net)
                      0.191367    0.000254    2.964932 ^ _212_/B (sky130_fd_sc_hd__nor2_1)
     1    0.003080    0.059238    0.119458    3.084390 v _212_/Y (sky130_fd_sc_hd__nor2_1)
                                                         TOP.top_rng_inst.ecstate.next_count[4] (net)
                      0.059238    0.000215    3.084605 v _431_/D (sky130_fd_sc_hd__dfrtp_1)
                                              3.084605   data arrival time

                                 25.000000   25.000000   clock clk (rise edge)
                                  0.000000   25.000000   clock source latency
     2    0.019493    0.146390    0.099895   25.099894 ^ clk (in)
                                                         clk (net)
                      0.146398    0.000000   25.099894 ^ clkbuf_0_clk/A (sky130_fd_sc_hd__clkbuf_16)
    17    0.104516    0.183270    0.351976   25.451870 ^ clkbuf_0_clk/X (sky130_fd_sc_hd__clkbuf_16)
                                                         clknet_0_clk (net)
                      0.183951    0.008287   25.460157 ^ clkbuf_3_2__f_clk/A (sky130_fd_sc_hd__clkbuf_16)
    12    0.036241    0.089285    0.295907   25.756065 ^ clkbuf_3_2__f_clk/X (sky130_fd_sc_hd__clkbuf_16)
                                                         clknet_3_2__leaf_clk (net)
                      0.089361    0.002325   25.758390 ^ _431_/CLK (sky130_fd_sc_hd__dfrtp_1)
                                 -0.250000   25.508390   clock uncertainty
                                  0.000000   25.508390   clock reconvergence pessimism
                                 -0.266918   25.241474   library setup time
                                             25.241474   data required time
---------------------------------------------------------------------------------------------
                                             25.241474   data required time
                                             -3.084605   data arrival time
---------------------------------------------------------------------------------------------
                                             22.156870   slack (MET)


Startpoint: _427_ (rising edge-triggered flip-flop clocked by clk)
Endpoint: _433_ (rising edge-triggered flip-flop clocked by clk)
Path Group: clk
Path Type: max

Fanout         Cap        Slew       Delay        Time   Description
---------------------------------------------------------------------------------------------
                                  0.000000    0.000000   clock clk (rise edge)
                                  0.000000    0.000000   clock source latency
     2    0.019493    0.146390    0.099894    0.099894 ^ clk (in)
                                                         clk (net)
                      0.146398    0.000000    0.099894 ^ clkbuf_0_clk/A (sky130_fd_sc_hd__clkbuf_16)
    17    0.104516    0.183270    0.351977    0.451871 ^ clkbuf_0_clk/X (sky130_fd_sc_hd__clkbuf_16)
                                                         clknet_0_clk (net)
                      0.183654    0.005848    0.457719 ^ clkbuf_3_0__f_clk/A (sky130_fd_sc_hd__clkbuf_16)
     9    0.029795    0.080186    0.287009    0.744728 ^ clkbuf_3_0__f_clk/X (sky130_fd_sc_hd__clkbuf_16)
                                                         clknet_3_0__leaf_clk (net)
                      0.080236    0.001766    0.746494 ^ _427_/CLK (sky130_fd_sc_hd__dfrtp_2)
     6    0.018375    0.145116    0.900770    1.647264 v _427_/Q (sky130_fd_sc_hd__dfrtp_2)
                                                         TOP.top_rng_inst.ecstate.count_out[0] (net)
                      0.145116    0.001105    1.648369 v _198_/D (sky130_fd_sc_hd__and4_1)
     6    0.017741    0.187100    0.558649    2.207018 v _198_/X (sky130_fd_sc_hd__and4_1)
                                                         _046_ (net)
                      0.187102    0.001081    2.208099 v _200_/C (sky130_fd_sc_hd__and3_1)
     3    0.007061    0.105338    0.456684    2.664783 v _200_/X (sky130_fd_sc_hd__and3_1)
                                                         _048_ (net)
                      0.105338    0.000419    2.665202 v _201_/B (sky130_fd_sc_hd__and2_1)
     2    0.005143    0.087045    0.352796    3.017998 v _201_/X (sky130_fd_sc_hd__and2_1)
                                                         _049_ (net)
                      0.087045    0.000274    3.018273 v _208_/A (sky130_fd_sc_hd__nor2_1)
     1    0.002847    0.134356    0.173382    3.191655 ^ _208_/Y (sky130_fd_sc_hd__nor2_1)
                                                         TOP.top_rng_inst.ecstate.next_count[6] (net)
                      0.134357    0.000209    3.191864 ^ _433_/D (sky130_fd_sc_hd__dfrtp_1)
                                              3.191864   data arrival time

                                 25.000000   25.000000   clock clk (rise edge)
                                  0.000000   25.000000   clock source latency
     2    0.019493    0.146390    0.099895   25.099894 ^ clk (in)
                                                         clk (net)
                      0.146398    0.000000   25.099894 ^ clkbuf_0_clk/A (sky130_fd_sc_hd__clkbuf_16)
    17    0.104516    0.183270    0.351976   25.451870 ^ clkbuf_0_clk/X (sky130_fd_sc_hd__clkbuf_16)
                                                         clknet_0_clk (net)
                      0.183951    0.008287   25.460157 ^ clkbuf_3_2__f_clk/A (sky130_fd_sc_hd__clkbuf_16)
    12    0.036241    0.089285    0.295907   25.756065 ^ clkbuf_3_2__f_clk/X (sky130_fd_sc_hd__clkbuf_16)
                                                         clknet_3_2__leaf_clk (net)
                      0.089363    0.002350   25.758415 ^ _433_/CLK (sky130_fd_sc_hd__dfrtp_1)
                                 -0.250000   25.508415   clock uncertainty
                                  0.000000   25.508415   clock reconvergence pessimism
                                 -0.145854   25.362562   library setup time
                                             25.362562   data required time
---------------------------------------------------------------------------------------------
                                             25.362562   data required time
                                             -3.191864   data arrival time
---------------------------------------------------------------------------------------------
                                             22.170698   slack (MET)


Startpoint: _455_ (rising edge-triggered flip-flop clocked by clk)
Endpoint: _455_ (rising edge-triggered flip-flop clocked by clk)
Path Group: clk
Path Type: max

Fanout         Cap        Slew       Delay        Time   Description
---------------------------------------------------------------------------------------------
                                  0.000000    0.000000   clock clk (rise edge)
                                  0.000000    0.000000   clock source latency
     2    0.019493    0.146390    0.099894    0.099894 ^ clk (in)
                                                         clk (net)
                      0.146398    0.000000    0.099894 ^ clkbuf_0_clk/A (sky130_fd_sc_hd__clkbuf_16)
    17    0.104516    0.183270    0.351977    0.451871 ^ clkbuf_0_clk/X (sky130_fd_sc_hd__clkbuf_16)
                                                         clknet_0_clk (net)
                      0.183975    0.008451    0.460322 ^ clkbuf_3_7__f_clk/A (sky130_fd_sc_hd__clkbuf_16)
    10    0.034553    0.086789    0.293910    0.754232 ^ clkbuf_3_7__f_clk/X (sky130_fd_sc_hd__clkbuf_16)
                                                         clknet_3_7__leaf_clk (net)
                      0.086844    0.001961    0.756193 ^ _455_/CLK (sky130_fd_sc_hd__dfrtp_1)
     3    0.007273    0.113872    0.785791    1.541985 v _455_/Q (sky130_fd_sc_hd__dfrtp_1)
                                                         net16 (net)
                      0.113872    0.000219    1.542204 v hold5/A (sky130_fd_sc_hd__dlygate4sd3_1)
     1    0.005423    0.131668    1.182827    2.725031 v hold5/X (sky130_fd_sc_hd__dlygate4sd3_1)
                                                         net104 (net)
                      0.133162    0.000428    2.725459 v _375_/A (sky130_fd_sc_hd__xor2_1)
     1    0.002344    0.092648    0.313179    3.038638 v _375_/X (sky130_fd_sc_hd__xor2_1)
                                                         _023_ (net)
                      0.092648    0.000162    3.038800 v _455_/D (sky130_fd_sc_hd__dfrtp_1)
                                              3.038800   data arrival time

                                 25.000000   25.000000   clock clk (rise edge)
                                  0.000000   25.000000   clock source latency
     2    0.019493    0.146390    0.099895   25.099894 ^ clk (in)
                                                         clk (net)
                      0.146398    0.000000   25.099894 ^ clkbuf_0_clk/A (sky130_fd_sc_hd__clkbuf_16)
    17    0.104516    0.183270    0.351976   25.451870 ^ clkbuf_0_clk/X (sky130_fd_sc_hd__clkbuf_16)
                                                         clknet_0_clk (net)
                      0.183975    0.008450   25.460321 ^ clkbuf_3_7__f_clk/A (sky130_fd_sc_hd__clkbuf_16)
    10    0.034553    0.086789    0.293911   25.754232 ^ clkbuf_3_7__f_clk/X (sky130_fd_sc_hd__clkbuf_16)
                                                         clknet_3_7__leaf_clk (net)
                      0.086844    0.001961   25.756193 ^ _455_/CLK (sky130_fd_sc_hd__dfrtp_1)
                                 -0.250000   25.506193   clock uncertainty
                                  0.000000   25.506193   clock reconvergence pessimism
                                 -0.281518   25.224674   library setup time
                                             25.224674   data required time
---------------------------------------------------------------------------------------------
                                             25.224674   data required time
                                             -3.038800   data arrival time
---------------------------------------------------------------------------------------------
                                             22.185873   slack (MET)


Startpoint: _431_ (rising edge-triggered flip-flop clocked by clk)
Endpoint: _426_ (rising edge-triggered flip-flop clocked by clk)
Path Group: clk
Path Type: max

Fanout         Cap        Slew       Delay        Time   Description
---------------------------------------------------------------------------------------------
                                  0.000000    0.000000   clock clk (rise edge)
                                  0.000000    0.000000   clock source latency
     2    0.019493    0.146390    0.099894    0.099894 ^ clk (in)
                                                         clk (net)
                      0.146398    0.000000    0.099894 ^ clkbuf_0_clk/A (sky130_fd_sc_hd__clkbuf_16)
    17    0.104516    0.183270    0.351977    0.451871 ^ clkbuf_0_clk/X (sky130_fd_sc_hd__clkbuf_16)
                                                         clknet_0_clk (net)
                      0.183951    0.008286    0.460158 ^ clkbuf_3_2__f_clk/A (sky130_fd_sc_hd__clkbuf_16)
    12    0.036241    0.089285    0.295908    0.756066 ^ clkbuf_3_2__f_clk/X (sky130_fd_sc_hd__clkbuf_16)
                                                         clknet_3_2__leaf_clk (net)
                      0.089361    0.002325    0.758391 ^ _431_/CLK (sky130_fd_sc_hd__dfrtp_1)
     4    0.008422    0.145949    0.708522    1.466913 ^ _431_/Q (sky130_fd_sc_hd__dfrtp_1)
                                                         TOP.top_rng_inst.ecstate.count_out[4] (net)
                      0.145949    0.000417    1.467331 ^ _203_/C (sky130_fd_sc_hd__and4_1)
     3    0.017878    0.302104    0.590953    2.058283 ^ _203_/X (sky130_fd_sc_hd__and4_1)
                                                         _051_ (net)
                      0.302119    0.002480    2.060763 ^ _204_/C1 (sky130_fd_sc_hd__o211ai_4)
     9    0.028369    0.240809    0.317977    2.378739 v _204_/Y (sky130_fd_sc_hd__o211ai_4)
                                                         _052_ (net)
                      0.240809    0.000792    2.379531 v _214_/B (sky130_fd_sc_hd__and3_1)
     2    0.005540    0.093386    0.442113    2.821644 v _214_/X (sky130_fd_sc_hd__and3_1)
                                                         TOP.top_rng_inst.ecstate.next_count[2] (net)
                      0.093386    0.000331    2.821976 v _245_/C1 (sky130_fd_sc_hd__o211a_1)
     1    0.003255    0.075328    0.211972    3.033948 v _245_/X (sky130_fd_sc_hd__o211a_1)
                                                         TOP.top_rng_inst.ecstate.next_flag (net)
                      0.075328    0.000194    3.034142 v _426_/D (sky130_fd_sc_hd__dfrtp_1)
                                              3.034142   data arrival time

                                 25.000000   25.000000   clock clk (rise edge)
                                  0.000000   25.000000   clock source latency
     2    0.019493    0.146390    0.099895   25.099894 ^ clk (in)
                                                         clk (net)
                      0.146398    0.000000   25.099894 ^ clkbuf_0_clk/A (sky130_fd_sc_hd__clkbuf_16)
    17    0.104516    0.183270    0.351976   25.451870 ^ clkbuf_0_clk/X (sky130_fd_sc_hd__clkbuf_16)
                                                         clknet_0_clk (net)
                      0.183951    0.008287   25.460157 ^ clkbuf_3_2__f_clk/A (sky130_fd_sc_hd__clkbuf_16)
    12    0.036241    0.089285    0.295907   25.756065 ^ clkbuf_3_2__f_clk/X (sky130_fd_sc_hd__clkbuf_16)
                                                         clknet_3_2__leaf_clk (net)
                      0.089338    0.001993   25.758059 ^ _426_/CLK (sky130_fd_sc_hd__dfrtp_1)
                                 -0.250000   25.508059   clock uncertainty
                                  0.000000   25.508059   clock reconvergence pessimism
                                 -0.273632   25.234426   library setup time
                                             25.234426   data required time
---------------------------------------------------------------------------------------------
                                             25.234426   data required time
                                             -3.034142   data arrival time
---------------------------------------------------------------------------------------------
                                             22.200285   slack (MET)


Startpoint: _432_ (rising edge-triggered flip-flop clocked by clk)
Endpoint: _432_ (rising edge-triggered flip-flop clocked by clk)
Path Group: clk
Path Type: max

Fanout         Cap        Slew       Delay        Time   Description
---------------------------------------------------------------------------------------------
                                  0.000000    0.000000   clock clk (rise edge)
                                  0.000000    0.000000   clock source latency
     2    0.019493    0.146390    0.099894    0.099894 ^ clk (in)
                                                         clk (net)
                      0.146398    0.000000    0.099894 ^ clkbuf_0_clk/A (sky130_fd_sc_hd__clkbuf_16)
    17    0.104516    0.183270    0.351977    0.451871 ^ clkbuf_0_clk/X (sky130_fd_sc_hd__clkbuf_16)
                                                         clknet_0_clk (net)
                      0.183951    0.008286    0.460158 ^ clkbuf_3_2__f_clk/A (sky130_fd_sc_hd__clkbuf_16)
    12    0.036241    0.089285    0.295908    0.756066 ^ clkbuf_3_2__f_clk/X (sky130_fd_sc_hd__clkbuf_16)
                                                         clknet_3_2__leaf_clk (net)
                      0.089365    0.002374    0.758439 ^ _432_/CLK (sky130_fd_sc_hd__dfrtp_1)
     3    0.006369    0.106327    0.778610    1.537049 v _432_/Q (sky130_fd_sc_hd__dfrtp_1)
                                                         TOP.top_rng_inst.ecstate.count_out[5] (net)
                      0.106327    0.000348    1.537397 v hold27/A (sky130_fd_sc_hd__dlygate4sd3_1)
     1    0.003455    0.113281    1.151542    2.688939 v hold27/X (sky130_fd_sc_hd__dlygate4sd3_1)
                                                         net126 (net)
                      0.113281    0.000253    2.689192 v _209_/A1 (sky130_fd_sc_hd__o21ai_1)
     1    0.002814    0.163243    0.229214    2.918406 ^ _209_/Y (sky130_fd_sc_hd__o21ai_1)
                                                         _055_ (net)
                      0.163243    0.000203    2.918609 ^ _210_/B (sky130_fd_sc_hd__nor2_1)
     1    0.002452    0.053243    0.102530    3.021139 v _210_/Y (sky130_fd_sc_hd__nor2_1)
                                                         TOP.top_rng_inst.ecstate.next_count[5] (net)
                      0.053243    0.000178    3.021317 v _432_/D (sky130_fd_sc_hd__dfrtp_1)
                                              3.021317   data arrival time

                                 25.000000   25.000000   clock clk (rise edge)
                                  0.000000   25.000000   clock source latency
     2    0.019493    0.146390    0.099895   25.099894 ^ clk (in)
                                                         clk (net)
                      0.146398    0.000000   25.099894 ^ clkbuf_0_clk/A (sky130_fd_sc_hd__clkbuf_16)
    17    0.104516    0.183270    0.351976   25.451870 ^ clkbuf_0_clk/X (sky130_fd_sc_hd__clkbuf_16)
                                                         clknet_0_clk (net)
                      0.183951    0.008287   25.460157 ^ clkbuf_3_2__f_clk/A (sky130_fd_sc_hd__clkbuf_16)
    12    0.036241    0.089285    0.295907   25.756065 ^ clkbuf_3_2__f_clk/X (sky130_fd_sc_hd__clkbuf_16)
                                                         clknet_3_2__leaf_clk (net)
                      0.089365    0.002373   25.758438 ^ _432_/CLK (sky130_fd_sc_hd__dfrtp_1)
                                 -0.250000   25.508438   clock uncertainty
                                  0.000000   25.508438   clock reconvergence pessimism
                                 -0.264418   25.244020   library setup time
                                             25.244020   data required time
---------------------------------------------------------------------------------------------
                                             25.244020   data required time
                                             -3.021317   data arrival time
---------------------------------------------------------------------------------------------
                                             22.222704   slack (MET)


Startpoint: _427_ (rising edge-triggered flip-flop clocked by clk)
Endpoint: _427_ (rising edge-triggered flip-flop clocked by clk)
Path Group: clk
Path Type: max

Fanout         Cap        Slew       Delay        Time   Description
---------------------------------------------------------------------------------------------
                                  0.000000    0.000000   clock clk (rise edge)
                                  0.000000    0.000000   clock source latency
     2    0.019493    0.146390    0.099894    0.099894 ^ clk (in)
                                                         clk (net)
                      0.146398    0.000000    0.099894 ^ clkbuf_0_clk/A (sky130_fd_sc_hd__clkbuf_16)
    17    0.104516    0.183270    0.351977    0.451871 ^ clkbuf_0_clk/X (sky130_fd_sc_hd__clkbuf_16)
                                                         clknet_0_clk (net)
                      0.183654    0.005848    0.457719 ^ clkbuf_3_0__f_clk/A (sky130_fd_sc_hd__clkbuf_16)
     9    0.029795    0.080186    0.287009    0.744728 ^ clkbuf_3_0__f_clk/X (sky130_fd_sc_hd__clkbuf_16)
                                                         clknet_3_0__leaf_clk (net)
                      0.080236    0.001766    0.746494 ^ _427_/CLK (sky130_fd_sc_hd__dfrtp_2)
     6    0.018375    0.145116    0.900770    1.647264 v _427_/Q (sky130_fd_sc_hd__dfrtp_2)
                                                         TOP.top_rng_inst.ecstate.count_out[0] (net)
                      0.145116    0.000735    1.648000 v hold7/A (sky130_fd_sc_hd__dlygate4sd3_1)
     2    0.006009    0.138236    1.204787    2.852787 v hold7/X (sky130_fd_sc_hd__dlygate4sd3_1)
                                                         net106 (net)
                      0.138236    0.000224    2.853011 v _233_/A (sky130_fd_sc_hd__nand2_1)
     1    0.002289    0.086784    0.112181    2.965192 ^ _233_/Y (sky130_fd_sc_hd__nand2_1)
                                                         TOP.top_rng_inst.ecstate.next_count[0] (net)
                      0.086784    0.000156    2.965348 ^ _427_/D (sky130_fd_sc_hd__dfrtp_2)
                                              2.965348   data arrival time

                                 25.000000   25.000000   clock clk (rise edge)
                                  0.000000   25.000000   clock source latency
     2    0.019493    0.146390    0.099895   25.099894 ^ clk (in)
                                                         clk (net)
                      0.146398    0.000000   25.099894 ^ clkbuf_0_clk/A (sky130_fd_sc_hd__clkbuf_16)
    17    0.104516    0.183270    0.351976   25.451870 ^ clkbuf_0_clk/X (sky130_fd_sc_hd__clkbuf_16)
                                                         clknet_0_clk (net)
                      0.183654    0.005848   25.457718 ^ clkbuf_3_0__f_clk/A (sky130_fd_sc_hd__clkbuf_16)
     9    0.029795    0.080186    0.287008   25.744726 ^ clkbuf_3_0__f_clk/X (sky130_fd_sc_hd__clkbuf_16)
                                                         clknet_3_0__leaf_clk (net)
                      0.080236    0.001767   25.746494 ^ _427_/CLK (sky130_fd_sc_hd__dfrtp_2)
                                 -0.250000   25.496494   clock uncertainty
                                  0.000000   25.496494   clock reconvergence pessimism
                                 -0.140862   25.355633   library setup time
                                             25.355633   data required time
---------------------------------------------------------------------------------------------
                                             25.355633   data required time
                                             -2.965348   data arrival time
---------------------------------------------------------------------------------------------
                                             22.390285   slack (MET)


Startpoint: _431_ (rising edge-triggered flip-flop clocked by clk)
Endpoint: _429_ (rising edge-triggered flip-flop clocked by clk)
Path Group: clk
Path Type: max

Fanout         Cap        Slew       Delay        Time   Description
---------------------------------------------------------------------------------------------
                                  0.000000    0.000000   clock clk (rise edge)
                                  0.000000    0.000000   clock source latency
     2    0.019493    0.146390    0.099894    0.099894 ^ clk (in)
                                                         clk (net)
                      0.146398    0.000000    0.099894 ^ clkbuf_0_clk/A (sky130_fd_sc_hd__clkbuf_16)
    17    0.104516    0.183270    0.351977    0.451871 ^ clkbuf_0_clk/X (sky130_fd_sc_hd__clkbuf_16)
                                                         clknet_0_clk (net)
                      0.183951    0.008286    0.460158 ^ clkbuf_3_2__f_clk/A (sky130_fd_sc_hd__clkbuf_16)
    12    0.036241    0.089285    0.295908    0.756066 ^ clkbuf_3_2__f_clk/X (sky130_fd_sc_hd__clkbuf_16)
                                                         clknet_3_2__leaf_clk (net)
                      0.089361    0.002325    0.758391 ^ _431_/CLK (sky130_fd_sc_hd__dfrtp_1)
     4    0.008422    0.145949    0.708522    1.466913 ^ _431_/Q (sky130_fd_sc_hd__dfrtp_1)
                                                         TOP.top_rng_inst.ecstate.count_out[4] (net)
                      0.145949    0.000417    1.467331 ^ _203_/C (sky130_fd_sc_hd__and4_1)
     3    0.017878    0.302104    0.590953    2.058283 ^ _203_/X (sky130_fd_sc_hd__and4_1)
                                                         _051_ (net)
                      0.302119    0.002480    2.060763 ^ _204_/C1 (sky130_fd_sc_hd__o211ai_4)
     9    0.028369    0.240809    0.317977    2.378739 v _204_/Y (sky130_fd_sc_hd__o211ai_4)
                                                         _052_ (net)
                      0.240809    0.000792    2.379531 v _214_/B (sky130_fd_sc_hd__and3_1)
     2    0.005540    0.093386    0.442113    2.821644 v _214_/X (sky130_fd_sc_hd__and3_1)
                                                         TOP.top_rng_inst.ecstate.next_count[2] (net)
                      0.093386    0.000308    2.821952 v _429_/D (sky130_fd_sc_hd__dfrtp_2)
                                              2.821952   data arrival time

                                 25.000000   25.000000   clock clk (rise edge)
                                  0.000000   25.000000   clock source latency
     2    0.019493    0.146390    0.099895   25.099894 ^ clk (in)
                                                         clk (net)
                      0.146398    0.000000   25.099894 ^ clkbuf_0_clk/A (sky130_fd_sc_hd__clkbuf_16)
    17    0.104516    0.183270    0.351976   25.451870 ^ clkbuf_0_clk/X (sky130_fd_sc_hd__clkbuf_16)
                                                         clknet_0_clk (net)
                      0.183951    0.008287   25.460157 ^ clkbuf_3_2__f_clk/A (sky130_fd_sc_hd__clkbuf_16)
    12    0.036241    0.089285    0.295907   25.756065 ^ clkbuf_3_2__f_clk/X (sky130_fd_sc_hd__clkbuf_16)
                                                         clknet_3_2__leaf_clk (net)
                      0.089337    0.001977   25.758041 ^ _429_/CLK (sky130_fd_sc_hd__dfrtp_2)
                                 -0.250000   25.508043   clock uncertainty
                                  0.000000   25.508043   clock reconvergence pessimism
                                 -0.281222   25.226820   library setup time
                                             25.226820   data required time
---------------------------------------------------------------------------------------------
                                             25.226820   data required time
                                             -2.821952   data arrival time
---------------------------------------------------------------------------------------------
                                             22.404867   slack (MET)


Startpoint: _431_ (rising edge-triggered flip-flop clocked by clk)
Endpoint: _430_ (rising edge-triggered flip-flop clocked by clk)
Path Group: clk
Path Type: max

Fanout         Cap        Slew       Delay        Time   Description
---------------------------------------------------------------------------------------------
                                  0.000000    0.000000   clock clk (rise edge)
                                  0.000000    0.000000   clock source latency
     2    0.019493    0.146390    0.099894    0.099894 ^ clk (in)
                                                         clk (net)
                      0.146398    0.000000    0.099894 ^ clkbuf_0_clk/A (sky130_fd_sc_hd__clkbuf_16)
    17    0.104516    0.183270    0.351977    0.451871 ^ clkbuf_0_clk/X (sky130_fd_sc_hd__clkbuf_16)
                                                         clknet_0_clk (net)
                      0.183951    0.008286    0.460158 ^ clkbuf_3_2__f_clk/A (sky130_fd_sc_hd__clkbuf_16)
    12    0.036241    0.089285    0.295908    0.756066 ^ clkbuf_3_2__f_clk/X (sky130_fd_sc_hd__clkbuf_16)
                                                         clknet_3_2__leaf_clk (net)
                      0.089361    0.002325    0.758391 ^ _431_/CLK (sky130_fd_sc_hd__dfrtp_1)
     4    0.008422    0.145949    0.708522    1.466913 ^ _431_/Q (sky130_fd_sc_hd__dfrtp_1)
                                                         TOP.top_rng_inst.ecstate.count_out[4] (net)
                      0.145949    0.000417    1.467331 ^ _203_/C (sky130_fd_sc_hd__and4_1)
     3    0.017878    0.302104    0.590953    2.058283 ^ _203_/X (sky130_fd_sc_hd__and4_1)
                                                         _051_ (net)
                      0.302119    0.002480    2.060763 ^ _204_/C1 (sky130_fd_sc_hd__o211ai_4)
     9    0.028369    0.240809    0.317977    2.378739 v _204_/Y (sky130_fd_sc_hd__o211ai_4)
                                                         _052_ (net)
                      0.240813    0.001374    2.380113 v _237_/B (sky130_fd_sc_hd__and3b_1)
     1    0.002388    0.066461    0.404951    2.785064 v _237_/X (sky130_fd_sc_hd__and3b_1)
                                                         TOP.top_rng_inst.ecstate.next_count[3] (net)
                      0.066461    0.000160    2.785224 v _430_/D (sky130_fd_sc_hd__dfrtp_1)
                                              2.785224   data arrival time

                                 25.000000   25.000000   clock clk (rise edge)
                                  0.000000   25.000000   clock source latency
     2    0.019493    0.146390    0.099895   25.099894 ^ clk (in)
                                                         clk (net)
                      0.146398    0.000000   25.099894 ^ clkbuf_0_clk/A (sky130_fd_sc_hd__clkbuf_16)
    17    0.104516    0.183270    0.351976   25.451870 ^ clkbuf_0_clk/X (sky130_fd_sc_hd__clkbuf_16)
                                                         clknet_0_clk (net)
                      0.183951    0.008287   25.460157 ^ clkbuf_3_2__f_clk/A (sky130_fd_sc_hd__clkbuf_16)
    12    0.036241    0.089285    0.295907   25.756065 ^ clkbuf_3_2__f_clk/X (sky130_fd_sc_hd__clkbuf_16)
                                                         clknet_3_2__leaf_clk (net)
                      0.089357    0.002276   25.758341 ^ _430_/CLK (sky130_fd_sc_hd__dfrtp_1)
                                 -0.250000   25.508341   clock uncertainty
                                  0.000000   25.508341   clock reconvergence pessimism
                                 -0.269930   25.238411   library setup time
                                             25.238411   data required time
---------------------------------------------------------------------------------------------
                                             25.238411   data required time
                                             -2.785224   data arrival time
---------------------------------------------------------------------------------------------
                                             22.453186   slack (MET)


Startpoint: _431_ (rising edge-triggered flip-flop clocked by clk)
Endpoint: _435_ (rising edge-triggered flip-flop clocked by clk)
Path Group: clk
Path Type: max

Fanout         Cap        Slew       Delay        Time   Description
---------------------------------------------------------------------------------------------
                                  0.000000    0.000000   clock clk (rise edge)
                                  0.000000    0.000000   clock source latency
     2    0.019493    0.146390    0.099894    0.099894 ^ clk (in)
                                                         clk (net)
                      0.146398    0.000000    0.099894 ^ clkbuf_0_clk/A (sky130_fd_sc_hd__clkbuf_16)
    17    0.104516    0.183270    0.351977    0.451871 ^ clkbuf_0_clk/X (sky130_fd_sc_hd__clkbuf_16)
                                                         clknet_0_clk (net)
                      0.183951    0.008286    0.460158 ^ clkbuf_3_2__f_clk/A (sky130_fd_sc_hd__clkbuf_16)
    12    0.036241    0.089285    0.295908    0.756066 ^ clkbuf_3_2__f_clk/X (sky130_fd_sc_hd__clkbuf_16)
                                                         clknet_3_2__leaf_clk (net)
                      0.089361    0.002325    0.758391 ^ _431_/CLK (sky130_fd_sc_hd__dfrtp_1)
     4    0.008422    0.145949    0.708522    1.466913 ^ _431_/Q (sky130_fd_sc_hd__dfrtp_1)
                                                         TOP.top_rng_inst.ecstate.count_out[4] (net)
                      0.145949    0.000417    1.467331 ^ _203_/C (sky130_fd_sc_hd__and4_1)
     3    0.017878    0.302104    0.590953    2.058283 ^ _203_/X (sky130_fd_sc_hd__and4_1)
                                                         _051_ (net)
                      0.302119    0.002480    2.060763 ^ _204_/C1 (sky130_fd_sc_hd__o211ai_4)
     9    0.028369    0.240809    0.317977    2.378739 v _204_/Y (sky130_fd_sc_hd__o211ai_4)
                                                         _052_ (net)
                      0.240814    0.001493    2.380232 v _215_/B1_N (sky130_fd_sc_hd__a21boi_1)
     1    0.003054    0.093291    0.335619    2.715851 v _215_/Y (sky130_fd_sc_hd__a21boi_1)
                                                         TOP.top_rng_inst.ecstate.next_count[8] (net)
                      0.093291    0.000191    2.716042 v _435_/D (sky130_fd_sc_hd__dfrtp_2)
                                              2.716042   data arrival time

                                 25.000000   25.000000   clock clk (rise edge)
                                  0.000000   25.000000   clock source latency
     2    0.019493    0.146390    0.099895   25.099894 ^ clk (in)
                                                         clk (net)
                      0.146398    0.000000   25.099894 ^ clkbuf_0_clk/A (sky130_fd_sc_hd__clkbuf_16)
    17    0.104516    0.183270    0.351976   25.451870 ^ clkbuf_0_clk/X (sky130_fd_sc_hd__clkbuf_16)
                                                         clknet_0_clk (net)
                      0.183951    0.008287   25.460157 ^ clkbuf_3_2__f_clk/A (sky130_fd_sc_hd__clkbuf_16)
    12    0.036241    0.089285    0.295907   25.756065 ^ clkbuf_3_2__f_clk/X (sky130_fd_sc_hd__clkbuf_16)
                                                         clknet_3_2__leaf_clk (net)
                      0.089320    0.001673   25.757738 ^ _435_/CLK (sky130_fd_sc_hd__dfrtp_2)
                                 -0.250000   25.507738   clock uncertainty
                                  0.000000   25.507738   clock reconvergence pessimism
                                 -0.281187   25.226553   library setup time
                                             25.226553   data required time
---------------------------------------------------------------------------------------------
                                             25.226553   data required time
                                             -2.716042   data arrival time
---------------------------------------------------------------------------------------------
                                             22.510509   slack (MET)


Startpoint: _483_ (rising edge-triggered flip-flop clocked by clk)
Endpoint: _484_ (rising edge-triggered flip-flop clocked by clk)
Path Group: clk
Path Type: max

Fanout         Cap        Slew       Delay        Time   Description
---------------------------------------------------------------------------------------------
                                  0.000000    0.000000   clock clk (rise edge)
                                  0.000000    0.000000   clock source latency
     2    0.019493    0.146390    0.099894    0.099894 ^ clk (in)
                                                         clk (net)
                      0.146398    0.000000    0.099894 ^ clkbuf_0_clk/A (sky130_fd_sc_hd__clkbuf_16)
    17    0.104516    0.183270    0.351977    0.451871 ^ clkbuf_0_clk/X (sky130_fd_sc_hd__clkbuf_16)
                                                         clknet_0_clk (net)
                      0.183690    0.006197    0.458069 ^ clkbuf_3_1__f_clk/A (sky130_fd_sc_hd__clkbuf_16)
    12    0.042726    0.097318    0.304699    0.762768 ^ clkbuf_3_1__f_clk/X (sky130_fd_sc_hd__clkbuf_16)
                                                         clknet_3_1__leaf_clk (net)
                      0.097599    0.003824    0.766592 ^ _483_/CLK (sky130_fd_sc_hd__dfrtp_1)
     1    0.001737    0.066681    0.728367    1.494959 v _483_/Q (sky130_fd_sc_hd__dfrtp_1)
                                                         TOP.top_rng_inst.k1.sync_r0.n_sr[1] (net)
                      0.066681    0.000123    1.495082 v hold4/A (sky130_fd_sc_hd__dlygate4sd3_1)
     1    0.002345    0.102245    1.114232    2.609315 v hold4/X (sky130_fd_sc_hd__dlygate4sd3_1)
                                                         net103 (net)
                      0.102245    0.000169    2.609484 v _484_/D (sky130_fd_sc_hd__dfrtp_2)
                                              2.609484   data arrival time

                                 25.000000   25.000000   clock clk (rise edge)
                                  0.000000   25.000000   clock source latency
     2    0.019493    0.146390    0.099895   25.099894 ^ clk (in)
                                                         clk (net)
                      0.146398    0.000000   25.099894 ^ clkbuf_0_clk/A (sky130_fd_sc_hd__clkbuf_16)
    17    0.104516    0.183270    0.351976   25.451870 ^ clkbuf_0_clk/X (sky130_fd_sc_hd__clkbuf_16)
                                                         clknet_0_clk (net)
                      0.183654    0.005848   25.457718 ^ clkbuf_3_0__f_clk/A (sky130_fd_sc_hd__clkbuf_16)
     9    0.029795    0.080186    0.287008   25.744726 ^ clkbuf_3_0__f_clk/X (sky130_fd_sc_hd__clkbuf_16)
                                                         clknet_3_0__leaf_clk (net)
                      0.080225    0.001597   25.746323 ^ _484_/CLK (sky130_fd_sc_hd__dfrtp_2)
                                 -0.250000   25.496325   clock uncertainty
                                  0.000000   25.496325   clock reconvergence pessimism
                                 -0.287353   25.208971   library setup time
                                             25.208971   data required time
---------------------------------------------------------------------------------------------
                                             25.208971   data required time
                                             -2.609484   data arrival time
---------------------------------------------------------------------------------------------
                                             22.599487   slack (MET)


Startpoint: _481_ (rising edge-triggered flip-flop clocked by clk)
Endpoint: _482_ (rising edge-triggered flip-flop clocked by clk)
Path Group: clk
Path Type: max

Fanout         Cap        Slew       Delay        Time   Description
---------------------------------------------------------------------------------------------
                                  0.000000    0.000000   clock clk (rise edge)
                                  0.000000    0.000000   clock source latency
     2    0.019493    0.146390    0.099894    0.099894 ^ clk (in)
                                                         clk (net)
                      0.146398    0.000000    0.099894 ^ clkbuf_0_clk/A (sky130_fd_sc_hd__clkbuf_16)
    17    0.104516    0.183270    0.351977    0.451871 ^ clkbuf_0_clk/X (sky130_fd_sc_hd__clkbuf_16)
                                                         clknet_0_clk (net)
                      0.183654    0.005848    0.457719 ^ clkbuf_3_0__f_clk/A (sky130_fd_sc_hd__clkbuf_16)
     9    0.029795    0.080186    0.287009    0.744728 ^ clkbuf_3_0__f_clk/X (sky130_fd_sc_hd__clkbuf_16)
                                                         clknet_3_0__leaf_clk (net)
                      0.080223    0.001562    0.746289 ^ _481_/CLK (sky130_fd_sc_hd__dfrtp_1)
     1    0.001895    0.067940    0.722471    1.468761 v _481_/Q (sky130_fd_sc_hd__dfrtp_1)
                                                         TOP.top_rng_inst.k1.sync_r1.n_sr[1] (net)
                      0.067940    0.000129    1.468890 v hold1/A (sky130_fd_sc_hd__dlygate4sd3_1)
     1    0.003034    0.107495    1.126407    2.595297 v hold1/X (sky130_fd_sc_hd__dlygate4sd3_1)
                                                         net100 (net)
                      0.107495    0.000206    2.595503 v _482_/D (sky130_fd_sc_hd__dfrtp_1)
                                              2.595503   data arrival time

                                 25.000000   25.000000   clock clk (rise edge)
                                  0.000000   25.000000   clock source latency
     2    0.019493    0.146390    0.099895   25.099894 ^ clk (in)
                                                         clk (net)
                      0.146398    0.000000   25.099894 ^ clkbuf_0_clk/A (sky130_fd_sc_hd__clkbuf_16)
    17    0.104516    0.183270    0.351976   25.451870 ^ clkbuf_0_clk/X (sky130_fd_sc_hd__clkbuf_16)
                                                         clknet_0_clk (net)
                      0.183654    0.005848   25.457718 ^ clkbuf_3_0__f_clk/A (sky130_fd_sc_hd__clkbuf_16)
     9    0.029795    0.080186    0.287008   25.744726 ^ clkbuf_3_0__f_clk/X (sky130_fd_sc_hd__clkbuf_16)
                                                         clknet_3_0__leaf_clk (net)
                      0.080216    0.001441   25.746166 ^ _482_/CLK (sky130_fd_sc_hd__dfrtp_1)
                                 -0.250000   25.496168   clock uncertainty
                                  0.000000   25.496168   clock reconvergence pessimism
                                 -0.289476   25.206690   library setup time
                                             25.206690   data required time
---------------------------------------------------------------------------------------------
                                             25.206690   data required time
                                             -2.595503   data arrival time
---------------------------------------------------------------------------------------------
                                             22.611187   slack (MET)


Startpoint: _477_ (rising edge-triggered flip-flop clocked by clk)
Endpoint: _478_ (rising edge-triggered flip-flop clocked by clk)
Path Group: clk
Path Type: max

Fanout         Cap        Slew       Delay        Time   Description
---------------------------------------------------------------------------------------------
                                  0.000000    0.000000   clock clk (rise edge)
                                  0.000000    0.000000   clock source latency
     2    0.019493    0.146390    0.099894    0.099894 ^ clk (in)
                                                         clk (net)
                      0.146398    0.000000    0.099894 ^ clkbuf_0_clk/A (sky130_fd_sc_hd__clkbuf_16)
    17    0.104516    0.183270    0.351977    0.451871 ^ clkbuf_0_clk/X (sky130_fd_sc_hd__clkbuf_16)
                                                         clknet_0_clk (net)
                      0.183690    0.006197    0.458069 ^ clkbuf_3_1__f_clk/A (sky130_fd_sc_hd__clkbuf_16)
    12    0.042726    0.097318    0.304699    0.762768 ^ clkbuf_3_1__f_clk/X (sky130_fd_sc_hd__clkbuf_16)
                                                         clknet_3_1__leaf_clk (net)
                      0.097602    0.003848    0.766617 ^ _477_/CLK (sky130_fd_sc_hd__dfrtp_1)
     1    0.002076    0.069316    0.732877    1.499494 v _477_/Q (sky130_fd_sc_hd__dfrtp_1)
                                                         TOP.top_rng_inst.k1.sync_r3.n_sr[1] (net)
                      0.069316    0.000096    1.499591 v hold3/A (sky130_fd_sc_hd__dlygate4sd3_1)
     1    0.002420    0.102696    1.116637    2.616227 v hold3/X (sky130_fd_sc_hd__dlygate4sd3_1)
                                                         net102 (net)
                      0.102696    0.000161    2.616389 v _478_/D (sky130_fd_sc_hd__dfrtp_1)
                                              2.616389   data arrival time

                                 25.000000   25.000000   clock clk (rise edge)
                                  0.000000   25.000000   clock source latency
     2    0.019493    0.146390    0.099895   25.099894 ^ clk (in)
                                                         clk (net)
                      0.146398    0.000000   25.099894 ^ clkbuf_0_clk/A (sky130_fd_sc_hd__clkbuf_16)
    17    0.104516    0.183270    0.351976   25.451870 ^ clkbuf_0_clk/X (sky130_fd_sc_hd__clkbuf_16)
                                                         clknet_0_clk (net)
                      0.183690    0.006198   25.458069 ^ clkbuf_3_1__f_clk/A (sky130_fd_sc_hd__clkbuf_16)
    12    0.042726    0.097318    0.304698   25.762768 ^ clkbuf_3_1__f_clk/X (sky130_fd_sc_hd__clkbuf_16)
                                                         clknet_3_1__leaf_clk (net)
                      0.097418    0.001865   25.764631 ^ _478_/CLK (sky130_fd_sc_hd__dfrtp_1)
                                 -0.250000   25.514633   clock uncertainty
                                  0.000000   25.514633   clock reconvergence pessimism
                                 -0.282887   25.231747   library setup time
                                             25.231747   data required time
---------------------------------------------------------------------------------------------
                                             25.231747   data required time
                                             -2.616389   data arrival time
---------------------------------------------------------------------------------------------
                                             22.615356   slack (MET)


Startpoint: _479_ (rising edge-triggered flip-flop clocked by clk)
Endpoint: _480_ (rising edge-triggered flip-flop clocked by clk)
Path Group: clk
Path Type: max

Fanout         Cap        Slew       Delay        Time   Description
---------------------------------------------------------------------------------------------
                                  0.000000    0.000000   clock clk (rise edge)
                                  0.000000    0.000000   clock source latency
     2    0.019493    0.146390    0.099894    0.099894 ^ clk (in)
                                                         clk (net)
                      0.146398    0.000000    0.099894 ^ clkbuf_0_clk/A (sky130_fd_sc_hd__clkbuf_16)
    17    0.104516    0.183270    0.351977    0.451871 ^ clkbuf_0_clk/X (sky130_fd_sc_hd__clkbuf_16)
                                                         clknet_0_clk (net)
                      0.183654    0.005848    0.457719 ^ clkbuf_3_0__f_clk/A (sky130_fd_sc_hd__clkbuf_16)
     9    0.029795    0.080186    0.287009    0.744728 ^ clkbuf_3_0__f_clk/X (sky130_fd_sc_hd__clkbuf_16)
                                                         clknet_3_0__leaf_clk (net)
                      0.080219    0.001498    0.746226 ^ _479_/CLK (sky130_fd_sc_hd__dfrtp_1)
     1    0.001737    0.066634    0.720365    1.466591 v _479_/Q (sky130_fd_sc_hd__dfrtp_1)
                                                         TOP.top_rng_inst.k1.sync_r2.n_sr[1] (net)
                      0.066634    0.000123    1.466715 v hold2/A (sky130_fd_sc_hd__dlygate4sd3_1)
     1    0.002086    0.099799    1.109861    2.576576 v hold2/X (sky130_fd_sc_hd__dlygate4sd3_1)
                                                         net101 (net)
                      0.099799    0.000094    2.576670 v _480_/D (sky130_fd_sc_hd__dfrtp_1)
                                              2.576670   data arrival time

                                 25.000000   25.000000   clock clk (rise edge)
                                  0.000000   25.000000   clock source latency
     2    0.019493    0.146390    0.099895   25.099894 ^ clk (in)
                                                         clk (net)
                      0.146398    0.000000   25.099894 ^ clkbuf_0_clk/A (sky130_fd_sc_hd__clkbuf_16)
    17    0.104516    0.183270    0.351976   25.451870 ^ clkbuf_0_clk/X (sky130_fd_sc_hd__clkbuf_16)
                                                         clknet_0_clk (net)
                      0.183654    0.005848   25.457718 ^ clkbuf_3_0__f_clk/A (sky130_fd_sc_hd__clkbuf_16)
     9    0.029795    0.080186    0.287008   25.744726 ^ clkbuf_3_0__f_clk/X (sky130_fd_sc_hd__clkbuf_16)
                                                         clknet_3_0__leaf_clk (net)
                      0.080222    0.001553   25.746279 ^ _480_/CLK (sky130_fd_sc_hd__dfrtp_1)
                                 -0.250000   25.496279   clock uncertainty
                                  0.000000   25.496279   clock reconvergence pessimism
                                 -0.286266   25.210014   library setup time
                                             25.210014   data required time
---------------------------------------------------------------------------------------------
                                             25.210014   data required time
                                             -2.576670   data arrival time
---------------------------------------------------------------------------------------------
                                             22.633345   slack (MET)


Startpoint: _454_ (rising edge-triggered flip-flop clocked by clk)
Endpoint: _454_ (rising edge-triggered flip-flop clocked by clk)
Path Group: clk
Path Type: max

Fanout         Cap        Slew       Delay        Time   Description
---------------------------------------------------------------------------------------------
                                  0.000000    0.000000   clock clk (rise edge)
                                  0.000000    0.000000   clock source latency
     2    0.019493    0.146390    0.099894    0.099894 ^ clk (in)
                                                         clk (net)
                      0.146398    0.000000    0.099894 ^ clkbuf_0_clk/A (sky130_fd_sc_hd__clkbuf_16)
    17    0.104516    0.183270    0.351977    0.451871 ^ clkbuf_0_clk/X (sky130_fd_sc_hd__clkbuf_16)
                                                         clknet_0_clk (net)
                      0.183892    0.007863    0.459734 ^ clkbuf_3_6__f_clk/A (sky130_fd_sc_hd__clkbuf_16)
     9    0.032624    0.084096    0.291112    0.750846 ^ clkbuf_3_6__f_clk/X (sky130_fd_sc_hd__clkbuf_16)
                                                         clknet_3_6__leaf_clk (net)
                      0.084124    0.001440    0.752285 ^ _454_/CLK (sky130_fd_sc_hd__dfrtp_4)
     8    0.030655    0.178236    1.088388    1.840673 v _454_/Q (sky130_fd_sc_hd__dfrtp_4)
                                                         net15 (net)
                      0.178236    0.001340    1.842013 v _373_/B (sky130_fd_sc_hd__and3_1)
     2    0.008543    0.117556    0.435959    2.277972 v _373_/X (sky130_fd_sc_hd__and3_1)
                                                         _169_ (net)
                      0.117556    0.000491    2.278463 v _374_/B (sky130_fd_sc_hd__nor2_1)
     1    0.002671    0.127597    0.156642    2.435106 ^ _374_/Y (sky130_fd_sc_hd__nor2_1)
                                                         _022_ (net)
                      0.127597    0.000170    2.435276 ^ _454_/D (sky130_fd_sc_hd__dfrtp_4)
                                              2.435276   data arrival time

                                 25.000000   25.000000   clock clk (rise edge)
                                  0.000000   25.000000   clock source latency
     2    0.019493    0.146390    0.099895   25.099894 ^ clk (in)
                                                         clk (net)
                      0.146398    0.000000   25.099894 ^ clkbuf_0_clk/A (sky130_fd_sc_hd__clkbuf_16)
    17    0.104516    0.183270    0.351976   25.451870 ^ clkbuf_0_clk/X (sky130_fd_sc_hd__clkbuf_16)
                                                         clknet_0_clk (net)
                      0.183892    0.007862   25.459732 ^ clkbuf_3_6__f_clk/A (sky130_fd_sc_hd__clkbuf_16)
     9    0.032624    0.084096    0.291111   25.750843 ^ clkbuf_3_6__f_clk/X (sky130_fd_sc_hd__clkbuf_16)
                                                         clknet_3_6__leaf_clk (net)
                      0.084124    0.001441   25.752285 ^ _454_/CLK (sky130_fd_sc_hd__dfrtp_4)
                                 -0.250000   25.502285   clock uncertainty
                                  0.000000   25.502285   clock reconvergence pessimism
                                 -0.148793   25.353493   library setup time
                                             25.353493   data required time
---------------------------------------------------------------------------------------------
                                             25.353493   data required time
                                             -2.435276   data arrival time
---------------------------------------------------------------------------------------------
                                             22.918215   slack (MET)


Startpoint: _472_ (rising edge-triggered flip-flop clocked by clk)
Endpoint: _475_ (rising edge-triggered flip-flop clocked by clk)
Path Group: clk
Path Type: max

Fanout         Cap        Slew       Delay        Time   Description
---------------------------------------------------------------------------------------------
                                  0.000000    0.000000   clock clk (rise edge)
                                  0.000000    0.000000   clock source latency
     2    0.019493    0.146390    0.099894    0.099894 ^ clk (in)
                                                         clk (net)
                      0.146398    0.000000    0.099894 ^ clkbuf_0_clk/A (sky130_fd_sc_hd__clkbuf_16)
    17    0.104516    0.183270    0.351977    0.451871 ^ clkbuf_0_clk/X (sky130_fd_sc_hd__clkbuf_16)
                                                         clknet_0_clk (net)
                      0.183690    0.006197    0.458069 ^ clkbuf_3_1__f_clk/A (sky130_fd_sc_hd__clkbuf_16)
    12    0.042726    0.097318    0.304699    0.762768 ^ clkbuf_3_1__f_clk/X (sky130_fd_sc_hd__clkbuf_16)
                                                         clknet_3_1__leaf_clk (net)
                      0.097436    0.002080    0.764848 ^ _472_/CLK (sky130_fd_sc_hd__dfrtp_2)
     6    0.016720    0.143759    0.898545    1.663393 v _472_/Q (sky130_fd_sc_hd__dfrtp_2)
                                                         TOP.top_rng_inst.k1.psc.count_out[0] (net)
                      0.143763    0.000876    1.664269 v _226_/C (sky130_fd_sc_hd__and4b_1)
     1    0.003169    0.077849    0.415906    2.080174 v _226_/X (sky130_fd_sc_hd__and4b_1)
                                                         TOP.top_rng_inst.k1.psc.next_count[3] (net)
                      0.077849    0.000189    2.080363 v _475_/D (sky130_fd_sc_hd__dfrtp_1)
                                              2.080363   data arrival time

                                 25.000000   25.000000   clock clk (rise edge)
                                  0.000000   25.000000   clock source latency
     2    0.019493    0.146390    0.099895   25.099894 ^ clk (in)
                                                         clk (net)
                      0.146398    0.000000   25.099894 ^ clkbuf_0_clk/A (sky130_fd_sc_hd__clkbuf_16)
    17    0.104516    0.183270    0.351976   25.451870 ^ clkbuf_0_clk/X (sky130_fd_sc_hd__clkbuf_16)
                                                         clknet_0_clk (net)
                      0.183690    0.006198   25.458069 ^ clkbuf_3_1__f_clk/A (sky130_fd_sc_hd__clkbuf_16)
    12    0.042726    0.097318    0.304698   25.762768 ^ clkbuf_3_1__f_clk/X (sky130_fd_sc_hd__clkbuf_16)
                                                         clknet_3_1__leaf_clk (net)
                      0.097477    0.002553   25.765320 ^ _475_/CLK (sky130_fd_sc_hd__dfrtp_1)
                                 -0.250000   25.515320   clock uncertainty
                                  0.000000   25.515320   clock reconvergence pessimism
                                 -0.272514   25.242805   library setup time
                                             25.242805   data required time
---------------------------------------------------------------------------------------------
                                             25.242805   data required time
                                             -2.080363   data arrival time
---------------------------------------------------------------------------------------------
                                             23.162443   slack (MET)


Startpoint: _472_ (rising edge-triggered flip-flop clocked by clk)
Endpoint: _476_ (rising edge-triggered flip-flop clocked by clk)
Path Group: clk
Path Type: max

Fanout         Cap        Slew       Delay        Time   Description
---------------------------------------------------------------------------------------------
                                  0.000000    0.000000   clock clk (rise edge)
                                  0.000000    0.000000   clock source latency
     2    0.019493    0.146390    0.099894    0.099894 ^ clk (in)
                                                         clk (net)
                      0.146398    0.000000    0.099894 ^ clkbuf_0_clk/A (sky130_fd_sc_hd__clkbuf_16)
    17    0.104516    0.183270    0.351977    0.451871 ^ clkbuf_0_clk/X (sky130_fd_sc_hd__clkbuf_16)
                                                         clknet_0_clk (net)
                      0.183690    0.006197    0.458069 ^ clkbuf_3_1__f_clk/A (sky130_fd_sc_hd__clkbuf_16)
    12    0.042726    0.097318    0.304699    0.762768 ^ clkbuf_3_1__f_clk/X (sky130_fd_sc_hd__clkbuf_16)
                                                         clknet_3_1__leaf_clk (net)
                      0.097436    0.002080    0.764848 ^ _472_/CLK (sky130_fd_sc_hd__dfrtp_2)
     6    0.016720    0.143759    0.898545    1.663393 v _472_/Q (sky130_fd_sc_hd__dfrtp_2)
                                                         TOP.top_rng_inst.k1.psc.count_out[0] (net)
                      0.143762    0.000759    1.664152 v _413_/C (sky130_fd_sc_hd__and4b_1)
     1    0.002645    0.073323    0.409404    2.073556 v _413_/X (sky130_fd_sc_hd__and4b_1)
                                                         TOP.top_rng_inst.k1.psc.next_flag (net)
                      0.073323    0.000179    2.073735 v _476_/D (sky130_fd_sc_hd__dfrtp_1)
                                              2.073735   data arrival time

                                 25.000000   25.000000   clock clk (rise edge)
                                  0.000000   25.000000   clock source latency
     2    0.019493    0.146390    0.099895   25.099894 ^ clk (in)
                                                         clk (net)
                      0.146398    0.000000   25.099894 ^ clkbuf_0_clk/A (sky130_fd_sc_hd__clkbuf_16)
    17    0.104516    0.183270    0.351976   25.451870 ^ clkbuf_0_clk/X (sky130_fd_sc_hd__clkbuf_16)
                                                         clknet_0_clk (net)
                      0.183690    0.006198   25.458069 ^ clkbuf_3_1__f_clk/A (sky130_fd_sc_hd__clkbuf_16)
    12    0.042726    0.097318    0.304698   25.762768 ^ clkbuf_3_1__f_clk/X (sky130_fd_sc_hd__clkbuf_16)
                                                         clknet_3_1__leaf_clk (net)
                      0.097555    0.003393   25.766159 ^ _476_/CLK (sky130_fd_sc_hd__dfrtp_1)
                                 -0.250000   25.516161   clock uncertainty
                                  0.000000   25.516161   clock reconvergence pessimism
                                 -0.270606   25.245554   library setup time
                                             25.245554   data required time
---------------------------------------------------------------------------------------------
                                             25.245554   data required time
                                             -2.073735   data arrival time
---------------------------------------------------------------------------------------------
                                             23.171820   slack (MET)



