
===========================================================================
report_checks -unconstrained
===========================================================================
======================= max_ss_100C_1v60 Corner ===================================

Startpoint: nrst (input port clocked by clk)
Endpoint: _8397_ (recovery check against rising-edge clock clk)
Path Group: asynchronous
Path Type: max

Fanout         Cap        Slew       Delay        Time   Description
---------------------------------------------------------------------------------------------
                                  0.000000    0.000000   clock clk (rise edge)
                                  0.000000    0.000000   clock network delay (propagated)
                                  5.000000    5.000000 ^ input external delay
     2    0.004998    0.047172    0.027426    5.027426 ^ nrst (in)
                                                         nrst (net)
                      0.047173    0.000000    5.027426 ^ input20/A (sky130_fd_sc_hd__clkdlybuf4s25_1)
     1    0.002413    0.068363    0.446065    5.473491 ^ input20/X (sky130_fd_sc_hd__clkdlybuf4s25_1)
                                                         net20 (net)
                      0.068363    0.000144    5.473635 ^ _4226_/A (sky130_fd_sc_hd__and2_2)
     9    0.087466    0.703287    0.732631    6.206266 ^ _4226_/X (sky130_fd_sc_hd__and2_2)
                                                         PID_INST.add_three.n_rst (net)
                      0.703495    0.010128    6.216394 ^ fanout379/A (sky130_fd_sc_hd__clkdlybuf4s25_1)
    15    0.089060    1.408712    1.648397    7.864791 ^ fanout379/X (sky130_fd_sc_hd__clkdlybuf4s25_1)
                                                         net379 (net)
                      1.408718    0.005420    7.870211 ^ fanout374/A (sky130_fd_sc_hd__clkdlybuf4s25_1)
     2    0.007953    0.148907    0.914771    8.784982 ^ fanout374/X (sky130_fd_sc_hd__clkdlybuf4s25_1)
                                                         net374 (net)
                      0.148907    0.000274    8.785256 ^ load_slew375/A (sky130_fd_sc_hd__clkbuf_4)
     9    0.042447    0.215487    0.390207    9.175464 ^ load_slew375/X (sky130_fd_sc_hd__clkbuf_4)
                                                         net375 (net)
                      0.215504    0.002102    9.177566 ^ fanout372/A (sky130_fd_sc_hd__clkdlybuf4s25_1)
     5    0.021137    0.350762    0.731323    9.908888 ^ fanout372/X (sky130_fd_sc_hd__clkdlybuf4s25_1)
                                                         net372 (net)
                      0.350762    0.000705    9.909594 ^ load_slew373/A (sky130_fd_sc_hd__clkbuf_2)
     6    0.025705    0.226631    0.422966   10.332559 ^ load_slew373/X (sky130_fd_sc_hd__clkbuf_2)
                                                         net373 (net)
                      0.226640    0.001708   10.334267 ^ _8397_/RESET_B (sky130_fd_sc_hd__dfrtp_2)
                                             10.334267   data arrival time

                                 25.000000   25.000000   clock clk (rise edge)
                                  0.000000   25.000000   clock source latency
     2    0.043416    0.314138    0.219870   25.219870 ^ clk (in)
                                                         clk (net)
                      0.314232    0.000000   25.219870 ^ clkbuf_0_clk/A (sky130_fd_sc_hd__clkbuf_16)
    33    0.196766    0.313503    0.513602   25.733471 ^ clkbuf_0_clk/X (sky130_fd_sc_hd__clkbuf_16)
                                                         clknet_0_clk (net)
                      0.314167    0.012001   25.745472 ^ clkbuf_4_9_0_clk/A (sky130_fd_sc_hd__clkbuf_8)
     9    0.023765    0.094216    0.352564   26.098036 ^ clkbuf_4_9_0_clk/X (sky130_fd_sc_hd__clkbuf_8)
                                                         clknet_4_9_0_clk (net)
                      0.094219    0.000689   26.098726 ^ _8397_/CLK (sky130_fd_sc_hd__dfrtp_2)
                                 -0.250000   25.848726   clock uncertainty
                                  0.000000   25.848726   clock reconvergence pessimism
                                  0.385809   26.234535   library recovery time
                                             26.234535   data required time
---------------------------------------------------------------------------------------------
                                             26.234535   data required time
                                            -10.334267   data arrival time
---------------------------------------------------------------------------------------------
                                             15.900269   slack (MET)


Startpoint: gpio_in[2] (input port clocked by clk)
Endpoint: _8334_ (rising edge-triggered flip-flop clocked by clk)
Path Group: clk
Path Type: max

Fanout         Cap        Slew       Delay        Time   Description
---------------------------------------------------------------------------------------------
                                  0.000000    0.000000   clock clk (rise edge)
                                  0.000000    0.000000   clock network delay (propagated)
                                  5.000000    5.000000 v input external delay
     2    0.007203    0.035959    0.022934    5.022934 v gpio_in[2] (in)
                                                         gpio_in[2] (net)
                      0.035960    0.000000    5.022934 v input12/A (sky130_fd_sc_hd__clkdlybuf4s25_1)
    13    0.067768    0.898344    1.058426    6.081359 v input12/X (sky130_fd_sc_hd__clkdlybuf4s25_1)
                                                         net12 (net)
                      0.899154    0.018898    6.100257 v _4227_/A1 (sky130_fd_sc_hd__mux2_1)
     9    0.044010    0.440917    1.379511    7.479768 v _4227_/X (sky130_fd_sc_hd__mux2_1)
                                                         PID_INST.k3_calc.d1.y[0] (net)
                      0.440917    0.001051    7.480819 v fanout165/A (sky130_fd_sc_hd__dlymetal6s4s_1)
    21    0.081481    0.741636    1.215679    8.696498 v fanout165/X (sky130_fd_sc_hd__dlymetal6s4s_1)
                                                         net165 (net)
                      0.742432    0.016473    8.712971 v _4657_/A (sky130_fd_sc_hd__and3_2)
     2    0.013778    0.121147    0.750789    9.463759 v _4657_/X (sky130_fd_sc_hd__and3_2)
                                                         _3920_ (net)
                      0.121155    0.001106    9.464866 v _4658_/B (sky130_fd_sc_hd__xnor2_2)
     2    0.012118    0.155797    0.305446    9.770312 v _4658_/Y (sky130_fd_sc_hd__xnor2_2)
                                                         _3921_ (net)
                      0.155801    0.000910    9.771222 v _4666_/B (sky130_fd_sc_hd__xnor2_2)
     2    0.008652    0.128532    0.298336   10.069559 v _4666_/Y (sky130_fd_sc_hd__xnor2_2)
                                                         _3929_ (net)
                      0.128532    0.000449   10.070007 v _4678_/A (sky130_fd_sc_hd__or2_4)
     2    0.008300    0.091131    0.508129   10.578136 v _4678_/X (sky130_fd_sc_hd__or2_4)
                                                         _3941_ (net)
                      0.091131    0.000513   10.578650 v _4680_/A (sky130_fd_sc_hd__nand2_2)
     2    0.013115    0.132834    0.146573   10.725223 ^ _4680_/Y (sky130_fd_sc_hd__nand2_2)
                                                         _3943_ (net)
                      0.132897    0.001090   10.726313 ^ _4682_/B (sky130_fd_sc_hd__xor2_2)
     2    0.005367    0.096437    0.146775   10.873088 v _4682_/X (sky130_fd_sc_hd__xor2_2)
                                                         _3945_ (net)
                      0.096437    0.000161   10.873248 v _4721_/A (sky130_fd_sc_hd__or2_2)
     1    0.006433    0.131992    0.704099   11.577348 v _4721_/X (sky130_fd_sc_hd__or2_2)
                                                         _3984_ (net)
                      0.131992    0.000520   11.577868 v _4722_/A1_N (sky130_fd_sc_hd__o2bb2a_4)
     1    0.009754    0.080157    0.405040   11.982908 ^ _4722_/X (sky130_fd_sc_hd__o2bb2a_4)
                                                         _3985_ (net)
                      0.080199    0.000753   11.983662 ^ _4724_/B2 (sky130_fd_sc_hd__o22ai_4)
     2    0.015322    0.124590    0.142053   12.125715 v _4724_/Y (sky130_fd_sc_hd__o22ai_4)
                                                         _3987_ (net)
                      0.124595    0.001534   12.127249 v rebuffer486/A (sky130_fd_sc_hd__buf_4)
     2    0.014042    0.063839    0.287321   12.414570 v rebuffer486/X (sky130_fd_sc_hd__buf_4)
                                                         net486 (net)
                      0.063839    0.000361   12.414930 v _5052_/B (sky130_fd_sc_hd__xor2_2)
     5    0.037349    0.722629    0.614626   13.029556 ^ _5052_/X (sky130_fd_sc_hd__xor2_2)
                                                         _0250_ (net)
                      0.722703    0.006044   13.035601 ^ fanout78/A (sky130_fd_sc_hd__clkdlybuf4s25_1)
    21    0.083927    1.331848    1.582888   14.618488 ^ fanout78/X (sky130_fd_sc_hd__clkdlybuf4s25_1)
                                                         net78 (net)
                      1.332662    0.027555   14.646043 ^ _6649_/B (sky130_fd_sc_hd__nand2_2)
     2    0.014919    0.279928    0.506160   15.152204 v _6649_/Y (sky130_fd_sc_hd__nand2_2)
                                                         _1851_ (net)
                      0.279928    0.000920   15.153124 v _6651_/B (sky130_fd_sc_hd__xor2_2)
     2    0.011049    0.153802    0.378769   15.531893 v _6651_/X (sky130_fd_sc_hd__xor2_2)
                                                         _1854_ (net)
                      0.153802    0.000513   15.532406 v _6653_/A (sky130_fd_sc_hd__and2_2)
     2    0.007752    0.091559    0.417993   15.950398 v _6653_/X (sky130_fd_sc_hd__and2_2)
                                                         _1856_ (net)
                      0.091559    0.000270   15.950668 v _6742_/A2 (sky130_fd_sc_hd__o21a_2)
     3    0.011322    0.097860    0.412831   16.363499 v _6742_/X (sky130_fd_sc_hd__o21a_2)
                                                         _1948_ (net)
                      0.097861    0.000545   16.364044 v _6744_/A (sky130_fd_sc_hd__or2_2)
     2    0.006724    0.133259    0.706905   17.070950 v _6744_/X (sky130_fd_sc_hd__or2_2)
                                                         _1950_ (net)
                      0.133259    0.000195   17.071144 v _6752_/A (sky130_fd_sc_hd__and2_2)
     1    0.002009    0.066613    0.369154   17.440298 v _6752_/X (sky130_fd_sc_hd__and2_2)
                                                         _1959_ (net)
                      0.066613    0.000144   17.440443 v _6753_/B (sky130_fd_sc_hd__or2_2)
     2    0.008875    0.142455    0.669925   18.110367 v _6753_/X (sky130_fd_sc_hd__or2_2)
                                                         _1960_ (net)
                      0.142455    0.000483   18.110849 v _6755_/C (sky130_fd_sc_hd__and3_2)
     2    0.011948    0.112794    0.523167   18.634018 v _6755_/X (sky130_fd_sc_hd__and3_2)
                                                         _1962_ (net)
                      0.112801    0.001013   18.635031 v _6764_/B (sky130_fd_sc_hd__nor3_2)
     4    0.017727    0.542656    0.534824   19.169853 ^ _6764_/Y (sky130_fd_sc_hd__nor3_2)
                                                         _1972_ (net)
                      0.542657    0.000595   19.170448 ^ _6767_/A1 (sky130_fd_sc_hd__o211a_2)
     2    0.012101    0.153490    0.600759   19.771208 ^ _6767_/X (sky130_fd_sc_hd__o211a_2)
                                                         _1975_ (net)
                      0.153492    0.000785   19.771992 ^ _6779_/B (sky130_fd_sc_hd__nor3_2)
     2    0.006424    0.130347    0.119517   19.891510 v _6779_/Y (sky130_fd_sc_hd__nor3_2)
                                                         _1987_ (net)
                      0.130347    0.000190   19.891699 v _6781_/A (sky130_fd_sc_hd__or2_2)
     2    0.016776    0.186173    0.795138   20.686838 v _6781_/X (sky130_fd_sc_hd__or2_2)
                                                         _1990_ (net)
                      0.186177    0.001123   20.687960 v _6784_/A (sky130_fd_sc_hd__xnor2_2)
     2    0.015040    0.363973    0.433014   21.120974 ^ _6784_/Y (sky130_fd_sc_hd__xnor2_2)
                                                         _1993_ (net)
                      0.363973    0.000933   21.121906 ^ _6785_/B (sky130_fd_sc_hd__xnor2_2)
     2    0.011060    0.294059    0.334328   21.456234 ^ _6785_/Y (sky130_fd_sc_hd__xnor2_2)
                                                         _1994_ (net)
                      0.294059    0.000586   21.456821 ^ _6788_/B (sky130_fd_sc_hd__xor2_2)
     2    0.010865    0.270389    0.382903   21.839724 ^ _6788_/X (sky130_fd_sc_hd__xor2_2)
                                                         _1997_ (net)
                      0.270389    0.000792   21.840515 ^ _6790_/B (sky130_fd_sc_hd__xnor2_2)
     2    0.010733    0.288515    0.304100   22.144615 ^ _6790_/Y (sky130_fd_sc_hd__xnor2_2)
                                                         _2000_ (net)
                      0.288515    0.000769   22.145386 ^ _6792_/B (sky130_fd_sc_hd__xnor2_2)
     2    0.014257    0.350232    0.329027   22.474413 ^ _6792_/Y (sky130_fd_sc_hd__xnor2_2)
                                                         _2002_ (net)
                      0.350232    0.000776   22.475189 ^ _6793_/B1 (sky130_fd_sc_hd__o311a_4)
     3    0.017640    0.131124    0.545645   23.020834 ^ _6793_/X (sky130_fd_sc_hd__o311a_4)
                                                         _2003_ (net)
                      0.131135    0.001315   23.022148 ^ _7118_/A3 (sky130_fd_sc_hd__o311ai_4)
     3    0.012461    0.201320    0.216554   23.238703 v _7118_/Y (sky130_fd_sc_hd__o311ai_4)
                                                         _2345_ (net)
                      0.201321    0.000844   23.239546 v max_cap38/A (sky130_fd_sc_hd__buf_6)
     4    0.012690    0.047123    0.276527   23.516073 v max_cap38/X (sky130_fd_sc_hd__buf_6)
                                                         net38 (net)
                      0.047123    0.000934   23.517008 v _7424_/A1 (sky130_fd_sc_hd__a311o_2)
     4    0.016581    0.164903    0.686269   24.203276 v _7424_/X (sky130_fd_sc_hd__a311o_2)
                                                         _2668_ (net)
                      0.164908    0.001044   24.204321 v _7712_/A2 (sky130_fd_sc_hd__a311o_2)
     2    0.008547    0.120529    0.760728   24.965050 v _7712_/X (sky130_fd_sc_hd__a311o_2)
                                                         _2983_ (net)
                      0.120529    0.000563   24.965612 v _7849_/A2 (sky130_fd_sc_hd__a21o_2)
     4    0.012765    0.102365    0.451623   25.417234 v _7849_/X (sky130_fd_sc_hd__a21o_2)
                                                         _3132_ (net)
                      0.102368    0.000664   25.417900 v _7938_/A (sky130_fd_sc_hd__and3_2)
     2    0.007275    0.093288    0.403105   25.821005 v _7938_/X (sky130_fd_sc_hd__and3_2)
                                                         _3230_ (net)
                      0.093288    0.000462   25.821466 v _8068_/B1 (sky130_fd_sc_hd__a21o_2)
     1    0.005058    0.068455    0.360076   26.181543 v _8068_/X (sky130_fd_sc_hd__a21o_2)
                                                         _3372_ (net)
                      0.068456    0.000371   26.181913 v _8069_/B1 (sky130_fd_sc_hd__a31o_4)
     2    0.018793    0.095182    0.413433   26.595346 v _8069_/X (sky130_fd_sc_hd__a31o_4)
                                                         _3373_ (net)
                      0.095198    0.001259   26.596607 v _8072_/A1 (sky130_fd_sc_hd__a21oi_4)
     2    0.008271    0.175872    0.223412   26.820019 ^ _8072_/Y (sky130_fd_sc_hd__a21oi_4)
                                                         _3376_ (net)
                      0.175872    0.000528   26.820547 ^ _8162_/A2 (sky130_fd_sc_hd__a21o_2)
     1    0.002399    0.051997    0.269155   27.089703 ^ _8162_/X (sky130_fd_sc_hd__a21o_2)
                                                         _3475_ (net)
                      0.051997    0.000174   27.089876 ^ _8163_/A1_N (sky130_fd_sc_hd__a2bb2o_2)
     1    0.002138    0.074665    0.508237   27.598112 v _8163_/X (sky130_fd_sc_hd__a2bb2o_2)
                                                         _0017_ (net)
                      0.074665    0.000151   27.598265 v _8334_/D (sky130_fd_sc_hd__dfrtp_2)
                                             27.598265   data arrival time

                                 25.000000   25.000000   clock clk (rise edge)
                                  0.000000   25.000000   clock source latency
     2    0.043416    0.314138    0.219870   25.219870 ^ clk (in)
                                                         clk (net)
                      0.314232    0.000000   25.219870 ^ clkbuf_0_clk/A (sky130_fd_sc_hd__clkbuf_16)
    33    0.196766    0.313503    0.513602   25.733471 ^ clkbuf_0_clk/X (sky130_fd_sc_hd__clkbuf_16)
                                                         clknet_0_clk (net)
                      0.315303    0.019332   25.752804 ^ clkbuf_4_13_0_clk/A (sky130_fd_sc_hd__clkbuf_8)
     9    0.029807    0.108906    0.366176   26.118980 ^ clkbuf_4_13_0_clk/X (sky130_fd_sc_hd__clkbuf_8)
                                                         clknet_4_13_0_clk (net)
                      0.108981    0.002617   26.121595 ^ _8334_/CLK (sky130_fd_sc_hd__dfrtp_2)
                                 -0.250000   25.871597   clock uncertainty
                                  0.000000   25.871597   clock reconvergence pessimism
                                 -0.268168   25.603430   library setup time
                                             25.603430   data required time
---------------------------------------------------------------------------------------------
                                             25.603430   data required time
                                            -27.598265   data arrival time
---------------------------------------------------------------------------------------------
                                             -1.994835   slack (VIOLATED)




===========================================================================
report_checks --slack_max -0.01
============================================================================
======================= max_ss_100C_1v60 Corner ===================================

Startpoint: gpio_in[2] (input port clocked by clk)
Endpoint: _8334_ (rising edge-triggered flip-flop clocked by clk)
Path Group: clk
Path Type: max

Fanout         Cap        Slew       Delay        Time   Description
---------------------------------------------------------------------------------------------
                                  0.000000    0.000000   clock clk (rise edge)
                                  0.000000    0.000000   clock network delay (propagated)
                                  5.000000    5.000000 v input external delay
     2    0.007203    0.035959    0.022934    5.022934 v gpio_in[2] (in)
                                                         gpio_in[2] (net)
                      0.035960    0.000000    5.022934 v input12/A (sky130_fd_sc_hd__clkdlybuf4s25_1)
    13    0.067768    0.898344    1.058426    6.081359 v input12/X (sky130_fd_sc_hd__clkdlybuf4s25_1)
                                                         net12 (net)
                      0.899154    0.018898    6.100257 v _4227_/A1 (sky130_fd_sc_hd__mux2_1)
     9    0.044010    0.440917    1.379511    7.479768 v _4227_/X (sky130_fd_sc_hd__mux2_1)
                                                         PID_INST.k3_calc.d1.y[0] (net)
                      0.440917    0.001051    7.480819 v fanout165/A (sky130_fd_sc_hd__dlymetal6s4s_1)
    21    0.081481    0.741636    1.215679    8.696498 v fanout165/X (sky130_fd_sc_hd__dlymetal6s4s_1)
                                                         net165 (net)
                      0.742432    0.016473    8.712971 v _4657_/A (sky130_fd_sc_hd__and3_2)
     2    0.013778    0.121147    0.750789    9.463759 v _4657_/X (sky130_fd_sc_hd__and3_2)
                                                         _3920_ (net)
                      0.121155    0.001106    9.464866 v _4658_/B (sky130_fd_sc_hd__xnor2_2)
     2    0.012118    0.155797    0.305446    9.770312 v _4658_/Y (sky130_fd_sc_hd__xnor2_2)
                                                         _3921_ (net)
                      0.155801    0.000910    9.771222 v _4666_/B (sky130_fd_sc_hd__xnor2_2)
     2    0.008652    0.128532    0.298336   10.069559 v _4666_/Y (sky130_fd_sc_hd__xnor2_2)
                                                         _3929_ (net)
                      0.128532    0.000449   10.070007 v _4678_/A (sky130_fd_sc_hd__or2_4)
     2    0.008300    0.091131    0.508129   10.578136 v _4678_/X (sky130_fd_sc_hd__or2_4)
                                                         _3941_ (net)
                      0.091131    0.000513   10.578650 v _4680_/A (sky130_fd_sc_hd__nand2_2)
     2    0.013115    0.132834    0.146573   10.725223 ^ _4680_/Y (sky130_fd_sc_hd__nand2_2)
                                                         _3943_ (net)
                      0.132897    0.001090   10.726313 ^ _4682_/B (sky130_fd_sc_hd__xor2_2)
     2    0.005367    0.096437    0.146775   10.873088 v _4682_/X (sky130_fd_sc_hd__xor2_2)
                                                         _3945_ (net)
                      0.096437    0.000161   10.873248 v _4721_/A (sky130_fd_sc_hd__or2_2)
     1    0.006433    0.131992    0.704099   11.577348 v _4721_/X (sky130_fd_sc_hd__or2_2)
                                                         _3984_ (net)
                      0.131992    0.000520   11.577868 v _4722_/A1_N (sky130_fd_sc_hd__o2bb2a_4)
     1    0.009754    0.080157    0.405040   11.982908 ^ _4722_/X (sky130_fd_sc_hd__o2bb2a_4)
                                                         _3985_ (net)
                      0.080199    0.000753   11.983662 ^ _4724_/B2 (sky130_fd_sc_hd__o22ai_4)
     2    0.015322    0.124590    0.142053   12.125715 v _4724_/Y (sky130_fd_sc_hd__o22ai_4)
                                                         _3987_ (net)
                      0.124595    0.001534   12.127249 v rebuffer486/A (sky130_fd_sc_hd__buf_4)
     2    0.014042    0.063839    0.287321   12.414570 v rebuffer486/X (sky130_fd_sc_hd__buf_4)
                                                         net486 (net)
                      0.063839    0.000361   12.414930 v _5052_/B (sky130_fd_sc_hd__xor2_2)
     5    0.037349    0.722629    0.614626   13.029556 ^ _5052_/X (sky130_fd_sc_hd__xor2_2)
                                                         _0250_ (net)
                      0.722703    0.006044   13.035601 ^ fanout78/A (sky130_fd_sc_hd__clkdlybuf4s25_1)
    21    0.083927    1.331848    1.582888   14.618488 ^ fanout78/X (sky130_fd_sc_hd__clkdlybuf4s25_1)
                                                         net78 (net)
                      1.332662    0.027555   14.646043 ^ _6649_/B (sky130_fd_sc_hd__nand2_2)
     2    0.014919    0.279928    0.506160   15.152204 v _6649_/Y (sky130_fd_sc_hd__nand2_2)
                                                         _1851_ (net)
                      0.279928    0.000920   15.153124 v _6651_/B (sky130_fd_sc_hd__xor2_2)
     2    0.011049    0.153802    0.378769   15.531893 v _6651_/X (sky130_fd_sc_hd__xor2_2)
                                                         _1854_ (net)
                      0.153802    0.000513   15.532406 v _6653_/A (sky130_fd_sc_hd__and2_2)
     2    0.007752    0.091559    0.417993   15.950398 v _6653_/X (sky130_fd_sc_hd__and2_2)
                                                         _1856_ (net)
                      0.091559    0.000270   15.950668 v _6742_/A2 (sky130_fd_sc_hd__o21a_2)
     3    0.011322    0.097860    0.412831   16.363499 v _6742_/X (sky130_fd_sc_hd__o21a_2)
                                                         _1948_ (net)
                      0.097861    0.000545   16.364044 v _6744_/A (sky130_fd_sc_hd__or2_2)
     2    0.006724    0.133259    0.706905   17.070950 v _6744_/X (sky130_fd_sc_hd__or2_2)
                                                         _1950_ (net)
                      0.133259    0.000195   17.071144 v _6752_/A (sky130_fd_sc_hd__and2_2)
     1    0.002009    0.066613    0.369154   17.440298 v _6752_/X (sky130_fd_sc_hd__and2_2)
                                                         _1959_ (net)
                      0.066613    0.000144   17.440443 v _6753_/B (sky130_fd_sc_hd__or2_2)
     2    0.008875    0.142455    0.669925   18.110367 v _6753_/X (sky130_fd_sc_hd__or2_2)
                                                         _1960_ (net)
                      0.142455    0.000483   18.110849 v _6755_/C (sky130_fd_sc_hd__and3_2)
     2    0.011948    0.112794    0.523167   18.634018 v _6755_/X (sky130_fd_sc_hd__and3_2)
                                                         _1962_ (net)
                      0.112801    0.001013   18.635031 v _6764_/B (sky130_fd_sc_hd__nor3_2)
     4    0.017727    0.542656    0.534824   19.169853 ^ _6764_/Y (sky130_fd_sc_hd__nor3_2)
                                                         _1972_ (net)
                      0.542657    0.000595   19.170448 ^ _6767_/A1 (sky130_fd_sc_hd__o211a_2)
     2    0.012101    0.153490    0.600759   19.771208 ^ _6767_/X (sky130_fd_sc_hd__o211a_2)
                                                         _1975_ (net)
                      0.153492    0.000785   19.771992 ^ _6779_/B (sky130_fd_sc_hd__nor3_2)
     2    0.006424    0.130347    0.119517   19.891510 v _6779_/Y (sky130_fd_sc_hd__nor3_2)
                                                         _1987_ (net)
                      0.130347    0.000190   19.891699 v _6781_/A (sky130_fd_sc_hd__or2_2)
     2    0.016776    0.186173    0.795138   20.686838 v _6781_/X (sky130_fd_sc_hd__or2_2)
                                                         _1990_ (net)
                      0.186177    0.001123   20.687960 v _6784_/A (sky130_fd_sc_hd__xnor2_2)
     2    0.015040    0.363973    0.433014   21.120974 ^ _6784_/Y (sky130_fd_sc_hd__xnor2_2)
                                                         _1993_ (net)
                      0.363973    0.000933   21.121906 ^ _6785_/B (sky130_fd_sc_hd__xnor2_2)
     2    0.011060    0.294059    0.334328   21.456234 ^ _6785_/Y (sky130_fd_sc_hd__xnor2_2)
                                                         _1994_ (net)
                      0.294059    0.000586   21.456821 ^ _6788_/B (sky130_fd_sc_hd__xor2_2)
     2    0.010865    0.270389    0.382903   21.839724 ^ _6788_/X (sky130_fd_sc_hd__xor2_2)
                                                         _1997_ (net)
                      0.270389    0.000792   21.840515 ^ _6790_/B (sky130_fd_sc_hd__xnor2_2)
     2    0.010733    0.288515    0.304100   22.144615 ^ _6790_/Y (sky130_fd_sc_hd__xnor2_2)
                                                         _2000_ (net)
                      0.288515    0.000769   22.145386 ^ _6792_/B (sky130_fd_sc_hd__xnor2_2)
     2    0.014257    0.350232    0.329027   22.474413 ^ _6792_/Y (sky130_fd_sc_hd__xnor2_2)
                                                         _2002_ (net)
                      0.350232    0.000776   22.475189 ^ _6793_/B1 (sky130_fd_sc_hd__o311a_4)
     3    0.017640    0.131124    0.545645   23.020834 ^ _6793_/X (sky130_fd_sc_hd__o311a_4)
                                                         _2003_ (net)
                      0.131135    0.001315   23.022148 ^ _7118_/A3 (sky130_fd_sc_hd__o311ai_4)
     3    0.012461    0.201320    0.216554   23.238703 v _7118_/Y (sky130_fd_sc_hd__o311ai_4)
                                                         _2345_ (net)
                      0.201321    0.000844   23.239546 v max_cap38/A (sky130_fd_sc_hd__buf_6)
     4    0.012690    0.047123    0.276527   23.516073 v max_cap38/X (sky130_fd_sc_hd__buf_6)
                                                         net38 (net)
                      0.047123    0.000934   23.517008 v _7424_/A1 (sky130_fd_sc_hd__a311o_2)
     4    0.016581    0.164903    0.686269   24.203276 v _7424_/X (sky130_fd_sc_hd__a311o_2)
                                                         _2668_ (net)
                      0.164908    0.001044   24.204321 v _7712_/A2 (sky130_fd_sc_hd__a311o_2)
     2    0.008547    0.120529    0.760728   24.965050 v _7712_/X (sky130_fd_sc_hd__a311o_2)
                                                         _2983_ (net)
                      0.120529    0.000563   24.965612 v _7849_/A2 (sky130_fd_sc_hd__a21o_2)
     4    0.012765    0.102365    0.451623   25.417234 v _7849_/X (sky130_fd_sc_hd__a21o_2)
                                                         _3132_ (net)
                      0.102368    0.000664   25.417900 v _7938_/A (sky130_fd_sc_hd__and3_2)
     2    0.007275    0.093288    0.403105   25.821005 v _7938_/X (sky130_fd_sc_hd__and3_2)
                                                         _3230_ (net)
                      0.093288    0.000462   25.821466 v _8068_/B1 (sky130_fd_sc_hd__a21o_2)
     1    0.005058    0.068455    0.360076   26.181543 v _8068_/X (sky130_fd_sc_hd__a21o_2)
                                                         _3372_ (net)
                      0.068456    0.000371   26.181913 v _8069_/B1 (sky130_fd_sc_hd__a31o_4)
     2    0.018793    0.095182    0.413433   26.595346 v _8069_/X (sky130_fd_sc_hd__a31o_4)
                                                         _3373_ (net)
                      0.095198    0.001259   26.596607 v _8072_/A1 (sky130_fd_sc_hd__a21oi_4)
     2    0.008271    0.175872    0.223412   26.820019 ^ _8072_/Y (sky130_fd_sc_hd__a21oi_4)
                                                         _3376_ (net)
                      0.175872    0.000528   26.820547 ^ _8162_/A2 (sky130_fd_sc_hd__a21o_2)
     1    0.002399    0.051997    0.269155   27.089703 ^ _8162_/X (sky130_fd_sc_hd__a21o_2)
                                                         _3475_ (net)
                      0.051997    0.000174   27.089876 ^ _8163_/A1_N (sky130_fd_sc_hd__a2bb2o_2)
     1    0.002138    0.074665    0.508237   27.598112 v _8163_/X (sky130_fd_sc_hd__a2bb2o_2)
                                                         _0017_ (net)
                      0.074665    0.000151   27.598265 v _8334_/D (sky130_fd_sc_hd__dfrtp_2)
                                             27.598265   data arrival time

                                 25.000000   25.000000   clock clk (rise edge)
                                  0.000000   25.000000   clock source latency
     2    0.043416    0.314138    0.219870   25.219870 ^ clk (in)
                                                         clk (net)
                      0.314232    0.000000   25.219870 ^ clkbuf_0_clk/A (sky130_fd_sc_hd__clkbuf_16)
    33    0.196766    0.313503    0.513602   25.733471 ^ clkbuf_0_clk/X (sky130_fd_sc_hd__clkbuf_16)
                                                         clknet_0_clk (net)
                      0.315303    0.019332   25.752804 ^ clkbuf_4_13_0_clk/A (sky130_fd_sc_hd__clkbuf_8)
     9    0.029807    0.108906    0.366176   26.118980 ^ clkbuf_4_13_0_clk/X (sky130_fd_sc_hd__clkbuf_8)
                                                         clknet_4_13_0_clk (net)
                      0.108981    0.002617   26.121595 ^ _8334_/CLK (sky130_fd_sc_hd__dfrtp_2)
                                 -0.250000   25.871597   clock uncertainty
                                  0.000000   25.871597   clock reconvergence pessimism
                                 -0.268168   25.603430   library setup time
                                             25.603430   data required time
---------------------------------------------------------------------------------------------
                                             25.603430   data required time
                                            -27.598265   data arrival time
---------------------------------------------------------------------------------------------
                                             -1.994835   slack (VIOLATED)




===========================================================================
 report_check_types -max_slew -max_cap -max_fanout -violators
============================================================================
======================= max_ss_100C_1v60 Corner ===================================

max slew

Pin                                        Limit        Slew       Slack
------------------------------------------------------------------------
ANTENNA__4159__S/DIODE                  0.750000    2.085852   -1.335852 (VIOLATED)
_4159_/S                                0.750000    2.085850   -1.335850 (VIOLATED)
ANTENNA__4165__A1/DIODE                 0.750000    2.085836   -1.335836 (VIOLATED)
ANTENNA__4164__B/DIODE                  0.750000    2.085834   -1.335834 (VIOLATED)
_4165_/A1                               0.750000    2.085828   -1.335828 (VIOLATED)
_4164_/B                                0.750000    2.085748   -1.335748 (VIOLATED)
ANTENNA__4163__S/DIODE                  0.750000    2.085723   -1.335723 (VIOLATED)
_4163_/S                                0.750000    2.085722   -1.335722 (VIOLATED)
_4171_/A1                               0.750000    2.085677   -1.335677 (VIOLATED)
_4170_/B                                0.750000    2.085636   -1.335636 (VIOLATED)
ANTENNA__4170__B/DIODE                  0.750000    2.085571   -1.335571 (VIOLATED)
ANTENNA__4171__A1/DIODE                 0.750000    2.085452   -1.335452 (VIOLATED)
ANTENNA__4168__A1/DIODE                 0.750000    2.085399   -1.335399 (VIOLATED)
ANTENNA_fanout198_X/DIODE               0.750000    2.085400   -1.335400 (VIOLATED)
ANTENNA__4167__B/DIODE                  0.750000    2.085396   -1.335396 (VIOLATED)
_4167_/B                                0.750000    2.085384   -1.335384 (VIOLATED)
ANTENNA__4222__C/DIODE                  0.750000    2.085314   -1.335314 (VIOLATED)
_4222_/C                                0.750000    2.085315   -1.335314 (VIOLATED)
ANTENNA__4227__S/DIODE                  0.750000    2.085307   -1.335307 (VIOLATED)
_4227_/S                                0.750000    2.085298   -1.335298 (VIOLATED)
_4168_/A1                               0.750000    2.085247   -1.335247 (VIOLATED)
fanout198/X                             0.750000    2.085226   -1.335226 (VIOLATED)
ANTENNA__5499__A/DIODE                  0.750000    1.780776   -1.030776 (VIOLATED)
_5499_/A                                0.750000    1.780776   -1.030776 (VIOLATED)
_5366_/A                                0.750000    1.780765   -1.030765 (VIOLATED)
ANTENNA__5366__A/DIODE                  0.750000    1.780760   -1.030760 (VIOLATED)
ANTENNA__5401__C/DIODE                  0.750000    1.780750   -1.030750 (VIOLATED)
ANTENNA__5402__B1/DIODE                 0.750000    1.780726   -1.030726 (VIOLATED)
ANTENNA__5837__A2/DIODE                 0.750000    1.780719   -1.030719 (VIOLATED)
_5402_/B1                               0.750000    1.780720   -1.030720 (VIOLATED)
_5401_/C                                0.750000    1.780718   -1.030718 (VIOLATED)
_6038_/B                                0.750000    1.780707   -1.030707 (VIOLATED)
ANTENNA__6038__B/DIODE                  0.750000    1.780700   -1.030700 (VIOLATED)
ANTENNA__5838__B/DIODE                  0.750000    1.780689   -1.030689 (VIOLATED)
_5838_/B                                0.750000    1.780678   -1.030678 (VIOLATED)
ANTENNA__8219__A/DIODE                  0.750000    1.780676   -1.030676 (VIOLATED)
_8219_/A                                0.750000    1.780642   -1.030642 (VIOLATED)
_5837_/A2                               0.750000    1.780629   -1.030629 (VIOLATED)
ANTENNA_fanout312_X/DIODE               0.750000    1.780542   -1.030542 (VIOLATED)
ANTENNA__8225__A0/DIODE                 0.750000    1.780540   -1.030540 (VIOLATED)
_8225_/A0                               0.750000    1.780011   -1.030011 (VIOLATED)
ANTENNA__8220__A/DIODE                  0.750000    1.780007   -1.030007 (VIOLATED)
_8220_/A                                0.750000    1.780007   -1.030007 (VIOLATED)
fanout312/X                             0.750000    1.780007   -1.030007 (VIOLATED)
_4151_/S                                0.750000    1.755903   -1.005903 (VIOLATED)
ANTENNA__4151__S/DIODE                  0.750000    1.755899   -1.005899 (VIOLATED)
_4148_/S                                0.750000    1.755895   -1.005895 (VIOLATED)
ANTENNA__4148__S/DIODE                  0.750000    1.755860   -1.005861 (VIOLATED)
ANTENNA__4149__S/DIODE                  0.750000    1.755815   -1.005815 (VIOLATED)
_4150_/S                                0.750000    1.755815   -1.005815 (VIOLATED)
ANTENNA__4150__S/DIODE                  0.750000    1.755814   -1.005814 (VIOLATED)
_4149_/S                                0.750000    1.755801   -1.005801 (VIOLATED)
_4153_/B                                0.750000    1.755736   -1.005736 (VIOLATED)
ANTENNA__4153__B/DIODE                  0.750000    1.755727   -1.005727 (VIOLATED)
_4154_/A1                               0.750000    1.755712   -1.005712 (VIOLATED)
ANTENNA__4154__A1/DIODE                 0.750000    1.755702   -1.005702 (VIOLATED)
_4156_/B                                0.750000    1.755599   -1.005599 (VIOLATED)
ANTENNA__4156__B/DIODE                  0.750000    1.755594   -1.005594 (VIOLATED)
ANTENNA__4157__A1/DIODE                 0.750000    1.755588   -1.005588 (VIOLATED)
_4157_/A1                               0.750000    1.755561   -1.005561 (VIOLATED)
_4161_/A1                               0.750000    1.755493   -1.005493 (VIOLATED)
_4160_/B                                0.750000    1.754886   -1.004886 (VIOLATED)
ANTENNA__4160__B/DIODE                  0.750000    1.754875   -1.004875 (VIOLATED)
ANTENNA__4161__A1/DIODE                 0.750000    1.754875   -1.004875 (VIOLATED)
ANTENNA_fanout197_X/DIODE               0.750000    1.754875   -1.004875 (VIOLATED)
fanout197/X                             0.750000    1.754875   -1.004875 (VIOLATED)
_6519_/B                                0.750000    1.668486   -0.918486 (VIOLATED)
ANTENNA__6519__B/DIODE                  0.750000    1.668481   -0.918481 (VIOLATED)
_6460_/B                                0.750000    1.668465   -0.918466 (VIOLATED)
ANTENNA__6460__B/DIODE                  0.750000    1.668457   -0.918457 (VIOLATED)
ANTENNA__8261__A/DIODE                  0.750000    1.668448   -0.918448 (VIOLATED)
ANTENNA__8262__A/DIODE                  0.750000    1.668447   -0.918447 (VIOLATED)
ANTENNA__8263__A/DIODE                  0.750000    1.668441   -0.918441 (VIOLATED)
ANTENNA_fanout294_X/DIODE               0.750000    1.668428   -0.918428 (VIOLATED)
ANTENNA_fanout293_A/DIODE               0.750000    1.668006   -0.918006 (VIOLATED)
_8027_/B                                0.750000    1.668006   -0.918006 (VIOLATED)
fanout293/A                             0.750000    1.668006   -0.918006 (VIOLATED)
ANTENNA__8027__B/DIODE                  0.750000    1.668004   -0.918004 (VIOLATED)
ANTENNA__8124__A2/DIODE                 0.750000    1.668004   -0.918004 (VIOLATED)
ANTENNA__8131__D/DIODE                  0.750000    1.668003   -0.918003 (VIOLATED)
_8124_/A2                               0.750000    1.668003   -0.918003 (VIOLATED)
_8261_/A                                0.750000    1.668003   -0.918003 (VIOLATED)
ANTENNA__8130__B1/DIODE                 0.750000    1.668001   -0.918001 (VIOLATED)
_8130_/B1                               0.750000    1.668001   -0.918001 (VIOLATED)
_8131_/D                                0.750000    1.668001   -0.918001 (VIOLATED)
_8262_/A                                0.750000    1.668001   -0.918001 (VIOLATED)
_8263_/A                                0.750000    1.668001   -0.918001 (VIOLATED)
fanout294/X                             0.750000    1.668001   -0.918001 (VIOLATED)
_5459_/A2                               0.750000    1.637917   -0.887917 (VIOLATED)
ANTENNA__5459__A2/DIODE                 0.750000    1.637915   -0.887916 (VIOLATED)
_5446_/B                                0.750000    1.637913   -0.887913 (VIOLATED)
ANTENNA__5446__B/DIODE                  0.750000    1.637903   -0.887903 (VIOLATED)
_5818_/A                                0.750000    1.637895   -0.887895 (VIOLATED)
_6006_/A                                0.750000    1.637895   -0.887895 (VIOLATED)
ANTENNA__5437__B1/DIODE                 0.750000    1.637885   -0.887885 (VIOLATED)
ANTENNA__5415__D/DIODE                  0.750000    1.637874   -0.887874 (VIOLATED)
ANTENNA__6006__A/DIODE                  0.750000    1.637873   -0.887873 (VIOLATED)
ANTENNA__5818__A/DIODE                  0.750000    1.637864   -0.887864 (VIOLATED)
_5415_/D                                0.750000    1.637853   -0.887853 (VIOLATED)
ANTENNA__5414__D/DIODE                  0.750000    1.637851   -0.887851 (VIOLATED)
_5437_/B1                               0.750000    1.637851   -0.887851 (VIOLATED)
ANTENNA__5427__B/DIODE                  0.750000    1.637848   -0.887848 (VIOLATED)
_5427_/B                                0.750000    1.637835   -0.887835 (VIOLATED)
_5414_/D                                0.750000    1.637740   -0.887740 (VIOLATED)
ANTENNA_fanout225_X/DIODE               0.750000    1.637622   -0.887622 (VIOLATED)
ANTENNA__8298__A0/DIODE                 0.750000    1.637565   -0.887565 (VIOLATED)
ANTENNA_fanout224_A/DIODE               0.750000    1.637536   -0.887536 (VIOLATED)
fanout224/A                             0.750000    1.637537   -0.887537 (VIOLATED)
_8298_/A0                               0.750000    1.637534   -0.887534 (VIOLATED)
fanout225/X                             0.750000    1.637518   -0.887518 (VIOLATED)
_4183_/S                                0.750000    1.586886   -0.836886 (VIOLATED)
ANTENNA__4183__S/DIODE                  0.750000    1.586877   -0.836877 (VIOLATED)
_4187_/S                                0.750000    1.586874   -0.836874 (VIOLATED)
ANTENNA__4187__S/DIODE                  0.750000    1.586864   -0.836864 (VIOLATED)
ANTENNA__4179__S/DIODE                  0.750000    1.586810   -0.836810 (VIOLATED)
_4179_/S                                0.750000    1.586793   -0.836793 (VIOLATED)
ANTENNA_fanout197_A/DIODE               0.750000    1.586750   -0.836750 (VIOLATED)
fanout197/A                             0.750000    1.586737   -0.836737 (VIOLATED)
ANTENNA__8398__D/DIODE                  0.750000    1.586716   -0.836716 (VIOLATED)
_8398_/D                                0.750000    1.586716   -0.836716 (VIOLATED)
ANTENNA_fanout198_A/DIODE               0.750000    1.586714   -0.836714 (VIOLATED)
ANTENNA_fanout199_X/DIODE               0.750000    1.586713   -0.836713 (VIOLATED)
fanout198/A                             0.750000    1.586703   -0.836703 (VIOLATED)
fanout199/X                             0.750000    1.586684   -0.836685 (VIOLATED)
ANTENNA__6517__C/DIODE                  0.750000    1.569418   -0.819418 (VIOLATED)
_6517_/C                                0.750000    1.569418   -0.819418 (VIOLATED)
ANTENNA__6516__A2/DIODE                 0.750000    1.569407   -0.819407 (VIOLATED)
_6516_/A2                               0.750000    1.569408   -0.819408 (VIOLATED)
_6430_/B1                               0.750000    1.569401   -0.819401 (VIOLATED)
_6431_/D                                0.750000    1.569391   -0.819391 (VIOLATED)
ANTENNA__6431__D/DIODE                  0.750000    1.569383   -0.819383 (VIOLATED)
ANTENNA__6430__B1/DIODE                 0.750000    1.569377   -0.819377 (VIOLATED)
_6236_/B                                0.750000    1.569312   -0.819312 (VIOLATED)
ANTENNA__6236__B/DIODE                  0.750000    1.569304   -0.819304 (VIOLATED)
ANTENNA__6059__B/DIODE                  0.750000    1.569177   -0.819177 (VIOLATED)
_6059_/B                                0.750000    1.569143   -0.819143 (VIOLATED)
ANTENNA_fanout301_X/DIODE               0.750000    1.569075   -0.819075 (VIOLATED)
ANTENNA__8251__A0/DIODE                 0.750000    1.569055   -0.819055 (VIOLATED)
fanout300/A                             0.750000    1.569032   -0.819032 (VIOLATED)
ANTENNA_fanout300_A/DIODE               0.750000    1.569031   -0.819031 (VIOLATED)
ANTENNA__8245__A/DIODE                  0.750000    1.568984   -0.818984 (VIOLATED)
ANTENNA__8246__A/DIODE                  0.750000    1.568984   -0.818984 (VIOLATED)
_8245_/A                                0.750000    1.568984   -0.818984 (VIOLATED)
_8246_/A                                0.750000    1.568984   -0.818984 (VIOLATED)
_8251_/A0                               0.750000    1.568984   -0.818984 (VIOLATED)
fanout301/X                             0.750000    1.568984   -0.818984 (VIOLATED)
_8116_/A2                               0.750000    1.553440   -0.803440 (VIOLATED)
_8126_/B                                0.750000    1.553440   -0.803440 (VIOLATED)
_8018_/B                                0.750000    1.553438   -0.803438 (VIOLATED)
ANTENNA__8018__B/DIODE                  0.750000    1.553436   -0.803436 (VIOLATED)
ANTENNA__8126__B/DIODE                  0.750000    1.553426   -0.803426 (VIOLATED)
ANTENNA__8116__A2/DIODE                 0.750000    1.553417   -0.803417 (VIOLATED)
_7557_/B                                0.750000    1.553389   -0.803389 (VIOLATED)
ANTENNA__7754__D/DIODE                  0.750000    1.553367   -0.803367 (VIOLATED)
ANTENNA__7557__B/DIODE                  0.750000    1.553357   -0.803357 (VIOLATED)
_7753_/B1                               0.750000    1.553348   -0.803348 (VIOLATED)
_7754_/D                                0.750000    1.553349   -0.803349 (VIOLATED)
ANTENNA__7753__B1/DIODE                 0.750000    1.553347   -0.803347 (VIOLATED)
ANTENNA__7461__C/DIODE                  0.750000    1.553330   -0.803330 (VIOLATED)
_7461_/C                                0.750000    1.553331   -0.803331 (VIOLATED)
_6948_/B                                0.750000    1.553325   -0.803325 (VIOLATED)
ANTENNA__6948__B/DIODE                  0.750000    1.553324   -0.803324 (VIOLATED)
_7244_/B1                               0.750000    1.553321   -0.803321 (VIOLATED)
ANTENNA__7244__B1/DIODE                 0.750000    1.553320   -0.803320 (VIOLATED)
ANTENNA__7157__B/DIODE                  0.750000    1.553319   -0.803319 (VIOLATED)
_7157_/B                                0.750000    1.553319   -0.803319 (VIOLATED)
ANTENNA_fanout286_X/DIODE               0.750000    1.553317   -0.803317 (VIOLATED)
fanout286/X                             0.750000    1.553317   -0.803317 (VIOLATED)
_5350_/A                                0.750000    1.552430   -0.802430 (VIOLATED)
ANTENNA__5463__A1/DIODE                 0.750000    1.552429   -0.802429 (VIOLATED)
_5463_/A1                               0.750000    1.552430   -0.802430 (VIOLATED)
ANTENNA__5350__A/DIODE                  0.750000    1.552419   -0.802419 (VIOLATED)
_6030_/A2                               0.750000    1.552382   -0.802382 (VIOLATED)
ANTENNA__6030__A2/DIODE                 0.750000    1.552375   -0.802375 (VIOLATED)
ANTENNA__5400__A/DIODE                  0.750000    1.552372   -0.802372 (VIOLATED)
_6031_/C                                0.750000    1.552366   -0.802367 (VIOLATED)
ANTENNA__6031__C/DIODE                  0.750000    1.552358   -0.802358 (VIOLATED)
_5400_/A                                0.750000    1.552359   -0.802359 (VIOLATED)
ANTENNA__5838__D/DIODE                  0.750000    1.552340   -0.802340 (VIOLATED)
ANTENNA_fanout309_X/DIODE               0.750000    1.552286   -0.802286 (VIOLATED)
ANTENNA__5837__B2/DIODE                 0.750000    1.552243   -0.802243 (VIOLATED)
_5838_/D                                0.750000    1.552226   -0.802226 (VIOLATED)
_5837_/B2                               0.750000    1.552197   -0.802197 (VIOLATED)
ANTENNA__8231__A0/DIODE                 0.750000    1.552161   -0.802161 (VIOLATED)
ANTENNA__8227__A/DIODE                  0.750000    1.552127   -0.802127 (VIOLATED)
ANTENNA__8228__A/DIODE                  0.750000    1.552117   -0.802117 (VIOLATED)
_8228_/A                                0.750000    1.552117   -0.802117 (VIOLATED)
_8227_/A                                0.750000    1.552116   -0.802116 (VIOLATED)
_8231_/A0                               0.750000    1.552113   -0.802113 (VIOLATED)
fanout309/X                             0.750000    1.552109   -0.802109 (VIOLATED)
_5485_/B                                0.750000    1.525688   -0.775688 (VIOLATED)
_5528_/B                                0.750000    1.525687   -0.775687 (VIOLATED)
ANTENNA__5485__B/DIODE                  0.750000    1.525684   -0.775684 (VIOLATED)
ANTENNA__5528__B/DIODE                  0.750000    1.525683   -0.775683 (VIOLATED)
ANTENNA__5608__B/DIODE                  0.750000    1.525663   -0.775663 (VIOLATED)
_5643_/B                                0.750000    1.525659   -0.775659 (VIOLATED)
_5657_/B                                0.750000    1.525659   -0.775659 (VIOLATED)
_5557_/B                                0.750000    1.525654   -0.775654 (VIOLATED)
ANTENNA__5657__B/DIODE                  0.750000    1.525652   -0.775652 (VIOLATED)
ANTENNA__5557__B/DIODE                  0.750000    1.525651   -0.775651 (VIOLATED)
ANTENNA__5643__B/DIODE                  0.750000    1.525648   -0.775648 (VIOLATED)
_5608_/B                                0.750000    1.525647   -0.775647 (VIOLATED)
_5340_/B                                0.750000    1.525613   -0.775613 (VIOLATED)
ANTENNA__5320__B/DIODE                  0.750000    1.525611   -0.775611 (VIOLATED)
ANTENNA__5340__B/DIODE                  0.750000    1.525612   -0.775612 (VIOLATED)
ANTENNA_fanout270_X/DIODE               0.750000    1.525611   -0.775611 (VIOLATED)
_5320_/B                                0.750000    1.525611   -0.775611 (VIOLATED)
ANTENNA__5366__B/DIODE                  0.750000    1.525607   -0.775607 (VIOLATED)
_5366_/B                                0.750000    1.525607   -0.775607 (VIOLATED)
ANTENNA__5400__B/DIODE                  0.750000    1.525606   -0.775606 (VIOLATED)
_5400_/B                                0.750000    1.525606   -0.775606 (VIOLATED)
fanout270/X                             0.750000    1.525606   -0.775606 (VIOLATED)
_7121_/B2                               0.750000    1.521957   -0.771957 (VIOLATED)
ANTENNA__7121__B2/DIODE                 0.750000    1.521945   -0.771945 (VIOLATED)
ANTENNA__7120__A/DIODE                  0.750000    1.521939   -0.771939 (VIOLATED)
_7120_/A                                0.750000    1.521927   -0.771927 (VIOLATED)
_6883_/B                                0.750000    1.521911   -0.771911 (VIOLATED)
_6884_/A1                               0.750000    1.521911   -0.771911 (VIOLATED)
ANTENNA__6883__B/DIODE                  0.750000    1.521847   -0.771847 (VIOLATED)
ANTENNA__6884__A1/DIODE                 0.750000    1.521794   -0.771794 (VIOLATED)
fanout334/A                             0.750000    1.521757   -0.771757 (VIOLATED)
ANTENNA_fanout334_A/DIODE               0.750000    1.521727   -0.771727 (VIOLATED)
_5416_/A                                0.750000    1.521634   -0.771634 (VIOLATED)
ANTENNA__5416__A/DIODE                  0.750000    1.521481   -0.771481 (VIOLATED)
ANTENNA_fanout332_A/DIODE               0.750000    1.521366   -0.771366 (VIOLATED)
ANTENNA_fanout335_X/DIODE               0.750000    1.521298   -0.771298 (VIOLATED)
fanout332/A                             0.750000    1.521223   -0.771223 (VIOLATED)
ANTENNA__8194__A0/DIODE                 0.750000    1.521213   -0.771213 (VIOLATED)
ANTENNA_fanout333_A/DIODE               0.750000    1.521213   -0.771213 (VIOLATED)
fanout333/A                             0.750000    1.521213   -0.771213 (VIOLATED)
_8194_/A0                               0.750000    1.521197   -0.771197 (VIOLATED)
fanout335/X                             0.750000    1.521183   -0.771183 (VIOLATED)
_6832_/B                                0.750000    1.511979   -0.761979 (VIOLATED)
ANTENNA__6832__B/DIODE                  0.750000    1.511976   -0.761976 (VIOLATED)
ANTENNA_fanout291_A/DIODE               0.750000    1.511976   -0.761976 (VIOLATED)
fanout291/A                             0.750000    1.511976   -0.761976 (VIOLATED)
_6547_/A2                               0.750000    1.511973   -0.761973 (VIOLATED)
_8016_/C                                0.750000    1.511974   -0.761974 (VIOLATED)
_8014_/A2                               0.750000    1.511972   -0.761972 (VIOLATED)
ANTENNA__6547__A2/DIODE                 0.750000    1.511971   -0.761971 (VIOLATED)
ANTENNA__6548__B/DIODE                  0.750000    1.511971   -0.761971 (VIOLATED)
_6548_/B                                0.750000    1.511971   -0.761971 (VIOLATED)
_8132_/B1                               0.750000    1.511969   -0.761969 (VIOLATED)
ANTENNA__8014__A2/DIODE                 0.750000    1.511968   -0.761968 (VIOLATED)
ANTENNA__8016__C/DIODE                  0.750000    1.511968   -0.761968 (VIOLATED)
ANTENNA__8132__B1/DIODE                 0.750000    1.511968   -0.761968 (VIOLATED)
ANTENNA__8133__D/DIODE                  0.750000    1.511968   -0.761968 (VIOLATED)
ANTENNA__8263__B/DIODE                  0.750000    1.511968   -0.761968 (VIOLATED)
ANTENNA__8264__A/DIODE                  0.750000    1.511968   -0.761968 (VIOLATED)
ANTENNA_fanout292_X/DIODE               0.750000    1.511968   -0.761968 (VIOLATED)
_8133_/D                                0.750000    1.511968   -0.761968 (VIOLATED)
_8263_/B                                0.750000    1.511968   -0.761968 (VIOLATED)
_8264_/A                                0.750000    1.511968   -0.761968 (VIOLATED)
fanout292/X                             0.750000    1.511968   -0.761968 (VIOLATED)
_8225_/S                                0.750000    1.510732   -0.760732 (VIOLATED)
ANTENNA__8315__S/DIODE                  0.750000    1.510722   -0.760722 (VIOLATED)
_8314_/S                                0.750000    1.510721   -0.760721 (VIOLATED)
_8315_/S                                0.750000    1.510720   -0.760720 (VIOLATED)
ANTENNA__8314__S/DIODE                  0.750000    1.510719   -0.760719 (VIOLATED)
_8317_/S                                0.750000    1.510696   -0.760696 (VIOLATED)
ANTENNA__8317__S/DIODE                  0.750000    1.510692   -0.760692 (VIOLATED)
_8316_/S                                0.750000    1.510690   -0.760690 (VIOLATED)
ANTENNA__8316__S/DIODE                  0.750000    1.510681   -0.760681 (VIOLATED)
_8319_/S                                0.750000    1.510653   -0.760653 (VIOLATED)
ANTENNA__8319__S/DIODE                  0.750000    1.510650   -0.760650 (VIOLATED)
_8397_/D                                0.750000    1.510648   -0.760648 (VIOLATED)
_8318_/S                                0.750000    1.510644   -0.760644 (VIOLATED)
ANTENNA__8225__S/DIODE                  0.750000    1.510616   -0.760616 (VIOLATED)
ANTENNA__8318__S/DIODE                  0.750000    1.510616   -0.760616 (VIOLATED)
ANTENNA__4144__A/DIODE                  0.750000    1.510613   -0.760613 (VIOLATED)
_4144_/A                                0.750000    1.510608   -0.760608 (VIOLATED)
ANTENNA_fanout202_X/DIODE               0.750000    1.510602   -0.760602 (VIOLATED)
ANTENNA__8397__D/DIODE                  0.750000    1.510567   -0.760567 (VIOLATED)
ANTENNA__4222__D/DIODE                  0.750000    1.510553   -0.760553 (VIOLATED)
_4222_/D                                0.750000    1.510553   -0.760553 (VIOLATED)
fanout202/X                             0.750000    1.510548   -0.760548 (VIOLATED)
ANTENNA__8313__S/DIODE                  0.750000    1.465608   -0.715608 (VIOLATED)
_8313_/S                                0.750000    1.465606   -0.715606 (VIOLATED)
_8310_/S                                0.750000    1.465590   -0.715590 (VIOLATED)
ANTENNA_fanout201_X/DIODE               0.750000    1.465579   -0.715579 (VIOLATED)
ANTENNA__8212__S/DIODE                  0.750000    1.465576   -0.715576 (VIOLATED)
ANTENNA__8310__S/DIODE                  0.750000    1.465575   -0.715575 (VIOLATED)
ANTENNA__8306__S/DIODE                  0.750000    1.465572   -0.715572 (VIOLATED)
_8306_/S                                0.750000    1.465572   -0.715572 (VIOLATED)
ANTENNA__8218__S/DIODE                  0.750000    1.465571   -0.715571 (VIOLATED)
ANTENNA__8308__S/DIODE                  0.750000    1.465567   -0.715568 (VIOLATED)
_8312_/S                                0.750000    1.465563   -0.715563 (VIOLATED)
_8311_/S                                0.750000    1.465551   -0.715551 (VIOLATED)
ANTENNA__8311__S/DIODE                  0.750000    1.465548   -0.715548 (VIOLATED)
_8309_/S                                0.750000    1.465546   -0.715546 (VIOLATED)
ANTENNA__8309__S/DIODE                  0.750000    1.465543   -0.715543 (VIOLATED)
ANTENNA__8312__S/DIODE                  0.750000    1.465543   -0.715543 (VIOLATED)
_8308_/S                                0.750000    1.465518   -0.715518 (VIOLATED)
ANTENNA_fanout200_A/DIODE               0.750000    1.465499   -0.715499 (VIOLATED)
fanout200/A                             0.750000    1.465498   -0.715498 (VIOLATED)
_8212_/S                                0.750000    1.465489   -0.715489 (VIOLATED)
_8218_/S                                0.750000    1.465489   -0.715489 (VIOLATED)
fanout201/X                             0.750000    1.465128   -0.715128 (VIOLATED)
_6433_/B                                0.750000    1.463056   -0.713056 (VIOLATED)
ANTENNA__6433__B/DIODE                  0.750000    1.463051   -0.713051 (VIOLATED)
_6261_/A2                               0.750000    1.463031   -0.713031 (VIOLATED)
ANTENNA__6261__A2/DIODE                 0.750000    1.463030   -0.713030 (VIOLATED)
_6262_/B                                0.750000    1.463026   -0.713026 (VIOLATED)
ANTENNA__6262__B/DIODE                  0.750000    1.463014   -0.713014 (VIOLATED)
ANTENNA__8257__A/DIODE                  0.750000    1.462997   -0.712997 (VIOLATED)
ANTENNA_fanout295_X/DIODE               0.750000    1.462961   -0.712961 (VIOLATED)
ANTENNA__8024__B1/DIODE                 0.750000    1.462938   -0.712938 (VIOLATED)
ANTENNA__8025__D/DIODE                  0.750000    1.462938   -0.712938 (VIOLATED)
ANTENNA__8131__C/DIODE                  0.750000    1.462938   -0.712938 (VIOLATED)
_8025_/D                                0.750000    1.462937   -0.712937 (VIOLATED)
_8024_/B1                               0.750000    1.462935   -0.712935 (VIOLATED)
_8131_/C                                0.750000    1.462932   -0.712933 (VIOLATED)
_8130_/A2                               0.750000    1.462929   -0.712929 (VIOLATED)
ANTENNA__8130__A2/DIODE                 0.750000    1.462928   -0.712928 (VIOLATED)
_8257_/A                                0.750000    1.462928   -0.712928 (VIOLATED)
ANTENNA__8253__A/DIODE                  0.750000    1.462928   -0.712928 (VIOLATED)
ANTENNA__8254__A/DIODE                  0.750000    1.462923   -0.712923 (VIOLATED)
_8253_/A                                0.750000    1.462923   -0.712923 (VIOLATED)
_8254_/A                                0.750000    1.462923   -0.712923 (VIOLATED)
fanout295/X                             0.750000    1.462923   -0.712923 (VIOLATED)
_6906_/B                                0.750000    1.460052   -0.710052 (VIOLATED)
ANTENNA__6906__B/DIODE                  0.750000    1.460051   -0.710051 (VIOLATED)
_6835_/A2                               0.750000    1.460050   -0.710050 (VIOLATED)
ANTENNA__6835__A2/DIODE                 0.750000    1.460046   -0.710046 (VIOLATED)
ANTENNA__6834__C/DIODE                  0.750000    1.460038   -0.710038 (VIOLATED)
_6834_/C                                0.750000    1.460031   -0.710031 (VIOLATED)
ANTENNA__6522__B1/DIODE                 0.750000    1.460012   -0.710012 (VIOLATED)
_6522_/B1                               0.750000    1.460005   -0.710005 (VIOLATED)
_7722_/A2                               0.750000    1.459996   -0.709996 (VIOLATED)
_7524_/D                                0.750000    1.459995   -0.709995 (VIOLATED)
_7723_/C                                0.750000    1.459996   -0.709996 (VIOLATED)
_6521_/D                                0.750000    1.459995   -0.709995 (VIOLATED)
ANTENNA__7722__A2/DIODE                 0.750000    1.459992   -0.709992 (VIOLATED)
ANTENNA__7524__D/DIODE                  0.750000    1.459988   -0.709988 (VIOLATED)
ANTENNA__7723__C/DIODE                  0.750000    1.459988   -0.709988 (VIOLATED)
_7523_/B1                               0.750000    1.459988   -0.709989 (VIOLATED)
ANTENNA__6521__D/DIODE                  0.750000    1.459987   -0.709987 (VIOLATED)
ANTENNA__7523__B1/DIODE                 0.750000    1.459984   -0.709984 (VIOLATED)
ANTENNA_fanout306_A/DIODE               0.750000    1.459974   -0.709974 (VIOLATED)
ANTENNA_fanout307_X/DIODE               0.750000    1.459973   -0.709973 (VIOLATED)
fanout306/A                             0.750000    1.459973   -0.709973 (VIOLATED)
fanout307/X                             0.750000    1.459973   -0.709973 (VIOLATED)
_6524_/B                                0.750000    1.455164   -0.705164 (VIOLATED)
ANTENNA__6524__B/DIODE                  0.750000    1.455149   -0.705149 (VIOLATED)
_6834_/D                                0.750000    1.455102   -0.705102 (VIOLATED)
ANTENNA__6834__D/DIODE                  0.750000    1.455076   -0.705076 (VIOLATED)
_6835_/B1                               0.750000    1.455067   -0.705067 (VIOLATED)
ANTENNA__6835__B1/DIODE                 0.750000    1.455051   -0.705051 (VIOLATED)
_6923_/A2                               0.750000    1.455027   -0.705027 (VIOLATED)
ANTENNA__6923__A2/DIODE                 0.750000    1.454975   -0.704975 (VIOLATED)
_6922_/C                                0.750000    1.454936   -0.704936 (VIOLATED)
ANTENNA__6922__C/DIODE                  0.750000    1.454928   -0.704928 (VIOLATED)
_7143_/B                                0.750000    1.454763   -0.704763 (VIOLATED)
ANTENNA__7143__B/DIODE                  0.750000    1.454703   -0.704703 (VIOLATED)
_7526_/B                                0.750000    1.454428   -0.704428 (VIOLATED)
ANTENNA__7526__B/DIODE                  0.750000    1.454408   -0.704408 (VIOLATED)
ANTENNA__7723__D/DIODE                  0.750000    1.454341   -0.704341 (VIOLATED)
_7722_/B1                               0.750000    1.454342   -0.704342 (VIOLATED)
_7723_/D                                0.750000    1.454340   -0.704341 (VIOLATED)
ANTENNA__7722__B1/DIODE                 0.750000    1.454326   -0.704326 (VIOLATED)
ANTENNA_fanout303_X/DIODE               0.750000    1.454126   -0.704126 (VIOLATED)
ANTENNA_fanout302_A/DIODE               0.750000    1.454054   -0.704054 (VIOLATED)
fanout302/A                             0.750000    1.454036   -0.704036 (VIOLATED)
fanout303/X                             0.750000    1.454022   -0.704022 (VIOLATED)
_5583_/B                                0.750000    1.443230   -0.693230 (VIOLATED)
ANTENNA__5583__B/DIODE                  0.750000    1.443203   -0.693203 (VIOLATED)
_5536_/B1                               0.750000    1.443177   -0.693177 (VIOLATED)
_5302_/D                                0.750000    1.443168   -0.693168 (VIOLATED)
ANTENNA__5536__B1/DIODE                 0.750000    1.443161   -0.693162 (VIOLATED)
ANTENNA__5302__D/DIODE                  0.750000    1.443158   -0.693158 (VIOLATED)
ANTENNA__5303__B/DIODE                  0.750000    1.443147   -0.693147 (VIOLATED)
ANTENNA__5351__B/DIODE                  0.750000    1.443148   -0.693148 (VIOLATED)
_5303_/B                                0.750000    1.443130   -0.693130 (VIOLATED)
_5351_/B                                0.750000    1.443078   -0.693078 (VIOLATED)
ANTENNA__5424__A2/DIODE                 0.750000    1.443012   -0.693012 (VIOLATED)
ANTENNA__5416__B/DIODE                  0.750000    1.443004   -0.693004 (VIOLATED)
ANTENNA__5385__B/DIODE                  0.750000    1.442999   -0.692999 (VIOLATED)
_5416_/B                                0.750000    1.442983   -0.692983 (VIOLATED)
_5385_/B                                0.750000    1.442976   -0.692976 (VIOLATED)
_5424_/A2                               0.750000    1.442863   -0.692863 (VIOLATED)
ANTENNA__5826__A/DIODE                  0.750000    1.442606   -0.692606 (VIOLATED)
ANTENNA__8295__A0/DIODE                 0.750000    1.442298   -0.692298 (VIOLATED)
_5568_/B                                0.750000    1.442234   -0.692234 (VIOLATED)
ANTENNA__5568__B/DIODE                  0.750000    1.442232   -0.692232 (VIOLATED)
_5595_/A2                               0.750000    1.442228   -0.692228 (VIOLATED)
ANTENNA__5595__A2/DIODE                 0.750000    1.442222   -0.692223 (VIOLATED)
_6433_/A                                0.750000    1.442210   -0.692210 (VIOLATED)
ANTENNA__6433__A/DIODE                  0.750000    1.442209   -0.692209 (VIOLATED)
ANTENNA_fanout270_A/DIODE               0.750000    1.442206   -0.692206 (VIOLATED)
_5826_/A                                0.750000    1.442204   -0.692204 (VIOLATED)
_6236_/A                                0.750000    1.442203   -0.692203 (VIOLATED)
fanout270/A                             0.750000    1.442204   -0.692204 (VIOLATED)
ANTENNA__6236__A/DIODE                  0.750000    1.442194   -0.692194 (VIOLATED)
ANTENNA__5840__A/DIODE                  0.750000    1.442191   -0.692191 (VIOLATED)
_5840_/A                                0.750000    1.442187   -0.692187 (VIOLATED)
_6033_/A                                0.750000    1.442182   -0.692182 (VIOLATED)
ANTENNA__6033__A/DIODE                  0.750000    1.442179   -0.692179 (VIOLATED)
ANTENNA_fanout271_X/DIODE               0.750000    1.442172   -0.692172 (VIOLATED)
ANTENNA__8289__A0/DIODE                 0.750000    1.442170   -0.692170 (VIOLATED)
_8289_/A0                               0.750000    1.442140   -0.692140 (VIOLATED)
fanout271/X                             0.750000    1.442140   -0.692140 (VIOLATED)
ANTENNA_fanout238_X/DIODE               0.750000    1.442091   -0.692091 (VIOLATED)
_8295_/A0                               0.750000    1.441993   -0.691993 (VIOLATED)
fanout238/X                             0.750000    1.441956   -0.691956 (VIOLATED)
ANTENNA__5428__B/DIODE                  0.750000    1.431522   -0.681522 (VIOLATED)
ANTENNA__5429__A2/DIODE                 0.750000    1.431522   -0.681522 (VIOLATED)
ANTENNA__6004__A1/DIODE                 0.750000    1.431523   -0.681523 (VIOLATED)
ANTENNA__5816__A/DIODE                  0.750000    1.431510   -0.681510 (VIOLATED)
_5815_/A1                               0.750000    1.431488   -0.681488 (VIOLATED)
ANTENNA__5815__A1/DIODE                 0.750000    1.431485   -0.681485 (VIOLATED)
_5816_/A                                0.750000    1.431482   -0.681482 (VIOLATED)
_5429_/A2                               0.750000    1.431475   -0.681475 (VIOLATED)
_5428_/B                                0.750000    1.431462   -0.681462 (VIOLATED)
ANTENNA__6005__A/DIODE                  0.750000    1.431460   -0.681460 (VIOLATED)
_6004_/A1                               0.750000    1.431421   -0.681421 (VIOLATED)
_6005_/A                                0.750000    1.431380   -0.681380 (VIOLATED)
_6206_/A1                               0.750000    1.431378   -0.681378 (VIOLATED)
ANTENNA__6207__A/DIODE                  0.750000    1.431377   -0.681377 (VIOLATED)
_6207_/A                                0.750000    1.431377   -0.681377 (VIOLATED)
ANTENNA__6206__A1/DIODE                 0.750000    1.431376   -0.681376 (VIOLATED)
ANTENNA__8130__A1/DIODE                 0.750000    1.431348   -0.681348 (VIOLATED)
_8130_/A1                               0.750000    1.431326   -0.681326 (VIOLATED)
ANTENNA__8300__A0/DIODE                 0.750000    1.431274   -0.681274 (VIOLATED)
ANTENNA_fanout217_X/DIODE               0.750000    1.431274   -0.681274 (VIOLATED)
_8300_/A0                               0.750000    1.431274   -0.681274 (VIOLATED)
fanout217/X                             0.750000    1.431268   -0.681268 (VIOLATED)
_5305_/A2                               0.750000    1.417744   -0.667744 (VIOLATED)
_5304_/C                                0.750000    1.417741   -0.667741 (VIOLATED)
ANTENNA__5304__C/DIODE                  0.750000    1.417740   -0.667740 (VIOLATED)
ANTENNA__5305__A2/DIODE                 0.750000    1.417740   -0.667740 (VIOLATED)
ANTENNA__5352__C/DIODE                  0.750000    1.417740   -0.667741 (VIOLATED)
_5352_/C                                0.750000    1.417735   -0.667735 (VIOLATED)
ANTENNA__5418__A2/DIODE                 0.750000    1.417724   -0.667724 (VIOLATED)
ANTENNA__5417__B/DIODE                  0.750000    1.417720   -0.667720 (VIOLATED)
ANTENNA__5823__A/DIODE                  0.750000    1.417707   -0.667707 (VIOLATED)
ANTENNA__5824__A1/DIODE                 0.750000    1.417707   -0.667707 (VIOLATED)
_6017_/A1                               0.750000    1.417707   -0.667707 (VIOLATED)
_6016_/A                                0.750000    1.417704   -0.667704 (VIOLATED)
ANTENNA__6017__A1/DIODE                 0.750000    1.417696   -0.667696 (VIOLATED)
ANTENNA__6016__A/DIODE                  0.750000    1.417692   -0.667692 (VIOLATED)
_5417_/B                                0.750000    1.417670   -0.667670 (VIOLATED)
_5418_/A2                               0.750000    1.417665   -0.667665 (VIOLATED)
_5824_/A1                               0.750000    1.417666   -0.667666 (VIOLATED)
_5823_/A                                0.750000    1.417665   -0.667665 (VIOLATED)
ANTENNA__8297__A0/DIODE                 0.750000    1.417630   -0.667630 (VIOLATED)
ANTENNA_fanout226_X/DIODE               0.750000    1.417630   -0.667630 (VIOLATED)
_8297_/A0                               0.750000    1.417630   -0.667630 (VIOLATED)
fanout226/X                             0.750000    1.417630   -0.667630 (VIOLATED)
fanout317/A                             0.750000    1.414218   -0.664218 (VIOLATED)
ANTENNA_fanout317_A/DIODE               0.750000    1.414217   -0.664217 (VIOLATED)
fanout318/A                             0.750000    1.414178   -0.664178 (VIOLATED)
ANTENNA_fanout318_A/DIODE               0.750000    1.414176   -0.664176 (VIOLATED)
_5845_/B                                0.750000    1.414173   -0.664173 (VIOLATED)
_6035_/D                                0.750000    1.414173   -0.664173 (VIOLATED)
_6036_/B1                               0.750000    1.414174   -0.664174 (VIOLATED)
ANTENNA__6036__B1/DIODE                 0.750000    1.414173   -0.664173 (VIOLATED)
ANTENNA__5845__B/DIODE                  0.750000    1.414164   -0.664164 (VIOLATED)
ANTENNA__6035__D/DIODE                  0.750000    1.414159   -0.664159 (VIOLATED)
ANTENNA_fanout316_A/DIODE               0.750000    1.414119   -0.664119 (VIOLATED)
ANTENNA_fanout319_X/DIODE               0.750000    1.414119   -0.664119 (VIOLATED)
fanout316/A                             0.750000    1.414117   -0.664117 (VIOLATED)
fanout319/X                             0.750000    1.414103   -0.664103 (VIOLATED)
_4208_/A1                               0.750000    1.409463   -0.659463 (VIOLATED)
ANTENNA__4208__A1/DIODE                 0.750000    1.409458   -0.659458 (VIOLATED)
_4207_/B                                0.750000    1.409450   -0.659450 (VIOLATED)
ANTENNA__4207__B/DIODE                  0.750000    1.409446   -0.659447 (VIOLATED)
_4176_/B                                0.750000    1.409407   -0.659407 (VIOLATED)
ANTENNA__4176__B/DIODE                  0.750000    1.409379   -0.659379 (VIOLATED)
_4181_/A1                               0.750000    1.409363   -0.659363 (VIOLATED)
_4174_/A1                               0.750000    1.409358   -0.659358 (VIOLATED)
_4173_/B                                0.750000    1.409357   -0.659357 (VIOLATED)
fanout191/A                             0.750000    1.409353   -0.659353 (VIOLATED)
ANTENNA_fanout191_A/DIODE               0.750000    1.409349   -0.659349 (VIOLATED)
ANTENNA__4173__B/DIODE                  0.750000    1.409347   -0.659347 (VIOLATED)
ANTENNA__4174__A1/DIODE                 0.750000    1.409312   -0.659312 (VIOLATED)
_4146_/A1                               0.750000    1.409293   -0.659293 (VIOLATED)
ANTENNA__4146__A1/DIODE                 0.750000    1.409290   -0.659290 (VIOLATED)
_4145_/B                                0.750000    1.409207   -0.659207 (VIOLATED)
ANTENNA__4145__B/DIODE                  0.750000    1.409160   -0.659160 (VIOLATED)
ANTENNA_fanout378_A/DIODE               0.750000    1.408721   -0.658721 (VIOLATED)
fanout378/A                             0.750000    1.408722   -0.658722 (VIOLATED)
ANTENNA_fanout374_A/DIODE               0.750000    1.408718   -0.658718 (VIOLATED)
fanout374/A                             0.750000    1.408718   -0.658718 (VIOLATED)
ANTENNA__8445__RESET_B/DIODE            0.750000    1.408714   -0.658714 (VIOLATED)
fanout367/A                             0.750000    1.408714   -0.658714 (VIOLATED)
ANTENNA_fanout367_A/DIODE               0.750000    1.408712   -0.658712 (VIOLATED)
_8445_/RESET_B                          0.750000    1.408713   -0.658713 (VIOLATED)
ANTENNA_fanout369_A/DIODE               0.750000    1.408712   -0.658712 (VIOLATED)
ANTENNA_fanout371_A/DIODE               0.750000    1.408712   -0.658712 (VIOLATED)
ANTENNA_fanout376_A/DIODE               0.750000    1.408712   -0.658712 (VIOLATED)
ANTENNA_fanout379_X/DIODE               0.750000    1.408712   -0.658712 (VIOLATED)
fanout369/A                             0.750000    1.408712   -0.658712 (VIOLATED)
fanout371/A                             0.750000    1.408712   -0.658712 (VIOLATED)
fanout376/A                             0.750000    1.408712   -0.658712 (VIOLATED)
fanout379/X                             0.750000    1.408712   -0.658712 (VIOLATED)
ANTENNA_fanout192_X/DIODE               0.750000    1.408697   -0.658697 (VIOLATED)
ANTENNA__4180__B/DIODE                  0.750000    1.408659   -0.658659 (VIOLATED)
_4180_/B                                0.750000    1.408645   -0.658645 (VIOLATED)
ANTENNA__4181__A1/DIODE                 0.750000    1.408644   -0.658644 (VIOLATED)
fanout192/X                             0.750000    1.408643   -0.658643 (VIOLATED)
_5814_/B                                0.750000    1.406154   -0.656154 (VIOLATED)
ANTENNA__6002__B/DIODE                  0.750000    1.406153   -0.656154 (VIOLATED)
ANTENNA__6198__A/DIODE                  0.750000    1.406153   -0.656154 (VIOLATED)
ANTENNA__6199__A1/DIODE                 0.750000    1.406154   -0.656154 (VIOLATED)
ANTENNA__6000__B2/DIODE                 0.750000    1.406151   -0.656151 (VIOLATED)
ANTENNA__5814__B/DIODE                  0.750000    1.406115   -0.656115 (VIOLATED)
ANTENNA__5428__A/DIODE                  0.750000    1.406058   -0.656058 (VIOLATED)
ANTENNA__5429__A1/DIODE                 0.750000    1.406058   -0.656058 (VIOLATED)
_6199_/A1                               0.750000    1.406006   -0.656006 (VIOLATED)
_6000_/B2                               0.750000    1.406003   -0.656003 (VIOLATED)
_6198_/A                                0.750000    1.406002   -0.656002 (VIOLATED)
_6002_/B                                0.750000    1.405985   -0.655985 (VIOLATED)
_5429_/A1                               0.750000    1.405808   -0.655808 (VIOLATED)
_5428_/A                                0.750000    1.405766   -0.655766 (VIOLATED)
_5414_/A                                0.750000    1.405634   -0.655634 (VIOLATED)
ANTENNA__5414__A/DIODE                  0.750000    1.405473   -0.655473 (VIOLATED)
fanout355/A                             0.750000    1.405438   -0.655438 (VIOLATED)
ANTENNA_fanout355_A/DIODE               0.750000    1.405437   -0.655437 (VIOLATED)
ANTENNA_fanout356_X/DIODE               0.750000    1.405435   -0.655435 (VIOLATED)
fanout356/X                             0.750000    1.405430   -0.655430 (VIOLATED)
_6547_/A1                               0.750000    1.401299   -0.651299 (VIOLATED)
ANTENNA__6547__A1/DIODE                 0.750000    1.401286   -0.651286 (VIOLATED)
_6262_/A                                0.750000    1.401278   -0.651278 (VIOLATED)
ANTENNA__6262__A/DIODE                  0.750000    1.401276   -0.651276 (VIOLATED)
_6460_/A                                0.750000    1.401271   -0.651271 (VIOLATED)
ANTENNA__6261__A1/DIODE                 0.750000    1.401270   -0.651270 (VIOLATED)
_6261_/A1                               0.750000    1.401270   -0.651270 (VIOLATED)
_5382_/A2                               0.750000    1.401259   -0.651259 (VIOLATED)
ANTENNA__5382__A2/DIODE                 0.750000    1.401258   -0.651258 (VIOLATED)
ANTENNA__5383__B/DIODE                  0.750000    1.401257   -0.651257 (VIOLATED)
_5383_/B                                0.750000    1.401257   -0.651257 (VIOLATED)
ANTENNA__6460__A/DIODE                  0.750000    1.401255   -0.651255 (VIOLATED)
ANTENNA__6067__A1/DIODE                 0.750000    1.401237   -0.651238 (VIOLATED)
ANTENNA__5866__A/DIODE                  0.750000    1.401222   -0.651223 (VIOLATED)
ANTENNA__6059__A/DIODE                  0.750000    1.401213   -0.651213 (VIOLATED)
_6067_/A1                               0.750000    1.401210   -0.651210 (VIOLATED)
_5866_/A                                0.750000    1.401209   -0.651209 (VIOLATED)
_6059_/A                                0.750000    1.401200   -0.651200 (VIOLATED)
ANTENNA_fanout276_X/DIODE               0.750000    1.401161   -0.651161 (VIOLATED)
ANTENNA__8288__A0/DIODE                 0.750000    1.401138   -0.651138 (VIOLATED)
_8288_/A0                               0.750000    1.401124   -0.651124 (VIOLATED)
fanout276/X                             0.750000    1.401124   -0.651124 (VIOLATED)
_5322_/A1                               0.750000    1.396286   -0.646286 (VIOLATED)
ANTENNA__5322__A1/DIODE                 0.750000    1.396284   -0.646284 (VIOLATED)
_5321_/A                                0.750000    1.396282   -0.646282 (VIOLATED)
ANTENNA__5321__A/DIODE                  0.750000    1.396278   -0.646278 (VIOLATED)
ANTENNA__5338__B/DIODE                  0.750000    1.396269   -0.646269 (VIOLATED)
_5337_/B2                               0.750000    1.396269   -0.646269 (VIOLATED)
_5338_/B                                0.750000    1.396269   -0.646269 (VIOLATED)
ANTENNA__5337__B2/DIODE                 0.750000    1.396267   -0.646267 (VIOLATED)
ANTENNA__5358__A/DIODE                  0.750000    1.396259   -0.646259 (VIOLATED)
ANTENNA_fanout324_X/DIODE               0.750000    1.396259   -0.646259 (VIOLATED)
_5394_/B1                               0.750000    1.396260   -0.646260 (VIOLATED)
_5393_/C                                0.750000    1.396258   -0.646258 (VIOLATED)
_8206_/A0                               0.750000    1.396258   -0.646258 (VIOLATED)
ANTENNA__8202__A/DIODE                  0.750000    1.396257   -0.646257 (VIOLATED)
ANTENNA__5393__C/DIODE                  0.750000    1.396255   -0.646255 (VIOLATED)
ANTENNA__8206__A0/DIODE                 0.750000    1.396255   -0.646255 (VIOLATED)
_8201_/A                                0.750000    1.396255   -0.646255 (VIOLATED)
ANTENNA__5394__B1/DIODE                 0.750000    1.396255   -0.646255 (VIOLATED)
ANTENNA__8201__A/DIODE                  0.750000    1.396254   -0.646254 (VIOLATED)
_5358_/A                                0.750000    1.396254   -0.646254 (VIOLATED)
_8202_/A                                0.750000    1.396252   -0.646252 (VIOLATED)
fanout324/X                             0.750000    1.396252   -0.646252 (VIOLATED)
_6067_/A2                               0.750000    1.395322   -0.645322 (VIOLATED)
_5866_/B                                0.750000    1.395315   -0.645315 (VIOLATED)
ANTENNA__5866__B/DIODE                  0.750000    1.395277   -0.645277 (VIOLATED)
ANTENNA__6067__A2/DIODE                 0.750000    1.395276   -0.645276 (VIOLATED)
ANTENNA__6033__B/DIODE                  0.750000    1.395236   -0.645236 (VIOLATED)
_6033_/B                                0.750000    1.395237   -0.645237 (VIOLATED)
_6431_/C                                0.750000    1.395215   -0.645215 (VIOLATED)
ANTENNA__6431__C/DIODE                  0.750000    1.395212   -0.645212 (VIOLATED)
_6430_/A2                               0.750000    1.395210   -0.645210 (VIOLATED)
ANTENNA__6233__B1/DIODE                 0.750000    1.395204   -0.645204 (VIOLATED)
ANTENNA__6430__A2/DIODE                 0.750000    1.395199   -0.645199 (VIOLATED)
_6233_/B1                               0.750000    1.395189   -0.645189 (VIOLATED)
_6234_/D                                0.750000    1.395188   -0.645188 (VIOLATED)
ANTENNA__6234__D/DIODE                  0.750000    1.395143   -0.645143 (VIOLATED)
ANTENNA_fanout304_X/DIODE               0.750000    1.395008   -0.645008 (VIOLATED)
ANTENNA__8244__A0/DIODE                 0.750000    1.394995   -0.644995 (VIOLATED)
_8241_/A                                0.750000    1.394984   -0.644984 (VIOLATED)
_8244_/A0                               0.750000    1.394982   -0.644982 (VIOLATED)
ANTENNA__8240__A/DIODE                  0.750000    1.394975   -0.644975 (VIOLATED)
ANTENNA__8241__A/DIODE                  0.750000    1.394975   -0.644975 (VIOLATED)
_8240_/A                                0.750000    1.394974   -0.644974 (VIOLATED)
fanout304/X                             0.750000    1.394970   -0.644970 (VIOLATED)
_5545_/A                                0.750000    1.392465   -0.642465 (VIOLATED)
ANTENNA__5545__A/DIODE                  0.750000    1.392456   -0.642456 (VIOLATED)
_5550_/A1                               0.750000    1.392449   -0.642449 (VIOLATED)
ANTENNA__5550__A1/DIODE                 0.750000    1.392445   -0.642445 (VIOLATED)
_5320_/A                                0.750000    1.392436   -0.642436 (VIOLATED)
ANTENNA__5320__A/DIODE                  0.750000    1.392427   -0.642427 (VIOLATED)
ANTENNA__5368__B2/DIODE                 0.750000    1.392359   -0.642359 (VIOLATED)
_5367_/B                                0.750000    1.392336   -0.642336 (VIOLATED)
_5368_/B2                               0.750000    1.392300   -0.642300 (VIOLATED)
ANTENNA__5402__A1/DIODE                 0.750000    1.391764   -0.641764 (VIOLATED)
ANTENNA__5367__B/DIODE                  0.750000    1.391738   -0.641738 (VIOLATED)
ANTENNA__5401__A/DIODE                  0.750000    1.391737   -0.641737 (VIOLATED)
_5402_/A1                               0.750000    1.391721   -0.641721 (VIOLATED)
_5401_/A                                0.750000    1.391719   -0.641719 (VIOLATED)
ANTENNA_fanout316_X/DIODE               0.750000    1.391708   -0.641708 (VIOLATED)
ANTENNA__8214__A/DIODE                  0.750000    1.391706   -0.641706 (VIOLATED)
ANTENNA__8215__A/DIODE                  0.750000    1.391703   -0.641703 (VIOLATED)
ANTENNA__8218__A0/DIODE                 0.750000    1.391678   -0.641678 (VIOLATED)
_8214_/A                                0.750000    1.391667   -0.641667 (VIOLATED)
_8215_/A                                0.750000    1.391667   -0.641667 (VIOLATED)
_8218_/A0                               0.750000    1.391667   -0.641667 (VIOLATED)
fanout316/X                             0.750000    1.391667   -0.641667 (VIOLATED)
_6920_/A                                0.750000    1.386202   -0.636202 (VIOLATED)
_8110_/B                                0.750000    1.386201   -0.636201 (VIOLATED)
_7157_/A                                0.750000    1.386200   -0.636200 (VIOLATED)
ANTENNA__8110__B/DIODE                  0.750000    1.386197   -0.636197 (VIOLATED)
ANTENNA__6920__A/DIODE                  0.750000    1.386193   -0.636193 (VIOLATED)
ANTENNA__7157__A/DIODE                  0.750000    1.386191   -0.636191 (VIOLATED)
_8109_/B2                               0.750000    1.386191   -0.636191 (VIOLATED)
ANTENNA__8109__B2/DIODE                 0.750000    1.386186   -0.636186 (VIOLATED)
_7247_/A                                0.750000    1.386184   -0.636184 (VIOLATED)
ANTENNA__7247__A/DIODE                  0.750000    1.386182   -0.636182 (VIOLATED)
_7891_/A                                0.750000    1.386152   -0.636152 (VIOLATED)
ANTENNA__7891__A/DIODE                  0.750000    1.386151   -0.636151 (VIOLATED)
_7751_/A                                0.750000    1.386150   -0.636150 (VIOLATED)
ANTENNA__7751__A/DIODE                  0.750000    1.386148   -0.636148 (VIOLATED)
_7995_/A                                0.750000    1.386147   -0.636147 (VIOLATED)
_7463_/A                                0.750000    1.386146   -0.636146 (VIOLATED)
ANTENNA__7463__A/DIODE                  0.750000    1.386142   -0.636142 (VIOLATED)
ANTENNA__7995__A/DIODE                  0.750000    1.386140   -0.636140 (VIOLATED)
ANTENNA__7552__A/DIODE                  0.750000    1.386113   -0.636113 (VIOLATED)
ANTENNA_fanout272_X/DIODE               0.750000    1.386113   -0.636113 (VIOLATED)
_7552_/A                                0.750000    1.386113   -0.636113 (VIOLATED)
fanout272/X                             0.750000    1.386113   -0.636113 (VIOLATED)
_5437_/A2                               0.750000    1.371946   -0.621946 (VIOLATED)
ANTENNA__5414__C/DIODE                  0.750000    1.371941   -0.621941 (VIOLATED)
ANTENNA__5415__C/DIODE                  0.750000    1.371941   -0.621941 (VIOLATED)
ANTENNA__5437__A2/DIODE                 0.750000    1.371941   -0.621941 (VIOLATED)
_5415_/C                                0.750000    1.371941   -0.621942 (VIOLATED)
ANTENNA__5428__D/DIODE                  0.750000    1.371896   -0.621896 (VIOLATED)
ANTENNA__5429__B2/DIODE                 0.750000    1.371882   -0.621882 (VIOLATED)
ANTENNA__5816__C/DIODE                  0.750000    1.371874   -0.621874 (VIOLATED)
ANTENNA__6005__B/DIODE                  0.750000    1.371868   -0.621868 (VIOLATED)
ANTENNA__6004__B2/DIODE                 0.750000    1.371865   -0.621865 (VIOLATED)
ANTENNA__5815__B1/DIODE                 0.750000    1.371860   -0.621860 (VIOLATED)
_6004_/B2                               0.750000    1.371846   -0.621846 (VIOLATED)
_6005_/B                                0.750000    1.371845   -0.621845 (VIOLATED)
_5429_/B2                               0.750000    1.371814   -0.621814 (VIOLATED)
_5414_/C                                0.750000    1.371792   -0.621792 (VIOLATED)
_5428_/D                                0.750000    1.371788   -0.621788 (VIOLATED)
_5815_/B1                               0.750000    1.371688   -0.621688 (VIOLATED)
_5816_/C                                0.750000    1.371687   -0.621687 (VIOLATED)
ANTENNA_fanout222_X/DIODE               0.750000    1.371650   -0.621650 (VIOLATED)
ANTENNA__8299__A0/DIODE                 0.750000    1.371618   -0.621618 (VIOLATED)
_8299_/A0                               0.750000    1.371618   -0.621618 (VIOLATED)
fanout222/X                             0.750000    1.371614   -0.621614 (VIOLATED)
fanout243/A                             0.750000    1.368181   -0.618181 (VIOLATED)
ANTENNA_fanout243_A/DIODE               0.750000    1.368172   -0.618172 (VIOLATED)
_7998_/A                                0.750000    1.368106   -0.618106 (VIOLATED)
ANTENNA__7998__A/DIODE                  0.750000    1.368103   -0.618103 (VIOLATED)
ANTENNA__6522__A1/DIODE                 0.750000    1.367979   -0.617979 (VIOLATED)
_6522_/A1                               0.750000    1.367976   -0.617976 (VIOLATED)
_6521_/A                                0.750000    1.367918   -0.617918 (VIOLATED)
ANTENNA__6521__A/DIODE                  0.750000    1.367880   -0.617880 (VIOLATED)
ANTENNA_fanout244_X/DIODE               0.750000    1.367784   -0.617784 (VIOLATED)
ANTENNA_fanout241_A/DIODE               0.750000    1.367775   -0.617775 (VIOLATED)
fanout241/A                             0.750000    1.367752   -0.617752 (VIOLATED)
fanout244/X                             0.750000    1.367752   -0.617752 (VIOLATED)
fanout289/A                             0.750000    1.353386   -0.603386 (VIOLATED)
ANTENNA_fanout289_A/DIODE               0.750000    1.353385   -0.603385 (VIOLATED)
ANTENNA_fanout288_A/DIODE               0.750000    1.353375   -0.603375 (VIOLATED)
fanout288/A                             0.750000    1.353374   -0.603374 (VIOLATED)
_6861_/A2                               0.750000    1.353366   -0.603366 (VIOLATED)
ANTENNA__6862__B/DIODE                  0.750000    1.353365   -0.603365 (VIOLATED)
_6862_/B                                0.750000    1.353365   -0.603365 (VIOLATED)
ANTENNA__6861__A2/DIODE                 0.750000    1.353361   -0.603361 (VIOLATED)
ANTENNA__8266__A/DIODE                  0.750000    1.353353   -0.603353 (VIOLATED)
ANTENNA__8016__D/DIODE                  0.750000    1.353352   -0.603352 (VIOLATED)
ANTENNA__8014__B1/DIODE                 0.750000    1.353350   -0.603350 (VIOLATED)
ANTENNA__8015__B/DIODE                  0.750000    1.353350   -0.603350 (VIOLATED)
ANTENNA_fanout290_X/DIODE               0.750000    1.353348   -0.603348 (VIOLATED)
_8266_/A                                0.750000    1.353340   -0.603340 (VIOLATED)
_8014_/B1                               0.750000    1.353338   -0.603338 (VIOLATED)
_8015_/B                                0.750000    1.353338   -0.603338 (VIOLATED)
_8016_/D                                0.750000    1.353337   -0.603337 (VIOLATED)
fanout290/X                             0.750000    1.353012   -0.603012 (VIOLATED)
_8001_/A                                0.750000    1.350252   -0.600252 (VIOLATED)
ANTENNA__8001__A/DIODE                  0.750000    1.350246   -0.600246 (VIOLATED)
_7897_/C                                0.750000    1.350229   -0.600229 (VIOLATED)
_8003_/A1                               0.750000    1.350228   -0.600228 (VIOLATED)
ANTENNA__7897__C/DIODE                  0.750000    1.350227   -0.600227 (VIOLATED)
ANTENNA__8003__A1/DIODE                 0.750000    1.350217   -0.600217 (VIOLATED)
_7896_/A1_N                             0.750000    1.350197   -0.600197 (VIOLATED)
_6925_/A                                0.750000    1.350195   -0.600195 (VIOLATED)
ANTENNA__6925__A/DIODE                  0.750000    1.350191   -0.600191 (VIOLATED)
ANTENNA__7896__A1_N/DIODE               0.750000    1.350187   -0.600187 (VIOLATED)
_7162_/A                                0.750000    1.350182   -0.600182 (VIOLATED)
ANTENNA__7162__A/DIODE                  0.750000    1.350172   -0.600172 (VIOLATED)
_7252_/A                                0.750000    1.350160   -0.600160 (VIOLATED)
ANTENNA__7252__A/DIODE                  0.750000    1.350157   -0.600157 (VIOLATED)
ANTENNA__7468__A/DIODE                  0.750000    1.350151   -0.600151 (VIOLATED)
_7468_/A                                0.750000    1.350150   -0.600150 (VIOLATED)
ANTENNA__7557__A/DIODE                  0.750000    1.350137   -0.600137 (VIOLATED)
ANTENNA__7756__A/DIODE                  0.750000    1.350137   -0.600137 (VIOLATED)
ANTENNA_fanout254_X/DIODE               0.750000    1.350137   -0.600137 (VIOLATED)
_7557_/A                                0.750000    1.350137   -0.600137 (VIOLATED)
_7756_/A                                0.750000    1.350137   -0.600137 (VIOLATED)
fanout254/X                             0.750000    1.350137   -0.600137 (VIOLATED)
fanout236/A                             0.750000    1.339277   -0.589277 (VIOLATED)
ANTENNA_fanout236_A/DIODE               0.750000    1.339254   -0.589254 (VIOLATED)
ANTENNA__7233__A/DIODE                  0.750000    1.339222   -0.589222 (VIOLATED)
_7233_/A                                0.750000    1.339211   -0.589211 (VIOLATED)
_7143_/A                                0.750000    1.339193   -0.589193 (VIOLATED)
ANTENNA__7143__A/DIODE                  0.750000    1.339184   -0.589184 (VIOLATED)
ANTENNA__6906__A/DIODE                  0.750000    1.339064   -0.589064 (VIOLATED)
_6906_/A                                0.750000    1.338972   -0.588972 (VIOLATED)
_6505_/A                                0.750000    1.338890   -0.588890 (VIOLATED)
ANTENNA__6505__A/DIODE                  0.750000    1.338887   -0.588887 (VIOLATED)
_6417_/A                                0.750000    1.338712   -0.588712 (VIOLATED)
ANTENNA__6417__A/DIODE                  0.750000    1.338587   -0.588587 (VIOLATED)
ANTENNA__6220__A/DIODE                  0.750000    1.338433   -0.588433 (VIOLATED)
_6239_/B2                               0.750000    1.338389   -0.588389 (VIOLATED)
ANTENNA__6239__B2/DIODE                 0.750000    1.338388   -0.588388 (VIOLATED)
_6238_/B                                0.750000    1.338382   -0.588382 (VIOLATED)
ANTENNA__6238__B/DIODE                  0.750000    1.338378   -0.588378 (VIOLATED)
_6036_/B2                               0.750000    1.338376   -0.588376 (VIOLATED)
_6035_/B                                0.750000    1.338371   -0.588371 (VIOLATED)
_6220_/A                                0.750000    1.338371   -0.588371 (VIOLATED)
_5843_/B1                               0.750000    1.338356   -0.588356 (VIOLATED)
ANTENNA__5843__B1/DIODE                 0.750000    1.338354   -0.588354 (VIOLATED)
ANTENNA__6036__B2/DIODE                 0.750000    1.338347   -0.588347 (VIOLATED)
ANTENNA__6035__B/DIODE                  0.750000    1.338346   -0.588346 (VIOLATED)
_5842_/C                                0.750000    1.338344   -0.588344 (VIOLATED)
ANTENNA__5842__C/DIODE                  0.750000    1.338340   -0.588340 (VIOLATED)
ANTENNA__6019__A/DIODE                  0.750000    1.338320   -0.588320 (VIOLATED)
ANTENNA_fanout237_X/DIODE               0.750000    1.338320   -0.588320 (VIOLATED)
_6019_/A                                0.750000    1.338300   -0.588300 (VIOLATED)
fanout237/X                             0.750000    1.338296   -0.588296 (VIOLATED)
_5479_/B1                               0.750000    1.337973   -0.587973 (VIOLATED)
ANTENNA__5479__B1/DIODE                 0.750000    1.337970   -0.587970 (VIOLATED)
ANTENNA__8293__A0/DIODE                 0.750000    1.337968   -0.587968 (VIOLATED)
ANTENNA_fanout247_X/DIODE               0.750000    1.337968   -0.587968 (VIOLATED)
ANTENNA_fanout246_A/DIODE               0.750000    1.337967   -0.587967 (VIOLATED)
fanout246/A                             0.750000    1.337966   -0.587966 (VIOLATED)
_8293_/A0                               0.750000    1.337960   -0.587960 (VIOLATED)
fanout247/X                             0.750000    1.337960   -0.587960 (VIOLATED)
_6738_/B                                0.750000    1.332688   -0.582688 (VIOLATED)
ANTENNA__6738__B/DIODE                  0.750000    1.332665   -0.582665 (VIOLATED)
_6649_/B                                0.750000    1.332662   -0.582662 (VIOLATED)
ANTENNA__6649__B/DIODE                  0.750000    1.332657   -0.582657 (VIOLATED)
ANTENNA__6347__B/DIODE                  0.750000    1.332656   -0.582656 (VIOLATED)
_6172_/B                                0.750000    1.332648   -0.582648 (VIOLATED)
_6347_/B                                0.750000    1.332643   -0.582643 (VIOLATED)
ANTENNA__6172__B/DIODE                  0.750000    1.332635   -0.582635 (VIOLATED)
_5786_/B                                0.750000    1.332618   -0.582618 (VIOLATED)
_5889_/B                                0.750000    1.332616   -0.582616 (VIOLATED)
ANTENNA__5889__B/DIODE                  0.750000    1.332579   -0.582579 (VIOLATED)
ANTENNA__5786__B/DIODE                  0.750000    1.332503   -0.582503 (VIOLATED)
_5106_/B                                0.750000    1.332344   -0.582344 (VIOLATED)
ANTENNA__5106__B/DIODE                  0.750000    1.332286   -0.582286 (VIOLATED)
_5057_/B                                0.750000    1.332223   -0.582223 (VIOLATED)
ANTENNA__5057__B/DIODE                  0.750000    1.332086   -0.582086 (VIOLATED)
_5053_/B                                0.750000    1.331896   -0.581896 (VIOLATED)
ANTENNA__5053__B/DIODE                  0.750000    1.331893   -0.581893 (VIOLATED)
_5065_/B                                0.750000    1.331854   -0.581854 (VIOLATED)
ANTENNA__5065__B/DIODE                  0.750000    1.331853   -0.581853 (VIOLATED)
ANTENNA_fanout78_X/DIODE                0.750000    1.331852   -0.581852 (VIOLATED)
fanout78/X                              0.750000    1.331848   -0.581848 (VIOLATED)
_5012_/B                                0.750000    1.319790   -0.569791 (VIOLATED)
_5013_/B1                               0.750000    1.319786   -0.569786 (VIOLATED)
ANTENNA__5013__B1/DIODE                 0.750000    1.319783   -0.569783 (VIOLATED)
ANTENNA__5012__B/DIODE                  0.750000    1.319759   -0.569759 (VIOLATED)
_5740_/B1                               0.750000    1.319728   -0.569728 (VIOLATED)
ANTENNA__5740__B1/DIODE                 0.750000    1.319726   -0.569726 (VIOLATED)
ANTENNA__5738__B/DIODE                  0.750000    1.319702   -0.569702 (VIOLATED)
_6092_/A2                               0.750000    1.319693   -0.569693 (VIOLATED)
ANTENNA__6092__A2/DIODE                 0.750000    1.319688   -0.569688 (VIOLATED)
_5738_/B                                0.750000    1.319687   -0.569687 (VIOLATED)
_6292_/B                                0.750000    1.319634   -0.569634 (VIOLATED)
ANTENNA__6292__B/DIODE                  0.750000    1.319555   -0.569555 (VIOLATED)
_6574_/A2                               0.750000    1.319511   -0.569511 (VIOLATED)
ANTENNA__6574__A2/DIODE                 0.750000    1.319503   -0.569503 (VIOLATED)
_6701_/B                                0.750000    1.319470   -0.569470 (VIOLATED)
ANTENNA__6701__B/DIODE                  0.750000    1.319468   -0.569468 (VIOLATED)
ANTENNA__4456__B/DIODE                  0.750000    1.319391   -0.569391 (VIOLATED)
_4456_/B                                0.750000    1.319391   -0.569391 (VIOLATED)
ANTENNA__4745__B/DIODE                  0.750000    1.319352   -0.569352 (VIOLATED)
ANTENNA_fanout85_X/DIODE                0.750000    1.319351   -0.569351 (VIOLATED)
_4745_/B                                0.750000    1.319345   -0.569345 (VIOLATED)
fanout85/X                              0.750000    1.319320   -0.569320 (VIOLATED)
_6485_/B                                0.750000    1.311166   -0.561166 (VIOLATED)
_6403_/A2                               0.750000    1.311164   -0.561165 (VIOLATED)
ANTENNA__6485__B/DIODE                  0.750000    1.311159   -0.561159 (VIOLATED)
ANTENNA__6403__A2/DIODE                 0.750000    1.311158   -0.561158 (VIOLATED)
ANTENNA__6404__C/DIODE                  0.750000    1.311157   -0.561157 (VIOLATED)
_6404_/C                                0.750000    1.311157   -0.561157 (VIOLATED)
ANTENNA__6206__B1/DIODE                 0.750000    1.311138   -0.561138 (VIOLATED)
ANTENNA__6207__D/DIODE                  0.750000    1.311138   -0.561138 (VIOLATED)
_6206_/B1                               0.750000    1.311137   -0.561137 (VIOLATED)
_6207_/D                                0.750000    1.311136   -0.561136 (VIOLATED)
_6006_/B                                0.750000    1.311114   -0.561114 (VIOLATED)
ANTENNA__6006__B/DIODE                  0.750000    1.311077   -0.561077 (VIOLATED)
ANTENNA__5823__B/DIODE                  0.750000    1.311067   -0.561067 (VIOLATED)
ANTENNA__5417__C/DIODE                  0.750000    1.311059   -0.561059 (VIOLATED)
ANTENNA__5418__B1/DIODE                 0.750000    1.311059   -0.561059 (VIOLATED)
ANTENNA__5824__A2/DIODE                 0.750000    1.311059   -0.561059 (VIOLATED)
ANTENNA_fanout338_X/DIODE               0.750000    1.311059   -0.561059 (VIOLATED)
_5418_/B1                               0.750000    1.311057   -0.561057 (VIOLATED)
_5417_/C                                0.750000    1.311057   -0.561057 (VIOLATED)
_5823_/B                                0.750000    1.311057   -0.561057 (VIOLATED)
_5824_/A2                               0.750000    1.311058   -0.561058 (VIOLATED)
fanout338/X                             0.750000    1.311057   -0.561057 (VIOLATED)
ANTENNA__6396__B2/DIODE                 0.750000    1.305398   -0.555398 (VIOLATED)
_6396_/B2                               0.750000    1.305398   -0.555398 (VIOLATED)
_6000_/A2                               0.750000    1.305391   -0.555391 (VIOLATED)
_6001_/A                                0.750000    1.305390   -0.555390 (VIOLATED)
ANTENNA__6000__A2/DIODE                 0.750000    1.305365   -0.555365 (VIOLATED)
ANTENNA__6001__A/DIODE                  0.750000    1.305335   -0.555335 (VIOLATED)
_5815_/A2                               0.750000    1.305269   -0.555269 (VIOLATED)
_5816_/B                                0.750000    1.305256   -0.555257 (VIOLATED)
ANTENNA__5815__A2/DIODE                 0.750000    1.305255   -0.555255 (VIOLATED)
_5428_/C                                0.750000    1.305252   -0.555252 (VIOLATED)
_5429_/B1                               0.750000    1.305250   -0.555250 (VIOLATED)
ANTENNA__5816__B/DIODE                  0.750000    1.305228   -0.555228 (VIOLATED)
ANTENNA__5429__B1/DIODE                 0.750000    1.305210   -0.555210 (VIOLATED)
ANTENNA__5428__C/DIODE                  0.750000    1.305101   -0.555101 (VIOLATED)
fanout351/A                             0.750000    1.304888   -0.554888 (VIOLATED)
ANTENNA_fanout351_A/DIODE               0.750000    1.304886   -0.554886 (VIOLATED)
ANTENNA_fanout352_X/DIODE               0.750000    1.304878   -0.554878 (VIOLATED)
fanout352/X                             0.750000    1.304839   -0.554839 (VIOLATED)
_7516_/B2                               0.750000    1.303072   -0.553072 (VIOLATED)
ANTENNA__7515__A/DIODE                  0.750000    1.303063   -0.553063 (VIOLATED)
ANTENNA__7516__B2/DIODE                 0.750000    1.303063   -0.553063 (VIOLATED)
_7515_/A                                0.750000    1.303062   -0.553062 (VIOLATED)
_7426_/B                                0.750000    1.303043   -0.553043 (VIOLATED)
_7427_/A1                               0.750000    1.303038   -0.553038 (VIOLATED)
ANTENNA__7426__B/DIODE                  0.750000    1.303018   -0.553018 (VIOLATED)
_7213_/B                                0.750000    1.303017   -0.553017 (VIOLATED)
ANTENNA__7427__A1/DIODE                 0.750000    1.303014   -0.553014 (VIOLATED)
ANTENNA__7213__B/DIODE                  0.750000    1.303003   -0.553003 (VIOLATED)
ANTENNA__7129__C/DIODE                  0.750000    1.302998   -0.552998 (VIOLATED)
_7129_/C                                0.750000    1.302975   -0.552975 (VIOLATED)
ANTENNA__7128__A2/DIODE                 0.750000    1.302953   -0.552953 (VIOLATED)
_6891_/B1                               0.750000    1.302940   -0.552940 (VIOLATED)
_7128_/A2                               0.750000    1.302935   -0.552935 (VIOLATED)
ANTENNA__6891__B1/DIODE                 0.750000    1.302933   -0.552933 (VIOLATED)
_6806_/B                                0.750000    1.302917   -0.552917 (VIOLATED)
ANTENNA__6806__B/DIODE                  0.750000    1.302915   -0.552915 (VIOLATED)
ANTENNA__6220__B/DIODE                  0.750000    1.302825   -0.552825 (VIOLATED)
ANTENNA_fanout322_X/DIODE               0.750000    1.302820   -0.552820 (VIOLATED)
_6233_/A2                               0.750000    1.302679   -0.552679 (VIOLATED)
ANTENNA__6234__C/DIODE                  0.750000    1.302673   -0.552673 (VIOLATED)
_6234_/C                                0.750000    1.302673   -0.552673 (VIOLATED)
ANTENNA__6233__A2/DIODE                 0.750000    1.302661   -0.552661 (VIOLATED)
_6030_/B1                               0.750000    1.302634   -0.552634 (VIOLATED)
_6031_/D                                0.750000    1.302608   -0.552608 (VIOLATED)
ANTENNA__6030__B1/DIODE                 0.750000    1.302607   -0.552607 (VIOLATED)
ANTENNA__6031__D/DIODE                  0.750000    1.302572   -0.552572 (VIOLATED)
_5382_/A1                               0.750000    1.302510   -0.552510 (VIOLATED)
ANTENNA__5383__A/DIODE                  0.750000    1.302509   -0.552509 (VIOLATED)
_5383_/A                                0.750000    1.302508   -0.552508 (VIOLATED)
ANTENNA__5382__A1/DIODE                 0.750000    1.302495   -0.552495 (VIOLATED)
_6220_/B                                0.750000    1.302440   -0.552440 (VIOLATED)
ANTENNA__5840__B/DIODE                  0.750000    1.302437   -0.552437 (VIOLATED)
fanout322/X                             0.750000    1.302435   -0.552435 (VIOLATED)
_5840_/B                                0.750000    1.302366   -0.552366 (VIOLATED)
ANTENNA_fanout305_X/DIODE               0.750000    1.302077   -0.552077 (VIOLATED)
ANTENNA__8238__A0/DIODE                 0.750000    1.302000   -0.552000 (VIOLATED)
ANTENNA__8232__A/DIODE                  0.750000    1.301983   -0.551983 (VIOLATED)
ANTENNA__8233__A/DIODE                  0.750000    1.301963   -0.551963 (VIOLATED)
_8232_/A                                0.750000    1.301542   -0.551542 (VIOLATED)
_8233_/A                                0.750000    1.301542   -0.551542 (VIOLATED)
_8238_/A0                               0.750000    1.301542   -0.551542 (VIOLATED)
fanout305/X                             0.750000    1.301542   -0.551542 (VIOLATED)
_4931_/C                                0.750000    1.300556   -0.550556 (VIOLATED)
_4837_/B                                0.750000    1.300547   -0.550547 (VIOLATED)
ANTENNA__4931__C/DIODE                  0.750000    1.300545   -0.550545 (VIOLATED)
ANTENNA__4837__B/DIODE                  0.750000    1.300540   -0.550540 (VIOLATED)
_4839_/B1                               0.750000    1.300531   -0.550531 (VIOLATED)
ANTENNA__4839__B1/DIODE                 0.750000    1.300510   -0.550510 (VIOLATED)
_4481_/B1                               0.750000    1.300494   -0.550494 (VIOLATED)
ANTENNA__4481__B1/DIODE                 0.750000    1.300479   -0.550479 (VIOLATED)
_4482_/B                                0.750000    1.300440   -0.550440 (VIOLATED)
ANTENNA__4482__B/DIODE                  0.750000    1.300387   -0.550387 (VIOLATED)
ANTENNA__4363__B/DIODE                  0.750000    1.300324   -0.550324 (VIOLATED)
_4363_/B                                0.750000    1.300292   -0.550292 (VIOLATED)
ANTENNA__4369__B/DIODE                  0.750000    1.300279   -0.550279 (VIOLATED)
ANTENNA__4381__B/DIODE                  0.750000    1.300248   -0.550248 (VIOLATED)
_4369_/B                                0.750000    1.300225   -0.550225 (VIOLATED)
_4381_/B                                0.750000    1.300219   -0.550219 (VIOLATED)
ANTENNA__4414__B/DIODE                  0.750000    1.300192   -0.550192 (VIOLATED)
_4414_/B                                0.750000    1.300166   -0.550166 (VIOLATED)
ANTENNA_fanout146_X/DIODE               0.750000    1.300155   -0.550155 (VIOLATED)
_4517_/B                                0.750000    1.300141   -0.550141 (VIOLATED)
ANTENNA__4517__B/DIODE                  0.750000    1.300136   -0.550136 (VIOLATED)
fanout146/X                             0.750000    1.300130   -0.550130 (VIOLATED)
_6436_/A1                               0.750000    1.294320   -0.544320 (VIOLATED)
ANTENNA__6436__A1/DIODE                 0.750000    1.294317   -0.544317 (VIOLATED)
ANTENNA__6435__A/DIODE                  0.750000    1.294315   -0.544315 (VIOLATED)
_6435_/A                                0.750000    1.294315   -0.544315 (VIOLATED)
_6239_/A1                               0.750000    1.294299   -0.544299 (VIOLATED)
ANTENNA__6239__A1/DIODE                 0.750000    1.294296   -0.544296 (VIOLATED)
_6238_/A                                0.750000    1.294271   -0.544272 (VIOLATED)
ANTENNA__6238__A/DIODE                  0.750000    1.294249   -0.544249 (VIOLATED)
_6036_/A1                               0.750000    1.294248   -0.544248 (VIOLATED)
ANTENNA__6035__A/DIODE                  0.750000    1.294236   -0.544236 (VIOLATED)
_6035_/A                                0.750000    1.294235   -0.544235 (VIOLATED)
_5843_/A1                               0.750000    1.294207   -0.544207 (VIOLATED)
ANTENNA__6036__A1/DIODE                 0.750000    1.294205   -0.544205 (VIOLATED)
ANTENNA__5843__A1/DIODE                 0.750000    1.294204   -0.544204 (VIOLATED)
ANTENNA__5842__A/DIODE                  0.750000    1.294187   -0.544187 (VIOLATED)
_5842_/A                                0.750000    1.294181   -0.544181 (VIOLATED)
ANTENNA_fanout241_X/DIODE               0.750000    1.293557   -0.543557 (VIOLATED)
ANTENNA_fanout240_A/DIODE               0.750000    1.293543   -0.543543 (VIOLATED)
ANTENNA__8294__A0/DIODE                 0.750000    1.293448   -0.543448 (VIOLATED)
_8294_/A0                               0.750000    1.293390   -0.543390 (VIOLATED)
fanout240/A                             0.750000    1.293390   -0.543390 (VIOLATED)
fanout241/X                             0.750000    1.293390   -0.543390 (VIOLATED)
_5747_/B                                0.750000    1.280589   -0.530589 (VIOLATED)
ANTENNA__5747__B/DIODE                  0.750000    1.280583   -0.530583 (VIOLATED)
ANTENNA__5925__A2/DIODE                 0.750000    1.280569   -0.530569 (VIOLATED)
_5925_/A2                               0.750000    1.280558   -0.530558 (VIOLATED)
_6090_/A2                               0.750000    1.280537   -0.530537 (VIOLATED)
ANTENNA__6090__A2/DIODE                 0.750000    1.280531   -0.530531 (VIOLATED)
_6094_/B                                0.750000    1.280505   -0.530505 (VIOLATED)
ANTENNA__6094__B/DIODE                  0.750000    1.280496   -0.530496 (VIOLATED)
ANTENNA__6294__B/DIODE                  0.750000    1.280445   -0.530445 (VIOLATED)
_6294_/B                                0.750000    1.280409   -0.530409 (VIOLATED)
_6712_/B                                0.750000    1.280408   -0.530408 (VIOLATED)
ANTENNA__6712__B/DIODE                  0.750000    1.280395   -0.530395 (VIOLATED)
ANTENNA__6715__A2/DIODE                 0.750000    1.280377   -0.530377 (VIOLATED)
_6715_/A2                               0.750000    1.280331   -0.530331 (VIOLATED)
ANTENNA__6576__B/DIODE                  0.750000    1.280296   -0.530296 (VIOLATED)
_5930_/B                                0.750000    1.280290   -0.530290 (VIOLATED)
ANTENNA__5930__B/DIODE                  0.750000    1.280289   -0.530289 (VIOLATED)
_6576_/B                                0.750000    1.280282   -0.530282 (VIOLATED)
ANTENNA_fanout81_X/DIODE                0.750000    1.280192   -0.530192 (VIOLATED)
ANTENNA__4821__B/DIODE                  0.750000    1.280191   -0.530191 (VIOLATED)
_4821_/B                                0.750000    1.280185   -0.530185 (VIOLATED)
ANTENNA_fanout272_A/DIODE               0.750000    1.279911   -0.529911 (VIOLATED)
fanout272/A                             0.750000    1.279911   -0.529911 (VIOLATED)
_8120_/A1                               0.750000    1.279897   -0.529897 (VIOLATED)
ANTENNA__8120__A1/DIODE                 0.750000    1.279889   -0.529889 (VIOLATED)
fanout81/X                              0.750000    1.279826   -0.529826 (VIOLATED)
_6832_/A                                0.750000    1.279629   -0.529629 (VIOLATED)
ANTENNA__6832__A/DIODE                  0.750000    1.279536   -0.529536 (VIOLATED)
_6519_/A                                0.750000    1.279388   -0.529388 (VIOLATED)
ANTENNA__6519__A/DIODE                  0.750000    1.279378   -0.529378 (VIOLATED)
ANTENNA_fanout273_X/DIODE               0.750000    1.279072   -0.529072 (VIOLATED)
ANTENNA_fanout271_A/DIODE               0.750000    1.279029   -0.529029 (VIOLATED)
fanout271/A                             0.750000    1.279006   -0.529007 (VIOLATED)
fanout273/X                             0.750000    1.279006   -0.529007 (VIOLATED)
_5147_/B                                0.750000    1.271538   -0.521538 (VIOLATED)
ANTENNA__5147__B/DIODE                  0.750000    1.271537   -0.521537 (VIOLATED)
ANTENNA__5724__C_N/DIODE                0.750000    1.271536   -0.521536 (VIOLATED)
_5724_/C_N                              0.750000    1.271537   -0.521537 (VIOLATED)
_4998_/A2                               0.750000    1.271535   -0.521535 (VIOLATED)
ANTENNA__4998__A2/DIODE                 0.750000    1.271525   -0.521525 (VIOLATED)
ANTENNA_fanout96_A/DIODE                0.750000    1.271513   -0.521513 (VIOLATED)
fanout96/A                              0.750000    1.271509   -0.521509 (VIOLATED)
ANTENNA__4472__B/DIODE                  0.750000    1.271498   -0.521498 (VIOLATED)
_4472_/B                                0.750000    1.271495   -0.521495 (VIOLATED)
ANTENNA__4476__B/DIODE                  0.750000    1.271495   -0.521495 (VIOLATED)
_4476_/B                                0.750000    1.271494   -0.521494 (VIOLATED)
ANTENNA__4276__B/DIODE                  0.750000    1.271491   -0.521491 (VIOLATED)
ANTENNA__4329__A2/DIODE                 0.750000    1.271491   -0.521491 (VIOLATED)
ANTENNA__4533__B/DIODE                  0.750000    1.271491   -0.521491 (VIOLATED)
ANTENNA__4535__A2/DIODE                 0.750000    1.271491   -0.521491 (VIOLATED)
ANTENNA_fanout97_X/DIODE                0.750000    1.271491   -0.521491 (VIOLATED)
_4276_/B                                0.750000    1.271491   -0.521491 (VIOLATED)
_4329_/A2                               0.750000    1.271491   -0.521491 (VIOLATED)
_4533_/B                                0.750000    1.271491   -0.521491 (VIOLATED)
_4535_/A2                               0.750000    1.271491   -0.521491 (VIOLATED)
fanout97/X                              0.750000    1.271491   -0.521491 (VIOLATED)
_8125_/B                                0.750000    1.266616   -0.516616 (VIOLATED)
ANTENNA__8125__B/DIODE                  0.750000    1.266593   -0.516593 (VIOLATED)
_7756_/B                                0.750000    1.266523   -0.516523 (VIOLATED)
ANTENNA__7756__B/DIODE                  0.750000    1.266521   -0.516521 (VIOLATED)
_7550_/C                                0.750000    1.266513   -0.516513 (VIOLATED)
ANTENNA__7550__C/DIODE                  0.750000    1.266486   -0.516486 (VIOLATED)
_7549_/A2                               0.750000    1.266458   -0.516458 (VIOLATED)
ANTENNA__7549__A2/DIODE                 0.750000    1.266415   -0.516415 (VIOLATED)
_7461_/D                                0.750000    1.266335   -0.516335 (VIOLATED)
ANTENNA__7461__D/DIODE                  0.750000    1.266300   -0.516300 (VIOLATED)
_7460_/B1                               0.750000    1.266265   -0.516265 (VIOLATED)
ANTENNA__7460__B1/DIODE                 0.750000    1.266257   -0.516257 (VIOLATED)
ANTENNA__7895__D/DIODE                  0.750000    1.266246   -0.516246 (VIOLATED)
ANTENNA__7893__B1/DIODE                 0.750000    1.266244   -0.516244 (VIOLATED)
_7895_/D                                0.750000    1.266240   -0.516240 (VIOLATED)
_7893_/B1                               0.750000    1.266237   -0.516237 (VIOLATED)
ANTENNA__7186__B/DIODE                  0.750000    1.266114   -0.516114 (VIOLATED)
_7185_/A2                               0.750000    1.266086   -0.516086 (VIOLATED)
ANTENNA__7185__A2/DIODE                 0.750000    1.266085   -0.516085 (VIOLATED)
ANTENNA_fanout284_X/DIODE               0.750000    1.266085   -0.516085 (VIOLATED)
_7186_/B                                0.750000    1.266078   -0.516078 (VIOLATED)
fanout284/X                             0.750000    1.266072   -0.516072 (VIOLATED)
_7326_/B                                0.750000    1.264854   -0.514854 (VIOLATED)
_7325_/A2                               0.750000    1.264853   -0.514853 (VIOLATED)
ANTENNA__7326__B/DIODE                  0.750000    1.264848   -0.514848 (VIOLATED)
ANTENNA__7325__A2/DIODE                 0.750000    1.264841   -0.514841 (VIOLATED)
_7053_/B                                0.750000    1.264823   -0.514823 (VIOLATED)
ANTENNA__7053__B/DIODE                  0.750000    1.264798   -0.514798 (VIOLATED)
_7052_/B                                0.750000    1.264776   -0.514776 (VIOLATED)
ANTENNA__7052__B/DIODE                  0.750000    1.264774   -0.514774 (VIOLATED)
_6745_/B                                0.750000    1.264718   -0.514718 (VIOLATED)
ANTENNA__6745__B/DIODE                  0.750000    1.264672   -0.514672 (VIOLATED)
_6646_/A2                               0.750000    1.264595   -0.514595 (VIOLATED)
ANTENNA__6646__A2/DIODE                 0.750000    1.264594   -0.514594 (VIOLATED)
_6643_/B                                0.750000    1.264575   -0.514575 (VIOLATED)
ANTENNA__6643__B/DIODE                  0.750000    1.264562   -0.514562 (VIOLATED)
_6165_/B                                0.750000    1.264429   -0.514429 (VIOLATED)
ANTENNA__6165__B/DIODE                  0.750000    1.264418   -0.514418 (VIOLATED)
_5898_/B                                0.750000    1.264248   -0.514248 (VIOLATED)
ANTENNA__5898__B/DIODE                  0.750000    1.264245   -0.514245 (VIOLATED)
_4732_/B                                0.750000    1.263974   -0.513974 (VIOLATED)
ANTENNA__4732__B/DIODE                  0.750000    1.263974   -0.513974 (VIOLATED)
ANTENNA_fanout67_X/DIODE                0.750000    1.263962   -0.513962 (VIOLATED)
fanout67/X                              0.750000    1.263958   -0.513958 (VIOLATED)
_7748_/B1                               0.750000    1.258851   -0.508851 (VIOLATED)
_7749_/D                                0.750000    1.258850   -0.508851 (VIOLATED)
ANTENNA__7749__D/DIODE                  0.750000    1.258841   -0.508841 (VIOLATED)
_7888_/A2                               0.750000    1.258840   -0.508840 (VIOLATED)
ANTENNA__7748__B1/DIODE                 0.750000    1.258835   -0.508835 (VIOLATED)
ANTENNA__7888__A2/DIODE                 0.750000    1.258835   -0.508835 (VIOLATED)
_7889_/C                                0.750000    1.258835   -0.508835 (VIOLATED)
ANTENNA__7889__C/DIODE                  0.750000    1.258833   -0.508833 (VIOLATED)
_7552_/B                                0.750000    1.258801   -0.508801 (VIOLATED)
ANTENNA__7552__B/DIODE                  0.750000    1.258796   -0.508796 (VIOLATED)
_7492_/B                                0.750000    1.258732   -0.508732 (VIOLATED)
_7491_/A2                               0.750000    1.258719   -0.508719 (VIOLATED)
ANTENNA__7492__B/DIODE                  0.750000    1.258718   -0.508718 (VIOLATED)
ANTENNA__7491__A2/DIODE                 0.750000    1.258691   -0.508691 (VIOLATED)
_8001_/B                                0.750000    1.258646   -0.508646 (VIOLATED)
_8102_/A2                               0.750000    1.258640   -0.508640 (VIOLATED)
_8103_/D                                0.750000    1.258627   -0.508627 (VIOLATED)
ANTENNA__8103__D/DIODE                  0.750000    1.258626   -0.508626 (VIOLATED)
ANTENNA__8001__B/DIODE                  0.750000    1.258623   -0.508623 (VIOLATED)
ANTENNA__8102__A2/DIODE                 0.750000    1.258623   -0.508623 (VIOLATED)
ANTENNA_fanout281_X/DIODE               0.750000    1.258623   -0.508623 (VIOLATED)
fanout281/X                             0.750000    1.258610   -0.508610 (VIOLATED)
ANTENNA__7427__B2/DIODE                 0.750000    1.257146   -0.507146 (VIOLATED)
ANTENNA__7426__A/DIODE                  0.750000    1.257143   -0.507144 (VIOLATED)
_7427_/B2                               0.750000    1.257143   -0.507144 (VIOLATED)
_7426_/A                                0.750000    1.257141   -0.507141 (VIOLATED)
_7211_/A1                               0.750000    1.257135   -0.507135 (VIOLATED)
_7210_/B                                0.750000    1.257131   -0.507131 (VIOLATED)
ANTENNA__7210__B/DIODE                  0.750000    1.257121   -0.507121 (VIOLATED)
ANTENNA__7211__A1/DIODE                 0.750000    1.257101   -0.507101 (VIOLATED)
ANTENNA__7123__B/DIODE                  0.750000    1.257079   -0.507079 (VIOLATED)
_7123_/B                                0.750000    1.257080   -0.507080 (VIOLATED)
ANTENNA__6804__D/DIODE                  0.750000    1.257016   -0.507016 (VIOLATED)
_6804_/D                                0.750000    1.256982   -0.506982 (VIOLATED)
_6414_/C                                0.750000    1.256961   -0.506961 (VIOLATED)
ANTENNA__6414__C/DIODE                  0.750000    1.256960   -0.506960 (VIOLATED)
ANTENNA__6019__B/DIODE                  0.750000    1.256935   -0.506935 (VIOLATED)
ANTENNA__6218__B1/DIODE                 0.750000    1.256934   -0.506934 (VIOLATED)
ANTENNA_fanout326_X/DIODE               0.750000    1.256930   -0.506930 (VIOLATED)
ANTENNA__6217__D/DIODE                  0.750000    1.256558   -0.506558 (VIOLATED)
_6218_/B1                               0.750000    1.256544   -0.506544 (VIOLATED)
_6217_/D                                0.750000    1.256530   -0.506530 (VIOLATED)
_6019_/B                                0.750000    1.256525   -0.506525 (VIOLATED)
fanout326/X                             0.750000    1.256525   -0.506525 (VIOLATED)
ANTENNA__7666__A1/DIODE                 0.750000    1.256339   -0.506339 (VIOLATED)
_7666_/A1                               0.750000    1.256339   -0.506339 (VIOLATED)
_7665_/A                                0.750000    1.256338   -0.506338 (VIOLATED)
ANTENNA__7665__A/DIODE                  0.750000    1.256336   -0.506336 (VIOLATED)
_7613_/A                                0.750000    1.256336   -0.506336 (VIOLATED)
_7969_/A                                0.750000    1.256333   -0.506334 (VIOLATED)
ANTENNA__7613__A/DIODE                  0.750000    1.256332   -0.506332 (VIOLATED)
_7609_/A1                               0.750000    1.256332   -0.506332 (VIOLATED)
ANTENNA__7969__A/DIODE                  0.750000    1.256330   -0.506331 (VIOLATED)
ANTENNA__7609__A1/DIODE                 0.750000    1.256328   -0.506328 (VIOLATED)
_7389_/A                                0.750000    1.256315   -0.506315 (VIOLATED)
ANTENNA__7389__A/DIODE                  0.750000    1.256314   -0.506314 (VIOLATED)
_7080_/A                                0.750000    1.256306   -0.506306 (VIOLATED)
ANTENNA__7080__A/DIODE                  0.750000    1.256303   -0.506303 (VIOLATED)
_7081_/A                                0.750000    1.256301   -0.506301 (VIOLATED)
ANTENNA__7081__A/DIODE                  0.750000    1.256298   -0.506298 (VIOLATED)
_4178_/A                                0.750000    1.256274   -0.506274 (VIOLATED)
ANTENNA__4178__A/DIODE                  0.750000    1.256273   -0.506273 (VIOLATED)
ANTENNA__5789__A/DIODE                  0.750000    1.256273   -0.506273 (VIOLATED)
ANTENNA_fanout160_X/DIODE               0.750000    1.256273   -0.506273 (VIOLATED)
_5789_/A                                0.750000    1.256273   -0.506273 (VIOLATED)
fanout160/X                             0.750000    1.256273   -0.506273 (VIOLATED)
_7231_/B1                               0.750000    1.255886   -0.505886 (VIOLATED)
ANTENNA__7231__B1/DIODE                 0.750000    1.255876   -0.505876 (VIOLATED)
_7230_/D                                0.750000    1.255867   -0.505867 (VIOLATED)
ANTENNA__7230__D/DIODE                  0.750000    1.255397   -0.505397 (VIOLATED)
ANTENNA__7447__A2/DIODE                 0.750000    1.255378   -0.505378 (VIOLATED)
_7447_/A2                               0.750000    1.255371   -0.505371 (VIOLATED)
ANTENNA__7446__C/DIODE                  0.750000    1.255359   -0.505359 (VIOLATED)
_7446_/C                                0.750000    1.255357   -0.505357 (VIOLATED)
ANTENNA__7862__C/DIODE                  0.750000    1.255246   -0.505246 (VIOLATED)
ANTENNA__7860__A2/DIODE                 0.750000    1.255229   -0.505229 (VIOLATED)
_7862_/C                                0.750000    1.255203   -0.505203 (VIOLATED)
_7860_/A2                               0.750000    1.255202   -0.505202 (VIOLATED)
ANTENNA_fanout302_X/DIODE               0.750000    1.255166   -0.505166 (VIOLATED)
ANTENNA__8135__A1/DIODE                 0.750000    1.255151   -0.505151 (VIOLATED)
ANTENNA__8136__B/DIODE                  0.750000    1.255150   -0.505150 (VIOLATED)
_8135_/A1                               0.750000    1.255148   -0.505148 (VIOLATED)
_8136_/B                                0.750000    1.255146   -0.505146 (VIOLATED)
ANTENNA__8032__B/DIODE                  0.750000    1.255145   -0.505145 (VIOLATED)
ANTENNA__8099__A2/DIODE                 0.750000    1.255145   -0.505145 (VIOLATED)
_8032_/B                                0.750000    1.255145   -0.505145 (VIOLATED)
_8099_/A2                               0.750000    1.255145   -0.505145 (VIOLATED)
fanout302/X                             0.750000    1.255145   -0.505145 (VIOLATED)
_5350_/B                                0.750000    1.249165   -0.499165 (VIOLATED)
ANTENNA__5463__A2/DIODE                 0.750000    1.249164   -0.499164 (VIOLATED)
_5463_/A2                               0.750000    1.249164   -0.499164 (VIOLATED)
ANTENNA__5350__B/DIODE                  0.750000    1.249156   -0.499156 (VIOLATED)
_5618_/B                                0.750000    1.249139   -0.499139 (VIOLATED)
ANTENNA__5618__B/DIODE                  0.750000    1.249137   -0.499137 (VIOLATED)
ANTENNA__5632__A2/DIODE                 0.750000    1.249131   -0.499132 (VIOLATED)
_5632_/A2                               0.750000    1.249130   -0.499130 (VIOLATED)
ANTENNA__5659__B/DIODE                  0.750000    1.249129   -0.499129 (VIOLATED)
ANTENNA_fanout274_X/DIODE               0.750000    1.249129   -0.499129 (VIOLATED)
ANTENNA__5631__C1/DIODE                 0.750000    1.249123   -0.499124 (VIOLATED)
ANTENNA__5647__B/DIODE                  0.750000    1.249123   -0.499124 (VIOLATED)
ANTENNA__5661__A2/DIODE                 0.750000    1.249123   -0.499124 (VIOLATED)
ANTENNA__5667__D/DIODE                  0.750000    1.249123   -0.499124 (VIOLATED)
ANTENNA__5669__B/DIODE                  0.750000    1.249123   -0.499124 (VIOLATED)
_5631_/C1                               0.750000    1.249123   -0.499124 (VIOLATED)
_5647_/B                                0.750000    1.249123   -0.499124 (VIOLATED)
_5659_/B                                0.750000    1.249123   -0.499124 (VIOLATED)
_5661_/A2                               0.750000    1.249123   -0.499124 (VIOLATED)
_5667_/D                                0.750000    1.249123   -0.499124 (VIOLATED)
_5669_/B                                0.750000    1.249123   -0.499124 (VIOLATED)
fanout274/X                             0.750000    1.249123   -0.499124 (VIOLATED)
_8014_/B2                               0.750000    1.247277   -0.497277 (VIOLATED)
_8126_/A                                0.750000    1.247276   -0.497276 (VIOLATED)
_8016_/B                                0.750000    1.247276   -0.497276 (VIOLATED)
fanout234/A                             0.750000    1.247257   -0.497257 (VIOLATED)
ANTENNA__8016__B/DIODE                  0.750000    1.247256   -0.497256 (VIOLATED)
ANTENNA_fanout234_A/DIODE               0.750000    1.247256   -0.497256 (VIOLATED)
_6415_/B2                               0.750000    1.247246   -0.497246 (VIOLATED)
ANTENNA__6415__B2/DIODE                 0.750000    1.247242   -0.497242 (VIOLATED)
ANTENNA__8126__A/DIODE                  0.750000    1.247241   -0.497241 (VIOLATED)
_6414_/B                                0.750000    1.247240   -0.497240 (VIOLATED)
ANTENNA__6414__B/DIODE                  0.750000    1.247234   -0.497234 (VIOLATED)
ANTENNA__8014__B2/DIODE                 0.750000    1.247228   -0.497228 (VIOLATED)
_6503_/B2                               0.750000    1.247228   -0.497228 (VIOLATED)
ANTENNA__6503__B2/DIODE                 0.750000    1.247227   -0.497227 (VIOLATED)
ANTENNA__6502__B/DIODE                  0.750000    1.247226   -0.497226 (VIOLATED)
_6502_/B                                0.750000    1.247226   -0.497227 (VIOLATED)
ANTENNA__6217__B/DIODE                  0.750000    1.247211   -0.497211 (VIOLATED)
ANTENNA__6218__B2/DIODE                 0.750000    1.247211   -0.497211 (VIOLATED)
ANTENNA_fanout235_X/DIODE               0.750000    1.247211   -0.497211 (VIOLATED)
_6217_/B                                0.750000    1.247211   -0.497211 (VIOLATED)
_6218_/B2                               0.750000    1.247211   -0.497211 (VIOLATED)
fanout235/X                             0.750000    1.247211   -0.497211 (VIOLATED)
_6830_/D                                0.750000    1.247109   -0.497109 (VIOLATED)
ANTENNA__6830__D/DIODE                  0.750000    1.247108   -0.497108 (VIOLATED)
_6829_/B1                               0.750000    1.247106   -0.497106 (VIOLATED)
ANTENNA__6829__B1/DIODE                 0.750000    1.247104   -0.497104 (VIOLATED)
_6917_/A2                               0.750000    1.247086   -0.497086 (VIOLATED)
ANTENNA__6917__A2/DIODE                 0.750000    1.247070   -0.497071 (VIOLATED)
ANTENNA__7466__A2/DIODE                 0.750000    1.247015   -0.497015 (VIOLATED)
_7466_/A2                               0.750000    1.247000   -0.497000 (VIOLATED)
ANTENNA__7465__C/DIODE                  0.750000    1.246984   -0.496984 (VIOLATED)
_7465_/C                                0.750000    1.246975   -0.496975 (VIOLATED)
_7735_/B1                               0.750000    1.246973   -0.496973 (VIOLATED)
_7734_/D                                0.750000    1.246972   -0.496972 (VIOLATED)
ANTENNA__7734__D/DIODE                  0.750000    1.246970   -0.496970 (VIOLATED)
ANTENNA__7735__B1/DIODE                 0.750000    1.246970   -0.496970 (VIOLATED)
ANTENNA_fanout293_X/DIODE               0.750000    1.246969   -0.496969 (VIOLATED)
ANTENNA__7538__B/DIODE                  0.750000    1.246966   -0.496966 (VIOLATED)
ANTENNA__7873__A2/DIODE                 0.750000    1.246964   -0.496964 (VIOLATED)
ANTENNA__7875__C/DIODE                  0.750000    1.246964   -0.496964 (VIOLATED)
_7538_/B                                0.750000    1.246964   -0.496964 (VIOLATED)
_7873_/A2                               0.750000    1.246964   -0.496964 (VIOLATED)
_7875_/C                                0.750000    1.246964   -0.496964 (VIOLATED)
fanout293/X                             0.750000    1.246964   -0.496964 (VIOLATED)
ANTENNA__4707__A/DIODE                  0.750000    1.246191   -0.496191 (VIOLATED)
ANTENNA__4716__A1/DIODE                 0.750000    1.246184   -0.496184 (VIOLATED)
_4707_/A                                0.750000    1.246178   -0.496178 (VIOLATED)
_4716_/A1                               0.750000    1.246144   -0.496144 (VIOLATED)
_4711_/A                                0.750000    1.246127   -0.496127 (VIOLATED)
_4700_/A                                0.750000    1.246095   -0.496095 (VIOLATED)
ANTENNA__4700__A/DIODE                  0.750000    1.246093   -0.496093 (VIOLATED)
_4702_/A1                               0.750000    1.246089   -0.496089 (VIOLATED)
ANTENNA__4702__A1/DIODE                 0.750000    1.246032   -0.496032 (VIOLATED)
ANTENNA__4711__A/DIODE                  0.750000    1.245880   -0.495880 (VIOLATED)
_4692_/A                                0.750000    1.245774   -0.495774 (VIOLATED)
ANTENNA__4692__A/DIODE                  0.750000    1.245713   -0.495713 (VIOLATED)
_4657_/A                                0.750000    1.245571   -0.495571 (VIOLATED)
ANTENNA__4657__A/DIODE                  0.750000    1.245528   -0.495528 (VIOLATED)
ANTENNA__4632__A/DIODE                  0.750000    1.245440   -0.495440 (VIOLATED)
_4632_/A                                0.750000    1.245414   -0.495414 (VIOLATED)
ANTENNA__4608__A/DIODE                  0.750000    1.245403   -0.495403 (VIOLATED)
_4608_/A                                0.750000    1.245401   -0.495401 (VIOLATED)
ANTENNA_fanout165_X/DIODE               0.750000    1.245299   -0.495298 (VIOLATED)
ANTENNA__8422__D/DIODE                  0.750000    1.245278   -0.495278 (VIOLATED)
_8422_/D                                0.750000    1.245255   -0.495255 (VIOLATED)
fanout165/X                             0.750000    1.245242   -0.495242 (VIOLATED)
ANTENNA_fanout260_A/DIODE               0.750000    1.244818   -0.494819 (VIOLATED)
fanout260/A                             0.750000    1.244818   -0.494818 (VIOLATED)
fanout261/A                             0.750000    1.244785   -0.494785 (VIOLATED)
ANTENNA_fanout261_A/DIODE               0.750000    1.244784   -0.494784 (VIOLATED)
ANTENNA__6829__A1/DIODE                 0.750000    1.244723   -0.494723 (VIOLATED)
_6829_/A1                               0.750000    1.244711   -0.494711 (VIOLATED)
_6830_/A                                0.750000    1.244690   -0.494690 (VIOLATED)
ANTENNA__6830__A/DIODE                  0.750000    1.244677   -0.494677 (VIOLATED)
ANTENNA_fanout259_A/DIODE               0.750000    1.244613   -0.494613 (VIOLATED)
ANTENNA_fanout262_X/DIODE               0.750000    1.244610   -0.494610 (VIOLATED)
fanout259/A                             0.750000    1.244593   -0.494593 (VIOLATED)
fanout262/X                             0.750000    1.244574   -0.494574 (VIOLATED)
_6238_/C                                0.750000    1.240982   -0.490982 (VIOLATED)
ANTENNA__6238__C/DIODE                  0.750000    1.240981   -0.490981 (VIOLATED)
_7128_/B1                               0.750000    1.240922   -0.490922 (VIOLATED)
ANTENNA__7128__B1/DIODE                 0.750000    1.240906   -0.490906 (VIOLATED)
_7129_/D                                0.750000    1.240879   -0.490879 (VIOLATED)
ANTENNA__7129__D/DIODE                  0.750000    1.240879   -0.490879 (VIOLATED)
_7218_/A2                               0.750000    1.240876   -0.490876 (VIOLATED)
_7219_/C                                0.750000    1.240857   -0.490857 (VIOLATED)
ANTENNA__7218__A2/DIODE                 0.750000    1.240848   -0.490848 (VIOLATED)
ANTENNA__7219__C/DIODE                  0.750000    1.240842   -0.490841 (VIOLATED)
ANTENNA__7429__B/DIODE                  0.750000    1.240842   -0.490841 (VIOLATED)
ANTENNA__7515__B/DIODE                  0.750000    1.240842   -0.490841 (VIOLATED)
ANTENNA__7516__A1/DIODE                 0.750000    1.240842   -0.490841 (VIOLATED)
ANTENNA__7714__A/DIODE                  0.750000    1.240842   -0.490841 (VIOLATED)
ANTENNA__7715__B2/DIODE                 0.750000    1.240842   -0.490841 (VIOLATED)
ANTENNA_fanout317_X/DIODE               0.750000    1.240842   -0.490841 (VIOLATED)
_7429_/B                                0.750000    1.240842   -0.490841 (VIOLATED)
_7515_/B                                0.750000    1.240842   -0.490841 (VIOLATED)
_7516_/A1                               0.750000    1.240842   -0.490841 (VIOLATED)
_7714_/A                                0.750000    1.240842   -0.490841 (VIOLATED)
_7715_/B2                               0.750000    1.240842   -0.490841 (VIOLATED)
fanout317/X                             0.750000    1.240842   -0.490841 (VIOLATED)
_7154_/B1                               0.750000    1.239990   -0.489990 (VIOLATED)
_6920_/B                                0.750000    1.239988   -0.489988 (VIOLATED)
ANTENNA__7154__B1/DIODE                 0.750000    1.239987   -0.489987 (VIOLATED)
ANTENNA__6920__B/DIODE                  0.750000    1.239986   -0.489986 (VIOLATED)
_7468_/B                                0.750000    1.239982   -0.489983 (VIOLATED)
ANTENNA__7753__A2/DIODE                 0.750000    1.239982   -0.489982 (VIOLATED)
_7753_/A2                               0.750000    1.239982   -0.489982 (VIOLATED)
ANTENNA__7468__B/DIODE                  0.750000    1.239980   -0.489980 (VIOLATED)
ANTENNA__7555__B1/DIODE                 0.750000    1.239978   -0.489978 (VIOLATED)
ANTENNA__7754__C/DIODE                  0.750000    1.239977   -0.489978 (VIOLATED)
ANTENNA__7876__A2_N/DIODE               0.750000    1.239976   -0.489976 (VIOLATED)
_7754_/C                                0.750000    1.239976   -0.489976 (VIOLATED)
ANTENNA__7554__D/DIODE                  0.750000    1.239975   -0.489975 (VIOLATED)
_7555_/B1                               0.750000    1.239974   -0.489974 (VIOLATED)
_7554_/D                                0.750000    1.239973   -0.489973 (VIOLATED)
ANTENNA__7877__B/DIODE                  0.750000    1.239969   -0.489969 (VIOLATED)
_7876_/A2_N                             0.750000    1.239967   -0.489967 (VIOLATED)
ANTENNA_fanout288_X/DIODE               0.750000    1.239966   -0.489966 (VIOLATED)
ANTENNA__8012__A2/DIODE                 0.750000    1.239965   -0.489965 (VIOLATED)
_7877_/B                                0.750000    1.239965   -0.489965 (VIOLATED)
_8012_/A2                               0.750000    1.239965   -0.489965 (VIOLATED)
fanout288/X                             0.750000    1.239965   -0.489965 (VIOLATED)
_7100_/A1                               0.750000    1.237696   -0.487696 (VIOLATED)
ANTENNA__7100__A1/DIODE                 0.750000    1.237695   -0.487695 (VIOLATED)
_6146_/B2                               0.750000    1.237690   -0.487690 (VIOLATED)
ANTENNA__6146__B2/DIODE                 0.750000    1.237689   -0.487689 (VIOLATED)
_5983_/A                                0.750000    1.237681   -0.487681 (VIOLATED)
_5765_/A                                0.750000    1.237651   -0.487651 (VIOLATED)
ANTENNA__5765__A/DIODE                  0.750000    1.237631   -0.487631 (VIOLATED)
ANTENNA__5983__A/DIODE                  0.750000    1.237575   -0.487575 (VIOLATED)
_5984_/A1                               0.750000    1.237528   -0.487528 (VIOLATED)
ANTENNA__5984__A1/DIODE                 0.750000    1.237487   -0.487487 (VIOLATED)
_4965_/A                                0.750000    1.237450   -0.487450 (VIOLATED)
ANTENNA__4965__A/DIODE                  0.750000    1.237448   -0.487448 (VIOLATED)
ANTENNA__5256__A/DIODE                  0.750000    1.237410   -0.487410 (VIOLATED)
_5256_/A                                0.750000    1.237410   -0.487410 (VIOLATED)
_5257_/A1                               0.750000    1.237409   -0.487409 (VIOLATED)
ANTENNA__5257__A1/DIODE                 0.750000    1.237406   -0.487406 (VIOLATED)
ANTENNA__4194__A/DIODE                  0.750000    1.237015   -0.487015 (VIOLATED)
ANTENNA__5274__A/DIODE                  0.750000    1.237015   -0.487015 (VIOLATED)
ANTENNA_fanout156_X/DIODE               0.750000    1.237015   -0.487015 (VIOLATED)
_4194_/A                                0.750000    1.237015   -0.487015 (VIOLATED)
_5274_/A                                0.750000    1.237015   -0.487015 (VIOLATED)
fanout156/X                             0.750000    1.237015   -0.487015 (VIOLATED)
_7185_/A1                               0.750000    1.234019   -0.484019 (VIOLATED)
_7186_/A                                0.750000    1.234006   -0.484006 (VIOLATED)
ANTENNA__7185__A1/DIODE                 0.750000    1.234005   -0.484005 (VIOLATED)
ANTENNA__7186__A/DIODE                  0.750000    1.234003   -0.484003 (VIOLATED)
_7275_/A                                0.750000    1.233976   -0.483976 (VIOLATED)
ANTENNA__7275__A/DIODE                  0.750000    1.233949   -0.483949 (VIOLATED)
ANTENNA__7492__A/DIODE                  0.750000    1.233897   -0.483897 (VIOLATED)
_7492_/A                                0.750000    1.233894   -0.483894 (VIOLATED)
_7491_/A1                               0.750000    1.233879   -0.483879 (VIOLATED)
ANTENNA__7491__A1/DIODE                 0.750000    1.233875   -0.483875 (VIOLATED)
_7581_/A1                               0.750000    1.233814   -0.483814 (VIOLATED)
ANTENNA__7581__A1/DIODE                 0.750000    1.233773   -0.483773 (VIOLATED)
_7919_/A                                0.750000    1.233761   -0.483761 (VIOLATED)
ANTENNA__7919__A/DIODE                  0.750000    1.233753   -0.483754 (VIOLATED)
_7779_/A                                0.750000    1.233730   -0.483730 (VIOLATED)
ANTENNA__7779__A/DIODE                  0.750000    1.233679   -0.483679 (VIOLATED)
ANTENNA_fanout277_X/DIODE               0.750000    1.233174   -0.483174 (VIOLATED)
ANTENNA__7990__A/DIODE                  0.750000    1.233142   -0.483142 (VIOLATED)
ANTENNA__8097__A1/DIODE                 0.750000    1.233142   -0.483142 (VIOLATED)
_7990_/A                                0.750000    1.233142   -0.483142 (VIOLATED)
_8097_/A1                               0.750000    1.233142   -0.483142 (VIOLATED)
fanout277/X                             0.750000    1.233142   -0.483142 (VIOLATED)
_6239_/B1                               0.750000    1.228796   -0.478796 (VIOLATED)
ANTENNA__6239__B1/DIODE                 0.750000    1.228794   -0.478794 (VIOLATED)
_6238_/D                                0.750000    1.228794   -0.478794 (VIOLATED)
ANTENNA__6238__D/DIODE                  0.750000    1.228478   -0.478478 (VIOLATED)
fanout314/A                             0.750000    1.228477   -0.478477 (VIOLATED)
ANTENNA_fanout314_A/DIODE               0.750000    1.228476   -0.478476 (VIOLATED)
ANTENNA_fanout313_A/DIODE               0.750000    1.228473   -0.478473 (VIOLATED)
fanout313/A                             0.750000    1.228473   -0.478473 (VIOLATED)
ANTENNA_fanout312_A/DIODE               0.750000    1.228466   -0.478466 (VIOLATED)
ANTENNA_fanout315_X/DIODE               0.750000    1.228467   -0.478467 (VIOLATED)
fanout312/A                             0.750000    1.228465   -0.478465 (VIOLATED)
fanout315/X                             0.750000    1.228465   -0.478465 (VIOLATED)
_5020_/A                                0.750000    1.219186   -0.469186 (VIOLATED)
_4897_/A                                0.750000    1.219178   -0.469178 (VIOLATED)
ANTENNA__4897__A/DIODE                  0.750000    1.219171   -0.469171 (VIOLATED)
ANTENNA__5020__A/DIODE                  0.750000    1.219172   -0.469171 (VIOLATED)
_4898_/A1                               0.750000    1.219171   -0.469171 (VIOLATED)
ANTENNA__4898__A1/DIODE                 0.750000    1.219164   -0.469164 (VIOLATED)
_4813_/A                                0.750000    1.219136   -0.469136 (VIOLATED)
ANTENNA__4813__A/DIODE                  0.750000    1.219110   -0.469110 (VIOLATED)
_4815_/A1                               0.750000    1.219073   -0.469073 (VIOLATED)
ANTENNA__4815__A1/DIODE                 0.750000    1.219035   -0.469035 (VIOLATED)
_4814_/A                                0.750000    1.219015   -0.469015 (VIOLATED)
ANTENNA__4814__A/DIODE                  0.750000    1.219009   -0.469009 (VIOLATED)
_4747_/A                                0.750000    1.218978   -0.468978 (VIOLATED)
ANTENNA__4747__A/DIODE                  0.750000    1.218976   -0.468977 (VIOLATED)
ANTENNA__4329__B2/DIODE                 0.750000    1.218832   -0.468832 (VIOLATED)
_4329_/B2                               0.750000    1.218756   -0.468756 (VIOLATED)
ANTENNA__4276__A/DIODE                  0.750000    1.218682   -0.468682 (VIOLATED)
_4276_/A                                0.750000    1.218648   -0.468648 (VIOLATED)
ANTENNA__4430__A/DIODE                  0.750000    1.218562   -0.468563 (VIOLATED)
_4430_/A                                0.750000    1.218526   -0.468526 (VIOLATED)
ANTENNA_fanout134_X/DIODE               0.750000    1.218506   -0.468506 (VIOLATED)
fanout134/X                             0.750000    1.218502   -0.468502 (VIOLATED)
_6490_/A2                               0.750000    1.211640   -0.461640 (VIOLATED)
ANTENNA__6490__A2/DIODE                 0.750000    1.211631   -0.461631 (VIOLATED)
_6798_/B                                0.750000    1.211630   -0.461630 (VIOLATED)
ANTENNA__6491__C/DIODE                  0.750000    1.211626   -0.461626 (VIOLATED)
_6491_/C                                0.750000    1.211626   -0.461626 (VIOLATED)
ANTENNA__6798__B/DIODE                  0.750000    1.211625   -0.461625 (VIOLATED)
ANTENNA__6404__D/DIODE                  0.750000    1.211616   -0.461616 (VIOLATED)
_6404_/D                                0.750000    1.211607   -0.461607 (VIOLATED)
ANTENNA__6403__B1/DIODE                 0.750000    1.211583   -0.461583 (VIOLATED)
_6403_/B1                               0.750000    1.211555   -0.461555 (VIOLATED)
_6208_/B                                0.750000    1.211504   -0.461504 (VIOLATED)
ANTENNA__6208__B/DIODE                  0.750000    1.211497   -0.461497 (VIOLATED)
ANTENNA__6017__A2/DIODE                 0.750000    1.210939   -0.460939 (VIOLATED)
ANTENNA__6016__C/DIODE                  0.750000    1.210884   -0.460884 (VIOLATED)
ANTENNA__5823__D/DIODE                  0.750000    1.210863   -0.460863 (VIOLATED)
ANTENNA__5824__B2/DIODE                 0.750000    1.210863   -0.460863 (VIOLATED)
ANTENNA_fanout334_X/DIODE               0.750000    1.210862   -0.460862 (VIOLATED)
_5823_/D                                0.750000    1.210862   -0.460862 (VIOLATED)
_5824_/B2                               0.750000    1.210862   -0.460862 (VIOLATED)
_6016_/C                                0.750000    1.210862   -0.460862 (VIOLATED)
_6017_/A2                               0.750000    1.210862   -0.460862 (VIOLATED)
fanout334/X                             0.750000    1.210862   -0.460862 (VIOLATED)
_7734_/A                                0.750000    1.195770   -0.445770 (VIOLATED)
ANTENNA__7734__A/DIODE                  0.750000    1.195768   -0.445768 (VIOLATED)
_7735_/A1                               0.750000    1.195766   -0.445766 (VIOLATED)
ANTENNA__7735__A1/DIODE                 0.750000    1.195757   -0.445757 (VIOLATED)
ANTENNA__7535__A/DIODE                  0.750000    1.195750   -0.445750 (VIOLATED)
_7535_/A                                0.750000    1.195741   -0.445741 (VIOLATED)
_7536_/A1                               0.750000    1.195741   -0.445741 (VIOLATED)
ANTENNA__7536__A1/DIODE                 0.750000    1.195721   -0.445721 (VIOLATED)
ANTENNA__7446__A/DIODE                  0.750000    1.195713   -0.445713 (VIOLATED)
_7447_/A1                               0.750000    1.195713   -0.445713 (VIOLATED)
ANTENNA__7447__A1/DIODE                 0.750000    1.195712   -0.445712 (VIOLATED)
_7446_/A                                0.750000    1.195696   -0.445696 (VIOLATED)
ANTENNA__8016__A/DIODE                  0.750000    1.195625   -0.445625 (VIOLATED)
ANTENNA__8015__A/DIODE                  0.750000    1.195601   -0.445601 (VIOLATED)
ANTENNA__8014__A1/DIODE                 0.750000    1.195600   -0.445600 (VIOLATED)
_8014_/A1                               0.750000    1.195599   -0.445599 (VIOLATED)
_8016_/A                                0.750000    1.195598   -0.445598 (VIOLATED)
_8015_/A                                0.750000    1.195596   -0.445596 (VIOLATED)
ANTENNA__6217__A/DIODE                  0.750000    1.195554   -0.445554 (VIOLATED)
ANTENNA_fanout227_X/DIODE               0.750000    1.195554   -0.445554 (VIOLATED)
_6217_/A                                0.750000    1.195554   -0.445554 (VIOLATED)
fanout227/X                             0.750000    1.195554   -0.445554 (VIOLATED)
_6829_/A2                               0.750000    1.192478   -0.442478 (VIOLATED)
ANTENNA__6829__A2/DIODE                 0.750000    1.192473   -0.442473 (VIOLATED)
_7734_/C                                0.750000    1.192471   -0.442471 (VIOLATED)
ANTENNA__7734__C/DIODE                  0.750000    1.192469   -0.442469 (VIOLATED)
_7535_/D                                0.750000    1.192467   -0.442467 (VIOLATED)
_6830_/C                                0.750000    1.192467   -0.442467 (VIOLATED)
_7735_/A2                               0.750000    1.192466   -0.442467 (VIOLATED)
_7449_/B                                0.750000    1.192464   -0.442464 (VIOLATED)
ANTENNA__7449__B/DIODE                  0.750000    1.192462   -0.442462 (VIOLATED)
ANTENNA__6830__C/DIODE                  0.750000    1.192461   -0.442461 (VIOLATED)
ANTENNA__7735__A2/DIODE                 0.750000    1.192458   -0.442458 (VIOLATED)
_7536_/B1                               0.750000    1.192458   -0.442458 (VIOLATED)
ANTENNA__7535__D/DIODE                  0.750000    1.192456   -0.442456 (VIOLATED)
ANTENNA__7536__B1/DIODE                 0.750000    1.192452   -0.442452 (VIOLATED)
ANTENNA__8013__A2/DIODE                 0.750000    1.192428   -0.442428 (VIOLATED)
ANTENNA_fanout296_X/DIODE               0.750000    1.192391   -0.442391 (VIOLATED)
ANTENNA__7864__B/DIODE                  0.750000    1.192377   -0.442377 (VIOLATED)
ANTENNA__7863__A2_N/DIODE               0.750000    1.192375   -0.442375 (VIOLATED)
_7863_/A2_N                             0.750000    1.192375   -0.442375 (VIOLATED)
_7864_/B                                0.750000    1.192375   -0.442375 (VIOLATED)
_8013_/A2                               0.750000    1.192375   -0.442375 (VIOLATED)
fanout296/X                             0.750000    1.192375   -0.442375 (VIOLATED)
_4185_/A1                               0.750000    1.188565   -0.438565 (VIOLATED)
_4190_/A1                               0.750000    1.188564   -0.438564 (VIOLATED)
_4189_/B                                0.750000    1.188562   -0.438562 (VIOLATED)
_4184_/B                                0.750000    1.188546   -0.438546 (VIOLATED)
_4193_/A1                               0.750000    1.188530   -0.438530 (VIOLATED)
_4195_/B                                0.750000    1.188529   -0.438529 (VIOLATED)
_4198_/B                                0.750000    1.188526   -0.438526 (VIOLATED)
_4192_/B                                0.750000    1.188522   -0.438522 (VIOLATED)
_4199_/A1                               0.750000    1.188498   -0.438499 (VIOLATED)
_4196_/A1                               0.750000    1.188485   -0.438485 (VIOLATED)
fanout193/X                             0.750000    1.188485   -0.438485 (VIOLATED)
ANTENNA__7449__A/DIODE                  0.750000    1.179033   -0.429033 (VIOLATED)
ANTENNA__7877__C/DIODE                  0.750000    1.179033   -0.429033 (VIOLATED)
_7449_/A                                0.750000    1.179032   -0.429032 (VIOLATED)
ANTENNA__7538__A/DIODE                  0.750000    1.179028   -0.429028 (VIOLATED)
ANTENNA__7737__A/DIODE                  0.750000    1.179028   -0.429028 (VIOLATED)
ANTENNA__7876__A1_N/DIODE               0.750000    1.179027   -0.429027 (VIOLATED)
_7538_/A                                0.750000    1.179025   -0.429025 (VIOLATED)
_7737_/A                                0.750000    1.179022   -0.429022 (VIOLATED)
_7876_/A1_N                             0.750000    1.179021   -0.429021 (VIOLATED)
_7877_/C                                0.750000    1.179018   -0.429018 (VIOLATED)
_8012_/A1                               0.750000    1.179013   -0.429013 (VIOLATED)
_6818_/A                                0.750000    1.179010   -0.429010 (VIOLATED)
ANTENNA__6818__A/DIODE                  0.750000    1.179008   -0.429008 (VIOLATED)
ANTENNA__8012__A1/DIODE                 0.750000    1.179005   -0.429005 (VIOLATED)
ANTENNA__8125__A/DIODE                  0.750000    1.179000   -0.429000 (VIOLATED)
ANTENNA__8018__A/DIODE                  0.750000    1.178998   -0.428998 (VIOLATED)
ANTENNA__8116__A1/DIODE                 0.750000    1.178997   -0.428997 (VIOLATED)
ANTENNA_fanout236_X/DIODE               0.750000    1.178997   -0.428997 (VIOLATED)
_8018_/A                                0.750000    1.178997   -0.428997 (VIOLATED)
_8116_/A1                               0.750000    1.178997   -0.428997 (VIOLATED)
_8125_/A                                0.750000    1.178997   -0.428997 (VIOLATED)
fanout236/X                             0.750000    1.178997   -0.428997 (VIOLATED)
_4702_/A2                               0.750000    1.170788   -0.420788 (VIOLATED)
_4700_/B                                0.750000    1.170785   -0.420785 (VIOLATED)
ANTENNA__4702__A2/DIODE                 0.750000    1.170783   -0.420783 (VIOLATED)
ANTENNA__4700__B/DIODE                  0.750000    1.170770   -0.420770 (VIOLATED)
fanout109/A                             0.750000    1.170645   -0.420645 (VIOLATED)
ANTENNA_fanout109_A/DIODE               0.750000    1.170640   -0.420640 (VIOLATED)
_4339_/B                                0.750000    1.170607   -0.420607 (VIOLATED)
ANTENNA__4339__B/DIODE                  0.750000    1.170575   -0.420575 (VIOLATED)
_4497_/A2                               0.750000    1.170485   -0.420485 (VIOLATED)
_4496_/C                                0.750000    1.170481   -0.420481 (VIOLATED)
ANTENNA__4496__C/DIODE                  0.750000    1.170476   -0.420476 (VIOLATED)
ANTENNA__4497__A2/DIODE                 0.750000    1.170474   -0.420474 (VIOLATED)
_4775_/B1                               0.750000    1.170466   -0.420466 (VIOLATED)
ANTENNA__4775__B1/DIODE                 0.750000    1.170441   -0.420441 (VIOLATED)
ANTENNA__4926__A2/DIODE                 0.750000    1.170367   -0.420367 (VIOLATED)
_4926_/A2                               0.750000    1.170353   -0.420353 (VIOLATED)
ANTENNA_fanout110_X/DIODE               0.750000    1.170330   -0.420330 (VIOLATED)
ANTENNA__5701__B2/DIODE                 0.750000    1.170316   -0.420316 (VIOLATED)
_5701_/B2                               0.750000    1.170317   -0.420317 (VIOLATED)
fanout110/X                             0.750000    1.170313   -0.420313 (VIOLATED)
_5814_/A                                0.750000    1.168691   -0.418691 (VIOLATED)
ANTENNA__6002__A/DIODE                  0.750000    1.168683   -0.418683 (VIOLATED)
ANTENNA__5814__A/DIODE                  0.750000    1.168674   -0.418674 (VIOLATED)
ANTENNA__6000__A1/DIODE                 0.750000    1.168671   -0.418672 (VIOLATED)
_6000_/A1                               0.750000    1.168671   -0.418672 (VIOLATED)
_6002_/A                                0.750000    1.168670   -0.418670 (VIOLATED)
ANTENNA__6201__A1_N/DIODE               0.750000    1.168666   -0.418666 (VIOLATED)
ANTENNA__6200__C/DIODE                  0.750000    1.168663   -0.418663 (VIOLATED)
_6201_/A1_N                             0.750000    1.168659   -0.418659 (VIOLATED)
_6200_/C                                0.750000    1.168653   -0.418653 (VIOLATED)
ANTENNA__6397__C/DIODE                  0.750000    1.168644   -0.418644 (VIOLATED)
ANTENNA__6398__A1_N/DIODE               0.750000    1.168622   -0.418622 (VIOLATED)
_6398_/A1_N                             0.750000    1.168600   -0.418600 (VIOLATED)
_6397_/C                                0.750000    1.168598   -0.418598 (VIOLATED)
ANTENNA_fanout213_A/DIODE               0.750000    1.168530   -0.418530 (VIOLATED)
fanout213/A                             0.750000    1.168499   -0.418499 (VIOLATED)
fanout212/A                             0.750000    1.168455   -0.418455 (VIOLATED)
ANTENNA_fanout212_A/DIODE               0.750000    1.168453   -0.418453 (VIOLATED)
_8301_/A0                               0.750000    1.168426   -0.418426 (VIOLATED)
ANTENNA__8301__A0/DIODE                 0.750000    1.168407   -0.418407 (VIOLATED)
ANTENNA_fanout214_X/DIODE               0.750000    1.168407   -0.418407 (VIOLATED)
fanout214/X                             0.750000    1.168407   -0.418407 (VIOLATED)
ANTENNA_fanout267_A/DIODE               0.750000    1.160479   -0.410479 (VIOLATED)
fanout267/A                             0.750000    1.160479   -0.410479 (VIOLATED)
ANTENNA_fanout268_A/DIODE               0.750000    1.160443   -0.410443 (VIOLATED)
fanout268/A                             0.750000    1.160417   -0.410417 (VIOLATED)
_6829_/B2                               0.750000    1.160408   -0.410408 (VIOLATED)
ANTENNA__6830__B/DIODE                  0.750000    1.160402   -0.410402 (VIOLATED)
_6830_/B                                0.750000    1.160402   -0.410402 (VIOLATED)
ANTENNA__6829__B2/DIODE                 0.750000    1.160382   -0.410382 (VIOLATED)
ANTENNA_fanout266_A/DIODE               0.750000    1.160122   -0.410122 (VIOLATED)
ANTENNA_fanout269_X/DIODE               0.750000    1.160089   -0.410090 (VIOLATED)
fanout266/A                             0.750000    1.160077   -0.410077 (VIOLATED)
fanout269/X                             0.750000    1.160067   -0.410067 (VIOLATED)
_6516_/A1                               0.750000    1.159939   -0.409939 (VIOLATED)
_6517_/A                                0.750000    1.159926   -0.409926 (VIOLATED)
ANTENNA__6516__A1/DIODE                 0.750000    1.159924   -0.409924 (VIOLATED)
_6430_/A1                               0.750000    1.159924   -0.409924 (VIOLATED)
_6233_/A1                               0.750000    1.159923   -0.409923 (VIOLATED)
ANTENNA__6517__A/DIODE                  0.750000    1.159922   -0.409922 (VIOLATED)
_6431_/A                                0.750000    1.159921   -0.409921 (VIOLATED)
ANTENNA__6233__A1/DIODE                 0.750000    1.159919   -0.409919 (VIOLATED)
ANTENNA__6234__A/DIODE                  0.750000    1.159907   -0.409907 (VIOLATED)
ANTENNA__6431__A/DIODE                  0.750000    1.159906   -0.409906 (VIOLATED)
ANTENNA__6430__A1/DIODE                 0.750000    1.159899   -0.409899 (VIOLATED)
_6234_/A                                0.750000    1.159894   -0.409894 (VIOLATED)
ANTENNA__6030__A1/DIODE                 0.750000    1.159837   -0.409837 (VIOLATED)
_6030_/A1                               0.750000    1.159821   -0.409821 (VIOLATED)
_6031_/A                                0.750000    1.159794   -0.409794 (VIOLATED)
ANTENNA__6031__A/DIODE                  0.750000    1.159770   -0.409770 (VIOLATED)
ANTENNA_fanout259_X/DIODE               0.750000    1.159717   -0.409717 (VIOLATED)
ANTENNA_fanout258_A/DIODE               0.750000    1.159692   -0.409692 (VIOLATED)
fanout258/A                             0.750000    1.159692   -0.409692 (VIOLATED)
fanout259/X                             0.750000    1.159692   -0.409692 (VIOLATED)
_5594_/A                                0.750000    1.159326   -0.409326 (VIOLATED)
ANTENNA__5594__A/DIODE                  0.750000    1.159324   -0.409324 (VIOLATED)
_5678_/A1                               0.750000    1.159324   -0.409324 (VIOLATED)
ANTENNA__5678__A1/DIODE                 0.750000    1.159301   -0.409301 (VIOLATED)
ANTENNA__5340__A/DIODE                  0.750000    1.159272   -0.409272 (VIOLATED)
_5340_/A                                0.750000    1.159268   -0.409268 (VIOLATED)
ANTENNA__5321__B/DIODE                  0.750000    1.159240   -0.409240 (VIOLATED)
_5321_/B                                0.750000    1.159217   -0.409217 (VIOLATED)
_5322_/B2                               0.750000    1.159214   -0.409214 (VIOLATED)
_6035_/C                                0.750000    1.159209   -0.409209 (VIOLATED)
ANTENNA__5322__B2/DIODE                 0.750000    1.159207   -0.409207 (VIOLATED)
ANTENNA__6035__C/DIODE                  0.750000    1.159207   -0.409207 (VIOLATED)
_5843_/B2                               0.750000    1.159204   -0.409204 (VIOLATED)
ANTENNA__5842__D/DIODE                  0.750000    1.159203   -0.409203 (VIOLATED)
_5842_/D                                0.750000    1.159201   -0.409201 (VIOLATED)
ANTENNA__5843__B2/DIODE                 0.750000    1.159199   -0.409199 (VIOLATED)
ANTENNA_fanout320_X/DIODE               0.750000    1.159134   -0.409134 (VIOLATED)
ANTENNA__5367__A/DIODE                  0.750000    1.159105   -0.409105 (VIOLATED)
ANTENNA__5368__A1/DIODE                 0.750000    1.159097   -0.409097 (VIOLATED)
_5367_/A                                0.750000    1.159096   -0.409096 (VIOLATED)
_5368_/A1                               0.750000    1.159096   -0.409096 (VIOLATED)
fanout320/X                             0.750000    1.159096   -0.409096 (VIOLATED)
_4487_/B                                0.750000    1.157498   -0.407498 (VIOLATED)
ANTENNA__4487__B/DIODE                  0.750000    1.157490   -0.407490 (VIOLATED)
_4775_/A2                               0.750000    1.157486   -0.407486 (VIOLATED)
ANTENNA__4775__A2/DIODE                 0.750000    1.157484   -0.407484 (VIOLATED)
_4354_/B                                0.750000    1.157453   -0.407453 (VIOLATED)
ANTENNA__4354__B/DIODE                  0.750000    1.157417   -0.407417 (VIOLATED)
_4471_/A2                               0.750000    1.157380   -0.407380 (VIOLATED)
ANTENNA__4471__A2/DIODE                 0.750000    1.157352   -0.407352 (VIOLATED)
fanout111/A                             0.750000    1.157299   -0.407299 (VIOLATED)
ANTENNA_fanout111_A/DIODE               0.750000    1.157250   -0.407250 (VIOLATED)
ANTENNA__4716__A2/DIODE                 0.750000    1.157117   -0.407117 (VIOLATED)
_4716_/A2                               0.750000    1.157117   -0.407117 (VIOLATED)
ANTENNA_fanout113_A/DIODE               0.750000    1.157114   -0.407114 (VIOLATED)
fanout113/A                             0.750000    1.157115   -0.407115 (VIOLATED)
ANTENNA_fanout115_X/DIODE               0.750000    1.157114   -0.407114 (VIOLATED)
fanout115/X                             0.750000    1.157110   -0.407110 (VIOLATED)
_6611_/A                                0.750000    1.145744   -0.395744 (VIOLATED)
ANTENNA__6611__A/DIODE                  0.750000    1.145743   -0.395743 (VIOLATED)
_6334_/A                                0.750000    1.145739   -0.395739 (VIOLATED)
ANTENNA__6334__A/DIODE                  0.750000    1.145735   -0.395735 (VIOLATED)
_5982_/A                                0.750000    1.145734   -0.395734 (VIOLATED)
_6143_/A                                0.750000    1.145732   -0.395732 (VIOLATED)
ANTENNA__5982__A/DIODE                  0.750000    1.145730   -0.395730 (VIOLATED)
ANTENNA__6143__A/DIODE                  0.750000    1.145725   -0.395725 (VIOLATED)
_5764_/A                                0.750000    1.145709   -0.395709 (VIOLATED)
ANTENNA__5764__A/DIODE                  0.750000    1.145708   -0.395708 (VIOLATED)
ANTENNA__5197__A1_N/DIODE               0.750000    1.145696   -0.395696 (VIOLATED)
_5197_/A1_N                             0.750000    1.145696   -0.395696 (VIOLATED)
ANTENNA__5196__B/DIODE                  0.750000    1.145686   -0.395686 (VIOLATED)
_5196_/B                                0.750000    1.145679   -0.395679 (VIOLATED)
ANTENNA__4200__A/DIODE                  0.750000    1.145670   -0.395670 (VIOLATED)
ANTENNA__5276__C1/DIODE                 0.750000    1.145670   -0.395670 (VIOLATED)
ANTENNA__5277__C1/DIODE                 0.750000    1.145670   -0.395670 (VIOLATED)
ANTENNA_fanout154_X/DIODE               0.750000    1.145670   -0.395670 (VIOLATED)
_4200_/A                                0.750000    1.145670   -0.395670 (VIOLATED)
_5276_/C1                               0.750000    1.145670   -0.395670 (VIOLATED)
_5277_/C1                               0.750000    1.145670   -0.395670 (VIOLATED)
fanout154/X                             0.750000    1.145670   -0.395670 (VIOLATED)
_7121_/A1                               0.750000    1.138260   -0.388260 (VIOLATED)
ANTENNA__7121__A1/DIODE                 0.750000    1.138259   -0.388259 (VIOLATED)
ANTENNA__6017__B1/DIODE                 0.750000    1.138254   -0.388254 (VIOLATED)
ANTENNA__6217__C/DIODE                  0.750000    1.138253   -0.388253 (VIOLATED)
ANTENNA_fanout330_A/DIODE               0.750000    1.138252   -0.388252 (VIOLATED)
fanout330/A                             0.750000    1.137933   -0.387933 (VIOLATED)
_6217_/C                                0.750000    1.137923   -0.387923 (VIOLATED)
_6017_/B1                               0.750000    1.137913   -0.387913 (VIOLATED)
_6016_/D                                0.750000    1.137911   -0.387911 (VIOLATED)
ANTENNA__5826__B/DIODE                  0.750000    1.137906   -0.387906 (VIOLATED)
ANTENNA__6016__D/DIODE                  0.750000    1.137906   -0.387906 (VIOLATED)
ANTENNA_fanout331_X/DIODE               0.750000    1.137906   -0.387906 (VIOLATED)
_5826_/B                                0.750000    1.137906   -0.387906 (VIOLATED)
fanout331/X                             0.750000    1.137906   -0.387906 (VIOLATED)
_6639_/B1                               0.750000    1.137375   -0.387375 (VIOLATED)
_6360_/B                                0.750000    1.137372   -0.387372 (VIOLATED)
ANTENNA__6639__B1/DIODE                 0.750000    1.137368   -0.387368 (VIOLATED)
ANTENNA__6360__B/DIODE                  0.750000    1.137359   -0.387359 (VIOLATED)
fanout58/A                              0.750000    1.137349   -0.387349 (VIOLATED)
ANTENNA_fanout58_A/DIODE                0.750000    1.137337   -0.387337 (VIOLATED)
_6155_/A2                               0.750000    1.137312   -0.387312 (VIOLATED)
ANTENNA__6155__A2/DIODE                 0.750000    1.137298   -0.387298 (VIOLATED)
fanout60/A                              0.750000    1.137224   -0.387224 (VIOLATED)
ANTENNA_fanout60_A/DIODE                0.750000    1.137221   -0.387221 (VIOLATED)
ANTENNA__5049__Y/DIODE                  0.750000    1.137203   -0.387203 (VIOLATED)
_5049_/Y                                0.750000    1.137200   -0.387200 (VIOLATED)
_6837_/B                                0.750000    1.135105   -0.385105 (VIOLATED)
ANTENNA__6837__B/DIODE                  0.750000    1.135092   -0.385092 (VIOLATED)
_6923_/B1                               0.750000    1.135082   -0.385082 (VIOLATED)
ANTENNA__6923__B1/DIODE                 0.750000    1.135067   -0.385067 (VIOLATED)
_6922_/D                                0.750000    1.135055   -0.385055 (VIOLATED)
ANTENNA__6922__D/DIODE                  0.750000    1.135052   -0.385052 (VIOLATED)
_7160_/A2                               0.750000    1.135033   -0.385033 (VIOLATED)
ANTENNA__7160__A2/DIODE                 0.750000    1.135023   -0.385023 (VIOLATED)
_7159_/C                                0.750000    1.134999   -0.384999 (VIOLATED)
ANTENNA__7159__C/DIODE                  0.750000    1.134980   -0.384980 (VIOLATED)
_7725_/B                                0.750000    1.134948   -0.384948 (VIOLATED)
ANTENNA__7725__B/DIODE                  0.750000    1.134941   -0.384941 (VIOLATED)
_7536_/A2                               0.750000    1.134935   -0.384935 (VIOLATED)
ANTENNA__7536__A2/DIODE                 0.750000    1.134924   -0.384924 (VIOLATED)
ANTENNA_fanout299_A/DIODE               0.750000    1.134887   -0.384887 (VIOLATED)
ANTENNA_fanout300_X/DIODE               0.750000    1.134884   -0.384884 (VIOLATED)
fanout299/A                             0.750000    1.134884   -0.384884 (VIOLATED)
fanout300/X                             0.750000    1.134884   -0.384884 (VIOLATED)
_7154_/A2                               0.750000    1.125867   -0.375867 (VIOLATED)
_6917_/B1                               0.750000    1.125860   -0.375860 (VIOLATED)
_6918_/D                                0.750000    1.125860   -0.375860 (VIOLATED)
ANTENNA__6918__D/DIODE                  0.750000    1.125854   -0.375854 (VIOLATED)
ANTENNA__6917__B1/DIODE                 0.750000    1.125852   -0.375852 (VIOLATED)
ANTENNA__7154__A2/DIODE                 0.750000    1.125381   -0.375381 (VIOLATED)
_7466_/B1                               0.750000    1.125324   -0.375324 (VIOLATED)
ANTENNA__7466__B1/DIODE                 0.750000    1.125315   -0.375315 (VIOLATED)
ANTENNA__7465__D/DIODE                  0.750000    1.125293   -0.375293 (VIOLATED)
_7465_/D                                0.750000    1.125251   -0.375251 (VIOLATED)
_7555_/A2                               0.750000    1.125204   -0.375204 (VIOLATED)
ANTENNA__7555__A2/DIODE                 0.750000    1.125203   -0.375203 (VIOLATED)
_7554_/C                                0.750000    1.125200   -0.375200 (VIOLATED)
ANTENNA__7554__C/DIODE                  0.750000    1.125142   -0.375142 (VIOLATED)
ANTENNA__7737__B/DIODE                  0.750000    1.125067   -0.375068 (VIOLATED)
ANTENNA__7873__B1/DIODE                 0.750000    1.125039   -0.375039 (VIOLATED)
ANTENNA__7875__D/DIODE                  0.750000    1.125039   -0.375039 (VIOLATED)
ANTENNA_fanout291_X/DIODE               0.750000    1.125039   -0.375039 (VIOLATED)
_7737_/B                                0.750000    1.125039   -0.375039 (VIOLATED)
_7873_/B1                               0.750000    1.125039   -0.375039 (VIOLATED)
_7875_/D                                0.750000    1.125039   -0.375039 (VIOLATED)
fanout291/X                             0.750000    1.125039   -0.375039 (VIOLATED)
ANTENNA__6918__B/DIODE                  0.750000    1.123943   -0.373943 (VIOLATED)
_6917_/B2                               0.750000    1.123942   -0.373943 (VIOLATED)
_6918_/B                                0.750000    1.123943   -0.373943 (VIOLATED)
ANTENNA__6917__B2/DIODE                 0.750000    1.123925   -0.373925 (VIOLATED)
_7461_/B                                0.750000    1.123873   -0.373873 (VIOLATED)
ANTENNA__7461__B/DIODE                  0.750000    1.123862   -0.373862 (VIOLATED)
ANTENNA__7549__B2/DIODE                 0.750000    1.123843   -0.373843 (VIOLATED)
_7992_/B2                               0.750000    1.123841   -0.373841 (VIOLATED)
_7888_/B2                               0.750000    1.123840   -0.373840 (VIOLATED)
ANTENNA__7992__B2/DIODE                 0.750000    1.123835   -0.373835 (VIOLATED)
ANTENNA__7888__B2/DIODE                 0.750000    1.123835   -0.373835 (VIOLATED)
_7748_/B2                               0.750000    1.123829   -0.373830 (VIOLATED)
_7889_/B                                0.750000    1.123829   -0.373829 (VIOLATED)
ANTENNA__7748__B2/DIODE                 0.750000    1.123826   -0.373826 (VIOLATED)
ANTENNA__7889__B/DIODE                  0.750000    1.123826   -0.373826 (VIOLATED)
_7749_/B                                0.750000    1.123827   -0.373827 (VIOLATED)
_7549_/B2                               0.750000    1.123825   -0.373825 (VIOLATED)
ANTENNA__7749__B/DIODE                  0.750000    1.123824   -0.373825 (VIOLATED)
ANTENNA_fanout267_X/DIODE               0.750000    1.123819   -0.373820 (VIOLATED)
_7550_/B                                0.750000    1.123810   -0.373810 (VIOLATED)
ANTENNA__7550__B/DIODE                  0.750000    1.123810   -0.373810 (VIOLATED)
fanout267/X                             0.750000    1.123809   -0.373809 (VIOLATED)
_8104_/B2                               0.750000    1.123495   -0.373495 (VIOLATED)
ANTENNA__8104__B2/DIODE                 0.750000    1.123493   -0.373493 (VIOLATED)
fanout248/A                             0.750000    1.123474   -0.373474 (VIOLATED)
ANTENNA_fanout248_A/DIODE               0.750000    1.123474   -0.373474 (VIOLATED)
_7250_/B2                               0.750000    1.123457   -0.373457 (VIOLATED)
ANTENNA__7250__B2/DIODE                 0.750000    1.123444   -0.373444 (VIOLATED)
_7249_/B                                0.750000    1.123434   -0.373434 (VIOLATED)
ANTENNA__7249__B/DIODE                  0.750000    1.123423   -0.373423 (VIOLATED)
_7466_/B2                               0.750000    1.123414   -0.373414 (VIOLATED)
_7465_/B                                0.750000    1.123414   -0.373414 (VIOLATED)
ANTENNA__7466__B2/DIODE                 0.750000    1.123412   -0.373412 (VIOLATED)
ANTENNA__7465__B/DIODE                  0.750000    1.123409   -0.373409 (VIOLATED)
ANTENNA__7554__B/DIODE                  0.750000    1.123396   -0.373396 (VIOLATED)
ANTENNA__7555__B2/DIODE                 0.750000    1.123396   -0.373396 (VIOLATED)
ANTENNA__7753__B2/DIODE                 0.750000    1.123396   -0.373396 (VIOLATED)
ANTENNA__7754__B/DIODE                  0.750000    1.123396   -0.373396 (VIOLATED)
ANTENNA_fanout249_X/DIODE               0.750000    1.123396   -0.373396 (VIOLATED)
_7554_/B                                0.750000    1.123396   -0.373396 (VIOLATED)
_7555_/B2                               0.750000    1.123396   -0.373396 (VIOLATED)
_7753_/B2                               0.750000    1.123396   -0.373396 (VIOLATED)
_7754_/B                                0.750000    1.123396   -0.373396 (VIOLATED)
fanout249/X                             0.750000    1.123396   -0.373396 (VIOLATED)
_6208_/A                                0.750000    1.122196   -0.372196 (VIOLATED)
ANTENNA__6208__A/DIODE                  0.750000    1.122194   -0.372194 (VIOLATED)
_6406_/A                                0.750000    1.122189   -0.372189 (VIOLATED)
_6493_/A                                0.750000    1.122188   -0.372188 (VIOLATED)
ANTENNA__6406__A/DIODE                  0.750000    1.122187   -0.372187 (VIOLATED)
_7131_/A                                0.750000    1.122183   -0.372184 (VIOLATED)
ANTENNA__6493__A/DIODE                  0.750000    1.122183   -0.372183 (VIOLATED)
_6894_/A                                0.750000    1.122179   -0.372179 (VIOLATED)
ANTENNA__7131__A/DIODE                  0.750000    1.122178   -0.372178 (VIOLATED)
ANTENNA__6894__A/DIODE                  0.750000    1.122178   -0.372178 (VIOLATED)
_6806_/A                                0.750000    1.122158   -0.372158 (VIOLATED)
ANTENNA__6806__A/DIODE                  0.750000    1.122150   -0.372150 (VIOLATED)
ANTENNA__8013__A1/DIODE                 0.750000    1.122075   -0.372075 (VIOLATED)
ANTENNA_fanout223_A/DIODE               0.750000    1.122075   -0.372075 (VIOLATED)
ANTENNA_fanout224_X/DIODE               0.750000    1.122075   -0.372075 (VIOLATED)
_8013_/A1                               0.750000    1.122075   -0.372075 (VIOLATED)
fanout223/A                             0.750000    1.122075   -0.372075 (VIOLATED)
fanout224/X                             0.750000    1.122075   -0.372075 (VIOLATED)
_6233_/B2                               0.750000    1.118995   -0.368996 (VIOLATED)
_6431_/B                                0.750000    1.118991   -0.368991 (VIOLATED)
_6430_/B2                               0.750000    1.118573   -0.368573 (VIOLATED)
ANTENNA__6233__B2/DIODE                 0.750000    1.118570   -0.368570 (VIOLATED)
ANTENNA__6430__B2/DIODE                 0.750000    1.118569   -0.368569 (VIOLATED)
ANTENNA__6431__B/DIODE                  0.750000    1.118551   -0.368551 (VIOLATED)
_6234_/B                                0.750000    1.118535   -0.368535 (VIOLATED)
ANTENNA__6234__B/DIODE                  0.750000    1.118514   -0.368514 (VIOLATED)
_6516_/B2                               0.750000    1.118513   -0.368513 (VIOLATED)
_6517_/B                                0.750000    1.118513   -0.368513 (VIOLATED)
ANTENNA__6517__B/DIODE                  0.750000    1.118511   -0.368511 (VIOLATED)
ANTENNA__6516__B2/DIODE                 0.750000    1.118508   -0.368508 (VIOLATED)
_6030_/B2                               0.750000    1.118443   -0.368443 (VIOLATED)
_6031_/B                                0.750000    1.118394   -0.368394 (VIOLATED)
ANTENNA__6030__B2/DIODE                 0.750000    1.118391   -0.368391 (VIOLATED)
ANTENNA__6031__B/DIODE                  0.750000    1.118359   -0.368359 (VIOLATED)
ANTENNA_fanout266_X/DIODE               0.750000    1.118271   -0.368271 (VIOLATED)
ANTENNA_fanout265_A/DIODE               0.750000    1.118264   -0.368264 (VIOLATED)
fanout265/A                             0.750000    1.118263   -0.368263 (VIOLATED)
fanout266/X                             0.750000    1.118263   -0.368263 (VIOLATED)
_6438_/B                                0.750000    1.117588   -0.367588 (VIOLATED)
ANTENNA__6438__B/DIODE                  0.750000    1.117581   -0.367581 (VIOLATED)
_7141_/B1                               0.750000    1.117554   -0.367554 (VIOLATED)
_7140_/D                                0.750000    1.117551   -0.367551 (VIOLATED)
ANTENNA__7141__B1/DIODE                 0.750000    1.117549   -0.367549 (VIOLATED)
ANTENNA__7140__D/DIODE                  0.750000    1.117548   -0.367548 (VIOLATED)
ANTENNA_fanout307_A/DIODE               0.750000    1.117522   -0.367522 (VIOLATED)
fanout307/A                             0.750000    1.117505   -0.367505 (VIOLATED)
ANTENNA_fanout305_A/DIODE               0.750000    1.117438   -0.367438 (VIOLATED)
ANTENNA_fanout308_X/DIODE               0.750000    1.117438   -0.367438 (VIOLATED)
fanout305/A                             0.750000    1.117437   -0.367437 (VIOLATED)
fanout308/X                             0.750000    1.117431   -0.367431 (VIOLATED)
_5927_/A                                0.750000    1.117338   -0.367338 (VIOLATED)
ANTENNA__5927__A/DIODE                  0.750000    1.117330   -0.367330 (VIOLATED)
ANTENNA__5928__A/DIODE                  0.750000    1.117326   -0.367326 (VIOLATED)
_5928_/A                                0.750000    1.117326   -0.367326 (VIOLATED)
_5740_/B2                               0.750000    1.117317   -0.367317 (VIOLATED)
ANTENNA__5740__B2/DIODE                 0.750000    1.117302   -0.367302 (VIOLATED)
_5131_/A                                0.750000    1.117300   -0.367300 (VIOLATED)
ANTENNA__5131__A/DIODE                  0.750000    1.117293   -0.367293 (VIOLATED)
_5145_/A1                               0.750000    1.117238   -0.367238 (VIOLATED)
ANTENNA__5145__A1/DIODE                 0.750000    1.117220   -0.367220 (VIOLATED)
_4910_/B                                0.750000    1.117204   -0.367204 (VIOLATED)
_5000_/A                                0.750000    1.117202   -0.367202 (VIOLATED)
ANTENNA__5000__A/DIODE                  0.750000    1.117200   -0.367200 (VIOLATED)
_4911_/B2                               0.750000    1.117199   -0.367199 (VIOLATED)
ANTENNA__4910__B/DIODE                  0.750000    1.117196   -0.367196 (VIOLATED)
ANTENNA__4911__B2/DIODE                 0.750000    1.116808   -0.366808 (VIOLATED)
ANTENNA__4829__A1/DIODE                 0.750000    1.116793   -0.366793 (VIOLATED)
ANTENNA__4830__A/DIODE                  0.750000    1.116793   -0.366793 (VIOLATED)
ANTENNA_fanout180_X/DIODE               0.750000    1.116793   -0.366793 (VIOLATED)
_4829_/A1                               0.750000    1.116793   -0.366793 (VIOLATED)
_4830_/A                                0.750000    1.116793   -0.366793 (VIOLATED)
fanout180/X                             0.750000    1.116793   -0.366793 (VIOLATED)
_6036_/A2                               0.750000    1.116218   -0.366218 (VIOLATED)
ANTENNA__6036__A2/DIODE                 0.750000    1.116211   -0.366211 (VIOLATED)
ANTENNA_fanout320_A/DIODE               0.750000    1.116197   -0.366198 (VIOLATED)
ANTENNA__5392__A/DIODE                  0.750000    1.116178   -0.366178 (VIOLATED)
fanout320/A                             0.750000    1.116174   -0.366174 (VIOLATED)
ANTENNA__8207__A/DIODE                  0.750000    1.116166   -0.366166 (VIOLATED)
ANTENNA__8212__A0/DIODE                 0.750000    1.116164   -0.366164 (VIOLATED)
ANTENNA_fanout321_X/DIODE               0.750000    1.116161   -0.366161 (VIOLATED)
_5392_/A                                0.750000    1.116160   -0.366160 (VIOLATED)
ANTENNA__8208__A/DIODE                  0.750000    1.116158   -0.366158 (VIOLATED)
_8207_/A                                0.750000    1.116156   -0.366156 (VIOLATED)
_8208_/A                                0.750000    1.116156   -0.366156 (VIOLATED)
_8212_/A0                               0.750000    1.116156   -0.366156 (VIOLATED)
fanout321/X                             0.750000    1.116156   -0.366156 (VIOLATED)
_8103_/A                                0.750000    1.110537   -0.360537 (VIOLATED)
_8104_/A1                               0.750000    1.110535   -0.360535 (VIOLATED)
ANTENNA__8103__A/DIODE                  0.750000    1.110528   -0.360528 (VIOLATED)
ANTENNA__8104__A1/DIODE                 0.750000    1.110528   -0.360528 (VIOLATED)
fanout242/A                             0.750000    1.110481   -0.360481 (VIOLATED)
ANTENNA_fanout242_A/DIODE               0.750000    1.110479   -0.360479 (VIOLATED)
_7249_/A                                0.750000    1.110456   -0.360456 (VIOLATED)
ANTENNA__7249__A/DIODE                  0.750000    1.110444   -0.360444 (VIOLATED)
ANTENNA__7466__A1/DIODE                 0.750000    1.110431   -0.360431 (VIOLATED)
_7466_/A1                               0.750000    1.110425   -0.360425 (VIOLATED)
ANTENNA__7465__A/DIODE                  0.750000    1.110410   -0.360410 (VIOLATED)
ANTENNA__7554__A/DIODE                  0.750000    1.110408   -0.360408 (VIOLATED)
ANTENNA__7555__A1/DIODE                 0.750000    1.110408   -0.360408 (VIOLATED)
ANTENNA__7753__A1/DIODE                 0.750000    1.110408   -0.360408 (VIOLATED)
ANTENNA__7754__A/DIODE                  0.750000    1.110408   -0.360408 (VIOLATED)
ANTENNA_fanout243_X/DIODE               0.750000    1.110408   -0.360408 (VIOLATED)
_7465_/A                                0.750000    1.110408   -0.360408 (VIOLATED)
_7554_/A                                0.750000    1.110408   -0.360408 (VIOLATED)
_7555_/A1                               0.750000    1.110408   -0.360408 (VIOLATED)
_7753_/A1                               0.750000    1.110408   -0.360408 (VIOLATED)
_7754_/A                                0.750000    1.110408   -0.360408 (VIOLATED)
fanout243/X                             0.750000    1.110408   -0.360408 (VIOLATED)
_7748_/A2                               0.750000    1.096194   -0.346194 (VIOLATED)
ANTENNA__7748__A2/DIODE                 0.750000    1.096189   -0.346190 (VIOLATED)
_7749_/C                                0.750000    1.096180   -0.346180 (VIOLATED)
ANTENNA__7749__C/DIODE                  0.750000    1.096150   -0.346150 (VIOLATED)
_7550_/D                                0.750000    1.096129   -0.346129 (VIOLATED)
ANTENNA__7550__D/DIODE                  0.750000    1.096125   -0.346125 (VIOLATED)
_7549_/B1                               0.750000    1.096106   -0.346106 (VIOLATED)
ANTENNA__7549__B1/DIODE                 0.750000    1.096073   -0.346073 (VIOLATED)
_7463_/B                                0.750000    1.096041   -0.346041 (VIOLATED)
ANTENNA__7463__B/DIODE                  0.750000    1.096035   -0.346035 (VIOLATED)
_7896_/A2_N                             0.750000    1.095997   -0.345997 (VIOLATED)
_7897_/B                                0.750000    1.095960   -0.345960 (VIOLATED)
ANTENNA__7896__A2_N/DIODE               0.750000    1.095914   -0.345915 (VIOLATED)
_8003_/A2                               0.750000    1.095901   -0.345901 (VIOLATED)
ANTENNA__8003__A2/DIODE                 0.750000    1.095898   -0.345898 (VIOLATED)
ANTENNA__7897__B/DIODE                  0.750000    1.095864   -0.345864 (VIOLATED)
_7275_/B                                0.750000    1.095802   -0.345802 (VIOLATED)
ANTENNA__7275__B/DIODE                  0.750000    1.095797   -0.345797 (VIOLATED)
_7997_/B1                               0.750000    1.095773   -0.345773 (VIOLATED)
ANTENNA__7997__B1/DIODE                 0.750000    1.095772   -0.345772 (VIOLATED)
ANTENNA_fanout282_X/DIODE               0.750000    1.095766   -0.345766 (VIOLATED)
fanout282/X                             0.750000    1.095763   -0.345763 (VIOLATED)
ANTENNA__8288__A1/DIODE                 0.750000    1.094963   -0.344963 (VIOLATED)
_4198_/A_N                              0.750000    1.094961   -0.344961 (VIOLATED)
_8288_/A1                               0.750000    1.094956   -0.344956 (VIOLATED)
ANTENNA__4198__A_N/DIODE                0.750000    1.094954   -0.344954 (VIOLATED)
_4227_/A1                               0.750000    1.094912   -0.344912 (VIOLATED)
ANTENNA__4227__A1/DIODE                 0.750000    1.094836   -0.344836 (VIOLATED)
_8170_/D_N                              0.750000    1.094667   -0.344667 (VIOLATED)
_8169_/B2                               0.750000    1.094666   -0.344666 (VIOLATED)
ANTENNA__8169__B2/DIODE                 0.750000    1.094591   -0.344591 (VIOLATED)
_8164_/B                                0.750000    1.094577   -0.344577 (VIOLATED)
ANTENNA__8170__D_N/DIODE                0.750000    1.094503   -0.344503 (VIOLATED)
ANTENNA__8164__B/DIODE                  0.750000    1.094461   -0.344461 (VIOLATED)
ANTENNA_input12_X/DIODE                 0.750000    1.094430   -0.344430 (VIOLATED)
input12/X                               0.750000    1.094430   -0.344430 (VIOLATED)
_6917_/A1                               0.750000    1.090849   -0.340849 (VIOLATED)
_6918_/A                                0.750000    1.090847   -0.340847 (VIOLATED)
ANTENNA__6917__A1/DIODE                 0.750000    1.090846   -0.340846 (VIOLATED)
ANTENNA__6918__A/DIODE                  0.750000    1.090846   -0.340846 (VIOLATED)
_7992_/A1                               0.750000    1.090827   -0.340827 (VIOLATED)
ANTENNA__7992__A1/DIODE                 0.750000    1.090824   -0.340824 (VIOLATED)
_7888_/A1                               0.750000    1.090825   -0.340825 (VIOLATED)
ANTENNA__7461__A/DIODE                  0.750000    1.090819   -0.340820 (VIOLATED)
ANTENNA__7888__A1/DIODE                 0.750000    1.090819   -0.340819 (VIOLATED)
_7549_/A1                               0.750000    1.090818   -0.340818 (VIOLATED)
ANTENNA__7889__A/DIODE                  0.750000    1.090817   -0.340817 (VIOLATED)
_7889_/A                                0.750000    1.090817   -0.340817 (VIOLATED)
ANTENNA__7748__A1/DIODE                 0.750000    1.090816   -0.340816 (VIOLATED)
_7748_/A1                               0.750000    1.090816   -0.340816 (VIOLATED)
_7749_/A                                0.750000    1.090815   -0.340815 (VIOLATED)
_7461_/A                                0.750000    1.090814   -0.340814 (VIOLATED)
ANTENNA__7549__A1/DIODE                 0.750000    1.090814   -0.340814 (VIOLATED)
ANTENNA__7749__A/DIODE                  0.750000    1.090813   -0.340813 (VIOLATED)
ANTENNA__7550__A/DIODE                  0.750000    1.090812   -0.340812 (VIOLATED)
ANTENNA_fanout260_X/DIODE               0.750000    1.090812   -0.340812 (VIOLATED)
_7550_/A                                0.750000    1.090812   -0.340812 (VIOLATED)
fanout260/X                             0.750000    1.090812   -0.340812 (VIOLATED)
_7141_/A2                               0.750000    1.086010   -0.336010 (VIOLATED)
_7140_/C                                0.750000    1.086010   -0.336010 (VIOLATED)
ANTENNA__7140__C/DIODE                  0.750000    1.086009   -0.336009 (VIOLATED)
ANTENNA__7141__A2/DIODE                 0.750000    1.085999   -0.335999 (VIOLATED)
_6903_/D                                0.750000    1.085986   -0.335986 (VIOLATED)
ANTENNA__6903__D/DIODE                  0.750000    1.085979   -0.335979 (VIOLATED)
_6904_/B1                               0.750000    1.085974   -0.335974 (VIOLATED)
ANTENNA__6904__B1/DIODE                 0.750000    1.085972   -0.335972 (VIOLATED)
_6818_/B                                0.750000    1.085967   -0.335967 (VIOLATED)
ANTENNA__6818__B/DIODE                  0.750000    1.085966   -0.335966 (VIOLATED)
ANTENNA__6435__D/DIODE                  0.750000    1.085942   -0.335942 (VIOLATED)
ANTENNA__6436__B1/DIODE                 0.750000    1.085942   -0.335942 (VIOLATED)
ANTENNA__6521__C/DIODE                  0.750000    1.085942   -0.335942 (VIOLATED)
ANTENNA__6522__A2/DIODE                 0.750000    1.085942   -0.335942 (VIOLATED)
ANTENNA_fanout311_X/DIODE               0.750000    1.085942   -0.335942 (VIOLATED)
_6435_/D                                0.750000    1.085942   -0.335942 (VIOLATED)
_6436_/B1                               0.750000    1.085942   -0.335942 (VIOLATED)
_6521_/C                                0.750000    1.085942   -0.335942 (VIOLATED)
_6522_/A2                               0.750000    1.085942   -0.335942 (VIOLATED)
fanout311/X                             0.750000    1.085942   -0.335942 (VIOLATED)
_7231_/A2                               0.750000    1.085021   -0.335021 (VIOLATED)
_7230_/C                                0.750000    1.085020   -0.335020 (VIOLATED)
ANTENNA__7230__C/DIODE                  0.750000    1.085018   -0.335018 (VIOLATED)
ANTENNA__7231__A2/DIODE                 0.750000    1.085017   -0.335017 (VIOLATED)
ANTENNA__7437__B/DIODE                  0.750000    1.085010   -0.335010 (VIOLATED)
_7437_/B                                0.750000    1.085008   -0.335008 (VIOLATED)
ANTENNA_fanout306_X/DIODE               0.750000    1.084987   -0.334987 (VIOLATED)
ANTENNA__8135__B2/DIODE                 0.750000    1.084986   -0.334986 (VIOLATED)
ANTENNA__8136__A/DIODE                  0.750000    1.084986   -0.334986 (VIOLATED)
_8135_/B2                               0.750000    1.084985   -0.334985 (VIOLATED)
ANTENNA__7854__A2_N/DIODE               0.750000    1.084984   -0.334984 (VIOLATED)
ANTENNA__7855__B/DIODE                  0.750000    1.084984   -0.334984 (VIOLATED)
ANTENNA__8029__A1/DIODE                 0.750000    1.084984   -0.334984 (VIOLATED)
ANTENNA__8030__B/DIODE                  0.750000    1.084984   -0.334984 (VIOLATED)
ANTENNA__8034__A2/DIODE                 0.750000    1.084984   -0.334984 (VIOLATED)
_7854_/A2_N                             0.750000    1.084984   -0.334984 (VIOLATED)
_7855_/B                                0.750000    1.084984   -0.334984 (VIOLATED)
_8029_/A1                               0.750000    1.084984   -0.334984 (VIOLATED)
_8030_/B                                0.750000    1.084984   -0.334984 (VIOLATED)
_8034_/A2                               0.750000    1.084984   -0.334984 (VIOLATED)
_8136_/A                                0.750000    1.084984   -0.334984 (VIOLATED)
fanout306/X                             0.750000    1.084984   -0.334984 (VIOLATED)
ANTENNA__6884__B2/DIODE                 0.750000    1.084206   -0.334206 (VIOLATED)
_6883_/A                                0.750000    1.084207   -0.334207 (VIOLATED)
ANTENNA__6883__A/DIODE                  0.750000    1.084204   -0.334204 (VIOLATED)
_6884_/B2                               0.750000    1.084203   -0.334204 (VIOLATED)
ANTENNA__6795__B/DIODE                  0.750000    1.084194   -0.334194 (VIOLATED)
ANTENNA__6796__A1/DIODE                 0.750000    1.084194   -0.334194 (VIOLATED)
_6796_/A1                               0.750000    1.084192   -0.334192 (VIOLATED)
_6795_/B                                0.750000    1.084190   -0.334190 (VIOLATED)
ANTENNA_fanout338_A/DIODE               0.750000    1.084181   -0.334181 (VIOLATED)
fanout338/A                             0.750000    1.084180   -0.334180 (VIOLATED)
ANTENNA_fanout336_A/DIODE               0.750000    1.083869   -0.333869 (VIOLATED)
ANTENNA_fanout337_A/DIODE               0.750000    1.083869   -0.333869 (VIOLATED)
ANTENNA_fanout339_X/DIODE               0.750000    1.083869   -0.333869 (VIOLATED)
fanout336/A                             0.750000    1.083869   -0.333869 (VIOLATED)
fanout337/A                             0.750000    1.083869   -0.333869 (VIOLATED)
fanout339/X                             0.750000    1.083869   -0.333869 (VIOLATED)
ANTENNA_fanout278_A/DIODE               0.750000    1.062490   -0.312490 (VIOLATED)
fanout278/A                             0.750000    1.062490   -0.312490 (VIOLATED)
ANTENNA__6548__A/DIODE                  0.750000    1.062194   -0.312194 (VIOLATED)
_6548_/A                                0.750000    1.062191   -0.312191 (VIOLATED)
fanout275/A                             0.750000    1.062175   -0.312175 (VIOLATED)
ANTENNA_fanout275_A/DIODE               0.750000    1.062174   -0.312174 (VIOLATED)
fanout274/A                             0.750000    1.062173   -0.312173 (VIOLATED)
ANTENNA_fanout274_A/DIODE               0.750000    1.062172   -0.312172 (VIOLATED)
ANTENNA_fanout276_A/DIODE               0.750000    1.062169   -0.312169 (VIOLATED)
ANTENNA_fanout279_X/DIODE               0.750000    1.062170   -0.312170 (VIOLATED)
fanout276/A                             0.750000    1.062168   -0.312168 (VIOLATED)
fanout279/X                             0.750000    1.062168   -0.312168 (VIOLATED)
_6835_/B2                               0.750000    1.058486   -0.308486 (VIOLATED)
ANTENNA__6835__B2/DIODE                 0.750000    1.058482   -0.308482 (VIOLATED)
_6834_/B                                0.750000    1.058480   -0.308480 (VIOLATED)
ANTENNA__6834__B/DIODE                  0.750000    1.058480   -0.308480 (VIOLATED)
ANTENNA__6923__B2/DIODE                 0.750000    1.058472   -0.308472 (VIOLATED)
_6923_/B2                               0.750000    1.058468   -0.308468 (VIOLATED)
_6922_/B                                0.750000    1.058463   -0.308463 (VIOLATED)
ANTENNA__7998__B/DIODE                  0.750000    1.058459   -0.308459 (VIOLATED)
_7998_/B                                0.750000    1.058459   -0.308459 (VIOLATED)
_7997_/B2                               0.750000    1.058458   -0.308458 (VIOLATED)
ANTENNA__6922__B/DIODE                  0.750000    1.058456   -0.308456 (VIOLATED)
ANTENNA__7997__B2/DIODE                 0.750000    1.058453   -0.308453 (VIOLATED)
_7160_/B2                               0.750000    1.058451   -0.308451 (VIOLATED)
ANTENNA__7160__B2/DIODE                 0.750000    1.058449   -0.308449 (VIOLATED)
ANTENNA__7895__B/DIODE                  0.750000    1.058443   -0.308443 (VIOLATED)
_7895_/B                                0.750000    1.058441   -0.308441 (VIOLATED)
ANTENNA__7159__B/DIODE                  0.750000    1.058441   -0.308441 (VIOLATED)
ANTENNA__7893__B2/DIODE                 0.750000    1.058441   -0.308441 (VIOLATED)
ANTENNA_fanout248_X/DIODE               0.750000    1.058441   -0.308441 (VIOLATED)
_7159_/B                                0.750000    1.058441   -0.308441 (VIOLATED)
_7893_/B2                               0.750000    1.058441   -0.308441 (VIOLATED)
fanout248/X                             0.750000    1.058441   -0.308441 (VIOLATED)
fanout249/A                             0.750000    1.054621   -0.304621 (VIOLATED)
ANTENNA_fanout249_A/DIODE               0.750000    1.054621   -0.304621 (VIOLATED)
_8103_/B                                0.750000    1.054569   -0.304569 (VIOLATED)
ANTENNA__8103__B/DIODE                  0.750000    1.054560   -0.304560 (VIOLATED)
ANTENNA__6522__B2/DIODE                 0.750000    1.054426   -0.304426 (VIOLATED)
_6522_/B2                               0.750000    1.054398   -0.304398 (VIOLATED)
_6521_/B                                0.750000    1.054363   -0.304363 (VIOLATED)
ANTENNA__6521__B/DIODE                  0.750000    1.054363   -0.304363 (VIOLATED)
_6436_/B2                               0.750000    1.054341   -0.304341 (VIOLATED)
_6435_/B                                0.750000    1.054339   -0.304339 (VIOLATED)
ANTENNA_fanout250_X/DIODE               0.750000    1.054322   -0.304322 (VIOLATED)
ANTENNA__6435__B/DIODE                  0.750000    1.054005   -0.304005 (VIOLATED)
ANTENNA__6436__B2/DIODE                 0.750000    1.054005   -0.304005 (VIOLATED)
fanout250/X                             0.750000    1.054005   -0.304005 (VIOLATED)
_7140_/A                                0.750000    1.052352   -0.302352 (VIOLATED)
ANTENNA__7140__A/DIODE                  0.750000    1.052347   -0.302347 (VIOLATED)
_6903_/A                                0.750000    1.052325   -0.302325 (VIOLATED)
ANTENNA__6903__A/DIODE                  0.750000    1.052312   -0.302312 (VIOLATED)
_6904_/A1                               0.750000    1.052312   -0.302312 (VIOLATED)
ANTENNA__6904__A1/DIODE                 0.750000    1.052299   -0.302299 (VIOLATED)
_6815_/A                                0.750000    1.052292   -0.302292 (VIOLATED)
ANTENNA__6815__A/DIODE                  0.750000    1.052288   -0.302288 (VIOLATED)
ANTENNA__6816__A1/DIODE                 0.750000    1.052235   -0.302235 (VIOLATED)
ANTENNA__6503__A1/DIODE                 0.750000    1.052214   -0.302214 (VIOLATED)
_6816_/A1                               0.750000    1.052198   -0.302198 (VIOLATED)
_6503_/A1                               0.750000    1.052181   -0.302181 (VIOLATED)
_6502_/A                                0.750000    1.052110   -0.302110 (VIOLATED)
ANTENNA__6502__A/DIODE                  0.750000    1.052109   -0.302109 (VIOLATED)
ANTENNA__6415__A1/DIODE                 0.750000    1.051650   -0.301650 (VIOLATED)
_6415_/A1                               0.750000    1.051630   -0.301630 (VIOLATED)
_6414_/A                                0.750000    1.051598   -0.301598 (VIOLATED)
ANTENNA__6414__A/DIODE                  0.750000    1.051551   -0.301551 (VIOLATED)
ANTENNA__6218__A1/DIODE                 0.750000    1.051508   -0.301508 (VIOLATED)
ANTENNA_fanout228_X/DIODE               0.750000    1.051500   -0.301500 (VIOLATED)
_6218_/A1                               0.750000    1.051500   -0.301500 (VIOLATED)
fanout228/X                             0.750000    1.051500   -0.301500 (VIOLATED)
_6757_/B                                0.750000    1.048838   -0.298838 (VIOLATED)
_6769_/A2                               0.750000    1.048836   -0.298836 (VIOLATED)
ANTENNA__6769__A2/DIODE                 0.750000    1.048836   -0.298836 (VIOLATED)
ANTENNA__6757__B/DIODE                  0.750000    1.048823   -0.298823 (VIOLATED)
fanout53/A                              0.750000    1.048812   -0.298812 (VIOLATED)
ANTENNA_fanout53_A/DIODE                0.750000    1.048812   -0.298812 (VIOLATED)
_5911_/A2                               0.750000    1.048760   -0.298760 (VIOLATED)
fanout55/A                              0.750000    1.048755   -0.298755 (VIOLATED)
_5922_/A2                               0.750000    1.048754   -0.298754 (VIOLATED)
ANTENNA_fanout55_A/DIODE                0.750000    1.048753   -0.298753 (VIOLATED)
ANTENNA__5911__A2/DIODE                 0.750000    1.048753   -0.298753 (VIOLATED)
ANTENNA__5922__A2/DIODE                 0.750000    1.048753   -0.298753 (VIOLATED)
ANTENNA__4963__Y/DIODE                  0.750000    1.048731   -0.298731 (VIOLATED)
_4963_/Y                                0.750000    1.048726   -0.298726 (VIOLATED)
_6524_/A                                0.750000    1.042644   -0.292644 (VIOLATED)
ANTENNA__6524__A/DIODE                  0.750000    1.042641   -0.292641 (VIOLATED)
ANTENNA__6837__A/DIODE                  0.750000    1.042609   -0.292609 (VIOLATED)
_6837_/A                                0.750000    1.042603   -0.292603 (VIOLATED)
_8102_/A1                               0.750000    1.042567   -0.292567 (VIOLATED)
ANTENNA__8102__A1/DIODE                 0.750000    1.042553   -0.292553 (VIOLATED)
_7128_/B2                               0.750000    1.042530   -0.292530 (VIOLATED)
_7129_/B                                0.750000    1.042527   -0.292527 (VIOLATED)
ANTENNA__7128__B2/DIODE                 0.750000    1.042523   -0.292523 (VIOLATED)
_8110_/A                                0.750000    1.042514   -0.292514 (VIOLATED)
ANTENNA__7129__B/DIODE                  0.750000    1.042512   -0.292512 (VIOLATED)
_7218_/B2                               0.750000    1.042502   -0.292502 (VIOLATED)
ANTENNA__7218__B2/DIODE                 0.750000    1.042484   -0.292484 (VIOLATED)
_7219_/B                                0.750000    1.042476   -0.292477 (VIOLATED)
ANTENNA__7219__B/DIODE                  0.750000    1.042474   -0.292474 (VIOLATED)
ANTENNA__7723__B/DIODE                  0.750000    1.042473   -0.292473 (VIOLATED)
_7723_/B                                0.750000    1.042473   -0.292473 (VIOLATED)
ANTENNA__8110__A/DIODE                  0.750000    1.042470   -0.292470 (VIOLATED)
ANTENNA__7862__B/DIODE                  0.750000    1.042431   -0.292431 (VIOLATED)
ANTENNA_fanout220_A/DIODE               0.750000    1.042412   -0.292412 (VIOLATED)
fanout220/A                             0.750000    1.042412   -0.292412 (VIOLATED)
ANTENNA_fanout219_A/DIODE               0.750000    1.042405   -0.292406 (VIOLATED)
_7862_/B                                0.750000    1.042404   -0.292404 (VIOLATED)
_8109_/A1                               0.750000    1.042403   -0.292403 (VIOLATED)
ANTENNA__8109__A1/DIODE                 0.750000    1.042400   -0.292400 (VIOLATED)
ANTENNA_fanout221_X/DIODE               0.750000    1.042105   -0.292105 (VIOLATED)
fanout219/A                             0.750000    1.042103   -0.292103 (VIOLATED)
fanout221/X                             0.750000    1.042103   -0.292103 (VIOLATED)
ANTENNA_fanout254_A/DIODE               0.750000    1.042002   -0.292002 (VIOLATED)
ANTENNA_fanout255_X/DIODE               0.750000    1.042002   -0.292002 (VIOLATED)
fanout254/A                             0.750000    1.042002   -0.292002 (VIOLATED)
fanout255/X                             0.750000    1.042002   -0.292002 (VIOLATED)
fanout297/A                             0.750000    1.039099   -0.289099 (VIOLATED)
ANTENNA_fanout297_A/DIODE               0.750000    1.039098   -0.289098 (VIOLATED)
_6516_/B1                               0.750000    1.039088   -0.289088 (VIOLATED)
ANTENNA__6516__B1/DIODE                 0.750000    1.039087   -0.289087 (VIOLATED)
_6517_/D                                0.750000    1.039084   -0.289084 (VIOLATED)
ANTENNA__6517__D/DIODE                  0.750000    1.039082   -0.289082 (VIOLATED)
ANTENNA_fanout296_A/DIODE               0.750000    1.039080   -0.289080 (VIOLATED)
fanout296/A                             0.750000    1.039074   -0.289074 (VIOLATED)
ANTENNA_fanout298_X/DIODE               0.750000    1.039072   -0.289072 (VIOLATED)
ANTENNA_fanout295_A/DIODE               0.750000    1.039070   -0.289071 (VIOLATED)
fanout295/A                             0.750000    1.039069   -0.289069 (VIOLATED)
fanout298/X                             0.750000    1.039069   -0.289069 (VIOLATED)
fanout277/A                             0.750000    1.024094   -0.274094 (VIOLATED)
ANTENNA_fanout277_A/DIODE               0.750000    1.024087   -0.274087 (VIOLATED)
_7582_/A                                0.750000    1.024057   -0.274057 (VIOLATED)
_8121_/A                                0.750000    1.024051   -0.274051 (VIOLATED)
ANTENNA__7582__A/DIODE                  0.750000    1.024050   -0.274050 (VIOLATED)
ANTENNA__8121__A/DIODE                  0.750000    1.024047   -0.274048 (VIOLATED)
ANTENNA__6861__A1/DIODE                 0.750000    1.024002   -0.274002 (VIOLATED)
ANTENNA__6862__A/DIODE                  0.750000    1.024002   -0.274002 (VIOLATED)
ANTENNA__6948__A/DIODE                  0.750000    1.024002   -0.274002 (VIOLATED)
ANTENNA_fanout278_X/DIODE               0.750000    1.024002   -0.274002 (VIOLATED)
_6861_/A1                               0.750000    1.024002   -0.274002 (VIOLATED)
_6862_/A                                0.750000    1.024002   -0.274002 (VIOLATED)
_6948_/A                                0.750000    1.024002   -0.274002 (VIOLATED)
fanout278/X                             0.750000    1.024002   -0.274002 (VIOLATED)
_6113_/B                                0.750000    1.018714   -0.268714 (VIOLATED)
ANTENNA__6113__B/DIODE                  0.750000    1.018714   -0.268714 (VIOLATED)
ANTENNA__6114__B/DIODE                  0.750000    1.018713   -0.268713 (VIOLATED)
_6114_/B                                0.750000    1.018710   -0.268710 (VIOLATED)
_4632_/B                                0.750000    1.018703   -0.268703 (VIOLATED)
ANTENNA__4632__B/DIODE                  0.750000    1.018701   -0.268701 (VIOLATED)
_5712_/B1                               0.750000    1.018699   -0.268699 (VIOLATED)
ANTENNA__5712__B1/DIODE                 0.750000    1.018692   -0.268692 (VIOLATED)
_4422_/B                                0.750000    1.018689   -0.268689 (VIOLATED)
ANTENNA__4422__B/DIODE                  0.750000    1.018682   -0.268682 (VIOLATED)
ANTENNA__4307__Y/DIODE                  0.750000    1.018668   -0.268668 (VIOLATED)
_4307_/Y                                0.750000    1.018665   -0.268665 (VIOLATED)
fanout229/A                             0.750000    1.018375   -0.268375 (VIOLATED)
ANTENNA_fanout229_A/DIODE               0.750000    1.018370   -0.268370 (VIOLATED)
_5353_/A2                               0.750000    1.018349   -0.268349 (VIOLATED)
ANTENNA__5353__A2/DIODE                 0.750000    1.018346   -0.268346 (VIOLATED)
ANTENNA__5387__A2/DIODE                 0.750000    1.018334   -0.268334 (VIOLATED)
_5386_/C                                0.750000    1.018329   -0.268329 (VIOLATED)
_5387_/A2                               0.750000    1.018329   -0.268329 (VIOLATED)
ANTENNA__5386__C/DIODE                  0.750000    1.018326   -0.268326 (VIOLATED)
ANTENNA_fanout226_A/DIODE               0.750000    1.018287   -0.268287 (VIOLATED)
ANTENNA_fanout230_X/DIODE               0.750000    1.018284   -0.268284 (VIOLATED)
fanout226/A                             0.750000    1.017959   -0.267959 (VIOLATED)
fanout230/X                             0.750000    1.017954   -0.267954 (VIOLATED)
_5984_/B1                               0.750000    1.003921   -0.253921 (VIOLATED)
ANTENNA__5984__B1/DIODE                 0.750000    1.003920   -0.253920 (VIOLATED)
ANTENNA__6145__B/DIODE                  0.750000    1.003919   -0.253919 (VIOLATED)
_6145_/B                                0.750000    1.003918   -0.253918 (VIOLATED)
_6144_/B                                0.750000    1.003915   -0.253915 (VIOLATED)
ANTENNA__6146__B1/DIODE                 0.750000    1.003914   -0.253914 (VIOLATED)
_6146_/B1                               0.750000    1.003914   -0.253914 (VIOLATED)
ANTENNA__6144__B/DIODE                  0.750000    1.003910   -0.253910 (VIOLATED)
_6986_/B                                0.750000    1.003910   -0.253910 (VIOLATED)
ANTENNA__6628__B/DIODE                  0.750000    1.003909   -0.253909 (VIOLATED)
ANTENNA__6770__B/DIODE                  0.750000    1.003909   -0.253909 (VIOLATED)
ANTENNA__6771__B1/DIODE                 0.750000    1.003909   -0.253909 (VIOLATED)
ANTENNA__6986__B/DIODE                  0.750000    1.003909   -0.253909 (VIOLATED)
ANTENNA_fanout46_X/DIODE                0.750000    1.003909   -0.253909 (VIOLATED)
_6628_/B                                0.750000    1.003909   -0.253909 (VIOLATED)
_6770_/B                                0.750000    1.003909   -0.253909 (VIOLATED)
_6771_/B1                               0.750000    1.003909   -0.253909 (VIOLATED)
fanout46/X                              0.750000    1.003909   -0.253909 (VIOLATED)
_6438_/A                                0.750000    1.002328   -0.252328 (VIOLATED)
ANTENNA__6438__A/DIODE                  0.750000    1.002328   -0.252328 (VIOLATED)
_6241_/A                                0.750000    1.002317   -0.252318 (VIOLATED)
ANTENNA__6241__A/DIODE                  0.750000    1.002316   -0.252316 (VIOLATED)
ANTENNA__6038__A/DIODE                  0.750000    1.002297   -0.252297 (VIOLATED)
_6038_/A                                0.750000    1.002281   -0.252281 (VIOLATED)
ANTENNA__5845__A/DIODE                  0.750000    1.002269   -0.252269 (VIOLATED)
_5845_/A                                0.750000    1.002266   -0.252266 (VIOLATED)
ANTENNA_fanout252_A/DIODE               0.750000    1.002257   -0.252257 (VIOLATED)
ANTENNA_fanout253_X/DIODE               0.750000    1.002254   -0.252254 (VIOLATED)
ANTENNA__8292__A0/DIODE                 0.750000    1.002250   -0.252250 (VIOLATED)
_8292_/A0                               0.750000    1.002250   -0.252250 (VIOLATED)
fanout252/A                             0.750000    1.002250   -0.252250 (VIOLATED)
fanout253/X                             0.750000    1.002250   -0.252250 (VIOLATED)
_5909_/A                                0.750000    0.994410   -0.244410 (VIOLATED)
_6157_/B2                               0.750000    0.994409   -0.244409 (VIOLATED)
_5773_/A                                0.750000    0.994405   -0.244405 (VIOLATED)
_5117_/A                                0.750000    0.994383   -0.244383 (VIOLATED)
_5045_/A                                0.750000    0.994374   -0.244374 (VIOLATED)
_5044_/A                                0.750000    0.994366   -0.244366 (VIOLATED)
_5216_/A1                               0.750000    0.994363   -0.244363 (VIOLATED)
_5215_/A                                0.750000    0.994363   -0.244363 (VIOLATED)
_5074_/A                                0.750000    0.994347   -0.244347 (VIOLATED)
_8411_/D                                0.750000    0.994340   -0.244340 (VIOLATED)
fanout130/X                             0.750000    0.994340   -0.244340 (VIOLATED)
_8071_/S                                0.750000    0.993346   -0.243346 (VIOLATED)
_7942_/S                                0.750000    0.993341   -0.243341 (VIOLATED)
ANTENNA__7942__S/DIODE                  0.750000    0.993340   -0.243340 (VIOLATED)
ANTENNA__8071__S/DIODE                  0.750000    0.993341   -0.243341 (VIOLATED)
ANTENNA_fanout195_A/DIODE               0.750000    0.993315   -0.243315 (VIOLATED)
fanout195/A                             0.750000    0.993305   -0.243305 (VIOLATED)
_5885_/S                                0.750000    0.993235   -0.243235 (VIOLATED)
_4223_/A                                0.750000    0.993220   -0.243220 (VIOLATED)
ANTENNA__5885__S/DIODE                  0.750000    0.993202   -0.243202 (VIOLATED)
_4221_/A                                0.750000    0.993202   -0.243202 (VIOLATED)
ANTENNA__4221__A/DIODE                  0.750000    0.993199   -0.243199 (VIOLATED)
ANTENNA_fanout196_X/DIODE               0.750000    0.993198   -0.243198 (VIOLATED)
ANTENNA__4223__A/DIODE                  0.750000    0.992920   -0.242920 (VIOLATED)
fanout196/X                             0.750000    0.992920   -0.242920 (VIOLATED)
ANTENNA__5838__C/DIODE                  0.750000    0.984875   -0.234875 (VIOLATED)
ANTENNA__5837__B1/DIODE                 0.750000    0.984873   -0.234873 (VIOLATED)
fanout264/A                             0.750000    0.984873   -0.234873 (VIOLATED)
ANTENNA_fanout264_A/DIODE               0.750000    0.984872   -0.234872 (VIOLATED)
ANTENNA_fanout265_X/DIODE               0.750000    0.984869   -0.234869 (VIOLATED)
_5368_/B1                               0.750000    0.984867   -0.234867 (VIOLATED)
ANTENNA__5368__B1/DIODE                 0.750000    0.984867   -0.234867 (VIOLATED)
ANTENNA__5367__D/DIODE                  0.750000    0.984865   -0.234865 (VIOLATED)
_5367_/D                                0.750000    0.984853   -0.234853 (VIOLATED)
ANTENNA_fanout263_A/DIODE               0.750000    0.984842   -0.234842 (VIOLATED)
ANTENNA__5402__B2/DIODE                 0.750000    0.984832   -0.234832 (VIOLATED)
ANTENNA__8290__A0/DIODE                 0.750000    0.984794   -0.234794 (VIOLATED)
fanout263/A                             0.750000    0.984785   -0.234786 (VIOLATED)
_5402_/B2                               0.750000    0.984783   -0.234783 (VIOLATED)
_5837_/B1                               0.750000    0.984781   -0.234781 (VIOLATED)
_5838_/C                                0.750000    0.984781   -0.234781 (VIOLATED)
_8290_/A0                               0.750000    0.984781   -0.234781 (VIOLATED)
fanout265/X                             0.750000    0.984781   -0.234781 (VIOLATED)
_6798_/A                                0.750000    0.974652   -0.224652 (VIOLATED)
_6886_/A                                0.750000    0.974652   -0.224652 (VIOLATED)
_6485_/A                                0.750000    0.974646   -0.224646 (VIOLATED)
_7518_/A                                0.750000    0.974640   -0.224641 (VIOLATED)
_7717_/A                                0.750000    0.974640   -0.224640 (VIOLATED)
_7854_/A1_N                             0.750000    0.974636   -0.224637 (VIOLATED)
_7855_/C                                0.750000    0.974636   -0.224637 (VIOLATED)
_8032_/A                                0.750000    0.974636   -0.224637 (VIOLATED)
_8034_/A1                               0.750000    0.974637   -0.224637 (VIOLATED)
_8099_/A1                               0.750000    0.974636   -0.224637 (VIOLATED)
fanout212/X                             0.750000    0.974636   -0.224637 (VIOLATED)
_4216_/S                                0.750000    0.972116   -0.222116 (VIOLATED)
_4213_/B                                0.750000    0.972113   -0.222113 (VIOLATED)
_4218_/S                                0.750000    0.972111   -0.222111 (VIOLATED)
_4214_/A1                               0.750000    0.972103   -0.222103 (VIOLATED)
_4211_/A1                               0.750000    0.972102   -0.222102 (VIOLATED)
_4210_/B                                0.750000    0.972098   -0.222098 (VIOLATED)
_4202_/A1                               0.750000    0.972064   -0.222064 (VIOLATED)
_4201_/B                                0.750000    0.972044   -0.222044 (VIOLATED)
_4177_/A1                               0.750000    0.972028   -0.222028 (VIOLATED)
_4205_/A1                               0.750000    0.972026   -0.222026 (VIOLATED)
fanout191/X                             0.750000    0.972026   -0.222026 (VIOLATED)
_7141_/A1                               0.750000    0.963073   -0.213073 (VIOLATED)
ANTENNA__7141__A1/DIODE                 0.750000    0.963064   -0.213064 (VIOLATED)
ANTENNA__7231__A1/DIODE                 0.750000    0.963047   -0.213047 (VIOLATED)
_7231_/A1                               0.750000    0.963041   -0.213041 (VIOLATED)
ANTENNA__7230__A/DIODE                  0.750000    0.963025   -0.213025 (VIOLATED)
_7875_/A                                0.750000    0.963023   -0.213023 (VIOLATED)
_7873_/A1                               0.750000    0.963022   -0.213023 (VIOLATED)
ANTENNA__7873__A1/DIODE                 0.750000    0.963021   -0.213021 (VIOLATED)
_7230_/A                                0.750000    0.963019   -0.213019 (VIOLATED)
ANTENNA__7875__A/DIODE                  0.750000    0.963013   -0.213013 (VIOLATED)
ANTENNA_fanout227_A/DIODE               0.750000    0.962995   -0.212995 (VIOLATED)
ANTENNA_fanout229_X/DIODE               0.750000    0.962994   -0.212994 (VIOLATED)
ANTENNA_fanout228_A/DIODE               0.750000    0.962990   -0.212990 (VIOLATED)
fanout228/A                             0.750000    0.962978   -0.212978 (VIOLATED)
fanout227/A                             0.750000    0.962975   -0.212975 (VIOLATED)
fanout229/X                             0.750000    0.962975   -0.212975 (VIOLATED)
_5727_/B                                0.750000    0.957378   -0.207378 (VIOLATED)
_5939_/B                                0.750000    0.957378   -0.207378 (VIOLATED)
_6581_/B                                0.750000    0.957365   -0.207365 (VIOLATED)
_6299_/B                                0.750000    0.957346   -0.207346 (VIOLATED)
_6301_/A2                               0.750000    0.957338   -0.207338 (VIOLATED)
_6111_/B                                0.750000    0.957337   -0.207337 (VIOLATED)
_6582_/B                                0.750000    0.957336   -0.207336 (VIOLATED)
_4913_/B                                0.750000    0.957311   -0.207311 (VIOLATED)
_4994_/A2                               0.750000    0.957292   -0.207292 (VIOLATED)
_4832_/B                                0.750000    0.957285   -0.207285 (VIOLATED)
fanout87/X                              0.750000    0.957285   -0.207285 (VIOLATED)
_6483_/A1                               0.750000    0.951800   -0.201800 (VIOLATED)
_6796_/B2                               0.750000    0.951797   -0.201797 (VIOLATED)
ANTENNA__6796__B2/DIODE                 0.750000    0.951797   -0.201797 (VIOLATED)
_6795_/A                                0.750000    0.951797   -0.201797 (VIOLATED)
ANTENNA__6795__A/DIODE                  0.750000    0.951793   -0.201793 (VIOLATED)
ANTENNA__6483__A1/DIODE                 0.750000    0.951792   -0.201792 (VIOLATED)
ANTENNA_fanout343_A/DIODE               0.750000    0.951488   -0.201488 (VIOLATED)
fanout343/A                             0.750000    0.951478   -0.201478 (VIOLATED)
ANTENNA_fanout342_A/DIODE               0.750000    0.951467   -0.201467 (VIOLATED)
ANTENNA_fanout344_X/DIODE               0.750000    0.951467   -0.201467 (VIOLATED)
fanout342/A                             0.750000    0.951467   -0.201467 (VIOLATED)
fanout344/X                             0.750000    0.951467   -0.201467 (VIOLATED)
_6762_/A                                0.750000    0.941256   -0.191256 (VIOLATED)
_6641_/A                                0.750000    0.941253   -0.191253 (VIOLATED)
_6362_/A                                0.750000    0.941251   -0.191251 (VIOLATED)
_6169_/A                                0.750000    0.941249   -0.191249 (VIOLATED)
_6168_/A                                0.750000    0.941248   -0.191248 (VIOLATED)
_5781_/A                                0.750000    0.941240   -0.191240 (VIOLATED)
_5780_/A                                0.750000    0.941236   -0.191236 (VIOLATED)
_5053_/A                                0.750000    0.941234   -0.191234 (VIOLATED)
_5058_/A                                0.750000    0.941234   -0.191234 (VIOLATED)
_8413_/D                                0.750000    0.941234   -0.191234 (VIOLATED)
fanout145/X                             0.750000    0.941234   -0.191234 (VIOLATED)
_5899_/B                                0.750000    0.939990   -0.189990 (VIOLATED)
ANTENNA__5899__B/DIODE                  0.750000    0.939984   -0.189984 (VIOLATED)
_5781_/B                                0.750000    0.939982   -0.189982 (VIOLATED)
ANTENNA__5781__B/DIODE                  0.750000    0.939977   -0.189977 (VIOLATED)
_5111_/B                                0.750000    0.939962   -0.189962 (VIOLATED)
ANTENNA__5111__B/DIODE                  0.750000    0.939959   -0.189959 (VIOLATED)
_5243_/B                                0.750000    0.939923   -0.189923 (VIOLATED)
ANTENNA__5243__B/DIODE                  0.750000    0.939903   -0.189903 (VIOLATED)
_5245_/B1                               0.750000    0.939901   -0.189901 (VIOLATED)
ANTENNA__5245__B1/DIODE                 0.750000    0.939897   -0.189897 (VIOLATED)
ANTENNA__5270__B/DIODE                  0.750000    0.939893   -0.189893 (VIOLATED)
ANTENNA_fanout73_X/DIODE                0.750000    0.939893   -0.189893 (VIOLATED)
_5270_/B                                0.750000    0.939893   -0.189893 (VIOLATED)
fanout73/X                              0.750000    0.939893   -0.189893 (VIOLATED)
_6894_/B                                0.750000    0.939075   -0.189075 (VIOLATED)
ANTENNA__6815__C/DIODE                  0.750000    0.939073   -0.189073 (VIOLATED)
_6816_/A2                               0.750000    0.939073   -0.189073 (VIOLATED)
ANTENNA__6894__B/DIODE                  0.750000    0.939072   -0.189072 (VIOLATED)
_6815_/C                                0.750000    0.939072   -0.189072 (VIOLATED)
ANTENNA__6816__A2/DIODE                 0.750000    0.939071   -0.189071 (VIOLATED)
_6502_/D                                0.750000    0.939068   -0.189068 (VIOLATED)
_6503_/B1                               0.750000    0.939068   -0.189068 (VIOLATED)
ANTENNA__6239__A2/DIODE                 0.750000    0.939067   -0.189067 (VIOLATED)
ANTENNA__6417__B/DIODE                  0.750000    0.939067   -0.189067 (VIOLATED)
ANTENNA__6502__D/DIODE                  0.750000    0.939067   -0.189067 (VIOLATED)
ANTENNA__6503__B1/DIODE                 0.750000    0.939067   -0.189067 (VIOLATED)
ANTENNA_fanout318_X/DIODE               0.750000    0.939067   -0.189067 (VIOLATED)
_6239_/A2                               0.750000    0.939067   -0.189067 (VIOLATED)
_6417_/B                                0.750000    0.939067   -0.189067 (VIOLATED)
fanout318/X                             0.750000    0.939067   -0.189067 (VIOLATED)
_7321_/A                                0.750000    0.937690   -0.187690 (VIOLATED)
_7062_/A                                0.750000    0.937686   -0.187686 (VIOLATED)
_6995_/A1                               0.750000    0.937684   -0.187684 (VIOLATED)
_6646_/A1                               0.750000    0.937680   -0.187680 (VIOLATED)
_6352_/A                                0.750000    0.937678   -0.187678 (VIOLATED)
_7005_/A                                0.750000    0.937670   -0.187670 (VIOLATED)
_6749_/A                                0.750000    0.937658   -0.187658 (VIOLATED)
_5785_/A                                0.750000    0.937656   -0.187656 (VIOLATED)
_5786_/A                                0.750000    0.937656   -0.187656 (VIOLATED)
_8416_/D                                0.750000    0.937656   -0.187656 (VIOLATED)
fanout123/X                             0.750000    0.937656   -0.187656 (VIOLATED)
_4623_/B                                0.750000    0.935073   -0.185073 (VIOLATED)
_4557_/B                                0.750000    0.935067   -0.185067 (VIOLATED)
_4685_/B1                               0.750000    0.935057   -0.185057 (VIOLATED)
_4646_/B                                0.750000    0.935041   -0.185042 (VIOLATED)
_4696_/D                                0.750000    0.935014   -0.185014 (VIOLATED)
_4703_/B1                               0.750000    0.935012   -0.185012 (VIOLATED)
_4714_/B1                               0.750000    0.934992   -0.184992 (VIOLATED)
_4709_/D                                0.750000    0.934989   -0.184989 (VIOLATED)
fanout147/X                             0.750000    0.934989   -0.184989 (VIOLATED)
_7359_/A                                0.750000    0.926652   -0.176652 (VIOLATED)
_7511_/A1                               0.750000    0.926646   -0.176646 (VIOLATED)
ANTENNA__7511__A1/DIODE                 0.750000    0.926639   -0.176639 (VIOLATED)
_7510_/A1                               0.750000    0.926633   -0.176633 (VIOLATED)
ANTENNA__7510__A1/DIODE                 0.750000    0.926632   -0.176632 (VIOLATED)
ANTENNA__7359__A/DIODE                  0.750000    0.926592   -0.176592 (VIOLATED)
ANTENNA__7291__Y/DIODE                  0.750000    0.926496   -0.176496 (VIOLATED)
_7291_/Y                                0.750000    0.926494   -0.176494 (VIOLATED)
_5780_/B                                0.750000    0.922961   -0.172961 (VIOLATED)
ANTENNA__5780__B/DIODE                  0.750000    0.922957   -0.172957 (VIOLATED)
_5783_/A2                               0.750000    0.922954   -0.172954 (VIOLATED)
ANTENNA__5783__A2/DIODE                 0.750000    0.922953   -0.172953 (VIOLATED)
_5044_/B                                0.750000    0.922943   -0.172943 (VIOLATED)
ANTENNA__5044__B/DIODE                  0.750000    0.922939   -0.172939 (VIOLATED)
_5077_/A2                               0.750000    0.922929   -0.172929 (VIOLATED)
ANTENNA__5077__A2/DIODE                 0.750000    0.922928   -0.172928 (VIOLATED)
_5220_/B                                0.750000    0.922919   -0.172919 (VIOLATED)
_5262_/B                                0.750000    0.922911   -0.172911 (VIOLATED)
_5245_/A2                               0.750000    0.922902   -0.172902 (VIOLATED)
ANTENNA__5262__B/DIODE                  0.750000    0.922901   -0.172901 (VIOLATED)
ANTENNA__5220__B/DIODE                  0.750000    0.922900   -0.172900 (VIOLATED)
_5244_/B                                0.750000    0.922900   -0.172901 (VIOLATED)
ANTENNA__5244__B/DIODE                  0.750000    0.922900   -0.172900 (VIOLATED)
ANTENNA__5245__A2/DIODE                 0.750000    0.922900   -0.172900 (VIOLATED)
ANTENNA_fanout68_X/DIODE                0.750000    0.922900   -0.172900 (VIOLATED)
fanout68/X                              0.750000    0.922900   -0.172900 (VIOLATED)
ANTENNA__5883__B/DIODE                  0.750000    0.920005   -0.170005 (VIOLATED)
_5883_/B                                0.750000    0.920004   -0.170004 (VIOLATED)
ANTENNA__5882__B/DIODE                  0.750000    0.920003   -0.170003 (VIOLATED)
_5882_/B                                0.750000    0.920003   -0.170003 (VIOLATED)
ANTENNA__5881__X/DIODE                  0.750000    0.919968   -0.169968 (VIOLATED)
_5881_/X                                0.750000    0.919962   -0.169962 (VIOLATED)
_4556_/B                                0.750000    0.916821   -0.166821 (VIOLATED)
_4559_/A2                               0.750000    0.916809   -0.166809 (VIOLATED)
_4624_/A2                               0.750000    0.916792   -0.166792 (VIOLATED)
_4594_/B                                0.750000    0.916779   -0.166779 (VIOLATED)
_4685_/A2                               0.750000    0.916764   -0.166764 (VIOLATED)
_4667_/B                                0.750000    0.916753   -0.166753 (VIOLATED)
_4696_/C                                0.750000    0.916732   -0.166732 (VIOLATED)
_4703_/A2                               0.750000    0.916731   -0.166731 (VIOLATED)
_4709_/C                                0.750000    0.916725   -0.166725 (VIOLATED)
_4710_/A2                               0.750000    0.916725   -0.166725 (VIOLATED)
fanout148/X                             0.750000    0.916725   -0.166725 (VIOLATED)
_5659_/A                                0.750000    0.910361   -0.160361 (VIOLATED)
_8179_/A                                0.750000    0.910360   -0.160360 (VIOLATED)
_5661_/A1                               0.750000    0.910359   -0.160359 (VIOLATED)
_5608_/A                                0.750000    0.910359   -0.160359 (VIOLATED)
_8186_/A1                               0.750000    0.910358   -0.160359 (VIOLATED)
_8182_/A1                               0.750000    0.910358   -0.160358 (VIOLATED)
_5334_/B2                               0.750000    0.910357   -0.160357 (VIOLATED)
_5315_/A1                               0.750000    0.910357   -0.160357 (VIOLATED)
_5333_/B                                0.750000    0.910357   -0.160357 (VIOLATED)
_5314_/A                                0.750000    0.910356   -0.160356 (VIOLATED)
fanout340/X                             0.750000    0.910356   -0.160356 (VIOLATED)
_7375_/A                                0.750000    0.896741   -0.146741 (VIOLATED)
_7318_/A                                0.750000    0.896739   -0.146739 (VIOLATED)
_7319_/A1                               0.750000    0.896739   -0.146739 (VIOLATED)
_7060_/A1                               0.750000    0.896733   -0.146733 (VIOLATED)
_7003_/A                                0.750000    0.896728   -0.146728 (VIOLATED)
_6644_/A                                0.750000    0.896714   -0.146714 (VIOLATED)
_6643_/A                                0.750000    0.896704   -0.146704 (VIOLATED)
_5888_/A                                0.750000    0.896694   -0.146694 (VIOLATED)
_5889_/A                                0.750000    0.896694   -0.146694 (VIOLATED)
_8417_/D                                0.750000    0.896694   -0.146694 (VIOLATED)
fanout122/X                             0.750000    0.896694   -0.146694 (VIOLATED)
_7954_/B                                0.750000    0.896278   -0.146278 (VIOLATED)
_7955_/B1                               0.750000    0.896274   -0.146274 (VIOLATED)
_7683_/B                                0.750000    0.896262   -0.146262 (VIOLATED)
_7813_/B                                0.750000    0.896251   -0.146251 (VIOLATED)
_7814_/A2                               0.750000    0.896245   -0.146245 (VIOLATED)
_4204_/B                                0.750000    0.896056   -0.146056 (VIOLATED)
ANTENNA__4204__B/DIODE                  0.750000    0.896043   -0.146044 (VIOLATED)
fanout192/A                             0.750000    0.896011   -0.146011 (VIOLATED)
ANTENNA_fanout192_A/DIODE               0.750000    0.895992   -0.145992 (VIOLATED)
ANTENNA_fanout193_A/DIODE               0.750000    0.895979   -0.145979 (VIOLATED)
fanout193/A                             0.750000    0.895977   -0.145977 (VIOLATED)
_7609_/A2                               0.750000    0.895947   -0.145947 (VIOLATED)
_7612_/B                                0.750000    0.895940   -0.145940 (VIOLATED)
_7389_/B                                0.750000    0.895924   -0.145924 (VIOLATED)
_7313_/B                                0.750000    0.895902   -0.145902 (VIOLATED)
_7312_/B                                0.750000    0.895901   -0.145901 (VIOLATED)
fanout42/X                              0.750000    0.895901   -0.145901 (VIOLATED)
_4223_/B                                0.750000    0.895647   -0.145647 (VIOLATED)
ANTENNA__4221__B/DIODE                  0.750000    0.895645   -0.145645 (VIOLATED)
ANTENNA__4223__B/DIODE                  0.750000    0.895645   -0.145645 (VIOLATED)
ANTENNA_fanout194_X/DIODE               0.750000    0.895645   -0.145645 (VIOLATED)
_4221_/B                                0.750000    0.895645   -0.145645 (VIOLATED)
fanout194/X                             0.750000    0.895645   -0.145645 (VIOLATED)
ANTENNA__6876__B/DIODE                  0.750000    0.888282   -0.138282 (VIOLATED)
_6876_/B                                0.750000    0.888282   -0.138282 (VIOLATED)
_6877_/B                                0.750000    0.888279   -0.138279 (VIOLATED)
ANTENNA__6877__B/DIODE                  0.750000    0.888269   -0.138269 (VIOLATED)
ANTENNA__6875__Y/DIODE                  0.750000    0.888162   -0.138162 (VIOLATED)
_6875_/Y                                0.750000    0.888160   -0.138160 (VIOLATED)
_6970_/A                                0.750000    0.887479   -0.137479 (VIOLATED)
ANTENNA__6970__A/DIODE                  0.750000    0.887478   -0.137478 (VIOLATED)
_6726_/A                                0.750000    0.887478   -0.137478 (VIOLATED)
ANTENNA__6726__A/DIODE                  0.750000    0.887478   -0.137478 (VIOLATED)
_6147_/A1                               0.750000    0.887476   -0.137476 (VIOLATED)
_6337_/A                                0.750000    0.887475   -0.137475 (VIOLATED)
ANTENNA__6147__A1/DIODE                 0.750000    0.887475   -0.137475 (VIOLATED)
ANTENNA__6337__A/DIODE                  0.750000    0.887475   -0.137475 (VIOLATED)
ANTENNA__6614__C/DIODE                  0.750000    0.887468   -0.137468 (VIOLATED)
_6614_/C                                0.750000    0.887468   -0.137468 (VIOLATED)
_5127_/A                                0.750000    0.887464   -0.137464 (VIOLATED)
ANTENNA__5127__A/DIODE                  0.750000    0.887464   -0.137464 (VIOLATED)
ANTENNA__5128__A/DIODE                  0.750000    0.887461   -0.137461 (VIOLATED)
ANTENNA__5129__A1/DIODE                 0.750000    0.887461   -0.137461 (VIOLATED)
ANTENNA_fanout126_X/DIODE               0.750000    0.887461   -0.137461 (VIOLATED)
_5128_/A                                0.750000    0.887461   -0.137461 (VIOLATED)
_5129_/A1                               0.750000    0.887461   -0.137461 (VIOLATED)
fanout126/X                             0.750000    0.887461   -0.137461 (VIOLATED)
_4808_/A1                               0.750000    0.885729   -0.135729 (VIOLATED)
_4456_/A                                0.750000    0.885728   -0.135728 (VIOLATED)
_4744_/A                                0.750000    0.885728   -0.135728 (VIOLATED)
_4326_/A                                0.750000    0.885718   -0.135718 (VIOLATED)
_4287_/A1                               0.750000    0.885710   -0.135710 (VIOLATED)
_4285_/A                                0.750000    0.885702   -0.135702 (VIOLATED)
_4533_/A                                0.750000    0.885693   -0.135693 (VIOLATED)
_4535_/A1                               0.750000    0.885690   -0.135690 (VIOLATED)
_4432_/A                                0.750000    0.885689   -0.135689 (VIOLATED)
_4434_/A1                               0.750000    0.885680   -0.135680 (VIOLATED)
fanout164/X                             0.750000    0.885680   -0.135680 (VIOLATED)
_7221_/A                                0.750000    0.880666   -0.130666 (VIOLATED)
_7437_/A                                0.750000    0.880664   -0.130664 (VIOLATED)
_7526_/A                                0.750000    0.880663   -0.130663 (VIOLATED)
_7725_/A                                0.750000    0.880661   -0.130661 (VIOLATED)
_7863_/A1_N                             0.750000    0.880651   -0.130651 (VIOLATED)
_8132_/B2                               0.750000    0.880651   -0.130651 (VIOLATED)
_8133_/B                                0.750000    0.880651   -0.130651 (VIOLATED)
_7864_/C                                0.750000    0.880647   -0.130647 (VIOLATED)
_8124_/A1                               0.750000    0.880647   -0.130647 (VIOLATED)
_8027_/A                                0.750000    0.880646   -0.130646 (VIOLATED)
fanout223/X                             0.750000    0.880646   -0.130646 (VIOLATED)
_4780_/B                                0.750000    0.869933   -0.119934 (VIOLATED)
_4839_/A2                               0.750000    0.869931   -0.119931 (VIOLATED)
_4481_/A2                               0.750000    0.869930   -0.119930 (VIOLATED)
_4364_/B                                0.750000    0.869924   -0.119924 (VIOLATED)
_4361_/B                                0.750000    0.869914   -0.119914 (VIOLATED)
_4380_/B                                0.750000    0.869913   -0.119913 (VIOLATED)
_4382_/A2                               0.750000    0.869911   -0.119911 (VIOLATED)
_4398_/B                                0.750000    0.869911   -0.119911 (VIOLATED)
_4399_/B                                0.750000    0.869911   -0.119911 (VIOLATED)
_4415_/A2                               0.750000    0.869911   -0.119911 (VIOLATED)
fanout149/X                             0.750000    0.869911   -0.119911 (VIOLATED)
_5644_/A2                               0.750000    0.869613   -0.119613 (VIOLATED)
_5554_/A2                               0.750000    0.869612   -0.119612 (VIOLATED)
_5642_/C                                0.750000    0.869611   -0.119611 (VIOLATED)
_5555_/C                                0.750000    0.869610   -0.119610 (VIOLATED)
_5606_/A2                               0.750000    0.869608   -0.119608 (VIOLATED)
_5605_/C                                0.750000    0.869604   -0.119604 (VIOLATED)
_5401_/B                                0.750000    0.869580   -0.119580 (VIOLATED)
_5402_/A2                               0.750000    0.869580   -0.119580 (VIOLATED)
_5837_/A1                               0.750000    0.869580   -0.119580 (VIOLATED)
_5838_/A                                0.750000    0.869580   -0.119580 (VIOLATED)
fanout256/X                             0.750000    0.869580   -0.119580 (VIOLATED)
_7131_/B                                0.750000    0.867188   -0.117188 (VIOLATED)
_7218_/B1                               0.750000    0.867186   -0.117186 (VIOLATED)
_7219_/D                                0.750000    0.867182   -0.117182 (VIOLATED)
_7434_/A2                               0.750000    0.867176   -0.117176 (VIOLATED)
_7435_/C                                0.750000    0.867155   -0.117155 (VIOLATED)
_7518_/B                                0.750000    0.867131   -0.117131 (VIOLATED)
_7714_/B                                0.750000    0.867121   -0.117121 (VIOLATED)
_7715_/A1                               0.750000    0.867115   -0.117115 (VIOLATED)
_7851_/B2                               0.750000    0.867111   -0.117111 (VIOLATED)
_7853_/A                                0.750000    0.867111   -0.117111 (VIOLATED)
fanout313/X                             0.750000    0.867111   -0.117111 (VIOLATED)
_6835_/A1                               0.750000    0.863652   -0.113652 (VIOLATED)
_6923_/A1                               0.750000    0.863651   -0.113651 (VIOLATED)
_6834_/A                                0.750000    0.863650   -0.113650 (VIOLATED)
_6922_/A                                0.750000    0.863644   -0.113644 (VIOLATED)
_7160_/A1                               0.750000    0.863634   -0.113634 (VIOLATED)
_7159_/A                                0.750000    0.863628   -0.113628 (VIOLATED)
_7997_/A1                               0.750000    0.863627   -0.113627 (VIOLATED)
_7250_/A1                               0.750000    0.863627   -0.113627 (VIOLATED)
_7893_/A1                               0.750000    0.863624   -0.113624 (VIOLATED)
_7895_/A                                0.750000    0.863623   -0.113623 (VIOLATED)
fanout242/X                             0.750000    0.863622   -0.113622 (VIOLATED)
_7409_/B                                0.750000    0.863063   -0.113063 (VIOLATED)
ANTENNA__7409__B/DIODE                  0.750000    0.863054   -0.113054 (VIOLATED)
_7603_/B                                0.750000    0.863040   -0.113040 (VIOLATED)
ANTENNA__7603__B/DIODE                  0.750000    0.863025   -0.113025 (VIOLATED)
ANTENNA_fanout39_A/DIODE                0.750000    0.862951   -0.112951 (VIOLATED)
fanout39/A                              0.750000    0.862931   -0.112931 (VIOLATED)
ANTENNA__6722__X/DIODE                  0.750000    0.862856   -0.112856 (VIOLATED)
_6722_/X                                0.750000    0.862850   -0.112850 (VIOLATED)
_6572_/B                                0.750000    0.861182   -0.111182 (VIOLATED)
_6574_/B1                               0.750000    0.861178   -0.111178 (VIOLATED)
_6092_/B1                               0.750000    0.861174   -0.111174 (VIOLATED)
_6091_/B                                0.750000    0.861173   -0.111173 (VIOLATED)
_5927_/B                                0.750000    0.861161   -0.111162 (VIOLATED)
_5926_/A2                               0.750000    0.861159   -0.111159 (VIOLATED)
_5928_/B                                0.750000    0.861149   -0.111149 (VIOLATED)
_5557_/A                                0.750000    0.861144   -0.111144 (VIOLATED)
_5742_/B                                0.750000    0.861138   -0.111138 (VIOLATED)
_5569_/B                                0.750000    0.861137   -0.111137 (VIOLATED)
_5570_/B2                               0.750000    0.861133   -0.111133 (VIOLATED)
_5526_/A                                0.750000    0.861132   -0.111132 (VIOLATED)
_5525_/A1                               0.750000    0.861129   -0.111129 (VIOLATED)
_5476_/A1_N                             0.750000    0.861120   -0.111120 (VIOLATED)
_5335_/C                                0.750000    0.861117   -0.111117 (VIOLATED)
_5315_/B2                               0.750000    0.861116   -0.111116 (VIOLATED)
_5133_/B                                0.750000    0.861113   -0.111113 (VIOLATED)
_5314_/B                                0.750000    0.861111   -0.111111 (VIOLATED)
_5647_/A                                0.750000    0.861111   -0.111111 (VIOLATED)
fanout336/X                             0.750000    0.861111   -0.111111 (VIOLATED)
_5015_/B                                0.750000    0.861109   -0.111109 (VIOLATED)
fanout83/X                              0.750000    0.861109   -0.111109 (VIOLATED)
_7372_/A                                0.750000    0.856967   -0.106967 (VIOLATED)
_7373_/A1                               0.750000    0.856966   -0.106966 (VIOLATED)
_7688_/A                                0.750000    0.856965   -0.106965 (VIOLATED)
_7324_/A                                0.750000    0.856964   -0.106964 (VIOLATED)
_7052_/A                                0.750000    0.856963   -0.106963 (VIOLATED)
_7053_/A                                0.750000    0.856962   -0.106962 (VIOLATED)
_6346_/A                                0.750000    0.856961   -0.106961 (VIOLATED)
_6347_/A                                0.750000    0.856961   -0.106961 (VIOLATED)
_7010_/A                                0.750000    0.856961   -0.106961 (VIOLATED)
_8419_/D                                0.750000    0.856961   -0.106961 (VIOLATED)
fanout120/X                             0.750000    0.856961   -0.106961 (VIOLATED)
_8206_/S                                0.750000    0.848759   -0.098760 (VIOLATED)
_8194_/S                                0.750000    0.848752   -0.098752 (VIOLATED)
_8200_/S                                0.750000    0.848751   -0.098751 (VIOLATED)
_8307_/S                                0.750000    0.848750   -0.098750 (VIOLATED)
_8305_/S                                0.750000    0.848730   -0.098730 (VIOLATED)
_8164_/A                                0.750000    0.848720   -0.098720 (VIOLATED)
_8171_/A                                0.750000    0.848701   -0.098701 (VIOLATED)
_8178_/S                                0.750000    0.848688   -0.098688 (VIOLATED)
_8181_/B1                               0.750000    0.848686   -0.098686 (VIOLATED)
_8188_/S                                0.750000    0.848676   -0.098676 (VIOLATED)
fanout200/X                             0.750000    0.848674   -0.098674 (VIOLATED)
_7211_/B2                               0.750000    0.846354   -0.096354 (VIOLATED)
_7210_/A                                0.750000    0.846354   -0.096354 (VIOLATED)
_6886_/B                                0.750000    0.846347   -0.096347 (VIOLATED)
_7120_/B                                0.750000    0.846347   -0.096347 (VIOLATED)
_6803_/A2                               0.750000    0.846327   -0.096327 (VIOLATED)
_6490_/B1                               0.750000    0.846325   -0.096325 (VIOLATED)
_6804_/C                                0.750000    0.846323   -0.096323 (VIOLATED)
_6491_/D                                0.750000    0.846306   -0.096306 (VIOLATED)
_6406_/B                                0.750000    0.846284   -0.096284 (VIOLATED)
_6218_/A2                               0.750000    0.846269   -0.096269 (VIOLATED)
fanout330/X                             0.750000    0.846269   -0.096269 (VIOLATED)
_6201_/A2_N                             0.750000    0.843148   -0.093148 (VIOLATED)
_6396_/A1                               0.750000    0.843148   -0.093148 (VIOLATED)
_6200_/D                                0.750000    0.843147   -0.093147 (VIOLATED)
_6482_/A                                0.750000    0.843147   -0.093147 (VIOLATED)
_6395_/A                                0.750000    0.843146   -0.093146 (VIOLATED)
_6004_/A2                               0.750000    0.843137   -0.093138 (VIOLATED)
_6005_/C                                0.750000    0.843130   -0.093130 (VIOLATED)
_5815_/B2                               0.750000    0.843128   -0.093128 (VIOLATED)
_5816_/D                                0.750000    0.843124   -0.093124 (VIOLATED)
_5427_/A                                0.750000    0.843115   -0.093115 (VIOLATED)
fanout348/X                             0.750000    0.843115   -0.093115 (VIOLATED)
_7373_/B2                               0.750000    0.842640   -0.092640 (VIOLATED)
_7059_/A                                0.750000    0.842638   -0.092638 (VIOLATED)
_7318_/B                                0.750000    0.842638   -0.092638 (VIOLATED)
_7060_/B2                               0.750000    0.842636   -0.092637 (VIOLATED)
_6745_/A                                0.750000    0.842630   -0.092630 (VIOLATED)
_7002_/A                                0.750000    0.842623   -0.092623 (VIOLATED)
_6746_/A                                0.750000    0.842618   -0.092618 (VIOLATED)
_6171_/A                                0.750000    0.842618   -0.092618 (VIOLATED)
_6172_/A                                0.750000    0.842618   -0.092618 (VIOLATED)
_8418_/D                                0.750000    0.842618   -0.092618 (VIOLATED)
fanout121/X                             0.750000    0.842618   -0.092618 (VIOLATED)
wire77/A                                0.750000    0.842566   -0.092566 (VIOLATED)
ANTENNA_wire77_A/DIODE                  0.750000    0.842565   -0.092565 (VIOLATED)
_5066_/B                                0.750000    0.842562   -0.092563 (VIOLATED)
ANTENNA__5066__B/DIODE                  0.750000    0.842547   -0.092547 (VIOLATED)
ANTENNA_fanout74_A/DIODE                0.750000    0.842517   -0.092517 (VIOLATED)
fanout74/A                              0.750000    0.842511   -0.092511 (VIOLATED)
ANTENNA__5055__Y/DIODE                  0.750000    0.842498   -0.092498 (VIOLATED)
_5055_/Y                                0.750000    0.842492   -0.092492 (VIOLATED)
_6475_/B                                0.750000    0.837810   -0.087810 (VIOLATED)
_6476_/B                                0.750000    0.837810   -0.087810 (VIOLATED)
ANTENNA__6475__B/DIODE                  0.750000    0.837810   -0.087810 (VIOLATED)
ANTENNA__6476__B/DIODE                  0.750000    0.837807   -0.087807 (VIOLATED)
ANTENNA__6474__X/DIODE                  0.750000    0.837786   -0.087786 (VIOLATED)
_6474_/X                                0.750000    0.837786   -0.087786 (VIOLATED)
_4902_/A                                0.750000    0.837375   -0.087375 (VIOLATED)
_4893_/A1                               0.750000    0.837371   -0.087371 (VIOLATED)
_4817_/A1                               0.750000    0.837365   -0.087365 (VIOLATED)
_4816_/A                                0.750000    0.837364   -0.087364 (VIOLATED)
_4818_/A1                               0.750000    0.837356   -0.087356 (VIOLATED)
_4745_/A                                0.750000    0.837348   -0.087348 (VIOLATED)
_4277_/A                                0.750000    0.837345   -0.087345 (VIOLATED)
_4331_/A                                0.750000    0.837345   -0.087345 (VIOLATED)
_4457_/A                                0.750000    0.837345   -0.087345 (VIOLATED)
_4751_/A1                               0.750000    0.837345   -0.087345 (VIOLATED)
fanout132/X                             0.750000    0.837345   -0.087345 (VIOLATED)
_4889_/A                                0.750000    0.835690   -0.085690 (VIOLATED)
_4966_/B2                               0.750000    0.835689   -0.085689 (VIOLATED)
_5128_/B                                0.750000    0.835688   -0.085689 (VIOLATED)
_4888_/A                                0.750000    0.835684   -0.085684 (VIOLATED)
_5222_/A1                               0.750000    0.835675   -0.085675 (VIOLATED)
_5221_/A                                0.750000    0.835669   -0.085669 (VIOLATED)
_5272_/A                                0.750000    0.835664   -0.085664 (VIOLATED)
_8407_/D                                0.750000    0.835663   -0.085663 (VIOLATED)
_5245_/A1                               0.750000    0.835661   -0.085661 (VIOLATED)
_5243_/A                                0.750000    0.835661   -0.085661 (VIOLATED)
fanout124/X                             0.750000    0.835661   -0.085661 (VIOLATED)
_6159_/A                                0.750000    0.832387   -0.082387 (VIOLATED)
_5774_/A                                0.750000    0.832386   -0.082387 (VIOLATED)
_5911_/A1                               0.750000    0.832384   -0.082384 (VIOLATED)
_5118_/A                                0.750000    0.832377   -0.082377 (VIOLATED)
_4735_/A                                0.750000    0.832372   -0.082372 (VIOLATED)
_4732_/A                                0.750000    0.832366   -0.082366 (VIOLATED)
_5216_/B2                               0.750000    0.832361   -0.082361 (VIOLATED)
_5214_/A                                0.750000    0.832359   -0.082359 (VIOLATED)
_5239_/A                                0.750000    0.832351   -0.082351 (VIOLATED)
_8410_/D                                0.750000    0.832348   -0.082348 (VIOLATED)
fanout129/X                             0.750000    0.832348   -0.082348 (VIOLATED)
_5618_/A                                0.750000    0.831913   -0.081913 (VIOLATED)
_5619_/A1                               0.750000    0.831908   -0.081908 (VIOLATED)
_5595_/A1                               0.750000    0.831902   -0.081902 (VIOLATED)
_5528_/A                                0.750000    0.831901   -0.081901 (VIOLATED)
_5482_/B2                               0.750000    0.831900   -0.081900 (VIOLATED)
_5483_/B                                0.750000    0.831900   -0.081900 (VIOLATED)
_5337_/A1                               0.750000    0.831896   -0.081896 (VIOLATED)
_5338_/A                                0.750000    0.831896   -0.081896 (VIOLATED)
_5309_/A                                0.750000    0.831864   -0.081864 (VIOLATED)
_5359_/B                                0.750000    0.831864   -0.081864 (VIOLATED)
fanout328/X                             0.750000    0.831864   -0.081864 (VIOLATED)
_8191_/A                                0.750000    0.826226   -0.076226 (VIOLATED)
_8190_/A                                0.750000    0.826225   -0.076225 (VIOLATED)
_5359_/A                                0.750000    0.826224   -0.076224 (VIOLATED)
_5482_/A1                               0.750000    0.826222   -0.076222 (VIOLATED)
_5631_/B1                               0.750000    0.826221   -0.076221 (VIOLATED)
_5316_/C                                0.750000    0.826220   -0.076220 (VIOLATED)
_5331_/A1_N                             0.750000    0.826219   -0.076219 (VIOLATED)
_5310_/B                                0.750000    0.826219   -0.076219 (VIOLATED)
_5311_/B2                               0.750000    0.826215   -0.076215 (VIOLATED)
_5360_/A1                               0.750000    0.826213   -0.076213 (VIOLATED)
fanout332/X                             0.750000    0.826213   -0.076213 (VIOLATED)
_8396_/D                                0.750000    0.824531   -0.074531 (VIOLATED)
_8297_/S                                0.750000    0.824529   -0.074529 (VIOLATED)
_8298_/S                                0.750000    0.824522   -0.074522 (VIOLATED)
_8294_/S                                0.750000    0.824522   -0.074522 (VIOLATED)
_8291_/S                                0.750000    0.824522   -0.074522 (VIOLATED)
_8290_/S                                0.750000    0.824521   -0.074521 (VIOLATED)
_8288_/S                                0.750000    0.824520   -0.074520 (VIOLATED)
_8289_/S                                0.750000    0.824512   -0.074512 (VIOLATED)
_8292_/S                                0.750000    0.824508   -0.074508 (VIOLATED)
_8293_/S                                0.750000    0.824508   -0.074508 (VIOLATED)
fanout189/X                             0.750000    0.824508   -0.074508 (VIOLATED)
_5915_/A                                0.750000    0.824320   -0.074320 (VIOLATED)
_5120_/A                                0.750000    0.824319   -0.074319 (VIOLATED)
_4734_/A                                0.750000    0.824318   -0.074318 (VIOLATED)
_5126_/A1                               0.750000    0.824317   -0.074317 (VIOLATED)
_5077_/A1                               0.750000    0.824317   -0.074317 (VIOLATED)
_5778_/A                                0.750000    0.824313   -0.074313 (VIOLATED)
_5050_/A                                0.750000    0.824312   -0.074312 (VIOLATED)
_5238_/A                                0.750000    0.824307   -0.074307 (VIOLATED)
_5255_/A1                               0.750000    0.824307   -0.074307 (VIOLATED)
_8409_/D                                0.750000    0.824307   -0.074307 (VIOLATED)
fanout127/X                             0.750000    0.824307   -0.074307 (VIOLATED)
_7668_/A                                0.750000    0.823444   -0.073444 (VIOLATED)
_7401_/B2                               0.750000    0.823443   -0.073443 (VIOLATED)
_7600_/A                                0.750000    0.823441   -0.073441 (VIOLATED)
_7296_/A                                0.750000    0.823438   -0.073438 (VIOLATED)
_7295_/A                                0.750000    0.823438   -0.073438 (VIOLATED)
_7083_/A                                0.750000    0.823434   -0.073434 (VIOLATED)
_7084_/A                                0.750000    0.823434   -0.073434 (VIOLATED)
_6629_/A                                0.750000    0.823431   -0.073431 (VIOLATED)
_6770_/A                                0.750000    0.823430   -0.073430 (VIOLATED)
_6771_/A1                               0.750000    0.823430   -0.073430 (VIOLATED)
fanout161/X                             0.750000    0.823430   -0.073430 (VIOLATED)
_7233_/B                                0.750000    0.823393   -0.073393 (VIOLATED)
_7447_/B1                               0.750000    0.823391   -0.073391 (VIOLATED)
_7535_/C                                0.750000    0.823389   -0.073389 (VIOLATED)
_7446_/D                                0.750000    0.823386   -0.073386 (VIOLATED)
_7862_/D                                0.750000    0.823375   -0.073375 (VIOLATED)
_7860_/B1                               0.750000    0.823373   -0.073373 (VIOLATED)
_8024_/A2                               0.750000    0.823373   -0.073373 (VIOLATED)
_8025_/C                                0.750000    0.823373   -0.073373 (VIOLATED)
_8132_/A2                               0.750000    0.823373   -0.073373 (VIOLATED)
_8133_/C                                0.750000    0.823373   -0.073373 (VIOLATED)
fanout299/X                             0.750000    0.823373   -0.073373 (VIOLATED)
_6082_/A1                               0.750000    0.821582   -0.071582 (VIOLATED)
_6081_/A                                0.750000    0.821578   -0.071578 (VIOLATED)
_6283_/S                                0.750000    0.821578   -0.071578 (VIOLATED)
_4143_/A                                0.750000    0.821573   -0.071573 (VIOLATED)
_7658_/S                                0.750000    0.821568   -0.071568 (VIOLATED)
_7514_/S                                0.750000    0.821565   -0.071565 (VIOLATED)
_7362_/S                                0.750000    0.821563   -0.071563 (VIOLATED)
_7209_/S                                0.750000    0.821562   -0.071562 (VIOLATED)
_7046_/A                                0.750000    0.821558   -0.071558 (VIOLATED)
_6881_/A                                0.750000    0.821557   -0.071557 (VIOLATED)
fanout195/X                             0.750000    0.821557   -0.071557 (VIOLATED)
_8302_/A0                               0.750000    0.809963   -0.059963 (VIOLATED)
_8031_/A1                               0.750000    0.809962   -0.059962 (VIOLATED)
_8099_/B2                               0.750000    0.809962   -0.059962 (VIOLATED)
_7853_/C                                0.750000    0.809954   -0.059954 (VIOLATED)
_6000_/B1                               0.750000    0.809952   -0.059952 (VIOLATED)
_6001_/B                                0.750000    0.809951   -0.059951 (VIOLATED)
_6396_/A2                               0.750000    0.809948   -0.059948 (VIOLATED)
_8029_/A2                               0.750000    0.809944   -0.059944 (VIOLATED)
_6482_/C                                0.750000    0.809936   -0.059936 (VIOLATED)
_8136_/C                                0.750000    0.809933   -0.059933 (VIOLATED)
fanout208/X                             0.750000    0.809930   -0.059930 (VIOLATED)
_5693_/C1                               0.750000    0.809551   -0.059551 (VIOLATED)
ANTENNA__5693__C1/DIODE                 0.750000    0.809548   -0.059548 (VIOLATED)
ANTENNA__5692__Y/DIODE                  0.750000    0.809492   -0.059492 (VIOLATED)
_5692_/Y                                0.750000    0.809482   -0.059482 (VIOLATED)
fanout118/A                             0.750000    0.808190   -0.058190 (VIOLATED)
ANTENNA_fanout118_A/DIODE               0.750000    0.808190   -0.058190 (VIOLATED)
ANTENNA__4705__A2/DIODE                 0.750000    0.808169   -0.058169 (VIOLATED)
ANTENNA_fanout116_A/DIODE               0.750000    0.808168   -0.058168 (VIOLATED)
_4705_/A2                               0.750000    0.808166   -0.058166 (VIOLATED)
fanout116/A                             0.750000    0.808165   -0.058166 (VIOLATED)
ANTENNA__4710__B1/DIODE                 0.750000    0.808165   -0.058165 (VIOLATED)
ANTENNA__4366__X/DIODE                  0.750000    0.808147   -0.058147 (VIOLATED)
_4710_/B1                               0.750000    0.808130   -0.058130 (VIOLATED)
_4366_/X                                0.750000    0.808124   -0.058124 (VIOLATED)
_7221_/B                                0.750000    0.807197   -0.057197 (VIOLATED)
_7434_/B1                               0.750000    0.807194   -0.057194 (VIOLATED)
_7435_/D                                0.750000    0.807190   -0.057190 (VIOLATED)
_7523_/A2                               0.750000    0.807187   -0.057187 (VIOLATED)
_7524_/C                                0.750000    0.807187   -0.057187 (VIOLATED)
_7717_/B                                0.750000    0.807178   -0.057178 (VIOLATED)
_7851_/A1                               0.750000    0.807162   -0.057162 (VIOLATED)
_7853_/B                                0.750000    0.807161   -0.057161 (VIOLATED)
_8029_/B2                               0.750000    0.807161   -0.057161 (VIOLATED)
_8030_/A                                0.750000    0.807161   -0.057161 (VIOLATED)
fanout310/X                             0.750000    0.807161   -0.057161 (VIOLATED)
_4966_/A1                               0.750000    0.806297   -0.056297 (VIOLATED)
_4964_/A                                0.750000    0.806294   -0.056294 (VIOLATED)
_5091_/A                                0.750000    0.806293   -0.056293 (VIOLATED)
_5265_/A1                               0.750000    0.806293   -0.056293 (VIOLATED)
_5254_/A                                0.750000    0.806291   -0.056291 (VIOLATED)
_5244_/A                                0.750000    0.806287   -0.056287 (VIOLATED)
_5220_/A                                0.750000    0.806287   -0.056287 (VIOLATED)
_5245_/B2                               0.750000    0.806277   -0.056277 (VIOLATED)
_5253_/A                                0.750000    0.806273   -0.056273 (VIOLATED)
_8408_/D                                0.750000    0.806273   -0.056273 (VIOLATED)
fanout125/X                             0.750000    0.806273   -0.056273 (VIOLATED)
_7581_/A2                               0.750000    0.806172   -0.056172 (VIOLATED)
_7751_/B                                0.750000    0.806172   -0.056172 (VIOLATED)
_7582_/B                                0.750000    0.806171   -0.056171 (VIOLATED)
_7888_/B1                               0.750000    0.806170   -0.056170 (VIOLATED)
_7889_/D                                0.750000    0.806168   -0.056168 (VIOLATED)
_7992_/A2                               0.750000    0.806167   -0.056167 (VIOLATED)
_7993_/C                                0.750000    0.806165   -0.056165 (VIOLATED)
_8109_/A2                               0.750000    0.806158   -0.056158 (VIOLATED)
_8110_/C                                0.750000    0.806158   -0.056158 (VIOLATED)
_8277_/A                                0.750000    0.806158   -0.056158 (VIOLATED)
fanout280/X                             0.750000    0.806158   -0.056158 (VIOLATED)
_5937_/A1                               0.750000    0.804603   -0.054603 (VIOLATED)
_5714_/A                                0.750000    0.804602   -0.054602 (VIOLATED)
_6109_/B2                               0.750000    0.804590   -0.054590 (VIOLATED)
_5948_/A                                0.750000    0.804581   -0.054581 (VIOLATED)
_6301_/A1                               0.750000    0.804576   -0.054576 (VIOLATED)
_6585_/A                                0.750000    0.804574   -0.054575 (VIOLATED)
_6711_/A1                               0.750000    0.804565   -0.054565 (VIOLATED)
_6701_/A                                0.750000    0.804561   -0.054561 (VIOLATED)
_6300_/A                                0.750000    0.804556   -0.054556 (VIOLATED)
_8433_/D                                0.750000    0.804556   -0.054556 (VIOLATED)
fanout186/X                             0.750000    0.804556   -0.054556 (VIOLATED)
_5536_/A2                               0.750000    0.797838   -0.047838 (VIOLATED)
_5302_/C                                0.750000    0.797837   -0.047837 (VIOLATED)
_5305_/B1                               0.750000    0.797832   -0.047833 (VIOLATED)
_5304_/D                                0.750000    0.797828   -0.047828 (VIOLATED)
_5353_/B1                               0.750000    0.797827   -0.047827 (VIOLATED)
_5352_/D                                0.750000    0.797813   -0.047813 (VIOLATED)
_5387_/B1                               0.750000    0.797790   -0.047790 (VIOLATED)
_5386_/D                                0.750000    0.797759   -0.047760 (VIOLATED)
_5417_/D                                0.750000    0.797742   -0.047742 (VIOLATED)
_5418_/B2                               0.750000    0.797742   -0.047742 (VIOLATED)
fanout231/X                             0.750000    0.797742   -0.047742 (VIOLATED)
_5670_/B                                0.750000    0.797236   -0.047236 (VIOLATED)
_5666_/A2                               0.750000    0.797235   -0.047235 (VIOLATED)
_5554_/B1                               0.750000    0.797230   -0.047230 (VIOLATED)
_5555_/D                                0.750000    0.797229   -0.047229 (VIOLATED)
_5605_/D                                0.750000    0.797228   -0.047228 (VIOLATED)
_5606_/B1                               0.750000    0.797225   -0.047225 (VIOLATED)
_5644_/B1                               0.750000    0.797218   -0.047218 (VIOLATED)
_5642_/D                                0.750000    0.797216   -0.047216 (VIOLATED)
_5658_/B                                0.750000    0.797209   -0.047209 (VIOLATED)
_5401_/D                                0.750000    0.797190   -0.047190 (VIOLATED)
fanout263/X                             0.750000    0.797190   -0.047190 (VIOLATED)
_6206_/A2                               0.750000    0.797096   -0.047096 (VIOLATED)
_6207_/C                                0.750000    0.797095   -0.047095 (VIOLATED)
_6397_/D                                0.750000    0.797094   -0.047094 (VIOLATED)
_6398_/A2_N                             0.750000    0.797093   -0.047093 (VIOLATED)
_6482_/B                                0.750000    0.797090   -0.047090 (VIOLATED)
_6005_/D                                0.750000    0.797083   -0.047083 (VIOLATED)
_5818_/B                                0.750000    0.797081   -0.047081 (VIOLATED)
_6004_/B1                               0.750000    0.797080   -0.047080 (VIOLATED)
_5418_/A1                               0.750000    0.797075   -0.047075 (VIOLATED)
_5417_/A                                0.750000    0.797073   -0.047073 (VIOLATED)
fanout343/X                             0.750000    0.797073   -0.047073 (VIOLATED)
ANTENNA__4459__A/DIODE                  0.750000    0.792139   -0.042139 (VIOLATED)
_4674_/A                                0.750000    0.792139   -0.042139 (VIOLATED)
_4459_/A                                0.750000    0.792138   -0.042138 (VIOLATED)
ANTENNA__4674__A/DIODE                  0.750000    0.792137   -0.042137 (VIOLATED)
_4605_/B2                               0.750000    0.792134   -0.042134 (VIOLATED)
ANTENNA__4531__A/DIODE                  0.750000    0.792133   -0.042133 (VIOLATED)
ANTENNA__4710__A1/DIODE                 0.750000    0.792132   -0.042132 (VIOLATED)
_4531_/A                                0.750000    0.792132   -0.042132 (VIOLATED)
ANTENNA__4605__B2/DIODE                 0.750000    0.792130   -0.042130 (VIOLATED)
ANTENNA__4169__A/DIODE                  0.750000    0.792130   -0.042130 (VIOLATED)
_4169_/A                                0.750000    0.792129   -0.042129 (VIOLATED)
_4710_/A1                               0.750000    0.792128   -0.042128 (VIOLATED)
ANTENNA__4168__Y/DIODE                  0.750000    0.792124   -0.042124 (VIOLATED)
_4168_/Y                                0.750000    0.792121   -0.042121 (VIOLATED)
_6306_/B                                0.750000    0.790900   -0.040900 (VIOLATED)
_6587_/B                                0.750000    0.790895   -0.040896 (VIOLATED)
_6109_/A2                               0.750000    0.790884   -0.040884 (VIOLATED)
_5725_/A2                               0.750000    0.790881   -0.040881 (VIOLATED)
_5948_/B                                0.750000    0.790880   -0.040880 (VIOLATED)
_6704_/B                                0.750000    0.790879   -0.040879 (VIOLATED)
_4997_/C                                0.750000    0.790853   -0.040853 (VIOLATED)
_4910_/C                                0.750000    0.790828   -0.040828 (VIOLATED)
_4762_/C                                0.750000    0.790809   -0.040809 (VIOLATED)
_4911_/A2                               0.750000    0.790809   -0.040809 (VIOLATED)
fanout96/X                              0.750000    0.790809   -0.040809 (VIOLATED)
_6684_/A                                0.750000    0.790336   -0.040336 (VIOLATED)
_7722_/B2                               0.750000    0.790334   -0.040334 (VIOLATED)
_6685_/A                                0.750000    0.790334   -0.040334 (VIOLATED)
ANTENNA__6684__A/DIODE                  0.750000    0.790333   -0.040333 (VIOLATED)
_7524_/B                                0.750000    0.790327   -0.040328 (VIOLATED)
ANTENNA__6685__A/DIODE                  0.750000    0.790322   -0.040322 (VIOLATED)
_7523_/B2                               0.750000    0.790318   -0.040318 (VIOLATED)
_7435_/B                                0.750000    0.790313   -0.040313 (VIOLATED)
_7434_/B2                               0.750000    0.790304   -0.040304 (VIOLATED)
_7860_/B2                               0.750000    0.790280   -0.040280 (VIOLATED)
_8025_/B                                0.750000    0.790272   -0.040272 (VIOLATED)
_8024_/B2                               0.750000    0.790271   -0.040271 (VIOLATED)
_8131_/B                                0.750000    0.790265   -0.040265 (VIOLATED)
ANTENNA__6564__Y/DIODE                  0.750000    0.790264   -0.040264 (VIOLATED)
_6564_/Y                                0.750000    0.790264   -0.040264 (VIOLATED)
_8130_/B2                               0.750000    0.790263   -0.040263 (VIOLATED)
fanout219/X                             0.750000    0.790263   -0.040263 (VIOLATED)
_7669_/A1                               0.750000    0.784412   -0.034412 (VIOLATED)
ANTENNA__7669__A1/DIODE                 0.750000    0.784409   -0.034409 (VIOLATED)
fanout161/A                             0.750000    0.784405   -0.034405 (VIOLATED)
ANTENNA_fanout161_A/DIODE               0.750000    0.784400   -0.034400 (VIOLATED)
_6631_/A                                0.750000    0.784367   -0.034367 (VIOLATED)
ANTENNA__6631__A/DIODE                  0.750000    0.784356   -0.034356 (VIOLATED)
_5063_/A                                0.750000    0.784332   -0.034332 (VIOLATED)
ANTENNA__5063__A/DIODE                  0.750000    0.784321   -0.034321 (VIOLATED)
ANTENNA__4175__A/DIODE                  0.750000    0.784315   -0.034315 (VIOLATED)
ANTENNA_fanout162_X/DIODE               0.750000    0.784315   -0.034315 (VIOLATED)
_4175_/A                                0.750000    0.784315   -0.034315 (VIOLATED)
fanout162/X                             0.750000    0.784315   -0.034315 (VIOLATED)
_8173_/A                                0.750000    0.782954   -0.032954 (VIOLATED)
_8174_/A                                0.750000    0.782953   -0.032953 (VIOLATED)
_5643_/A                                0.750000    0.782952   -0.032952 (VIOLATED)
_5667_/C                                0.750000    0.782940   -0.032940 (VIOLATED)
_5670_/A_N                              0.750000    0.782939   -0.032939 (VIOLATED)
_5605_/B                                0.750000    0.782938   -0.032938 (VIOLATED)
_5303_/A                                0.750000    0.782933   -0.032933 (VIOLATED)
_5333_/A                                0.750000    0.782933   -0.032933 (VIOLATED)
_5606_/B2                               0.750000    0.782933   -0.032933 (VIOLATED)
_8178_/A0                               0.750000    0.782933   -0.032933 (VIOLATED)
fanout345/X                             0.750000    0.782933   -0.032933 (VIOLATED)
load_slew45/A                           0.750000    0.776894   -0.026894 (VIOLATED)
ANTENNA_load_slew45_A/DIODE             0.750000    0.776891   -0.026891 (VIOLATED)
_7080_/B                                0.750000    0.776888   -0.026888 (VIOLATED)
ANTENNA__7080__B/DIODE                  0.750000    0.776881   -0.026881 (VIOLATED)
_5983_/B                                0.750000    0.776823   -0.026823 (VIOLATED)
ANTENNA__5983__B/DIODE                  0.750000    0.776823   -0.026823 (VIOLATED)
ANTENNA__5764__B/DIODE                  0.750000    0.776808   -0.026808 (VIOLATED)
ANTENNA_fanout44_X/DIODE                0.750000    0.776808   -0.026808 (VIOLATED)
_5764_/B                                0.750000    0.776808   -0.026808 (VIOLATED)
fanout44/X                              0.750000    0.776808   -0.026808 (VIOLATED)
_6884_/A2                               0.750000    0.773472   -0.023472 (VIOLATED)
_6883_/C                                0.750000    0.773472   -0.023472 (VIOLATED)
_6795_/C                                0.750000    0.773471   -0.023471 (VIOLATED)
_6796_/A2                               0.750000    0.773471   -0.023471 (VIOLATED)
_7426_/C                                0.750000    0.773471   -0.023471 (VIOLATED)
_7515_/C                                0.750000    0.773471   -0.023471 (VIOLATED)
_7516_/A2                               0.750000    0.773471   -0.023471 (VIOLATED)
_7714_/C                                0.750000    0.773471   -0.023471 (VIOLATED)
_7715_/A2                               0.750000    0.773471   -0.023471 (VIOLATED)
_7851_/A2                               0.750000    0.773471   -0.023471 (VIOLATED)
fanout209/X                             0.750000    0.773471   -0.023471 (VIOLATED)
_5982_/B                                0.750000    0.771174   -0.021174 (VIOLATED)
_6148_/B                                0.750000    0.771172   -0.021172 (VIOLATED)
_6149_/B                                0.750000    0.771171   -0.021171 (VIOLATED)
_6774_/B                                0.750000    0.771145   -0.021145 (VIOLATED)
_6773_/B                                0.750000    0.771135   -0.021135 (VIOLATED)
_7083_/B                                0.750000    0.771135   -0.021135 (VIOLATED)
_7084_/B                                0.750000    0.771134   -0.021134 (VIOLATED)
_7078_/A2                               0.750000    0.771133   -0.021133 (VIOLATED)
_6990_/B                                0.750000    0.771133   -0.021133 (VIOLATED)
fanout43/X                              0.750000    0.771123   -0.021123 (VIOLATED)
_7823_/A1                               0.750000    0.762369   -0.012369 (VIOLATED)
_7822_/A                                0.750000    0.762364   -0.012364 (VIOLATED)
_7955_/A1                               0.750000    0.762363   -0.012363 (VIOLATED)
_7954_/A                                0.750000    0.762361   -0.012362 (VIOLATED)
_4214_/Y                                0.750000    0.762081   -0.012081 (VIOLATED)
_4215_/A                                0.750000    0.762081   -0.012081 (VIOLATED)
_6740_/A                                0.750000    0.762081   -0.012081 (VIOLATED)
_5570_/A2                               0.750000    0.760561   -0.010561 (VIOLATED)
_5569_/C                                0.750000    0.760557   -0.010557 (VIOLATED)
_5525_/A2                               0.750000    0.760556   -0.010557 (VIOLATED)
_5526_/C                                0.750000    0.760550   -0.010550 (VIOLATED)
_5483_/C                                0.750000    0.760541   -0.010541 (VIOLATED)
_5482_/A2                               0.750000    0.760538   -0.010538 (VIOLATED)
_5337_/A2                               0.750000    0.760534   -0.010534 (VIOLATED)
_5338_/C                                0.750000    0.760533   -0.010533 (VIOLATED)
_5321_/C                                0.750000    0.760505   -0.010505 (VIOLATED)
_5322_/A2                               0.750000    0.760501   -0.010501 (VIOLATED)
fanout257/X                             0.750000    0.760501   -0.010501 (VIOLATED)
_4301_/A                                0.750000    0.757564   -0.007564 (VIOLATED)
_4928_/B                                0.750000    0.757562   -0.007563 (VIOLATED)
_4981_/A2                               0.750000    0.757561   -0.007561 (VIOLATED)
_4979_/B                                0.750000    0.757560   -0.007560 (VIOLATED)
_4300_/A                                0.750000    0.757552   -0.007552 (VIOLATED)
_4347_/B                                0.750000    0.757536   -0.007536 (VIOLATED)
_4303_/C                                0.750000    0.757533   -0.007533 (VIOLATED)
_4302_/C                                0.750000    0.757531   -0.007531 (VIOLATED)
_4304_/A2                               0.750000    0.757531   -0.007531 (VIOLATED)
_4305_/A2                               0.750000    0.757531   -0.007531 (VIOLATED)
fanout108/X                             0.750000    0.757531   -0.007531 (VIOLATED)
_7508_/B                                0.750000    0.757311   -0.007311 (VIOLATED)
_7659_/B1                               0.750000    0.757310   -0.007310 (VIOLATED)
ANTENNA__7508__B/DIODE                  0.750000    0.757307   -0.007307 (VIOLATED)
ANTENNA__7659__B1/DIODE                 0.750000    0.757305   -0.007305 (VIOLATED)
_7509_/B                                0.750000    0.757304   -0.007304 (VIOLATED)
ANTENNA__7509__B/DIODE                  0.750000    0.757301   -0.007301 (VIOLATED)
ANTENNA__7507__Y/DIODE                  0.750000    0.757289   -0.007289 (VIOLATED)
_7507_/Y                                0.750000    0.757287   -0.007287 (VIOLATED)
_8081_/B                                0.750000    0.755575   -0.005575 (VIOLATED)
_7958_/B                                0.750000    0.755574   -0.005574 (VIOLATED)
ANTENNA__8081__B/DIODE                  0.750000    0.755572   -0.005572 (VIOLATED)
ANTENNA__7958__B/DIODE                  0.750000    0.755522   -0.005522 (VIOLATED)
_7816_/B                                0.750000    0.755482   -0.005482 (VIOLATED)
ANTENNA__7816__B/DIODE                  0.750000    0.755419   -0.005419 (VIOLATED)
_7611_/B                                0.750000    0.755340   -0.005340 (VIOLATED)
ANTENNA__7611__B/DIODE                  0.750000    0.755279   -0.005279 (VIOLATED)
_7613_/B                                0.750000    0.755238   -0.005238 (VIOLATED)
ANTENNA__7613__B/DIODE                  0.750000    0.755224   -0.005224 (VIOLATED)
ANTENNA__7096__B/DIODE                  0.750000    0.754944   -0.004944 (VIOLATED)
_7096_/B                                0.750000    0.754943   -0.004943 (VIOLATED)
ANTENNA__6972__B/DIODE                  0.750000    0.754710   -0.004710 (VIOLATED)
_6972_/B                                0.750000    0.754639   -0.004639 (VIOLATED)
_6613_/B                                0.750000    0.754634   -0.004634 (VIOLATED)
ANTENNA__6613__B/DIODE                  0.750000    0.754585   -0.004585 (VIOLATED)
_4655_/A2                               0.750000    0.754521   -0.004521 (VIOLATED)
_4599_/B                                0.750000    0.754521   -0.004521 (VIOLATED)
_4654_/C                                0.750000    0.754521   -0.004521 (VIOLATED)
_4672_/B1                               0.750000    0.754520   -0.004520 (VIOLATED)
_4600_/B                                0.750000    0.754520   -0.004520 (VIOLATED)
_4523_/B                                0.750000    0.754515   -0.004515 (VIOLATED)
_4297_/B                                0.750000    0.754513   -0.004513 (VIOLATED)
_4400_/A2                               0.750000    0.754513   -0.004513 (VIOLATED)
_4524_/C                                0.750000    0.754513   -0.004513 (VIOLATED)
_4525_/A2                               0.750000    0.754513   -0.004513 (VIOLATED)
fanout109/X                             0.750000    0.754513   -0.004513 (VIOLATED)
_6335_/B                                0.750000    0.754417   -0.004417 (VIOLATED)
ANTENNA__6335__B/DIODE                  0.750000    0.754372   -0.004372 (VIOLATED)
_6143_/B                                0.750000    0.754364   -0.004364 (VIOLATED)
ANTENNA__6143__B/DIODE                  0.750000    0.754363   -0.004363 (VIOLATED)
ANTENNA_fanout41_X/DIODE                0.750000    0.754318   -0.004318 (VIOLATED)
fanout41/X                              0.750000    0.754310   -0.004310 (VIOLATED)
_5150_/A2                               0.750000    0.754258   -0.004258 (VIOLATED)
_5149_/B                                0.750000    0.754257   -0.004257 (VIOLATED)
_5000_/B                                0.750000    0.754255   -0.004255 (VIOLATED)
_5145_/A2                               0.750000    0.754252   -0.004252 (VIOLATED)
_4908_/A2                               0.750000    0.754243   -0.004243 (VIOLATED)
fanout87/A                              0.750000    0.754240   -0.004240 (VIOLATED)
_4331_/B                                0.750000    0.754221   -0.004221 (VIOLATED)
_4287_/A2                               0.750000    0.754218   -0.004218 (VIOLATED)
_4285_/B                                0.750000    0.754217   -0.004217 (VIOLATED)
fanout88/X                              0.750000    0.754217   -0.004217 (VIOLATED)
_5536_/B2                               0.750000    0.752183   -0.002183 (VIOLATED)
_5302_/B                                0.750000    0.752182   -0.002182 (VIOLATED)
_5305_/B2                               0.750000    0.752180   -0.002180 (VIOLATED)
_5304_/B                                0.750000    0.752175   -0.002175 (VIOLATED)
_5353_/A1                               0.750000    0.752175   -0.002175 (VIOLATED)
_5478_/A                                0.750000    0.752173   -0.002173 (VIOLATED)
_5479_/A1                               0.750000    0.752173   -0.002173 (VIOLATED)
_5522_/B2                               0.750000    0.752173   -0.002173 (VIOLATED)
_5559_/B                                0.750000    0.752173   -0.002173 (VIOLATED)
_5560_/B2                               0.750000    0.752173   -0.002173 (VIOLATED)
fanout350/X                             0.750000    0.752173   -0.002173 (VIOLATED)

max fanout

Pin                                   Limit Fanout  Slack
---------------------------------------------------------
clkbuf_0_clk/X                           10     33    -23 (VIOLATED)
_4143_/Y                                 10     21    -11 (VIOLATED)
_5062_/X                                 10     21    -11 (VIOLATED)
clkbuf_4_4_0_clk/X                       10     21    -11 (VIOLATED)
fanout131/X                              10     21    -11 (VIOLATED)
fanout134/X                              10     21    -11 (VIOLATED)
fanout135/X                              10     21    -11 (VIOLATED)
fanout141/X                              10     21    -11 (VIOLATED)
fanout143/X                              10     21    -11 (VIOLATED)
fanout144/X                              10     21    -11 (VIOLATED)
fanout146/X                              10     21    -11 (VIOLATED)
fanout154/X                              10     21    -11 (VIOLATED)
fanout156/X                              10     21    -11 (VIOLATED)
fanout160/X                              10     21    -11 (VIOLATED)
fanout165/X                              10     21    -11 (VIOLATED)
fanout180/X                              10     21    -11 (VIOLATED)
fanout181/X                              10     21    -11 (VIOLATED)
fanout182/X                              10     21    -11 (VIOLATED)
fanout183/X                              10     21    -11 (VIOLATED)
fanout184/X                              10     21    -11 (VIOLATED)
fanout192/X                              10     21    -11 (VIOLATED)
fanout197/X                              10     21    -11 (VIOLATED)
fanout198/X                              10     21    -11 (VIOLATED)
fanout201/X                              10     21    -11 (VIOLATED)
fanout202/X                              10     21    -11 (VIOLATED)
fanout214/X                              10     21    -11 (VIOLATED)
fanout217/X                              10     21    -11 (VIOLATED)
fanout222/X                              10     21    -11 (VIOLATED)
fanout225/X                              10     21    -11 (VIOLATED)
fanout226/X                              10     21    -11 (VIOLATED)
fanout227/X                              10     21    -11 (VIOLATED)
fanout228/X                              10     21    -11 (VIOLATED)
fanout235/X                              10     21    -11 (VIOLATED)
fanout236/X                              10     21    -11 (VIOLATED)
fanout238/X                              10     21    -11 (VIOLATED)
fanout241/X                              10     21    -11 (VIOLATED)
fanout243/X                              10     21    -11 (VIOLATED)
fanout248/X                              10     21    -11 (VIOLATED)
fanout249/X                              10     21    -11 (VIOLATED)
fanout254/X                              10     21    -11 (VIOLATED)
fanout260/X                              10     21    -11 (VIOLATED)
fanout267/X                              10     21    -11 (VIOLATED)
fanout270/X                              10     21    -11 (VIOLATED)
fanout272/X                              10     21    -11 (VIOLATED)
fanout274/X                              10     21    -11 (VIOLATED)
fanout276/X                              10     21    -11 (VIOLATED)
fanout277/X                              10     21    -11 (VIOLATED)
fanout281/X                              10     21    -11 (VIOLATED)
fanout282/X                              10     21    -11 (VIOLATED)
fanout284/X                              10     21    -11 (VIOLATED)
fanout286/X                              10     21    -11 (VIOLATED)
fanout288/X                              10     21    -11 (VIOLATED)
fanout291/X                              10     21    -11 (VIOLATED)
fanout292/X                              10     21    -11 (VIOLATED)
fanout293/X                              10     21    -11 (VIOLATED)
fanout294/X                              10     21    -11 (VIOLATED)
fanout295/X                              10     21    -11 (VIOLATED)
fanout296/X                              10     21    -11 (VIOLATED)
fanout301/X                              10     21    -11 (VIOLATED)
fanout302/X                              10     21    -11 (VIOLATED)
fanout303/X                              10     21    -11 (VIOLATED)
fanout304/X                              10     21    -11 (VIOLATED)
fanout305/X                              10     21    -11 (VIOLATED)
fanout306/X                              10     21    -11 (VIOLATED)
fanout307/X                              10     21    -11 (VIOLATED)
fanout309/X                              10     21    -11 (VIOLATED)
fanout312/X                              10     21    -11 (VIOLATED)
fanout316/X                              10     21    -11 (VIOLATED)
fanout317/X                              10     21    -11 (VIOLATED)
fanout320/X                              10     21    -11 (VIOLATED)
fanout322/X                              10     21    -11 (VIOLATED)
fanout324/X                              10     21    -11 (VIOLATED)
fanout326/X                              10     21    -11 (VIOLATED)
fanout334/X                              10     21    -11 (VIOLATED)
fanout338/X                              10     21    -11 (VIOLATED)
fanout39/X                               10     21    -11 (VIOLATED)
fanout41/X                               10     21    -11 (VIOLATED)
fanout47/X                               10     21    -11 (VIOLATED)
fanout67/X                               10     21    -11 (VIOLATED)
fanout69/X                               10     21    -11 (VIOLATED)
fanout78/X                               10     21    -11 (VIOLATED)
fanout81/X                               10     21    -11 (VIOLATED)
fanout85/X                               10     21    -11 (VIOLATED)
fanout97/X                               10     21    -11 (VIOLATED)
_6333_/Y                                 10     19     -9 (VIOLATED)
clkbuf_4_12_0_clk/X                      10     19     -9 (VIOLATED)
clkbuf_4_14_0_clk/X                      10     19     -9 (VIOLATED)
clkbuf_4_6_0_clk/X                       10     19     -9 (VIOLATED)
clkbuf_4_7_0_clk/X                       10     19     -9 (VIOLATED)
fanout110/X                              10     19     -9 (VIOLATED)
fanout247/X                              10     19     -9 (VIOLATED)
fanout259/X                              10     19     -9 (VIOLATED)
fanout266/X                              10     19     -9 (VIOLATED)
fanout311/X                              10     19     -9 (VIOLATED)
fanout335/X                              10     19     -9 (VIOLATED)
fanout356/X                              10     19     -9 (VIOLATED)
load_slew112/X                           10     19     -9 (VIOLATED)
load_slew117/X                           10     19     -9 (VIOLATED)
load_slew174/X                           10     19     -9 (VIOLATED)
rebuffer441/X                            10     19     -9 (VIOLATED)
rebuffer483/X                            10     19     -9 (VIOLATED)
rebuffer501/X                            10     19     -9 (VIOLATED)
_6610_/Y                                 10     17     -7 (VIOLATED)
fanout126/X                              10     17     -7 (VIOLATED)
fanout221/X                              10     17     -7 (VIOLATED)
fanout224/X                              10     17     -7 (VIOLATED)
fanout237/X                              10     17     -7 (VIOLATED)
fanout265/X                              10     17     -7 (VIOLATED)
fanout271/X                              10     17     -7 (VIOLATED)
fanout290/X                              10     17     -7 (VIOLATED)
fanout300/X                              10     17     -7 (VIOLATED)
fanout352/X                              10     17     -7 (VIOLATED)
fanout46/X                               10     17     -7 (VIOLATED)
fanout68/X                               10     17     -7 (VIOLATED)
load_slew107/X                           10     17     -7 (VIOLATED)
load_slew177/X                           10     17     -7 (VIOLATED)
load_slew358/X                           10     17     -7 (VIOLATED)
load_slew384/X                           10     17     -7 (VIOLATED)
max_cap159/X                             10     17     -7 (VIOLATED)
wire364/X                                10     17     -7 (VIOLATED)
wire92/X                                 10     17     -7 (VIOLATED)
_4299_/X                                 10     15     -5 (VIOLATED)
_4301_/Y                                 10     15     -5 (VIOLATED)
_6332_/X                                 10     15     -5 (VIOLATED)
fanout115/X                              10     15     -5 (VIOLATED)
fanout229/X                              10     15     -5 (VIOLATED)
fanout318/X                              10     15     -5 (VIOLATED)
fanout339/X                              10     15     -5 (VIOLATED)
fanout379/X                              10     15     -5 (VIOLATED)
input13/X                                10     15     -5 (VIOLATED)
load_slew360/X                           10     15     -5 (VIOLATED)
load_slew45/X                            10     15     -5 (VIOLATED)
load_slew61/X                            10     15     -5 (VIOLATED)
max_cap155/X                             10     15     -5 (VIOLATED)
max_cap40/X                              10     15     -5 (VIOLATED)
wire362/X                                10     15     -5 (VIOLATED)
wire72/X                                 10     15     -5 (VIOLATED)
_4168_/Y                                 10     13     -3 (VIOLATED)
_4172_/Y                                 10     13     -3 (VIOLATED)
_4292_/Y                                 10     13     -3 (VIOLATED)
_4963_/Y                                 10     13     -3 (VIOLATED)
_6608_/X                                 10     13     -3 (VIOLATED)
_8361_/Q                                 10     13     -3 (VIOLATED)
fanout196/X                              10     13     -3 (VIOLATED)
fanout199/X                              10     13     -3 (VIOLATED)
fanout250/X                              10     13     -3 (VIOLATED)
fanout253/X                              10     13     -3 (VIOLATED)
fanout255/X                              10     13     -3 (VIOLATED)
fanout278/X                              10     13     -3 (VIOLATED)
fanout319/X                              10     13     -3 (VIOLATED)
fanout321/X                              10     13     -3 (VIOLATED)
fanout331/X                              10     13     -3 (VIOLATED)
fanout73/X                               10     13     -3 (VIOLATED)
input10/X                                10     13     -3 (VIOLATED)
input12/X                                10     13     -3 (VIOLATED)
input14/X                                10     13     -3 (VIOLATED)
input16/X                                10     13     -3 (VIOLATED)
input17/X                                10     13     -3 (VIOLATED)
input18/X                                10     13     -3 (VIOLATED)
input4/X                                 10     13     -3 (VIOLATED)
input5/X                                 10     13     -3 (VIOLATED)
input6/X                                 10     13     -3 (VIOLATED)
input7/X                                 10     13     -3 (VIOLATED)
input8/X                                 10     13     -3 (VIOLATED)
input9/X                                 10     13     -3 (VIOLATED)
max_cap151/X                             10     13     -3 (VIOLATED)
_4293_/X                                 10     11        (VIOLATED)
_4295_/Y                                 10     11        (VIOLATED)
_4307_/Y                                 10     11        (VIOLATED)
_5049_/Y                                 10     11        (VIOLATED)
_6609_/Y                                 10     11        (VIOLATED)
_8351_/Q                                 10     11        (VIOLATED)
fanout162/X                              10     11        (VIOLATED)
fanout179/X                              10     11        (VIOLATED)
fanout194/X                              10     11        (VIOLATED)
fanout230/X                              10     11        (VIOLATED)
fanout244/X                              10     11        (VIOLATED)
fanout262/X                              10     11        (VIOLATED)
fanout269/X                              10     11        (VIOLATED)
fanout273/X                              10     11        (VIOLATED)
fanout279/X                              10     11        (VIOLATED)
fanout298/X                              10     11        (VIOLATED)
fanout308/X                              10     11        (VIOLATED)
fanout315/X                              10     11        (VIOLATED)
fanout325/X                              10     11        (VIOLATED)
fanout344/X                              10     11        (VIOLATED)
max_cap157/X                             10     11        (VIOLATED)

max capacitance

Pin                                        Limit         Cap       Slack
------------------------------------------------------------------------
fanout198/X                             0.094309    0.132755   -0.038446 (VIOLATED)
fanout312/X                             0.094309    0.113095   -0.018786 (VIOLATED)
fanout197/X                             0.094309    0.111412   -0.017103 (VIOLATED)
fanout294/X                             0.094309    0.105585   -0.011276 (VIOLATED)
fanout225/X                             0.094309    0.103809   -0.009500 (VIOLATED)
fanout199/X                             0.094309    0.100644   -0.006335 (VIOLATED)
fanout301/X                             0.094309    0.099456   -0.005147 (VIOLATED)
fanout286/X                             0.094309    0.098451   -0.004142 (VIOLATED)
fanout309/X                             0.094309    0.098127   -0.003818 (VIOLATED)
fanout270/X                             0.094309    0.096562   -0.002253 (VIOLATED)
fanout335/X                             0.094309    0.096308   -0.001999 (VIOLATED)
fanout292/X                             0.094309    0.095619   -0.001310 (VIOLATED)
fanout202/X                             0.094309    0.095420   -0.001111 (VIOLATED)



===========================================================================
report_parasitic_annotation -report_unannotated
============================================================================
Found 83 unannotated drivers.
 gpio_in[18]
 gpio_in[19]
 gpio_in[20]
 gpio_in[21]
 gpio_in[22]
 gpio_in[23]
 gpio_in[24]
 gpio_in[25]
 gpio_in[26]
 gpio_in[27]
 gpio_in[28]
 gpio_in[29]
 gpio_in[30]
 gpio_in[31]
 gpio_in[32]
 gpio_in[33]
 clkload0/X
 clkload1/X
 clkload10/X
 clkload11/X
 clkload12/X
 clkload13/X
 clkload14/X
 clkload2/X
 clkload3/X
 clkload4/X
 clkload5/X
 clkload6/X
 clkload7/X
 clkload8/X
 clkload9/X
 team_03/HI
 team_03_388/HI
 team_03_389/HI
 team_03_390/HI
 team_03_391/HI
 team_03_392/HI
 team_03_393/HI
 team_03_394/HI
 team_03_395/HI
 team_03_396/HI
 team_03_397/HI
 team_03_398/HI
 team_03_399/HI
 team_03_400/HI
 team_03_401/HI
 team_03_402/HI
 team_03_403/HI
 team_03_404/HI
 team_03_405/HI
 team_03_406/HI
 team_03_407/HI
 team_03_408/HI
 team_03_409/HI
 team_03_410/HI
 team_03_411/HI
 team_03_412/HI
 team_03_413/HI
 team_03_414/HI
 team_03_415/HI
 team_03_416/HI
 team_03_417/HI
 team_03_418/HI
 team_03_419/HI
 team_03_420/HI
 team_03_421/LO
 team_03_422/LO
 team_03_423/LO
 team_03_424/LO
 team_03_425/LO
 team_03_426/LO
 team_03_427/LO
 team_03_428/LO
 team_03_429/LO
 team_03_430/LO
 team_03_431/LO
 team_03_432/LO
 team_03_433/LO
 team_03_434/LO
 team_03_435/LO
 team_03_436/LO
 team_03_437/LO
 team_03_438/LO
Found 0 partially unannotated drivers.

===========================================================================
max slew violation count 2930
max fanout violation count 187
max cap violation count 13
============================================================================

===========================================================================
check_setup -verbose -unconstrained_endpoints -multiple_clock -no_clock -no_input_delay -loops -generated_clocks
===========================================================================
