
===========================================================================
report_checks -path_delay min (Hold)
============================================================================
======================= max_ff_n40C_1v95 Corner ===================================

Startpoint: _0962_ (rising edge-triggered flip-flop clocked by clk)
Endpoint: _0962_ (rising edge-triggered flip-flop clocked by clk)
Path Group: clk
Path Type: min

Fanout         Cap        Slew       Delay        Time   Description
---------------------------------------------------------------------------------------------
                                  0.000000    0.000000   clock clk (rise edge)
                                  0.000000    0.000000   clock source latency
     2    0.022841    0.081177    0.056215    0.056215 ^ clk (in)
                                                         clk (net)
                      0.081218    0.000000    0.056215 ^ clkbuf_0_clk/A (sky130_fd_sc_hd__clkbuf_16)
    33    0.131693    0.111462    0.158192    0.214407 ^ clkbuf_0_clk/X (sky130_fd_sc_hd__clkbuf_16)
                                                         clknet_0_clk (net)
                      0.111826    0.005126    0.219534 ^ clkbuf_4_0_0_clk/A (sky130_fd_sc_hd__clkbuf_8)
     9    0.035823    0.056861    0.124099    0.343633 ^ clkbuf_4_0_0_clk/X (sky130_fd_sc_hd__clkbuf_8)
                                                         clknet_4_0_0_clk (net)
                      0.056982    0.001700    0.345334 ^ _0962_/CLK (sky130_fd_sc_hd__dfrtp_2)
     4    0.017680    0.072877    0.257022    0.602356 ^ _0962_/Q (sky130_fd_sc_hd__dfrtp_2)
                                                         SYNTH_INST.waveshape.seq_div.dividend[25] (net)
                      0.072877    0.000299    0.602655 ^ _0751_/A0 (sky130_fd_sc_hd__mux2_1)
     1    0.003334    0.032028    0.084364    0.687019 ^ _0751_/X (sky130_fd_sc_hd__mux2_1)
                                                         _0017_ (net)
                      0.032028    0.000213    0.687232 ^ _0962_/D (sky130_fd_sc_hd__dfrtp_2)
                                              0.687232   data arrival time

                                  0.000000    0.000000   clock clk (rise edge)
                                  0.000000    0.000000   clock source latency
     2    0.022841    0.081177    0.056215    0.056215 ^ clk (in)
                                                         clk (net)
                      0.081218    0.000000    0.056215 ^ clkbuf_0_clk/A (sky130_fd_sc_hd__clkbuf_16)
    33    0.131693    0.111462    0.158192    0.214407 ^ clkbuf_0_clk/X (sky130_fd_sc_hd__clkbuf_16)
                                                         clknet_0_clk (net)
                      0.111826    0.005126    0.219534 ^ clkbuf_4_0_0_clk/A (sky130_fd_sc_hd__clkbuf_8)
     9    0.035823    0.056861    0.124099    0.343633 ^ clkbuf_4_0_0_clk/X (sky130_fd_sc_hd__clkbuf_8)
                                                         clknet_4_0_0_clk (net)
                      0.056982    0.001700    0.345334 ^ _0962_/CLK (sky130_fd_sc_hd__dfrtp_2)
                                  0.250000    0.595334   clock uncertainty
                                  0.000000    0.595334   clock reconvergence pessimism
                                 -0.019132    0.576202   library hold time
                                              0.576202   data required time
---------------------------------------------------------------------------------------------
                                              0.576202   data required time
                                             -0.687232   data arrival time
---------------------------------------------------------------------------------------------
                                              0.111030   slack (MET)


Startpoint: _1007_ (rising edge-triggered flip-flop clocked by clk)
Endpoint: _0900_ (rising edge-triggered flip-flop clocked by clk)
Path Group: clk
Path Type: min

Fanout         Cap        Slew       Delay        Time   Description
---------------------------------------------------------------------------------------------
                                  0.000000    0.000000   clock clk (rise edge)
                                  0.000000    0.000000   clock source latency
     2    0.022841    0.081177    0.056215    0.056215 ^ clk (in)
                                                         clk (net)
                      0.081218    0.000000    0.056215 ^ clkbuf_0_clk/A (sky130_fd_sc_hd__clkbuf_16)
    33    0.131693    0.111462    0.158192    0.214407 ^ clkbuf_0_clk/X (sky130_fd_sc_hd__clkbuf_16)
                                                         clknet_0_clk (net)
                      0.111792    0.004896    0.219303 ^ clkbuf_4_7_0_clk/A (sky130_fd_sc_hd__clkbuf_8)
     9    0.027602    0.047009    0.117085    0.336389 ^ clkbuf_4_7_0_clk/X (sky130_fd_sc_hd__clkbuf_8)
                                                         clknet_4_7_0_clk (net)
                      0.047053    0.001285    0.337674 ^ _1007_/CLK (sky130_fd_sc_hd__dfrtp_2)
     4    0.018933    0.076901    0.256929    0.594602 ^ _1007_/Q (sky130_fd_sc_hd__dfrtp_2)
                                                         SYNTH_INST.waveshape.scaled_count[1] (net)
                      0.076922    0.001225    0.595828 ^ _0667_/A1 (sky130_fd_sc_hd__a221o_2)
     1    0.003410    0.023032    0.088656    0.684484 ^ _0667_/X (sky130_fd_sc_hd__a221o_2)
                                                         SYNTH_INST.waveshape.shaper.n_sample[1] (net)
                      0.023033    0.000218    0.684702 ^ _0900_/D (sky130_fd_sc_hd__dfrtp_2)
                                              0.684702   data arrival time

                                  0.000000    0.000000   clock clk (rise edge)
                                  0.000000    0.000000   clock source latency
     2    0.022841    0.081177    0.056215    0.056215 ^ clk (in)
                                                         clk (net)
                      0.081218    0.000000    0.056215 ^ clkbuf_0_clk/A (sky130_fd_sc_hd__clkbuf_16)
    33    0.131693    0.111462    0.158192    0.214407 ^ clkbuf_0_clk/X (sky130_fd_sc_hd__clkbuf_16)
                                                         clknet_0_clk (net)
                      0.112220    0.007329    0.221737 ^ clkbuf_4_13_0_clk/A (sky130_fd_sc_hd__clkbuf_8)
     9    0.026383    0.045571    0.116223    0.337960 ^ clkbuf_4_13_0_clk/X (sky130_fd_sc_hd__clkbuf_8)
                                                         clknet_4_13_0_clk (net)
                      0.045669    0.001788    0.339748 ^ _0900_/CLK (sky130_fd_sc_hd__dfrtp_2)
                                  0.250000    0.589748   clock uncertainty
                                  0.000000    0.589748   clock reconvergence pessimism
                                 -0.018772    0.570975   library hold time
                                              0.570975   data required time
---------------------------------------------------------------------------------------------
                                              0.570975   data required time
                                             -0.684702   data arrival time
---------------------------------------------------------------------------------------------
                                              0.113727   slack (MET)


Startpoint: _1015_ (rising edge-triggered flip-flop clocked by clk)
Endpoint: _1001_ (rising edge-triggered flip-flop clocked by clk)
Path Group: clk
Path Type: min

Fanout         Cap        Slew       Delay        Time   Description
---------------------------------------------------------------------------------------------
                                  0.000000    0.000000   clock clk (rise edge)
                                  0.000000    0.000000   clock source latency
     2    0.022841    0.081177    0.056215    0.056215 ^ clk (in)
                                                         clk (net)
                      0.081218    0.000000    0.056215 ^ clkbuf_0_clk/A (sky130_fd_sc_hd__clkbuf_16)
    33    0.131693    0.111462    0.158192    0.214407 ^ clkbuf_0_clk/X (sky130_fd_sc_hd__clkbuf_16)
                                                         clknet_0_clk (net)
                      0.111994    0.006166    0.220573 ^ clkbuf_4_5_0_clk/A (sky130_fd_sc_hd__clkbuf_8)
     9    0.027677    0.047082    0.117064    0.337637 ^ clkbuf_4_5_0_clk/X (sky130_fd_sc_hd__clkbuf_8)
                                                         clknet_4_5_0_clk (net)
                      0.047262    0.002029    0.339666 ^ _1015_/CLK (sky130_fd_sc_hd__dfrtp_2)
     7    0.035013    0.130846    0.296034    0.635701 ^ _1015_/Q (sky130_fd_sc_hd__dfrtp_2)
                                                         SYNTH_INST.waveshape.seq_div.state[1] (net)
                      0.130891    0.002279    0.637979 ^ _0874_/B (sky130_fd_sc_hd__xor2_2)
     1    0.002463    0.020560    0.039232    0.677212 v _0874_/X (sky130_fd_sc_hd__xor2_2)
                                                         _0056_ (net)
                      0.020560    0.000177    0.677388 v _1001_/D (sky130_fd_sc_hd__dfrtp_2)
                                              0.677388   data arrival time

                                  0.000000    0.000000   clock clk (rise edge)
                                  0.000000    0.000000   clock source latency
     2    0.022841    0.081177    0.056215    0.056215 ^ clk (in)
                                                         clk (net)
                      0.081218    0.000000    0.056215 ^ clkbuf_0_clk/A (sky130_fd_sc_hd__clkbuf_16)
    33    0.131693    0.111462    0.158192    0.214407 ^ clkbuf_0_clk/X (sky130_fd_sc_hd__clkbuf_16)
                                                         clknet_0_clk (net)
                      0.111792    0.004896    0.219303 ^ clkbuf_4_7_0_clk/A (sky130_fd_sc_hd__clkbuf_8)
     9    0.027602    0.047009    0.117085    0.336389 ^ clkbuf_4_7_0_clk/X (sky130_fd_sc_hd__clkbuf_8)
                                                         clknet_4_7_0_clk (net)
                      0.047081    0.001589    0.337978 ^ _1001_/CLK (sky130_fd_sc_hd__dfrtp_2)
                                  0.250000    0.587978   clock uncertainty
                                  0.000000    0.587978   clock reconvergence pessimism
                                 -0.024497    0.563480   library hold time
                                              0.563480   data required time
---------------------------------------------------------------------------------------------
                                              0.563480   data required time
                                             -0.677388   data arrival time
---------------------------------------------------------------------------------------------
                                              0.113908   slack (MET)


Startpoint: _1012_ (rising edge-triggered flip-flop clocked by clk)
Endpoint: _1013_ (rising edge-triggered flip-flop clocked by clk)
Path Group: clk
Path Type: min

Fanout         Cap        Slew       Delay        Time   Description
---------------------------------------------------------------------------------------------
                                  0.000000    0.000000   clock clk (rise edge)
                                  0.000000    0.000000   clock source latency
     2    0.022841    0.081177    0.056215    0.056215 ^ clk (in)
                                                         clk (net)
                      0.081218    0.000000    0.056215 ^ clkbuf_0_clk/A (sky130_fd_sc_hd__clkbuf_16)
    33    0.131693    0.111462    0.158192    0.214407 ^ clkbuf_0_clk/X (sky130_fd_sc_hd__clkbuf_16)
                                                         clknet_0_clk (net)
                      0.111854    0.005314    0.219721 ^ clkbuf_4_6_0_clk/A (sky130_fd_sc_hd__clkbuf_8)
     9    0.031293    0.051396    0.120102    0.339823 ^ clkbuf_4_6_0_clk/X (sky130_fd_sc_hd__clkbuf_8)
                                                         clknet_4_6_0_clk (net)
                      0.051640    0.002530    0.342353 ^ _1012_/CLK (sky130_fd_sc_hd__dfrtp_2)
     5    0.016587    0.069119    0.252737    0.595091 ^ _1012_/Q (sky130_fd_sc_hd__dfrtp_2)
                                                         SYNTH_INST.waveshape.scaled_count[6] (net)
                      0.069125    0.000695    0.595785 ^ _0891_/A2 (sky130_fd_sc_hd__a32o_2)
     1    0.002446    0.026795    0.091436    0.687222 ^ _0891_/X (sky130_fd_sc_hd__a32o_2)
                                                         _0068_ (net)
                      0.026795    0.000173    0.687395 ^ _1013_/D (sky130_fd_sc_hd__dfrtp_2)
                                              0.687395   data arrival time

                                  0.000000    0.000000   clock clk (rise edge)
                                  0.000000    0.000000   clock source latency
     2    0.022841    0.081177    0.056215    0.056215 ^ clk (in)
                                                         clk (net)
                      0.081218    0.000000    0.056215 ^ clkbuf_0_clk/A (sky130_fd_sc_hd__clkbuf_16)
    33    0.131693    0.111462    0.158192    0.214407 ^ clkbuf_0_clk/X (sky130_fd_sc_hd__clkbuf_16)
                                                         clknet_0_clk (net)
                      0.111854    0.005314    0.219721 ^ clkbuf_4_6_0_clk/A (sky130_fd_sc_hd__clkbuf_8)
     9    0.031293    0.051396    0.120102    0.339823 ^ clkbuf_4_6_0_clk/X (sky130_fd_sc_hd__clkbuf_8)
                                                         clknet_4_6_0_clk (net)
                      0.051642    0.002540    0.342364 ^ _1013_/CLK (sky130_fd_sc_hd__dfrtp_2)
                                  0.250000    0.592364   clock uncertainty
                                  0.000000    0.592364   clock reconvergence pessimism
                                 -0.018890    0.573473   library hold time
                                              0.573473   data required time
---------------------------------------------------------------------------------------------
                                              0.573473   data required time
                                             -0.687395   data arrival time
---------------------------------------------------------------------------------------------
                                              0.113921   slack (MET)


Startpoint: _0982_ (rising edge-triggered flip-flop clocked by clk)
Endpoint: _0982_ (rising edge-triggered flip-flop clocked by clk)
Path Group: clk
Path Type: min

Fanout         Cap        Slew       Delay        Time   Description
---------------------------------------------------------------------------------------------
                                  0.000000    0.000000   clock clk (rise edge)
                                  0.000000    0.000000   clock source latency
     2    0.022841    0.081177    0.056215    0.056215 ^ clk (in)
                                                         clk (net)
                      0.081218    0.000000    0.056215 ^ clkbuf_0_clk/A (sky130_fd_sc_hd__clkbuf_16)
    33    0.131693    0.111462    0.158192    0.214407 ^ clkbuf_0_clk/X (sky130_fd_sc_hd__clkbuf_16)
                                                         clknet_0_clk (net)
                      0.112001    0.006206    0.220614 ^ clkbuf_4_4_0_clk/A (sky130_fd_sc_hd__clkbuf_8)
     9    0.026219    0.045384    0.116103    0.336717 ^ clkbuf_4_4_0_clk/X (sky130_fd_sc_hd__clkbuf_8)
                                                         clknet_4_4_0_clk (net)
                      0.045465    0.001634    0.338351 ^ _0982_/CLK (sky130_fd_sc_hd__dfrtp_2)
     4    0.020299    0.081616    0.260088    0.598439 ^ _0982_/Q (sky130_fd_sc_hd__dfrtp_2)
                                                         SYNTH_INST.waveshape.seq_div.dividend[45] (net)
                      0.081618    0.000571    0.599010 ^ _0832_/A1 (sky130_fd_sc_hd__a22o_2)
     1    0.003196    0.022628    0.085198    0.684208 ^ _0832_/X (sky130_fd_sc_hd__a22o_2)
                                                         _0037_ (net)
                      0.022629    0.000219    0.684428 ^ _0982_/D (sky130_fd_sc_hd__dfrtp_2)
                                              0.684428   data arrival time

                                  0.000000    0.000000   clock clk (rise edge)
                                  0.000000    0.000000   clock source latency
     2    0.022841    0.081177    0.056215    0.056215 ^ clk (in)
                                                         clk (net)
                      0.081218    0.000000    0.056215 ^ clkbuf_0_clk/A (sky130_fd_sc_hd__clkbuf_16)
    33    0.131693    0.111462    0.158192    0.214407 ^ clkbuf_0_clk/X (sky130_fd_sc_hd__clkbuf_16)
                                                         clknet_0_clk (net)
                      0.112001    0.006206    0.220614 ^ clkbuf_4_4_0_clk/A (sky130_fd_sc_hd__clkbuf_8)
     9    0.026219    0.045384    0.116103    0.336717 ^ clkbuf_4_4_0_clk/X (sky130_fd_sc_hd__clkbuf_8)
                                                         clknet_4_4_0_clk (net)
                      0.045465    0.001634    0.338351 ^ _0982_/CLK (sky130_fd_sc_hd__dfrtp_2)
                                  0.250000    0.588350   clock uncertainty
                                  0.000000    0.588350   clock reconvergence pessimism
                                 -0.018748    0.569602   library hold time
                                              0.569602   data required time
---------------------------------------------------------------------------------------------
                                              0.569602   data required time
                                             -0.684428   data arrival time
---------------------------------------------------------------------------------------------
                                              0.114825   slack (MET)


Startpoint: _0963_ (rising edge-triggered flip-flop clocked by clk)
Endpoint: _0963_ (rising edge-triggered flip-flop clocked by clk)
Path Group: clk
Path Type: min

Fanout         Cap        Slew       Delay        Time   Description
---------------------------------------------------------------------------------------------
                                  0.000000    0.000000   clock clk (rise edge)
                                  0.000000    0.000000   clock source latency
     2    0.022841    0.081177    0.056215    0.056215 ^ clk (in)
                                                         clk (net)
                      0.081218    0.000000    0.056215 ^ clkbuf_0_clk/A (sky130_fd_sc_hd__clkbuf_16)
    33    0.131693    0.111462    0.158192    0.214407 ^ clkbuf_0_clk/X (sky130_fd_sc_hd__clkbuf_16)
                                                         clknet_0_clk (net)
                      0.111826    0.005126    0.219534 ^ clkbuf_4_0_0_clk/A (sky130_fd_sc_hd__clkbuf_8)
     9    0.035823    0.056861    0.124099    0.343633 ^ clkbuf_4_0_0_clk/X (sky130_fd_sc_hd__clkbuf_8)
                                                         clknet_4_0_0_clk (net)
                      0.057001    0.001887    0.345520 ^ _0963_/CLK (sky130_fd_sc_hd__dfrtp_2)
     4    0.020825    0.083233    0.264387    0.609907 ^ _0963_/Q (sky130_fd_sc_hd__dfrtp_2)
                                                         SYNTH_INST.waveshape.seq_div.dividend[26] (net)
                      0.083247    0.001069    0.610977 ^ _0754_/A0 (sky130_fd_sc_hd__mux2_1)
     1    0.002320    0.026362    0.081199    0.692176 ^ _0754_/X (sky130_fd_sc_hd__mux2_1)
                                                         _0018_ (net)
                      0.026362    0.000169    0.692345 ^ _0963_/D (sky130_fd_sc_hd__dfrtp_2)
                                              0.692345   data arrival time

                                  0.000000    0.000000   clock clk (rise edge)
                                  0.000000    0.000000   clock source latency
     2    0.022841    0.081177    0.056215    0.056215 ^ clk (in)
                                                         clk (net)
                      0.081218    0.000000    0.056215 ^ clkbuf_0_clk/A (sky130_fd_sc_hd__clkbuf_16)
    33    0.131693    0.111462    0.158192    0.214407 ^ clkbuf_0_clk/X (sky130_fd_sc_hd__clkbuf_16)
                                                         clknet_0_clk (net)
                      0.111826    0.005126    0.219534 ^ clkbuf_4_0_0_clk/A (sky130_fd_sc_hd__clkbuf_8)
     9    0.035823    0.056861    0.124099    0.343633 ^ clkbuf_4_0_0_clk/X (sky130_fd_sc_hd__clkbuf_8)
                                                         clknet_4_0_0_clk (net)
                      0.057001    0.001887    0.345520 ^ _0963_/CLK (sky130_fd_sc_hd__dfrtp_2)
                                  0.250000    0.595520   clock uncertainty
                                  0.000000    0.595520   clock reconvergence pessimism
                                 -0.018718    0.576803   library hold time
                                              0.576803   data required time
---------------------------------------------------------------------------------------------
                                              0.576803   data required time
                                             -0.692345   data arrival time
---------------------------------------------------------------------------------------------
                                              0.115542   slack (MET)


Startpoint: _0964_ (rising edge-triggered flip-flop clocked by clk)
Endpoint: _0964_ (rising edge-triggered flip-flop clocked by clk)
Path Group: clk
Path Type: min

Fanout         Cap        Slew       Delay        Time   Description
---------------------------------------------------------------------------------------------
                                  0.000000    0.000000   clock clk (rise edge)
                                  0.000000    0.000000   clock source latency
     2    0.022841    0.081177    0.056215    0.056215 ^ clk (in)
                                                         clk (net)
                      0.081218    0.000000    0.056215 ^ clkbuf_0_clk/A (sky130_fd_sc_hd__clkbuf_16)
    33    0.131693    0.111462    0.158192    0.214407 ^ clkbuf_0_clk/X (sky130_fd_sc_hd__clkbuf_16)
                                                         clknet_0_clk (net)
                      0.111826    0.005126    0.219534 ^ clkbuf_4_0_0_clk/A (sky130_fd_sc_hd__clkbuf_8)
     9    0.035823    0.056861    0.124099    0.343633 ^ clkbuf_4_0_0_clk/X (sky130_fd_sc_hd__clkbuf_8)
                                                         clknet_4_0_0_clk (net)
                      0.057083    0.002529    0.346162 ^ _0964_/CLK (sky130_fd_sc_hd__dfrtp_2)
     5    0.019952    0.080501    0.262435    0.608598 ^ _0964_/Q (sky130_fd_sc_hd__dfrtp_2)
                                                         SYNTH_INST.waveshape.seq_div.dividend[27] (net)
                      0.080503    0.000599    0.609197 ^ _0758_/A0 (sky130_fd_sc_hd__mux2_1)
     1    0.002872    0.029410    0.083529    0.692725 ^ _0758_/X (sky130_fd_sc_hd__mux2_1)
                                                         _0019_ (net)
                      0.029410    0.000198    0.692923 ^ _0964_/D (sky130_fd_sc_hd__dfrtp_2)
                                              0.692923   data arrival time

                                  0.000000    0.000000   clock clk (rise edge)
                                  0.000000    0.000000   clock source latency
     2    0.022841    0.081177    0.056215    0.056215 ^ clk (in)
                                                         clk (net)
                      0.081218    0.000000    0.056215 ^ clkbuf_0_clk/A (sky130_fd_sc_hd__clkbuf_16)
    33    0.131693    0.111462    0.158192    0.214407 ^ clkbuf_0_clk/X (sky130_fd_sc_hd__clkbuf_16)
                                                         clknet_0_clk (net)
                      0.111826    0.005126    0.219534 ^ clkbuf_4_0_0_clk/A (sky130_fd_sc_hd__clkbuf_8)
     9    0.035823    0.056861    0.124099    0.343633 ^ clkbuf_4_0_0_clk/X (sky130_fd_sc_hd__clkbuf_8)
                                                         clknet_4_0_0_clk (net)
                      0.057083    0.002529    0.346162 ^ _0964_/CLK (sky130_fd_sc_hd__dfrtp_2)
                                  0.250000    0.596162   clock uncertainty
                                  0.000000    0.596162   clock reconvergence pessimism
                                 -0.018938    0.577224   library hold time
                                              0.577224   data required time
---------------------------------------------------------------------------------------------
                                              0.577224   data required time
                                             -0.692923   data arrival time
---------------------------------------------------------------------------------------------
                                              0.115699   slack (MET)


Startpoint: _1008_ (rising edge-triggered flip-flop clocked by clk)
Endpoint: _0901_ (rising edge-triggered flip-flop clocked by clk)
Path Group: clk
Path Type: min

Fanout         Cap        Slew       Delay        Time   Description
---------------------------------------------------------------------------------------------
                                  0.000000    0.000000   clock clk (rise edge)
                                  0.000000    0.000000   clock source latency
     2    0.022841    0.081177    0.056215    0.056215 ^ clk (in)
                                                         clk (net)
                      0.081218    0.000000    0.056215 ^ clkbuf_0_clk/A (sky130_fd_sc_hd__clkbuf_16)
    33    0.131693    0.111462    0.158192    0.214407 ^ clkbuf_0_clk/X (sky130_fd_sc_hd__clkbuf_16)
                                                         clknet_0_clk (net)
                      0.111792    0.004896    0.219303 ^ clkbuf_4_7_0_clk/A (sky130_fd_sc_hd__clkbuf_8)
     9    0.027602    0.047009    0.117085    0.336389 ^ clkbuf_4_7_0_clk/X (sky130_fd_sc_hd__clkbuf_8)
                                                         clknet_4_7_0_clk (net)
                      0.047064    0.001413    0.337802 ^ _1008_/CLK (sky130_fd_sc_hd__dfrtp_2)
     4    0.019494    0.078776    0.258339    0.596141 ^ _1008_/Q (sky130_fd_sc_hd__dfrtp_2)
                                                         SYNTH_INST.waveshape.scaled_count[2] (net)
                      0.078791    0.001059    0.597199 ^ _0669_/A1 (sky130_fd_sc_hd__a221o_2)
     1    0.003289    0.022677    0.088701    0.685900 ^ _0669_/X (sky130_fd_sc_hd__a221o_2)
                                                         SYNTH_INST.waveshape.shaper.n_sample[2] (net)
                      0.022677    0.000212    0.686112 ^ _0901_/D (sky130_fd_sc_hd__dfrtp_2)
                                              0.686112   data arrival time

                                  0.000000    0.000000   clock clk (rise edge)
                                  0.000000    0.000000   clock source latency
     2    0.022841    0.081177    0.056215    0.056215 ^ clk (in)
                                                         clk (net)
                      0.081218    0.000000    0.056215 ^ clkbuf_0_clk/A (sky130_fd_sc_hd__clkbuf_16)
    33    0.131693    0.111462    0.158192    0.214407 ^ clkbuf_0_clk/X (sky130_fd_sc_hd__clkbuf_16)
                                                         clknet_0_clk (net)
                      0.112220    0.007329    0.221737 ^ clkbuf_4_13_0_clk/A (sky130_fd_sc_hd__clkbuf_8)
     9    0.026383    0.045571    0.116223    0.337960 ^ clkbuf_4_13_0_clk/X (sky130_fd_sc_hd__clkbuf_8)
                                                         clknet_4_13_0_clk (net)
                      0.045605    0.001129    0.339089 ^ _0901_/CLK (sky130_fd_sc_hd__dfrtp_2)
                                  0.250000    0.589089   clock uncertainty
                                  0.000000    0.589089   clock reconvergence pessimism
                                 -0.018748    0.570341   library hold time
                                              0.570341   data required time
---------------------------------------------------------------------------------------------
                                              0.570341   data required time
                                             -0.686112   data arrival time
---------------------------------------------------------------------------------------------
                                              0.115771   slack (MET)


Startpoint: _0983_ (rising edge-triggered flip-flop clocked by clk)
Endpoint: _0983_ (rising edge-triggered flip-flop clocked by clk)
Path Group: clk
Path Type: min

Fanout         Cap        Slew       Delay        Time   Description
---------------------------------------------------------------------------------------------
                                  0.000000    0.000000   clock clk (rise edge)
                                  0.000000    0.000000   clock source latency
     2    0.022841    0.081177    0.056215    0.056215 ^ clk (in)
                                                         clk (net)
                      0.081218    0.000000    0.056215 ^ clkbuf_0_clk/A (sky130_fd_sc_hd__clkbuf_16)
    33    0.131693    0.111462    0.158192    0.214407 ^ clkbuf_0_clk/X (sky130_fd_sc_hd__clkbuf_16)
                                                         clknet_0_clk (net)
                      0.112001    0.006206    0.220614 ^ clkbuf_4_4_0_clk/A (sky130_fd_sc_hd__clkbuf_8)
     9    0.026219    0.045384    0.116103    0.336717 ^ clkbuf_4_4_0_clk/X (sky130_fd_sc_hd__clkbuf_8)
                                                         clknet_4_4_0_clk (net)
                      0.045464    0.001623    0.338340 ^ _0983_/CLK (sky130_fd_sc_hd__dfrtp_2)
     4    0.021546    0.085624    0.262764    0.601104 ^ _0983_/Q (sky130_fd_sc_hd__dfrtp_2)
                                                         SYNTH_INST.waveshape.seq_div.dividend[46] (net)
                      0.085638    0.001089    0.602193 ^ _0835_/A1 (sky130_fd_sc_hd__a22o_2)
     1    0.002567    0.020665    0.084004    0.686197 ^ _0835_/X (sky130_fd_sc_hd__a22o_2)
                                                         _0038_ (net)
                      0.020669    0.000179    0.686376 ^ _0983_/D (sky130_fd_sc_hd__dfrtp_2)
                                              0.686376   data arrival time

                                  0.000000    0.000000   clock clk (rise edge)
                                  0.000000    0.000000   clock source latency
     2    0.022841    0.081177    0.056215    0.056215 ^ clk (in)
                                                         clk (net)
                      0.081218    0.000000    0.056215 ^ clkbuf_0_clk/A (sky130_fd_sc_hd__clkbuf_16)
    33    0.131693    0.111462    0.158192    0.214407 ^ clkbuf_0_clk/X (sky130_fd_sc_hd__clkbuf_16)
                                                         clknet_0_clk (net)
                      0.112001    0.006206    0.220614 ^ clkbuf_4_4_0_clk/A (sky130_fd_sc_hd__clkbuf_8)
     9    0.026219    0.045384    0.116103    0.336717 ^ clkbuf_4_4_0_clk/X (sky130_fd_sc_hd__clkbuf_8)
                                                         clknet_4_4_0_clk (net)
                      0.045464    0.001623    0.338340 ^ _0983_/CLK (sky130_fd_sc_hd__dfrtp_2)
                                  0.250000    0.588340   clock uncertainty
                                  0.000000    0.588340   clock reconvergence pessimism
                                 -0.018605    0.569735   library hold time
                                              0.569735   data required time
---------------------------------------------------------------------------------------------
                                              0.569735   data required time
                                             -0.686376   data arrival time
---------------------------------------------------------------------------------------------
                                              0.116641   slack (MET)


Startpoint: _0977_ (rising edge-triggered flip-flop clocked by clk)
Endpoint: _0977_ (rising edge-triggered flip-flop clocked by clk)
Path Group: clk
Path Type: min

Fanout         Cap        Slew       Delay        Time   Description
---------------------------------------------------------------------------------------------
                                  0.000000    0.000000   clock clk (rise edge)
                                  0.000000    0.000000   clock source latency
     2    0.022841    0.081177    0.056215    0.056215 ^ clk (in)
                                                         clk (net)
                      0.081218    0.000000    0.056215 ^ clkbuf_0_clk/A (sky130_fd_sc_hd__clkbuf_16)
    33    0.131693    0.111462    0.158192    0.214407 ^ clkbuf_0_clk/X (sky130_fd_sc_hd__clkbuf_16)
                                                         clknet_0_clk (net)
                      0.111824    0.005115    0.219523 ^ clkbuf_4_1_0_clk/A (sky130_fd_sc_hd__clkbuf_8)
     9    0.034762    0.055595    0.123472    0.342995 ^ clkbuf_4_1_0_clk/X (sky130_fd_sc_hd__clkbuf_8)
                                                         clknet_4_1_0_clk (net)
                      0.055739    0.001958    0.344953 ^ _0977_/CLK (sky130_fd_sc_hd__dfrtp_2)
     6    0.020122    0.080880    0.262317    0.607270 ^ _0977_/Q (sky130_fd_sc_hd__dfrtp_2)
                                                         SYNTH_INST.waveshape.seq_div.dividend[40] (net)
                      0.080895    0.001112    0.608382 ^ _0813_/A1 (sky130_fd_sc_hd__a221o_2)
     1    0.002336    0.017849    0.085908    0.694291 ^ _0813_/X (sky130_fd_sc_hd__a221o_2)
                                                         _0032_ (net)
                      0.017849    0.000169    0.694459 ^ _0977_/D (sky130_fd_sc_hd__dfrtp_2)
                                              0.694459   data arrival time

                                  0.000000    0.000000   clock clk (rise edge)
                                  0.000000    0.000000   clock source latency
     2    0.022841    0.081177    0.056215    0.056215 ^ clk (in)
                                                         clk (net)
                      0.081218    0.000000    0.056215 ^ clkbuf_0_clk/A (sky130_fd_sc_hd__clkbuf_16)
    33    0.131693    0.111462    0.158192    0.214407 ^ clkbuf_0_clk/X (sky130_fd_sc_hd__clkbuf_16)
                                                         clknet_0_clk (net)
                      0.111824    0.005115    0.219523 ^ clkbuf_4_1_0_clk/A (sky130_fd_sc_hd__clkbuf_8)
     9    0.034762    0.055595    0.123472    0.342995 ^ clkbuf_4_1_0_clk/X (sky130_fd_sc_hd__clkbuf_8)
                                                         clknet_4_1_0_clk (net)
                      0.055739    0.001958    0.344953 ^ _0977_/CLK (sky130_fd_sc_hd__dfrtp_2)
                                  0.250000    0.594953   clock uncertainty
                                  0.000000    0.594953   clock reconvergence pessimism
                                 -0.018129    0.576823   library hold time
                                              0.576823   data required time
---------------------------------------------------------------------------------------------
                                              0.576823   data required time
                                             -0.694459   data arrival time
---------------------------------------------------------------------------------------------
                                              0.117636   slack (MET)


Startpoint: _0911_ (rising edge-triggered flip-flop clocked by clk)
Endpoint: _0911_ (rising edge-triggered flip-flop clocked by clk)
Path Group: clk
Path Type: min

Fanout         Cap        Slew       Delay        Time   Description
---------------------------------------------------------------------------------------------
                                  0.000000    0.000000   clock clk (rise edge)
                                  0.000000    0.000000   clock source latency
     2    0.022841    0.081177    0.056215    0.056215 ^ clk (in)
                                                         clk (net)
                      0.081218    0.000000    0.056215 ^ clkbuf_0_clk/A (sky130_fd_sc_hd__clkbuf_16)
    33    0.131693    0.111462    0.158192    0.214407 ^ clkbuf_0_clk/X (sky130_fd_sc_hd__clkbuf_16)
                                                         clknet_0_clk (net)
                      0.111994    0.006166    0.220573 ^ clkbuf_4_5_0_clk/A (sky130_fd_sc_hd__clkbuf_8)
     9    0.027677    0.047082    0.117064    0.337637 ^ clkbuf_4_5_0_clk/X (sky130_fd_sc_hd__clkbuf_8)
                                                         clknet_4_5_0_clk (net)
                      0.047236    0.001837    0.339474 ^ _0911_/CLK (sky130_fd_sc_hd__dfrtp_2)
     4    0.014132    0.061602    0.245119    0.584594 ^ _0911_/Q (sky130_fd_sc_hd__dfrtp_2)
                                                         SYNTH_INST.sample_rate.count[4] (net)
                      0.061611    0.000762    0.585356 ^ _0584_/A1 (sky130_fd_sc_hd__a21oi_2)
     1    0.004327    0.027587    0.031666    0.617022 v _0584_/Y (sky130_fd_sc_hd__a21oi_2)
                                                         _0218_ (net)
                      0.027588    0.000298    0.617320 v _0585_/B1 (sky130_fd_sc_hd__o21a_2)
     1    0.003047    0.015939    0.067025    0.684344 v _0585_/X (sky130_fd_sc_hd__o21a_2)
                                                         SYNTH_INST.sample_rate.n_count[4] (net)
                      0.015946    0.000202    0.684547 v _0911_/D (sky130_fd_sc_hd__dfrtp_2)
                                              0.684547   data arrival time

                                  0.000000    0.000000   clock clk (rise edge)
                                  0.000000    0.000000   clock source latency
     2    0.022841    0.081177    0.056215    0.056215 ^ clk (in)
                                                         clk (net)
                      0.081218    0.000000    0.056215 ^ clkbuf_0_clk/A (sky130_fd_sc_hd__clkbuf_16)
    33    0.131693    0.111462    0.158192    0.214407 ^ clkbuf_0_clk/X (sky130_fd_sc_hd__clkbuf_16)
                                                         clknet_0_clk (net)
                      0.111994    0.006166    0.220573 ^ clkbuf_4_5_0_clk/A (sky130_fd_sc_hd__clkbuf_8)
     9    0.027677    0.047082    0.117064    0.337637 ^ clkbuf_4_5_0_clk/X (sky130_fd_sc_hd__clkbuf_8)
                                                         clknet_4_5_0_clk (net)
                      0.047236    0.001837    0.339474 ^ _0911_/CLK (sky130_fd_sc_hd__dfrtp_2)
                                  0.250000    0.589474   clock uncertainty
                                  0.000000    0.589474   clock reconvergence pessimism
                                 -0.023004    0.566470   library hold time
                                              0.566470   data required time
---------------------------------------------------------------------------------------------
                                              0.566470   data required time
                                             -0.684547   data arrival time
---------------------------------------------------------------------------------------------
                                              0.118076   slack (MET)


Startpoint: _0965_ (rising edge-triggered flip-flop clocked by clk)
Endpoint: _0965_ (rising edge-triggered flip-flop clocked by clk)
Path Group: clk
Path Type: min

Fanout         Cap        Slew       Delay        Time   Description
---------------------------------------------------------------------------------------------
                                  0.000000    0.000000   clock clk (rise edge)
                                  0.000000    0.000000   clock source latency
     2    0.022841    0.081177    0.056215    0.056215 ^ clk (in)
                                                         clk (net)
                      0.081218    0.000000    0.056215 ^ clkbuf_0_clk/A (sky130_fd_sc_hd__clkbuf_16)
    33    0.131693    0.111462    0.158192    0.214407 ^ clkbuf_0_clk/X (sky130_fd_sc_hd__clkbuf_16)
                                                         clknet_0_clk (net)
                      0.111826    0.005126    0.219534 ^ clkbuf_4_0_0_clk/A (sky130_fd_sc_hd__clkbuf_8)
     9    0.035823    0.056861    0.124099    0.343633 ^ clkbuf_4_0_0_clk/X (sky130_fd_sc_hd__clkbuf_8)
                                                         clknet_4_0_0_clk (net)
                      0.057014    0.002000    0.345633 ^ _0965_/CLK (sky130_fd_sc_hd__dfrtp_2)
     4    0.021733    0.086265    0.266555    0.612188 ^ _0965_/Q (sky130_fd_sc_hd__dfrtp_2)
                                                         SYNTH_INST.waveshape.seq_div.dividend[28] (net)
                      0.086275    0.000989    0.613177 ^ _0762_/A0 (sky130_fd_sc_hd__mux2_1)
     1    0.002375    0.026658    0.082116    0.695293 ^ _0762_/X (sky130_fd_sc_hd__mux2_1)
                                                         _0020_ (net)
                      0.026658    0.000173    0.695466 ^ _0965_/D (sky130_fd_sc_hd__dfrtp_2)
                                              0.695466   data arrival time

                                  0.000000    0.000000   clock clk (rise edge)
                                  0.000000    0.000000   clock source latency
     2    0.022841    0.081177    0.056215    0.056215 ^ clk (in)
                                                         clk (net)
                      0.081218    0.000000    0.056215 ^ clkbuf_0_clk/A (sky130_fd_sc_hd__clkbuf_16)
    33    0.131693    0.111462    0.158192    0.214407 ^ clkbuf_0_clk/X (sky130_fd_sc_hd__clkbuf_16)
                                                         clknet_0_clk (net)
                      0.111826    0.005126    0.219534 ^ clkbuf_4_0_0_clk/A (sky130_fd_sc_hd__clkbuf_8)
     9    0.035823    0.056861    0.124099    0.343633 ^ clkbuf_4_0_0_clk/X (sky130_fd_sc_hd__clkbuf_8)
                                                         clknet_4_0_0_clk (net)
                      0.057014    0.002000    0.345633 ^ _0965_/CLK (sky130_fd_sc_hd__dfrtp_2)
                                  0.250000    0.595633   clock uncertainty
                                  0.000000    0.595633   clock reconvergence pessimism
                                 -0.018739    0.576894   library hold time
                                              0.576894   data required time
---------------------------------------------------------------------------------------------
                                              0.576894   data required time
                                             -0.695466   data arrival time
---------------------------------------------------------------------------------------------
                                              0.118572   slack (MET)


Startpoint: _1010_ (rising edge-triggered flip-flop clocked by clk)
Endpoint: _0903_ (rising edge-triggered flip-flop clocked by clk)
Path Group: clk
Path Type: min

Fanout         Cap        Slew       Delay        Time   Description
---------------------------------------------------------------------------------------------
                                  0.000000    0.000000   clock clk (rise edge)
                                  0.000000    0.000000   clock source latency
     2    0.022841    0.081177    0.056215    0.056215 ^ clk (in)
                                                         clk (net)
                      0.081218    0.000000    0.056215 ^ clkbuf_0_clk/A (sky130_fd_sc_hd__clkbuf_16)
    33    0.131693    0.111462    0.158192    0.214407 ^ clkbuf_0_clk/X (sky130_fd_sc_hd__clkbuf_16)
                                                         clknet_0_clk (net)
                      0.111854    0.005314    0.219721 ^ clkbuf_4_6_0_clk/A (sky130_fd_sc_hd__clkbuf_8)
     9    0.031293    0.051396    0.120102    0.339823 ^ clkbuf_4_6_0_clk/X (sky130_fd_sc_hd__clkbuf_8)
                                                         clknet_4_6_0_clk (net)
                      0.051581    0.002129    0.341952 ^ _1010_/CLK (sky130_fd_sc_hd__dfrtp_2)
     4    0.020697    0.082992    0.262718    0.604670 ^ _1010_/Q (sky130_fd_sc_hd__dfrtp_2)
                                                         SYNTH_INST.waveshape.scaled_count[4] (net)
                      0.083001    0.000895    0.605566 ^ _0673_/A1 (sky130_fd_sc_hd__a221o_2)
     1    0.002776    0.021165    0.087975    0.693541 ^ _0673_/X (sky130_fd_sc_hd__a221o_2)
                                                         SYNTH_INST.waveshape.shaper.n_sample[4] (net)
                      0.021169    0.000184    0.693725 ^ _0903_/D (sky130_fd_sc_hd__dfrtp_2)
                                              0.693725   data arrival time

                                  0.000000    0.000000   clock clk (rise edge)
                                  0.000000    0.000000   clock source latency
     2    0.022841    0.081177    0.056215    0.056215 ^ clk (in)
                                                         clk (net)
                      0.081218    0.000000    0.056215 ^ clkbuf_0_clk/A (sky130_fd_sc_hd__clkbuf_16)
    33    0.131693    0.111462    0.158192    0.214407 ^ clkbuf_0_clk/X (sky130_fd_sc_hd__clkbuf_16)
                                                         clknet_0_clk (net)
                      0.112087    0.006667    0.221075 ^ clkbuf_4_12_0_clk/A (sky130_fd_sc_hd__clkbuf_8)
     9    0.031749    0.051981    0.120963    0.342038 ^ clkbuf_4_12_0_clk/X (sky130_fd_sc_hd__clkbuf_8)
                                                         clknet_4_12_0_clk (net)
                      0.052036    0.001492    0.343530 ^ _0903_/CLK (sky130_fd_sc_hd__dfrtp_2)
                                  0.250000    0.593530   clock uncertainty
                                  0.000000    0.593530   clock reconvergence pessimism
                                 -0.018469    0.575061   library hold time
                                              0.575061   data required time
---------------------------------------------------------------------------------------------
                                              0.575061   data required time
                                             -0.693725   data arrival time
---------------------------------------------------------------------------------------------
                                              0.118664   slack (MET)


Startpoint: _1008_ (rising edge-triggered flip-flop clocked by clk)
Endpoint: _1009_ (rising edge-triggered flip-flop clocked by clk)
Path Group: clk
Path Type: min

Fanout         Cap        Slew       Delay        Time   Description
---------------------------------------------------------------------------------------------
                                  0.000000    0.000000   clock clk (rise edge)
                                  0.000000    0.000000   clock source latency
     2    0.022841    0.081177    0.056215    0.056215 ^ clk (in)
                                                         clk (net)
                      0.081218    0.000000    0.056215 ^ clkbuf_0_clk/A (sky130_fd_sc_hd__clkbuf_16)
    33    0.131693    0.111462    0.158192    0.214407 ^ clkbuf_0_clk/X (sky130_fd_sc_hd__clkbuf_16)
                                                         clknet_0_clk (net)
                      0.111792    0.004896    0.219303 ^ clkbuf_4_7_0_clk/A (sky130_fd_sc_hd__clkbuf_8)
     9    0.027602    0.047009    0.117085    0.336389 ^ clkbuf_4_7_0_clk/X (sky130_fd_sc_hd__clkbuf_8)
                                                         clknet_4_7_0_clk (net)
                      0.047064    0.001413    0.337802 ^ _1008_/CLK (sky130_fd_sc_hd__dfrtp_2)
     4    0.019494    0.078776    0.258339    0.596141 ^ _1008_/Q (sky130_fd_sc_hd__dfrtp_2)
                                                         SYNTH_INST.waveshape.scaled_count[2] (net)
                      0.078788    0.000990    0.597131 ^ _0887_/A2 (sky130_fd_sc_hd__a32o_2)
     1    0.003223    0.026377    0.096429    0.693560 ^ _0887_/X (sky130_fd_sc_hd__a32o_2)
                                                         _0064_ (net)
                      0.026378    0.000212    0.693772 ^ _1009_/D (sky130_fd_sc_hd__dfrtp_2)
                                              0.693772   data arrival time

                                  0.000000    0.000000   clock clk (rise edge)
                                  0.000000    0.000000   clock source latency
     2    0.022841    0.081177    0.056215    0.056215 ^ clk (in)
                                                         clk (net)
                      0.081218    0.000000    0.056215 ^ clkbuf_0_clk/A (sky130_fd_sc_hd__clkbuf_16)
    33    0.131693    0.111462    0.158192    0.214407 ^ clkbuf_0_clk/X (sky130_fd_sc_hd__clkbuf_16)
                                                         clknet_0_clk (net)
                      0.112087    0.006667    0.221075 ^ clkbuf_4_12_0_clk/A (sky130_fd_sc_hd__clkbuf_8)
     9    0.031749    0.051981    0.120963    0.342038 ^ clkbuf_4_12_0_clk/X (sky130_fd_sc_hd__clkbuf_8)
                                                         clknet_4_12_0_clk (net)
                      0.052005    0.001055    0.343092 ^ _1009_/CLK (sky130_fd_sc_hd__dfrtp_2)
                                  0.250000    0.593093   clock uncertainty
                                  0.000000    0.593093   clock reconvergence pessimism
                                 -0.018850    0.574242   library hold time
                                              0.574242   data required time
---------------------------------------------------------------------------------------------
                                              0.574242   data required time
                                             -0.693772   data arrival time
---------------------------------------------------------------------------------------------
                                              0.119530   slack (MET)


Startpoint: _0984_ (rising edge-triggered flip-flop clocked by clk)
Endpoint: _0984_ (rising edge-triggered flip-flop clocked by clk)
Path Group: clk
Path Type: min

Fanout         Cap        Slew       Delay        Time   Description
---------------------------------------------------------------------------------------------
                                  0.000000    0.000000   clock clk (rise edge)
                                  0.000000    0.000000   clock source latency
     2    0.022841    0.081177    0.056215    0.056215 ^ clk (in)
                                                         clk (net)
                      0.081218    0.000000    0.056215 ^ clkbuf_0_clk/A (sky130_fd_sc_hd__clkbuf_16)
    33    0.131693    0.111462    0.158192    0.214407 ^ clkbuf_0_clk/X (sky130_fd_sc_hd__clkbuf_16)
                                                         clknet_0_clk (net)
                      0.112001    0.006206    0.220614 ^ clkbuf_4_4_0_clk/A (sky130_fd_sc_hd__clkbuf_8)
     9    0.026219    0.045384    0.116103    0.336717 ^ clkbuf_4_4_0_clk/X (sky130_fd_sc_hd__clkbuf_8)
                                                         clknet_4_4_0_clk (net)
                      0.045463    0.001612    0.338329 ^ _0984_/CLK (sky130_fd_sc_hd__dfrtp_2)
     4    0.023254    0.091346    0.267056    0.605385 ^ _0984_/Q (sky130_fd_sc_hd__dfrtp_2)
                                                         SYNTH_INST.waveshape.seq_div.dividend[47] (net)
                      0.091354    0.000949    0.606334 ^ _0838_/A1 (sky130_fd_sc_hd__a22o_2)
     1    0.002371    0.020056    0.084636    0.690970 ^ _0838_/X (sky130_fd_sc_hd__a22o_2)
                                                         _0039_ (net)
                      0.020056    0.000170    0.691140 ^ _0984_/D (sky130_fd_sc_hd__dfrtp_2)
                                              0.691140   data arrival time

                                  0.000000    0.000000   clock clk (rise edge)
                                  0.000000    0.000000   clock source latency
     2    0.022841    0.081177    0.056215    0.056215 ^ clk (in)
                                                         clk (net)
                      0.081218    0.000000    0.056215 ^ clkbuf_0_clk/A (sky130_fd_sc_hd__clkbuf_16)
    33    0.131693    0.111462    0.158192    0.214407 ^ clkbuf_0_clk/X (sky130_fd_sc_hd__clkbuf_16)
                                                         clknet_0_clk (net)
                      0.112001    0.006206    0.220614 ^ clkbuf_4_4_0_clk/A (sky130_fd_sc_hd__clkbuf_8)
     9    0.026219    0.045384    0.116103    0.336717 ^ clkbuf_4_4_0_clk/X (sky130_fd_sc_hd__clkbuf_8)
                                                         clknet_4_4_0_clk (net)
                      0.045463    0.001612    0.338329 ^ _0984_/CLK (sky130_fd_sc_hd__dfrtp_2)
                                  0.250000    0.588329   clock uncertainty
                                  0.000000    0.588329   clock reconvergence pessimism
                                 -0.018560    0.569769   library hold time
                                              0.569769   data required time
---------------------------------------------------------------------------------------------
                                              0.569769   data required time
                                             -0.691140   data arrival time
---------------------------------------------------------------------------------------------
                                              0.121371   slack (MET)


Startpoint: _1011_ (rising edge-triggered flip-flop clocked by clk)
Endpoint: _0904_ (rising edge-triggered flip-flop clocked by clk)
Path Group: clk
Path Type: min

Fanout         Cap        Slew       Delay        Time   Description
---------------------------------------------------------------------------------------------
                                  0.000000    0.000000   clock clk (rise edge)
                                  0.000000    0.000000   clock source latency
     2    0.022841    0.081177    0.056215    0.056215 ^ clk (in)
                                                         clk (net)
                      0.081218    0.000000    0.056215 ^ clkbuf_0_clk/A (sky130_fd_sc_hd__clkbuf_16)
    33    0.131693    0.111462    0.158192    0.214407 ^ clkbuf_0_clk/X (sky130_fd_sc_hd__clkbuf_16)
                                                         clknet_0_clk (net)
                      0.112087    0.006667    0.221075 ^ clkbuf_4_12_0_clk/A (sky130_fd_sc_hd__clkbuf_8)
     9    0.031749    0.051981    0.120963    0.342038 ^ clkbuf_4_12_0_clk/X (sky130_fd_sc_hd__clkbuf_8)
                                                         clknet_4_12_0_clk (net)
                      0.051997    0.000902    0.342940 ^ _1011_/CLK (sky130_fd_sc_hd__dfrtp_2)
     4    0.019527    0.078894    0.259920    0.602860 ^ _1011_/Q (sky130_fd_sc_hd__dfrtp_2)
                                                         SYNTH_INST.waveshape.scaled_count[5] (net)
                      0.078906    0.000984    0.603844 ^ _0675_/A1 (sky130_fd_sc_hd__a221o_2)
     1    0.003760    0.024101    0.090400    0.694244 ^ _0675_/X (sky130_fd_sc_hd__a221o_2)
                                                         SYNTH_INST.waveshape.shaper.n_sample[5] (net)
                      0.024102    0.000152    0.694396 ^ _0904_/D (sky130_fd_sc_hd__dfrtp_2)
                                              0.694396   data arrival time

                                  0.000000    0.000000   clock clk (rise edge)
                                  0.000000    0.000000   clock source latency
     2    0.022841    0.081177    0.056215    0.056215 ^ clk (in)
                                                         clk (net)
                      0.081218    0.000000    0.056215 ^ clkbuf_0_clk/A (sky130_fd_sc_hd__clkbuf_16)
    33    0.131693    0.111462    0.158192    0.214407 ^ clkbuf_0_clk/X (sky130_fd_sc_hd__clkbuf_16)
                                                         clknet_0_clk (net)
                      0.112235    0.007400    0.221807 ^ clkbuf_4_14_0_clk/A (sky130_fd_sc_hd__clkbuf_8)
     9    0.027915    0.047352    0.117350    0.339157 ^ clkbuf_4_14_0_clk/X (sky130_fd_sc_hd__clkbuf_8)
                                                         clknet_4_14_0_clk (net)
                      0.047617    0.002541    0.341698 ^ _0904_/CLK (sky130_fd_sc_hd__dfrtp_2)
                                  0.250000    0.591698   clock uncertainty
                                  0.000000    0.591698   clock reconvergence pessimism
                                 -0.018799    0.572899   library hold time
                                              0.572899   data required time
---------------------------------------------------------------------------------------------
                                              0.572899   data required time
                                             -0.694396   data arrival time
---------------------------------------------------------------------------------------------
                                              0.121497   slack (MET)


Startpoint: _0933_ (rising edge-triggered flip-flop clocked by clk)
Endpoint: _0906_ (rising edge-triggered flip-flop clocked by clk)
Path Group: clk
Path Type: min

Fanout         Cap        Slew       Delay        Time   Description
---------------------------------------------------------------------------------------------
                                  0.000000    0.000000   clock clk (rise edge)
                                  0.000000    0.000000   clock source latency
     2    0.022841    0.081177    0.056215    0.056215 ^ clk (in)
                                                         clk (net)
                      0.081218    0.000000    0.056215 ^ clkbuf_0_clk/A (sky130_fd_sc_hd__clkbuf_16)
    33    0.131693    0.111462    0.158192    0.214407 ^ clkbuf_0_clk/X (sky130_fd_sc_hd__clkbuf_16)
                                                         clknet_0_clk (net)
                      0.112087    0.006667    0.221075 ^ clkbuf_4_12_0_clk/A (sky130_fd_sc_hd__clkbuf_8)
     9    0.031749    0.051981    0.120963    0.342038 ^ clkbuf_4_12_0_clk/X (sky130_fd_sc_hd__clkbuf_8)
                                                         clknet_4_12_0_clk (net)
                      0.052035    0.001484    0.343522 ^ _0933_/CLK (sky130_fd_sc_hd__dfrtp_2)
     4    0.017226    0.071235    0.254328    0.597850 ^ _0933_/Q (sky130_fd_sc_hd__dfrtp_2)
                                                         SYNTH_INST.mode[1] (net)
                      0.071246    0.000878    0.598728 ^ _0680_/A2 (sky130_fd_sc_hd__o211a_2)
     1    0.002373    0.024352    0.095363    0.694091 ^ _0680_/X (sky130_fd_sc_hd__o211a_2)
                                                         SYNTH_INST.waveshape.shaper.n_sample[7] (net)
                      0.024352    0.000108    0.694199 ^ _0906_/D (sky130_fd_sc_hd__dfrtp_2)
                                              0.694199   data arrival time

                                  0.000000    0.000000   clock clk (rise edge)
                                  0.000000    0.000000   clock source latency
     2    0.022841    0.081177    0.056215    0.056215 ^ clk (in)
                                                         clk (net)
                      0.081218    0.000000    0.056215 ^ clkbuf_0_clk/A (sky130_fd_sc_hd__clkbuf_16)
    33    0.131693    0.111462    0.158192    0.214407 ^ clkbuf_0_clk/X (sky130_fd_sc_hd__clkbuf_16)
                                                         clknet_0_clk (net)
                      0.112235    0.007400    0.221807 ^ clkbuf_4_14_0_clk/A (sky130_fd_sc_hd__clkbuf_8)
     9    0.027915    0.047352    0.117350    0.339157 ^ clkbuf_4_14_0_clk/X (sky130_fd_sc_hd__clkbuf_8)
                                                         clknet_4_14_0_clk (net)
                      0.047588    0.002355    0.341513 ^ _0906_/CLK (sky130_fd_sc_hd__dfrtp_2)
                                  0.250000    0.591513   clock uncertainty
                                  0.000000    0.591513   clock reconvergence pessimism
                                 -0.018818    0.572694   library hold time
                                              0.572694   data required time
---------------------------------------------------------------------------------------------
                                              0.572694   data required time
                                             -0.694199   data arrival time
---------------------------------------------------------------------------------------------
                                              0.121505   slack (MET)


Startpoint: _0978_ (rising edge-triggered flip-flop clocked by clk)
Endpoint: _0978_ (rising edge-triggered flip-flop clocked by clk)
Path Group: clk
Path Type: min

Fanout         Cap        Slew       Delay        Time   Description
---------------------------------------------------------------------------------------------
                                  0.000000    0.000000   clock clk (rise edge)
                                  0.000000    0.000000   clock source latency
     2    0.022841    0.081177    0.056215    0.056215 ^ clk (in)
                                                         clk (net)
                      0.081218    0.000000    0.056215 ^ clkbuf_0_clk/A (sky130_fd_sc_hd__clkbuf_16)
    33    0.131693    0.111462    0.158192    0.214407 ^ clkbuf_0_clk/X (sky130_fd_sc_hd__clkbuf_16)
                                                         clknet_0_clk (net)
                      0.111707    0.004239    0.218647 ^ clkbuf_4_3_0_clk/A (sky130_fd_sc_hd__clkbuf_8)
     9    0.029061    0.048732    0.118254    0.336901 ^ clkbuf_4_3_0_clk/X (sky130_fd_sc_hd__clkbuf_8)
                                                         clknet_4_3_0_clk (net)
                      0.048911    0.002052    0.338954 ^ _0978_/CLK (sky130_fd_sc_hd__dfrtp_2)
     5    0.022652    0.089328    0.266526    0.605479 ^ _0978_/Q (sky130_fd_sc_hd__dfrtp_2)
                                                         SYNTH_INST.waveshape.seq_div.dividend[41] (net)
                      0.089344    0.001177    0.606656 ^ _0817_/A1 (sky130_fd_sc_hd__o21a_2)
     1    0.003323    0.021131    0.086133    0.692790 ^ _0817_/X (sky130_fd_sc_hd__o21a_2)
                                                         _0033_ (net)
                      0.021133    0.000209    0.692999 ^ _0978_/D (sky130_fd_sc_hd__dfrtp_2)
                                              0.692999   data arrival time

                                  0.000000    0.000000   clock clk (rise edge)
                                  0.000000    0.000000   clock source latency
     2    0.022841    0.081177    0.056215    0.056215 ^ clk (in)
                                                         clk (net)
                      0.081218    0.000000    0.056215 ^ clkbuf_0_clk/A (sky130_fd_sc_hd__clkbuf_16)
    33    0.131693    0.111462    0.158192    0.214407 ^ clkbuf_0_clk/X (sky130_fd_sc_hd__clkbuf_16)
                                                         clknet_0_clk (net)
                      0.111707    0.004239    0.218647 ^ clkbuf_4_3_0_clk/A (sky130_fd_sc_hd__clkbuf_8)
     9    0.029061    0.048732    0.118254    0.336901 ^ clkbuf_4_3_0_clk/X (sky130_fd_sc_hd__clkbuf_8)
                                                         clknet_4_3_0_clk (net)
                      0.048911    0.002052    0.338954 ^ _0978_/CLK (sky130_fd_sc_hd__dfrtp_2)
                                  0.250000    0.588954   clock uncertainty
                                  0.000000    0.588954   clock reconvergence pessimism
                                 -0.018548    0.570405   library hold time
                                              0.570405   data required time
---------------------------------------------------------------------------------------------
                                              0.570405   data required time
                                             -0.692999   data arrival time
---------------------------------------------------------------------------------------------
                                              0.122593   slack (MET)


Startpoint: _0976_ (rising edge-triggered flip-flop clocked by clk)
Endpoint: _0976_ (rising edge-triggered flip-flop clocked by clk)
Path Group: clk
Path Type: min

Fanout         Cap        Slew       Delay        Time   Description
---------------------------------------------------------------------------------------------
                                  0.000000    0.000000   clock clk (rise edge)
                                  0.000000    0.000000   clock source latency
     2    0.022841    0.081177    0.056215    0.056215 ^ clk (in)
                                                         clk (net)
                      0.081218    0.000000    0.056215 ^ clkbuf_0_clk/A (sky130_fd_sc_hd__clkbuf_16)
    33    0.131693    0.111462    0.158192    0.214407 ^ clkbuf_0_clk/X (sky130_fd_sc_hd__clkbuf_16)
                                                         clknet_0_clk (net)
                      0.111824    0.005115    0.219523 ^ clkbuf_4_1_0_clk/A (sky130_fd_sc_hd__clkbuf_8)
     9    0.034762    0.055595    0.123472    0.342995 ^ clkbuf_4_1_0_clk/X (sky130_fd_sc_hd__clkbuf_8)
                                                         clknet_4_1_0_clk (net)
                      0.055642    0.001472    0.344467 ^ _0976_/CLK (sky130_fd_sc_hd__dfrtp_2)
     5    0.022208    0.088063    0.267576    0.612042 ^ _0976_/Q (sky130_fd_sc_hd__dfrtp_2)
                                                         SYNTH_INST.waveshape.seq_div.dividend[39] (net)
                      0.088072    0.000938    0.612981 ^ _0810_/A1 (sky130_fd_sc_hd__a22o_2)
     1    0.002942    0.021836    0.085808    0.698788 ^ _0810_/X (sky130_fd_sc_hd__a22o_2)
                                                         _0031_ (net)
                      0.021837    0.000204    0.698993 ^ _0976_/D (sky130_fd_sc_hd__dfrtp_2)
                                              0.698993   data arrival time

                                  0.000000    0.000000   clock clk (rise edge)
                                  0.000000    0.000000   clock source latency
     2    0.022841    0.081177    0.056215    0.056215 ^ clk (in)
                                                         clk (net)
                      0.081218    0.000000    0.056215 ^ clkbuf_0_clk/A (sky130_fd_sc_hd__clkbuf_16)
    33    0.131693    0.111462    0.158192    0.214407 ^ clkbuf_0_clk/X (sky130_fd_sc_hd__clkbuf_16)
                                                         clknet_0_clk (net)
                      0.111824    0.005115    0.219523 ^ clkbuf_4_1_0_clk/A (sky130_fd_sc_hd__clkbuf_8)
     9    0.034762    0.055595    0.123472    0.342995 ^ clkbuf_4_1_0_clk/X (sky130_fd_sc_hd__clkbuf_8)
                                                         clknet_4_1_0_clk (net)
                      0.055642    0.001472    0.344467 ^ _0976_/CLK (sky130_fd_sc_hd__dfrtp_2)
                                  0.250000    0.594467   clock uncertainty
                                  0.000000    0.594467   clock reconvergence pessimism
                                 -0.018423    0.576044   library hold time
                                              0.576044   data required time
---------------------------------------------------------------------------------------------
                                              0.576044   data required time
                                             -0.698993   data arrival time
---------------------------------------------------------------------------------------------
                                              0.122949   slack (MET)


Startpoint: _1007_ (rising edge-triggered flip-flop clocked by clk)
Endpoint: _1008_ (rising edge-triggered flip-flop clocked by clk)
Path Group: clk
Path Type: min

Fanout         Cap        Slew       Delay        Time   Description
---------------------------------------------------------------------------------------------
                                  0.000000    0.000000   clock clk (rise edge)
                                  0.000000    0.000000   clock source latency
     2    0.022841    0.081177    0.056215    0.056215 ^ clk (in)
                                                         clk (net)
                      0.081218    0.000000    0.056215 ^ clkbuf_0_clk/A (sky130_fd_sc_hd__clkbuf_16)
    33    0.131693    0.111462    0.158192    0.214407 ^ clkbuf_0_clk/X (sky130_fd_sc_hd__clkbuf_16)
                                                         clknet_0_clk (net)
                      0.111792    0.004896    0.219303 ^ clkbuf_4_7_0_clk/A (sky130_fd_sc_hd__clkbuf_8)
     9    0.027602    0.047009    0.117085    0.336389 ^ clkbuf_4_7_0_clk/X (sky130_fd_sc_hd__clkbuf_8)
                                                         clknet_4_7_0_clk (net)
                      0.047053    0.001285    0.337674 ^ _1007_/CLK (sky130_fd_sc_hd__dfrtp_2)
     4    0.018933    0.076901    0.256929    0.594602 ^ _1007_/Q (sky130_fd_sc_hd__dfrtp_2)
                                                         SYNTH_INST.waveshape.scaled_count[1] (net)
                      0.076903    0.000566    0.595169 ^ _0886_/A2 (sky130_fd_sc_hd__a32o_2)
     1    0.003465    0.027302    0.096988    0.692157 ^ _0886_/X (sky130_fd_sc_hd__a32o_2)
                                                         _0063_ (net)
                      0.027303    0.000241    0.692398 ^ _1008_/D (sky130_fd_sc_hd__dfrtp_2)
                                              0.692398   data arrival time

                                  0.000000    0.000000   clock clk (rise edge)
                                  0.000000    0.000000   clock source latency
     2    0.022841    0.081177    0.056215    0.056215 ^ clk (in)
                                                         clk (net)
                      0.081218    0.000000    0.056215 ^ clkbuf_0_clk/A (sky130_fd_sc_hd__clkbuf_16)
    33    0.131693    0.111462    0.158192    0.214407 ^ clkbuf_0_clk/X (sky130_fd_sc_hd__clkbuf_16)
                                                         clknet_0_clk (net)
                      0.111792    0.004896    0.219303 ^ clkbuf_4_7_0_clk/A (sky130_fd_sc_hd__clkbuf_8)
     9    0.027602    0.047009    0.117085    0.336389 ^ clkbuf_4_7_0_clk/X (sky130_fd_sc_hd__clkbuf_8)
                                                         clknet_4_7_0_clk (net)
                      0.047064    0.001413    0.337802 ^ _1008_/CLK (sky130_fd_sc_hd__dfrtp_2)
                                  0.250000    0.587802   clock uncertainty
                                  0.000000    0.587802   clock reconvergence pessimism
                                 -0.019048    0.568754   library hold time
                                              0.568754   data required time
---------------------------------------------------------------------------------------------
                                              0.568754   data required time
                                             -0.692398   data arrival time
---------------------------------------------------------------------------------------------
                                              0.123644   slack (MET)


Startpoint: _1011_ (rising edge-triggered flip-flop clocked by clk)
Endpoint: _1012_ (rising edge-triggered flip-flop clocked by clk)
Path Group: clk
Path Type: min

Fanout         Cap        Slew       Delay        Time   Description
---------------------------------------------------------------------------------------------
                                  0.000000    0.000000   clock clk (rise edge)
                                  0.000000    0.000000   clock source latency
     2    0.022841    0.081177    0.056215    0.056215 ^ clk (in)
                                                         clk (net)
                      0.081218    0.000000    0.056215 ^ clkbuf_0_clk/A (sky130_fd_sc_hd__clkbuf_16)
    33    0.131693    0.111462    0.158192    0.214407 ^ clkbuf_0_clk/X (sky130_fd_sc_hd__clkbuf_16)
                                                         clknet_0_clk (net)
                      0.112087    0.006667    0.221075 ^ clkbuf_4_12_0_clk/A (sky130_fd_sc_hd__clkbuf_8)
     9    0.031749    0.051981    0.120963    0.342038 ^ clkbuf_4_12_0_clk/X (sky130_fd_sc_hd__clkbuf_8)
                                                         clknet_4_12_0_clk (net)
                      0.051997    0.000902    0.342940 ^ _1011_/CLK (sky130_fd_sc_hd__dfrtp_2)
     4    0.019527    0.078894    0.259920    0.602860 ^ _1011_/Q (sky130_fd_sc_hd__dfrtp_2)
                                                         SYNTH_INST.waveshape.scaled_count[5] (net)
                      0.078897    0.000605    0.603465 ^ _0890_/A2 (sky130_fd_sc_hd__a32o_2)
     1    0.002814    0.024849    0.094845    0.698310 ^ _0890_/X (sky130_fd_sc_hd__a32o_2)
                                                         _0067_ (net)
                      0.024849    0.000190    0.698500 ^ _1012_/D (sky130_fd_sc_hd__dfrtp_2)
                                              0.698500   data arrival time

                                  0.000000    0.000000   clock clk (rise edge)
                                  0.000000    0.000000   clock source latency
     2    0.022841    0.081177    0.056215    0.056215 ^ clk (in)
                                                         clk (net)
                      0.081218    0.000000    0.056215 ^ clkbuf_0_clk/A (sky130_fd_sc_hd__clkbuf_16)
    33    0.131693    0.111462    0.158192    0.214407 ^ clkbuf_0_clk/X (sky130_fd_sc_hd__clkbuf_16)
                                                         clknet_0_clk (net)
                      0.111854    0.005314    0.219721 ^ clkbuf_4_6_0_clk/A (sky130_fd_sc_hd__clkbuf_8)
     9    0.031293    0.051396    0.120102    0.339823 ^ clkbuf_4_6_0_clk/X (sky130_fd_sc_hd__clkbuf_8)
                                                         clknet_4_6_0_clk (net)
                      0.051640    0.002530    0.342353 ^ _1012_/CLK (sky130_fd_sc_hd__dfrtp_2)
                                  0.250000    0.592353   clock uncertainty
                                  0.000000    0.592353   clock reconvergence pessimism
                                 -0.018748    0.573605   library hold time
                                              0.573605   data required time
---------------------------------------------------------------------------------------------
                                              0.573605   data required time
                                             -0.698500   data arrival time
---------------------------------------------------------------------------------------------
                                              0.124895   slack (MET)


Startpoint: _0991_ (rising edge-triggered flip-flop clocked by clk)
Endpoint: _0992_ (rising edge-triggered flip-flop clocked by clk)
Path Group: clk
Path Type: min

Fanout         Cap        Slew       Delay        Time   Description
---------------------------------------------------------------------------------------------
                                  0.000000    0.000000   clock clk (rise edge)
                                  0.000000    0.000000   clock source latency
     2    0.022841    0.081177    0.056215    0.056215 ^ clk (in)
                                                         clk (net)
                      0.081218    0.000000    0.056215 ^ clkbuf_0_clk/A (sky130_fd_sc_hd__clkbuf_16)
    33    0.131693    0.111462    0.158192    0.214407 ^ clkbuf_0_clk/X (sky130_fd_sc_hd__clkbuf_16)
                                                         clknet_0_clk (net)
                      0.111784    0.004838    0.219246 ^ clkbuf_4_9_0_clk/A (sky130_fd_sc_hd__clkbuf_8)
     9    0.027530    0.046921    0.116993    0.336238 ^ clkbuf_4_9_0_clk/X (sky130_fd_sc_hd__clkbuf_8)
                                                         clknet_4_9_0_clk (net)
                      0.047018    0.001812    0.338050 ^ _0991_/CLK (sky130_fd_sc_hd__dfrtp_2)
     2    0.006983    0.039003    0.224554    0.562604 ^ _0991_/Q (sky130_fd_sc_hd__dfrtp_2)
                                                         SYNTH_INST.waveshape.seq_div.dividend[14] (net)
                      0.039003    0.000336    0.562940 ^ _0856_/A2 (sky130_fd_sc_hd__a221o_2)
     1    0.003879    0.025924    0.083470    0.646410 ^ _0856_/X (sky130_fd_sc_hd__a221o_2)
                                                         _0410_ (net)
                      0.025928    0.000280    0.646690 ^ _0857_/B1 (sky130_fd_sc_hd__o21a_2)
     1    0.003512    0.021796    0.055606    0.702296 ^ _0857_/X (sky130_fd_sc_hd__o21a_2)
                                                         _0047_ (net)
                      0.021799    0.000227    0.702523 ^ _0992_/D (sky130_fd_sc_hd__dfrtp_2)
                                              0.702523   data arrival time

                                  0.000000    0.000000   clock clk (rise edge)
                                  0.000000    0.000000   clock source latency
     2    0.022841    0.081177    0.056215    0.056215 ^ clk (in)
                                                         clk (net)
                      0.081218    0.000000    0.056215 ^ clkbuf_0_clk/A (sky130_fd_sc_hd__clkbuf_16)
    33    0.131693    0.111462    0.158192    0.214407 ^ clkbuf_0_clk/X (sky130_fd_sc_hd__clkbuf_16)
                                                         clknet_0_clk (net)
                      0.111805    0.004987    0.219395 ^ clkbuf_4_2_0_clk/A (sky130_fd_sc_hd__clkbuf_8)
     9    0.035311    0.056222    0.123564    0.342958 ^ clkbuf_4_2_0_clk/X (sky130_fd_sc_hd__clkbuf_8)
                                                         clknet_4_2_0_clk (net)
                      0.056473    0.002652    0.345610 ^ _0992_/CLK (sky130_fd_sc_hd__dfrtp_2)
                                  0.250000    0.595610   clock uncertainty
                                  0.000000    0.595610   clock reconvergence pessimism
                                 -0.018398    0.577211   library hold time
                                              0.577211   data required time
---------------------------------------------------------------------------------------------
                                              0.577211   data required time
                                             -0.702523   data arrival time
---------------------------------------------------------------------------------------------
                                              0.125311   slack (MET)


Startpoint: _0978_ (rising edge-triggered flip-flop clocked by clk)
Endpoint: _0979_ (rising edge-triggered flip-flop clocked by clk)
Path Group: clk
Path Type: min

Fanout         Cap        Slew       Delay        Time   Description
---------------------------------------------------------------------------------------------
                                  0.000000    0.000000   clock clk (rise edge)
                                  0.000000    0.000000   clock source latency
     2    0.022841    0.081177    0.056215    0.056215 ^ clk (in)
                                                         clk (net)
                      0.081218    0.000000    0.056215 ^ clkbuf_0_clk/A (sky130_fd_sc_hd__clkbuf_16)
    33    0.131693    0.111462    0.158192    0.214407 ^ clkbuf_0_clk/X (sky130_fd_sc_hd__clkbuf_16)
                                                         clknet_0_clk (net)
                      0.111707    0.004239    0.218647 ^ clkbuf_4_3_0_clk/A (sky130_fd_sc_hd__clkbuf_8)
     9    0.029061    0.048732    0.118254    0.336901 ^ clkbuf_4_3_0_clk/X (sky130_fd_sc_hd__clkbuf_8)
                                                         clknet_4_3_0_clk (net)
                      0.048911    0.002052    0.338954 ^ _0978_/CLK (sky130_fd_sc_hd__dfrtp_2)
     5    0.022652    0.089328    0.266526    0.605479 ^ _0978_/Q (sky130_fd_sc_hd__dfrtp_2)
                                                         SYNTH_INST.waveshape.seq_div.dividend[41] (net)
                      0.089344    0.001168    0.606647 ^ _0820_/B2 (sky130_fd_sc_hd__a221o_2)
     1    0.004261    0.024117    0.092777    0.699424 ^ _0820_/X (sky130_fd_sc_hd__a221o_2)
                                                         _0034_ (net)
                      0.024120    0.000259    0.699683 ^ _0979_/D (sky130_fd_sc_hd__dfrtp_2)
                                              0.699683   data arrival time

                                  0.000000    0.000000   clock clk (rise edge)
                                  0.000000    0.000000   clock source latency
     2    0.022841    0.081177    0.056215    0.056215 ^ clk (in)
                                                         clk (net)
                      0.081218    0.000000    0.056215 ^ clkbuf_0_clk/A (sky130_fd_sc_hd__clkbuf_16)
    33    0.131693    0.111462    0.158192    0.214407 ^ clkbuf_0_clk/X (sky130_fd_sc_hd__clkbuf_16)
                                                         clknet_0_clk (net)
                      0.111854    0.005314    0.219721 ^ clkbuf_4_6_0_clk/A (sky130_fd_sc_hd__clkbuf_8)
     9    0.031293    0.051396    0.120102    0.339823 ^ clkbuf_4_6_0_clk/X (sky130_fd_sc_hd__clkbuf_8)
                                                         clknet_4_6_0_clk (net)
                      0.051567    0.002024    0.341847 ^ _0979_/CLK (sky130_fd_sc_hd__dfrtp_2)
                                  0.250000    0.591847   clock uncertainty
                                  0.000000    0.591847   clock reconvergence pessimism
                                 -0.018697    0.573150   library hold time
                                              0.573150   data required time
---------------------------------------------------------------------------------------------
                                              0.573150   data required time
                                             -0.699683   data arrival time
---------------------------------------------------------------------------------------------
                                              0.126532   slack (MET)


Startpoint: _0984_ (rising edge-triggered flip-flop clocked by clk)
Endpoint: _1018_ (rising edge-triggered flip-flop clocked by clk)
Path Group: clk
Path Type: min

Fanout         Cap        Slew       Delay        Time   Description
---------------------------------------------------------------------------------------------
                                  0.000000    0.000000   clock clk (rise edge)
                                  0.000000    0.000000   clock source latency
     2    0.022841    0.081177    0.056215    0.056215 ^ clk (in)
                                                         clk (net)
                      0.081218    0.000000    0.056215 ^ clkbuf_0_clk/A (sky130_fd_sc_hd__clkbuf_16)
    33    0.131693    0.111462    0.158192    0.214407 ^ clkbuf_0_clk/X (sky130_fd_sc_hd__clkbuf_16)
                                                         clknet_0_clk (net)
                      0.112001    0.006206    0.220614 ^ clkbuf_4_4_0_clk/A (sky130_fd_sc_hd__clkbuf_8)
     9    0.026219    0.045384    0.116103    0.336717 ^ clkbuf_4_4_0_clk/X (sky130_fd_sc_hd__clkbuf_8)
                                                         clknet_4_4_0_clk (net)
                      0.045463    0.001612    0.338329 ^ _0984_/CLK (sky130_fd_sc_hd__dfrtp_2)
     4    0.023254    0.091346    0.267056    0.605385 ^ _0984_/Q (sky130_fd_sc_hd__dfrtp_2)
                                                         SYNTH_INST.waveshape.seq_div.dividend[47] (net)
                      0.091356    0.001006    0.606391 ^ _0545_/A1 (sky130_fd_sc_hd__o21a_2)
     1    0.004080    0.024415    0.089138    0.695529 ^ _0545_/X (sky130_fd_sc_hd__o21a_2)
                                                         _0000_ (net)
                      0.024418    0.000261    0.695790 ^ _1018_/D (sky130_fd_sc_hd__dfrtp_2)
                                              0.695790   data arrival time

                                  0.000000    0.000000   clock clk (rise edge)
                                  0.000000    0.000000   clock source latency
     2    0.022841    0.081177    0.056215    0.056215 ^ clk (in)
                                                         clk (net)
                      0.081218    0.000000    0.056215 ^ clkbuf_0_clk/A (sky130_fd_sc_hd__clkbuf_16)
    33    0.131693    0.111462    0.158192    0.214407 ^ clkbuf_0_clk/X (sky130_fd_sc_hd__clkbuf_16)
                                                         clknet_0_clk (net)
                      0.112001    0.006206    0.220614 ^ clkbuf_4_4_0_clk/A (sky130_fd_sc_hd__clkbuf_8)
     9    0.026219    0.045384    0.116103    0.336717 ^ clkbuf_4_4_0_clk/X (sky130_fd_sc_hd__clkbuf_8)
                                                         clknet_4_4_0_clk (net)
                      0.045439    0.001367    0.338084 ^ _1018_/CLK (sky130_fd_sc_hd__dfrtp_2)
                                  0.250000    0.588084   clock uncertainty
                                  0.000000    0.588084   clock reconvergence pessimism
                                 -0.018880    0.569204   library hold time
                                              0.569204   data required time
---------------------------------------------------------------------------------------------
                                              0.569204   data required time
                                             -0.695790   data arrival time
---------------------------------------------------------------------------------------------
                                              0.126585   slack (MET)


Startpoint: _0997_ (rising edge-triggered flip-flop clocked by clk)
Endpoint: _0998_ (rising edge-triggered flip-flop clocked by clk)
Path Group: clk
Path Type: min

Fanout         Cap        Slew       Delay        Time   Description
---------------------------------------------------------------------------------------------
                                  0.000000    0.000000   clock clk (rise edge)
                                  0.000000    0.000000   clock source latency
     2    0.022841    0.081177    0.056215    0.056215 ^ clk (in)
                                                         clk (net)
                      0.081218    0.000000    0.056215 ^ clkbuf_0_clk/A (sky130_fd_sc_hd__clkbuf_16)
    33    0.131693    0.111462    0.158192    0.214407 ^ clkbuf_0_clk/X (sky130_fd_sc_hd__clkbuf_16)
                                                         clknet_0_clk (net)
                      0.111707    0.004239    0.218647 ^ clkbuf_4_3_0_clk/A (sky130_fd_sc_hd__clkbuf_8)
     9    0.029061    0.048732    0.118254    0.336901 ^ clkbuf_4_3_0_clk/X (sky130_fd_sc_hd__clkbuf_8)
                                                         clknet_4_3_0_clk (net)
                      0.048917    0.002094    0.338995 ^ _0997_/CLK (sky130_fd_sc_hd__dfrtp_2)
     2    0.007324    0.040070    0.226183    0.565178 ^ _0997_/Q (sky130_fd_sc_hd__dfrtp_2)
                                                         SYNTH_INST.waveshape.seq_div.dividend[20] (net)
                      0.040070    0.000205    0.565383 ^ _0868_/A2 (sky130_fd_sc_hd__a221o_2)
     1    0.003809    0.025526    0.083480    0.648863 ^ _0868_/X (sky130_fd_sc_hd__a221o_2)
                                                         _0416_ (net)
                      0.025530    0.000286    0.649149 ^ _0869_/B1 (sky130_fd_sc_hd__o21a_2)
     1    0.002397    0.018091    0.051987    0.701136 ^ _0869_/X (sky130_fd_sc_hd__o21a_2)
                                                         _0053_ (net)
                      0.018091    0.000172    0.701308 ^ _0998_/D (sky130_fd_sc_hd__dfrtp_2)
                                              0.701308   data arrival time

                                  0.000000    0.000000   clock clk (rise edge)
                                  0.000000    0.000000   clock source latency
     2    0.022841    0.081177    0.056215    0.056215 ^ clk (in)
                                                         clk (net)
                      0.081218    0.000000    0.056215 ^ clkbuf_0_clk/A (sky130_fd_sc_hd__clkbuf_16)
    33    0.131693    0.111462    0.158192    0.214407 ^ clkbuf_0_clk/X (sky130_fd_sc_hd__clkbuf_16)
                                                         clknet_0_clk (net)
                      0.111854    0.005314    0.219721 ^ clkbuf_4_6_0_clk/A (sky130_fd_sc_hd__clkbuf_8)
     9    0.031293    0.051396    0.120102    0.339823 ^ clkbuf_4_6_0_clk/X (sky130_fd_sc_hd__clkbuf_8)
                                                         clknet_4_6_0_clk (net)
                      0.051633    0.002485    0.342308 ^ _0998_/CLK (sky130_fd_sc_hd__dfrtp_2)
                                  0.250000    0.592308   clock uncertainty
                                  0.000000    0.592308   clock reconvergence pessimism
                                 -0.018255    0.574054   library hold time
                                              0.574054   data required time
---------------------------------------------------------------------------------------------
                                              0.574054   data required time
                                             -0.701308   data arrival time
---------------------------------------------------------------------------------------------
                                              0.127255   slack (MET)


Startpoint: _0898_ (rising edge-triggered flip-flop clocked by clk)
Endpoint: _0898_ (rising edge-triggered flip-flop clocked by clk)
Path Group: clk
Path Type: min

Fanout         Cap        Slew       Delay        Time   Description
---------------------------------------------------------------------------------------------
                                  0.000000    0.000000   clock clk (rise edge)
                                  0.000000    0.000000   clock source latency
     2    0.022841    0.081177    0.056215    0.056215 ^ clk (in)
                                                         clk (net)
                      0.081218    0.000000    0.056215 ^ clkbuf_0_clk/A (sky130_fd_sc_hd__clkbuf_16)
    33    0.131693    0.111462    0.158192    0.214407 ^ clkbuf_0_clk/X (sky130_fd_sc_hd__clkbuf_16)
                                                         clknet_0_clk (net)
                      0.112237    0.007408    0.221815 ^ clkbuf_4_15_0_clk/A (sky130_fd_sc_hd__clkbuf_8)
     9    0.029120    0.048790    0.118087    0.339902 ^ clkbuf_4_15_0_clk/X (sky130_fd_sc_hd__clkbuf_8)
                                                         clknet_4_15_0_clk (net)
                      0.048844    0.001257    0.341159 ^ _0898_/CLK (sky130_fd_sc_hd__dfrtp_2)
     2    0.008862    0.044941    0.230390    0.571549 ^ _0898_/Q (sky130_fd_sc_hd__dfrtp_2)
                                                         SYNTH_INST.pwm_counter.count[7] (net)
                      0.044951    0.000655    0.572203 ^ _0434_/A (sky130_fd_sc_hd__inv_2)
     3    0.017187    0.031567    0.036488    0.608691 v _0434_/Y (sky130_fd_sc_hd__inv_2)
                                                         _0079_ (net)
                      0.031621    0.001054    0.609745 v _0696_/A (sky130_fd_sc_hd__xnor2_2)
     1    0.003140    0.022928    0.083470    0.693215 v _0696_/Y (sky130_fd_sc_hd__xnor2_2)
                                                         SYNTH_INST.pwm_counter.n_count[7] (net)
                      0.022929    0.000213    0.693428 v _0898_/D (sky130_fd_sc_hd__dfrtp_2)
                                              0.693428   data arrival time

                                  0.000000    0.000000   clock clk (rise edge)
                                  0.000000    0.000000   clock source latency
     2    0.022841    0.081177    0.056215    0.056215 ^ clk (in)
                                                         clk (net)
                      0.081218    0.000000    0.056215 ^ clkbuf_0_clk/A (sky130_fd_sc_hd__clkbuf_16)
    33    0.131693    0.111462    0.158192    0.214407 ^ clkbuf_0_clk/X (sky130_fd_sc_hd__clkbuf_16)
                                                         clknet_0_clk (net)
                      0.112237    0.007408    0.221815 ^ clkbuf_4_15_0_clk/A (sky130_fd_sc_hd__clkbuf_8)
     9    0.029120    0.048790    0.118087    0.339902 ^ clkbuf_4_15_0_clk/X (sky130_fd_sc_hd__clkbuf_8)
                                                         clknet_4_15_0_clk (net)
                      0.048844    0.001257    0.341159 ^ _0898_/CLK (sky130_fd_sc_hd__dfrtp_2)
                                  0.250000    0.591158   clock uncertainty
                                  0.000000    0.591158   clock reconvergence pessimism
                                 -0.025078    0.566080   library hold time
                                              0.566080   data required time
---------------------------------------------------------------------------------------------
                                              0.566080   data required time
                                             -0.693428   data arrival time
---------------------------------------------------------------------------------------------
                                              0.127348   slack (MET)


Startpoint: _1005_ (rising edge-triggered flip-flop clocked by clk)
Endpoint: _1004_ (rising edge-triggered flip-flop clocked by clk)
Path Group: clk
Path Type: min

Fanout         Cap        Slew       Delay        Time   Description
---------------------------------------------------------------------------------------------
                                  0.000000    0.000000   clock clk (rise edge)
                                  0.000000    0.000000   clock source latency
     2    0.022841    0.081177    0.056215    0.056215 ^ clk (in)
                                                         clk (net)
                      0.081218    0.000000    0.056215 ^ clkbuf_0_clk/A (sky130_fd_sc_hd__clkbuf_16)
    33    0.131693    0.111462    0.158192    0.214407 ^ clkbuf_0_clk/X (sky130_fd_sc_hd__clkbuf_16)
                                                         clknet_0_clk (net)
                      0.111792    0.004896    0.219303 ^ clkbuf_4_7_0_clk/A (sky130_fd_sc_hd__clkbuf_8)
     9    0.027602    0.047009    0.117085    0.336389 ^ clkbuf_4_7_0_clk/X (sky130_fd_sc_hd__clkbuf_8)
                                                         clknet_4_7_0_clk (net)
                      0.047115    0.001891    0.338280 ^ _1005_/CLK (sky130_fd_sc_hd__dfrtp_2)
     3    0.012745    0.057648    0.240887    0.579167 ^ _1005_/Q (sky130_fd_sc_hd__dfrtp_2)
                                                         SYNTH_INST.waveshape.seq_div.n[4] (net)
                      0.057661    0.000842    0.580009 ^ _0881_/A1 (sky130_fd_sc_hd__o21ba_2)
     1    0.006536    0.037407    0.096452    0.676461 ^ _0881_/X (sky130_fd_sc_hd__o21ba_2)
                                                         _0423_ (net)
                      0.037414    0.000474    0.676935 ^ _0882_/B (sky130_fd_sc_hd__nor2_2)
     1    0.002496    0.012928    0.016464    0.693399 v _0882_/Y (sky130_fd_sc_hd__nor2_2)
                                                         _0059_ (net)
                      0.012928    0.000179    0.693578 v _1004_/D (sky130_fd_sc_hd__dfrtp_2)
                                              0.693578   data arrival time

                                  0.000000    0.000000   clock clk (rise edge)
                                  0.000000    0.000000   clock source latency
     2    0.022841    0.081177    0.056215    0.056215 ^ clk (in)
                                                         clk (net)
                      0.081218    0.000000    0.056215 ^ clkbuf_0_clk/A (sky130_fd_sc_hd__clkbuf_16)
    33    0.131693    0.111462    0.158192    0.214407 ^ clkbuf_0_clk/X (sky130_fd_sc_hd__clkbuf_16)
                                                         clknet_0_clk (net)
                      0.111792    0.004896    0.219303 ^ clkbuf_4_7_0_clk/A (sky130_fd_sc_hd__clkbuf_8)
     9    0.027602    0.047009    0.117085    0.336389 ^ clkbuf_4_7_0_clk/X (sky130_fd_sc_hd__clkbuf_8)
                                                         clknet_4_7_0_clk (net)
                      0.047115    0.001888    0.338277 ^ _1004_/CLK (sky130_fd_sc_hd__dfrtp_2)
                                  0.250000    0.588277   clock uncertainty
                                  0.000000    0.588277   clock reconvergence pessimism
                                 -0.022049    0.566227   library hold time
                                              0.566227   data required time
---------------------------------------------------------------------------------------------
                                              0.566227   data required time
                                             -0.693578   data arrival time
---------------------------------------------------------------------------------------------
                                              0.127351   slack (MET)


Startpoint: _1010_ (rising edge-triggered flip-flop clocked by clk)
Endpoint: _1011_ (rising edge-triggered flip-flop clocked by clk)
Path Group: clk
Path Type: min

Fanout         Cap        Slew       Delay        Time   Description
---------------------------------------------------------------------------------------------
                                  0.000000    0.000000   clock clk (rise edge)
                                  0.000000    0.000000   clock source latency
     2    0.022841    0.081177    0.056215    0.056215 ^ clk (in)
                                                         clk (net)
                      0.081218    0.000000    0.056215 ^ clkbuf_0_clk/A (sky130_fd_sc_hd__clkbuf_16)
    33    0.131693    0.111462    0.158192    0.214407 ^ clkbuf_0_clk/X (sky130_fd_sc_hd__clkbuf_16)
                                                         clknet_0_clk (net)
                      0.111854    0.005314    0.219721 ^ clkbuf_4_6_0_clk/A (sky130_fd_sc_hd__clkbuf_8)
     9    0.031293    0.051396    0.120102    0.339823 ^ clkbuf_4_6_0_clk/X (sky130_fd_sc_hd__clkbuf_8)
                                                         clknet_4_6_0_clk (net)
                      0.051581    0.002129    0.341952 ^ _1010_/CLK (sky130_fd_sc_hd__dfrtp_2)
     4    0.020697    0.082992    0.262718    0.604670 ^ _1010_/Q (sky130_fd_sc_hd__dfrtp_2)
                                                         SYNTH_INST.waveshape.scaled_count[4] (net)
                      0.082997    0.000721    0.605392 ^ _0889_/A2 (sky130_fd_sc_hd__a32o_2)
     1    0.003049    0.025703    0.096580    0.701972 ^ _0889_/X (sky130_fd_sc_hd__a32o_2)
                                                         _0066_ (net)
                      0.025703    0.000223    0.702195 ^ _1011_/D (sky130_fd_sc_hd__dfrtp_2)
                                              0.702195   data arrival time

                                  0.000000    0.000000   clock clk (rise edge)
                                  0.000000    0.000000   clock source latency
     2    0.022841    0.081177    0.056215    0.056215 ^ clk (in)
                                                         clk (net)
                      0.081218    0.000000    0.056215 ^ clkbuf_0_clk/A (sky130_fd_sc_hd__clkbuf_16)
    33    0.131693    0.111462    0.158192    0.214407 ^ clkbuf_0_clk/X (sky130_fd_sc_hd__clkbuf_16)
                                                         clknet_0_clk (net)
                      0.112087    0.006667    0.221075 ^ clkbuf_4_12_0_clk/A (sky130_fd_sc_hd__clkbuf_8)
     9    0.031749    0.051981    0.120963    0.342038 ^ clkbuf_4_12_0_clk/X (sky130_fd_sc_hd__clkbuf_8)
                                                         clknet_4_12_0_clk (net)
                      0.051997    0.000902    0.342940 ^ _1011_/CLK (sky130_fd_sc_hd__dfrtp_2)
                                  0.250000    0.592940   clock uncertainty
                                  0.000000    0.592940   clock reconvergence pessimism
                                 -0.018801    0.574139   library hold time
                                              0.574139   data required time
---------------------------------------------------------------------------------------------
                                              0.574139   data required time
                                             -0.702195   data arrival time
---------------------------------------------------------------------------------------------
                                              0.128056   slack (MET)


Startpoint: _0996_ (rising edge-triggered flip-flop clocked by clk)
Endpoint: _0997_ (rising edge-triggered flip-flop clocked by clk)
Path Group: clk
Path Type: min

Fanout         Cap        Slew       Delay        Time   Description
---------------------------------------------------------------------------------------------
                                  0.000000    0.000000   clock clk (rise edge)
                                  0.000000    0.000000   clock source latency
     2    0.022841    0.081177    0.056215    0.056215 ^ clk (in)
                                                         clk (net)
                      0.081218    0.000000    0.056215 ^ clkbuf_0_clk/A (sky130_fd_sc_hd__clkbuf_16)
    33    0.131693    0.111462    0.158192    0.214407 ^ clkbuf_0_clk/X (sky130_fd_sc_hd__clkbuf_16)
                                                         clknet_0_clk (net)
                      0.111707    0.004239    0.218647 ^ clkbuf_4_3_0_clk/A (sky130_fd_sc_hd__clkbuf_8)
     9    0.029061    0.048732    0.118254    0.336901 ^ clkbuf_4_3_0_clk/X (sky130_fd_sc_hd__clkbuf_8)
                                                         clknet_4_3_0_clk (net)
                      0.048919    0.002108    0.339009 ^ _0996_/CLK (sky130_fd_sc_hd__dfrtp_2)
     2    0.006486    0.037487    0.223629    0.562638 ^ _0996_/Q (sky130_fd_sc_hd__dfrtp_2)
                                                         SYNTH_INST.waveshape.seq_div.dividend[19] (net)
                      0.037487    0.000468    0.563106 ^ _0866_/A2 (sky130_fd_sc_hd__a221o_2)
     1    0.003893    0.025680    0.083150    0.646255 ^ _0866_/X (sky130_fd_sc_hd__a221o_2)
                                                         _0415_ (net)
                      0.025683    0.000269    0.646525 ^ _0867_/B1 (sky130_fd_sc_hd__o21a_2)
     1    0.002709    0.019107    0.053004    0.699528 ^ _0867_/X (sky130_fd_sc_hd__o21a_2)
                                                         _0052_ (net)
                      0.019108    0.000198    0.699726 ^ _0997_/D (sky130_fd_sc_hd__dfrtp_2)
                                              0.699726   data arrival time

                                  0.000000    0.000000   clock clk (rise edge)
                                  0.000000    0.000000   clock source latency
     2    0.022841    0.081177    0.056215    0.056215 ^ clk (in)
                                                         clk (net)
                      0.081218    0.000000    0.056215 ^ clkbuf_0_clk/A (sky130_fd_sc_hd__clkbuf_16)
    33    0.131693    0.111462    0.158192    0.214407 ^ clkbuf_0_clk/X (sky130_fd_sc_hd__clkbuf_16)
                                                         clknet_0_clk (net)
                      0.111707    0.004239    0.218647 ^ clkbuf_4_3_0_clk/A (sky130_fd_sc_hd__clkbuf_8)
     9    0.029061    0.048732    0.118254    0.336901 ^ clkbuf_4_3_0_clk/X (sky130_fd_sc_hd__clkbuf_8)
                                                         clknet_4_3_0_clk (net)
                      0.048917    0.002094    0.338995 ^ _0997_/CLK (sky130_fd_sc_hd__dfrtp_2)
                                  0.250000    0.588995   clock uncertainty
                                  0.000000    0.588995   clock reconvergence pessimism
                                 -0.018400    0.570595   library hold time
                                              0.570595   data required time
---------------------------------------------------------------------------------------------
                                              0.570595   data required time
                                             -0.699726   data arrival time
---------------------------------------------------------------------------------------------
                                              0.129131   slack (MET)


Startpoint: _0912_ (rising edge-triggered flip-flop clocked by clk)
Endpoint: _0912_ (rising edge-triggered flip-flop clocked by clk)
Path Group: clk
Path Type: min

Fanout         Cap        Slew       Delay        Time   Description
---------------------------------------------------------------------------------------------
                                  0.000000    0.000000   clock clk (rise edge)
                                  0.000000    0.000000   clock source latency
     2    0.022841    0.081177    0.056215    0.056215 ^ clk (in)
                                                         clk (net)
                      0.081218    0.000000    0.056215 ^ clkbuf_0_clk/A (sky130_fd_sc_hd__clkbuf_16)
    33    0.131693    0.111462    0.158192    0.214407 ^ clkbuf_0_clk/X (sky130_fd_sc_hd__clkbuf_16)
                                                         clknet_0_clk (net)
                      0.111994    0.006166    0.220573 ^ clkbuf_4_5_0_clk/A (sky130_fd_sc_hd__clkbuf_8)
     9    0.027677    0.047082    0.117064    0.337637 ^ clkbuf_4_5_0_clk/X (sky130_fd_sc_hd__clkbuf_8)
                                                         clknet_4_5_0_clk (net)
                      0.047258    0.002001    0.339638 ^ _0912_/CLK (sky130_fd_sc_hd__dfrtp_2)
     2    0.007165    0.039564    0.225106    0.564744 ^ _0912_/Q (sky130_fd_sc_hd__dfrtp_2)
                                                         SYNTH_INST.sample_rate.count[5] (net)
                      0.039564    0.000404    0.565148 ^ _0586_/B1 (sky130_fd_sc_hd__a31o_2)
     1    0.003238    0.022175    0.056224    0.621372 ^ _0586_/X (sky130_fd_sc_hd__a31o_2)
                                                         _0219_ (net)
                      0.022180    0.000240    0.621612 ^ _0587_/B (sky130_fd_sc_hd__and2_2)
     1    0.003498    0.026965    0.078448    0.700060 ^ _0587_/X (sky130_fd_sc_hd__and2_2)
                                                         SYNTH_INST.sample_rate.n_count[5] (net)
                      0.026965    0.000243    0.700302 ^ _0912_/D (sky130_fd_sc_hd__dfrtp_2)
                                              0.700302   data arrival time

                                  0.000000    0.000000   clock clk (rise edge)
                                  0.000000    0.000000   clock source latency
     2    0.022841    0.081177    0.056215    0.056215 ^ clk (in)
                                                         clk (net)
                      0.081218    0.000000    0.056215 ^ clkbuf_0_clk/A (sky130_fd_sc_hd__clkbuf_16)
    33    0.131693    0.111462    0.158192    0.214407 ^ clkbuf_0_clk/X (sky130_fd_sc_hd__clkbuf_16)
                                                         clknet_0_clk (net)
                      0.111994    0.006166    0.220573 ^ clkbuf_4_5_0_clk/A (sky130_fd_sc_hd__clkbuf_8)
     9    0.027677    0.047082    0.117064    0.337637 ^ clkbuf_4_5_0_clk/X (sky130_fd_sc_hd__clkbuf_8)
                                                         clknet_4_5_0_clk (net)
                      0.047258    0.002001    0.339638 ^ _0912_/CLK (sky130_fd_sc_hd__dfrtp_2)
                                  0.250000    0.589638   clock uncertainty
                                  0.000000    0.589638   clock reconvergence pessimism
                                 -0.019018    0.570620   library hold time
                                              0.570620   data required time
---------------------------------------------------------------------------------------------
                                              0.570620   data required time
                                             -0.700302   data arrival time
---------------------------------------------------------------------------------------------
                                              0.129682   slack (MET)


Startpoint: _0988_ (rising edge-triggered flip-flop clocked by clk)
Endpoint: _0989_ (rising edge-triggered flip-flop clocked by clk)
Path Group: clk
Path Type: min

Fanout         Cap        Slew       Delay        Time   Description
---------------------------------------------------------------------------------------------
                                  0.000000    0.000000   clock clk (rise edge)
                                  0.000000    0.000000   clock source latency
     2    0.022841    0.081177    0.056215    0.056215 ^ clk (in)
                                                         clk (net)
                      0.081218    0.000000    0.056215 ^ clkbuf_0_clk/A (sky130_fd_sc_hd__clkbuf_16)
    33    0.131693    0.111462    0.158192    0.214407 ^ clkbuf_0_clk/X (sky130_fd_sc_hd__clkbuf_16)
                                                         clknet_0_clk (net)
                      0.112049    0.006466    0.220873 ^ clkbuf_4_10_0_clk/A (sky130_fd_sc_hd__clkbuf_8)
     9    0.032633    0.052973    0.120926    0.341799 ^ clkbuf_4_10_0_clk/X (sky130_fd_sc_hd__clkbuf_8)
                                                         clknet_4_10_0_clk (net)
                      0.053273    0.002864    0.344663 ^ _0988_/CLK (sky130_fd_sc_hd__dfrtp_2)
     2    0.005389    0.034239    0.221825    0.566488 ^ _0988_/Q (sky130_fd_sc_hd__dfrtp_2)
                                                         SYNTH_INST.waveshape.seq_div.dividend[11] (net)
                      0.034239    0.000311    0.566799 ^ _0850_/A2 (sky130_fd_sc_hd__a221o_2)
     1    0.004711    0.028741    0.085170    0.651969 ^ _0850_/X (sky130_fd_sc_hd__a221o_2)
                                                         _0407_ (net)
                      0.028742    0.000313    0.652281 ^ _0851_/B1 (sky130_fd_sc_hd__o21a_2)
     1    0.002746    0.019258    0.053921    0.706202 ^ _0851_/X (sky130_fd_sc_hd__o21a_2)
                                                         _0044_ (net)
                      0.019259    0.000193    0.706395 ^ _0989_/D (sky130_fd_sc_hd__dfrtp_2)
                                              0.706395   data arrival time

                                  0.000000    0.000000   clock clk (rise edge)
                                  0.000000    0.000000   clock source latency
     2    0.022841    0.081177    0.056215    0.056215 ^ clk (in)
                                                         clk (net)
                      0.081218    0.000000    0.056215 ^ clkbuf_0_clk/A (sky130_fd_sc_hd__clkbuf_16)
    33    0.131693    0.111462    0.158192    0.214407 ^ clkbuf_0_clk/X (sky130_fd_sc_hd__clkbuf_16)
                                                         clknet_0_clk (net)
                      0.112049    0.006466    0.220873 ^ clkbuf_4_10_0_clk/A (sky130_fd_sc_hd__clkbuf_8)
     9    0.032633    0.052973    0.120926    0.341799 ^ clkbuf_4_10_0_clk/X (sky130_fd_sc_hd__clkbuf_8)
                                                         clknet_4_10_0_clk (net)
                      0.053282    0.002914    0.344713 ^ _0989_/CLK (sky130_fd_sc_hd__dfrtp_2)
                                  0.250000    0.594713   clock uncertainty
                                  0.000000    0.594713   clock reconvergence pessimism
                                 -0.018297    0.576417   library hold time
                                              0.576417   data required time
---------------------------------------------------------------------------------------------
                                              0.576417   data required time
                                             -0.706395   data arrival time
---------------------------------------------------------------------------------------------
                                              0.129979   slack (MET)


Startpoint: _0986_ (rising edge-triggered flip-flop clocked by clk)
Endpoint: _0987_ (rising edge-triggered flip-flop clocked by clk)
Path Group: clk
Path Type: min

Fanout         Cap        Slew       Delay        Time   Description
---------------------------------------------------------------------------------------------
                                  0.000000    0.000000   clock clk (rise edge)
                                  0.000000    0.000000   clock source latency
     2    0.022841    0.081177    0.056215    0.056215 ^ clk (in)
                                                         clk (net)
                      0.081218    0.000000    0.056215 ^ clkbuf_0_clk/A (sky130_fd_sc_hd__clkbuf_16)
    33    0.131693    0.111462    0.158192    0.214407 ^ clkbuf_0_clk/X (sky130_fd_sc_hd__clkbuf_16)
                                                         clknet_0_clk (net)
                      0.112150    0.006989    0.221396 ^ clkbuf_4_11_0_clk/A (sky130_fd_sc_hd__clkbuf_8)
     9    0.027254    0.046604    0.116918    0.338315 ^ clkbuf_4_11_0_clk/X (sky130_fd_sc_hd__clkbuf_8)
                                                         clknet_4_11_0_clk (net)
                      0.046671    0.001523    0.339837 ^ _0986_/CLK (sky130_fd_sc_hd__dfrtp_2)
     2    0.005919    0.035790    0.221425    0.561262 ^ _0986_/Q (sky130_fd_sc_hd__dfrtp_2)
                                                         SYNTH_INST.waveshape.seq_div.dividend[9] (net)
                      0.035790    0.000218    0.561480 ^ _0846_/A2 (sky130_fd_sc_hd__a221o_2)
     1    0.004843    0.028937    0.085894    0.647375 ^ _0846_/X (sky130_fd_sc_hd__a221o_2)
                                                         _0405_ (net)
                      0.028947    0.000377    0.647752 ^ _0847_/B1 (sky130_fd_sc_hd__o21a_2)
     1    0.002602    0.018794    0.053528    0.701280 ^ _0847_/X (sky130_fd_sc_hd__o21a_2)
                                                         _0042_ (net)
                      0.018795    0.000179    0.701459 ^ _0987_/D (sky130_fd_sc_hd__dfrtp_2)
                                              0.701459   data arrival time

                                  0.000000    0.000000   clock clk (rise edge)
                                  0.000000    0.000000   clock source latency
     2    0.022841    0.081177    0.056215    0.056215 ^ clk (in)
                                                         clk (net)
                      0.081218    0.000000    0.056215 ^ clkbuf_0_clk/A (sky130_fd_sc_hd__clkbuf_16)
    33    0.131693    0.111462    0.158192    0.214407 ^ clkbuf_0_clk/X (sky130_fd_sc_hd__clkbuf_16)
                                                         clknet_0_clk (net)
                      0.112150    0.006989    0.221396 ^ clkbuf_4_11_0_clk/A (sky130_fd_sc_hd__clkbuf_8)
     9    0.027254    0.046604    0.116918    0.338315 ^ clkbuf_4_11_0_clk/X (sky130_fd_sc_hd__clkbuf_8)
                                                         clknet_4_11_0_clk (net)
                      0.046662    0.001430    0.339744 ^ _0987_/CLK (sky130_fd_sc_hd__dfrtp_2)
                                  0.250000    0.589745   clock uncertainty
                                  0.000000    0.589745   clock reconvergence pessimism
                                 -0.018436    0.571308   library hold time
                                              0.571308   data required time
---------------------------------------------------------------------------------------------
                                              0.571308   data required time
                                             -0.701459   data arrival time
---------------------------------------------------------------------------------------------
                                              0.130151   slack (MET)


Startpoint: _0992_ (rising edge-triggered flip-flop clocked by clk)
Endpoint: _0993_ (rising edge-triggered flip-flop clocked by clk)
Path Group: clk
Path Type: min

Fanout         Cap        Slew       Delay        Time   Description
---------------------------------------------------------------------------------------------
                                  0.000000    0.000000   clock clk (rise edge)
                                  0.000000    0.000000   clock source latency
     2    0.022841    0.081177    0.056215    0.056215 ^ clk (in)
                                                         clk (net)
                      0.081218    0.000000    0.056215 ^ clkbuf_0_clk/A (sky130_fd_sc_hd__clkbuf_16)
    33    0.131693    0.111462    0.158192    0.214407 ^ clkbuf_0_clk/X (sky130_fd_sc_hd__clkbuf_16)
                                                         clknet_0_clk (net)
                      0.111805    0.004987    0.219395 ^ clkbuf_4_2_0_clk/A (sky130_fd_sc_hd__clkbuf_8)
     9    0.035311    0.056222    0.123564    0.342958 ^ clkbuf_4_2_0_clk/X (sky130_fd_sc_hd__clkbuf_8)
                                                         clknet_4_2_0_clk (net)
                      0.056473    0.002652    0.345610 ^ _0992_/CLK (sky130_fd_sc_hd__dfrtp_2)
     2    0.006065    0.036223    0.224604    0.570213 ^ _0992_/Q (sky130_fd_sc_hd__dfrtp_2)
                                                         SYNTH_INST.waveshape.seq_div.dividend[15] (net)
                      0.036223    0.000389    0.570603 ^ _0858_/A2 (sky130_fd_sc_hd__a221o_2)
     1    0.003773    0.025187    0.082420    0.653023 ^ _0858_/X (sky130_fd_sc_hd__a221o_2)
                                                         _0411_ (net)
                      0.025189    0.000254    0.653277 ^ _0859_/B1 (sky130_fd_sc_hd__o21a_2)
     1    0.003061    0.020261    0.053990    0.707268 ^ _0859_/X (sky130_fd_sc_hd__o21a_2)
                                                         _0048_ (net)
                      0.020265    0.000210    0.707478 ^ _0993_/D (sky130_fd_sc_hd__dfrtp_2)
                                              0.707478   data arrival time

                                  0.000000    0.000000   clock clk (rise edge)
                                  0.000000    0.000000   clock source latency
     2    0.022841    0.081177    0.056215    0.056215 ^ clk (in)
                                                         clk (net)
                      0.081218    0.000000    0.056215 ^ clkbuf_0_clk/A (sky130_fd_sc_hd__clkbuf_16)
    33    0.131693    0.111462    0.158192    0.214407 ^ clkbuf_0_clk/X (sky130_fd_sc_hd__clkbuf_16)
                                                         clknet_0_clk (net)
                      0.111805    0.004987    0.219395 ^ clkbuf_4_2_0_clk/A (sky130_fd_sc_hd__clkbuf_8)
     9    0.035311    0.056222    0.123564    0.342958 ^ clkbuf_4_2_0_clk/X (sky130_fd_sc_hd__clkbuf_8)
                                                         clknet_4_2_0_clk (net)
                      0.056404    0.002164    0.345122 ^ _0993_/CLK (sky130_fd_sc_hd__dfrtp_2)
                                  0.250000    0.595122   clock uncertainty
                                  0.000000    0.595122   clock reconvergence pessimism
                                 -0.018288    0.576834   library hold time
                                              0.576834   data required time
---------------------------------------------------------------------------------------------
                                              0.576834   data required time
                                             -0.707478   data arrival time
---------------------------------------------------------------------------------------------
                                              0.130644   slack (MET)


Startpoint: _0999_ (rising edge-triggered flip-flop clocked by clk)
Endpoint: _1000_ (rising edge-triggered flip-flop clocked by clk)
Path Group: clk
Path Type: min

Fanout         Cap        Slew       Delay        Time   Description
---------------------------------------------------------------------------------------------
                                  0.000000    0.000000   clock clk (rise edge)
                                  0.000000    0.000000   clock source latency
     2    0.022841    0.081177    0.056215    0.056215 ^ clk (in)
                                                         clk (net)
                      0.081218    0.000000    0.056215 ^ clkbuf_0_clk/A (sky130_fd_sc_hd__clkbuf_16)
    33    0.131693    0.111462    0.158192    0.214407 ^ clkbuf_0_clk/X (sky130_fd_sc_hd__clkbuf_16)
                                                         clknet_0_clk (net)
                      0.111854    0.005314    0.219721 ^ clkbuf_4_6_0_clk/A (sky130_fd_sc_hd__clkbuf_8)
     9    0.031293    0.051396    0.120102    0.339823 ^ clkbuf_4_6_0_clk/X (sky130_fd_sc_hd__clkbuf_8)
                                                         clknet_4_6_0_clk (net)
                      0.051624    0.002426    0.342249 ^ _0999_/CLK (sky130_fd_sc_hd__dfrtp_2)
     2    0.005455    0.034426    0.221504    0.563752 ^ _0999_/Q (sky130_fd_sc_hd__dfrtp_2)
                                                         SYNTH_INST.waveshape.seq_div.dividend[22] (net)
                      0.034426    0.000361    0.564113 ^ _0872_/A2 (sky130_fd_sc_hd__a221o_2)
     1    0.003888    0.025432    0.082411    0.646524 ^ _0872_/X (sky130_fd_sc_hd__a221o_2)
                                                         _0418_ (net)
                      0.025433    0.000167    0.646692 ^ _0873_/B1 (sky130_fd_sc_hd__o21a_2)
     1    0.004111    0.023848    0.057353    0.704045 ^ _0873_/X (sky130_fd_sc_hd__o21a_2)
                                                         _0055_ (net)
                      0.023852    0.000279    0.704324 ^ _1000_/D (sky130_fd_sc_hd__dfrtp_2)
                                              0.704324   data arrival time

                                  0.000000    0.000000   clock clk (rise edge)
                                  0.000000    0.000000   clock source latency
     2    0.022841    0.081177    0.056215    0.056215 ^ clk (in)
                                                         clk (net)
                      0.081218    0.000000    0.056215 ^ clkbuf_0_clk/A (sky130_fd_sc_hd__clkbuf_16)
    33    0.131693    0.111462    0.158192    0.214407 ^ clkbuf_0_clk/X (sky130_fd_sc_hd__clkbuf_16)
                                                         clknet_0_clk (net)
                      0.111854    0.005314    0.219721 ^ clkbuf_4_6_0_clk/A (sky130_fd_sc_hd__clkbuf_8)
     9    0.031293    0.051396    0.120102    0.339823 ^ clkbuf_4_6_0_clk/X (sky130_fd_sc_hd__clkbuf_8)
                                                         clknet_4_6_0_clk (net)
                      0.051640    0.002527    0.342350 ^ _1000_/CLK (sky130_fd_sc_hd__dfrtp_2)
                                  0.250000    0.592350   clock uncertainty
                                  0.000000    0.592350   clock reconvergence pessimism
                                 -0.018675    0.573675   library hold time
                                              0.573675   data required time
---------------------------------------------------------------------------------------------
                                              0.573675   data required time
                                             -0.704324   data arrival time
---------------------------------------------------------------------------------------------
                                              0.130649   slack (MET)


Startpoint: _0972_ (rising edge-triggered flip-flop clocked by clk)
Endpoint: _0972_ (rising edge-triggered flip-flop clocked by clk)
Path Group: clk
Path Type: min

Fanout         Cap        Slew       Delay        Time   Description
---------------------------------------------------------------------------------------------
                                  0.000000    0.000000   clock clk (rise edge)
                                  0.000000    0.000000   clock source latency
     2    0.022841    0.081177    0.056215    0.056215 ^ clk (in)
                                                         clk (net)
                      0.081218    0.000000    0.056215 ^ clkbuf_0_clk/A (sky130_fd_sc_hd__clkbuf_16)
    33    0.131693    0.111462    0.158192    0.214407 ^ clkbuf_0_clk/X (sky130_fd_sc_hd__clkbuf_16)
                                                         clknet_0_clk (net)
                      0.111824    0.005115    0.219523 ^ clkbuf_4_1_0_clk/A (sky130_fd_sc_hd__clkbuf_8)
     9    0.034762    0.055595    0.123472    0.342995 ^ clkbuf_4_1_0_clk/X (sky130_fd_sc_hd__clkbuf_8)
                                                         clknet_4_1_0_clk (net)
                      0.055636    0.001394    0.344389 ^ _0972_/CLK (sky130_fd_sc_hd__dfrtp_2)
     5    0.024529    0.095602    0.272498    0.616887 ^ _0972_/Q (sky130_fd_sc_hd__dfrtp_2)
                                                         SYNTH_INST.waveshape.seq_div.dividend[35] (net)
                      0.095622    0.001398    0.618285 ^ _0793_/A1 (sky130_fd_sc_hd__a22o_2)
     1    0.003222    0.022705    0.088450    0.706735 ^ _0793_/X (sky130_fd_sc_hd__a22o_2)
                                                         _0027_ (net)
                      0.022707    0.000218    0.706953 ^ _0972_/D (sky130_fd_sc_hd__dfrtp_2)
                                              0.706953   data arrival time

                                  0.000000    0.000000   clock clk (rise edge)
                                  0.000000    0.000000   clock source latency
     2    0.022841    0.081177    0.056215    0.056215 ^ clk (in)
                                                         clk (net)
                      0.081218    0.000000    0.056215 ^ clkbuf_0_clk/A (sky130_fd_sc_hd__clkbuf_16)
    33    0.131693    0.111462    0.158192    0.214407 ^ clkbuf_0_clk/X (sky130_fd_sc_hd__clkbuf_16)
                                                         clknet_0_clk (net)
                      0.111824    0.005115    0.219523 ^ clkbuf_4_1_0_clk/A (sky130_fd_sc_hd__clkbuf_8)
     9    0.034762    0.055595    0.123472    0.342995 ^ clkbuf_4_1_0_clk/X (sky130_fd_sc_hd__clkbuf_8)
                                                         clknet_4_1_0_clk (net)
                      0.055636    0.001394    0.344389 ^ _0972_/CLK (sky130_fd_sc_hd__dfrtp_2)
                                  0.250000    0.594389   clock uncertainty
                                  0.000000    0.594389   clock reconvergence pessimism
                                 -0.018487    0.575902   library hold time
                                              0.575902   data required time
---------------------------------------------------------------------------------------------
                                              0.575902   data required time
                                             -0.706953   data arrival time
---------------------------------------------------------------------------------------------
                                              0.131051   slack (MET)


Startpoint: _0961_ (rising edge-triggered flip-flop clocked by clk)
Endpoint: _0961_ (rising edge-triggered flip-flop clocked by clk)
Path Group: clk
Path Type: min

Fanout         Cap        Slew       Delay        Time   Description
---------------------------------------------------------------------------------------------
                                  0.000000    0.000000   clock clk (rise edge)
                                  0.000000    0.000000   clock source latency
     2    0.022841    0.081177    0.056215    0.056215 ^ clk (in)
                                                         clk (net)
                      0.081218    0.000000    0.056215 ^ clkbuf_0_clk/A (sky130_fd_sc_hd__clkbuf_16)
    33    0.131693    0.111462    0.158192    0.214407 ^ clkbuf_0_clk/X (sky130_fd_sc_hd__clkbuf_16)
                                                         clknet_0_clk (net)
                      0.111707    0.004239    0.218647 ^ clkbuf_4_3_0_clk/A (sky130_fd_sc_hd__clkbuf_8)
     9    0.029061    0.048732    0.118254    0.336901 ^ clkbuf_4_3_0_clk/X (sky130_fd_sc_hd__clkbuf_8)
                                                         clknet_4_3_0_clk (net)
                      0.048915    0.002076    0.338977 ^ _0961_/CLK (sky130_fd_sc_hd__dfrtp_2)
     5    0.023929    0.093588    0.269337    0.608314 ^ _0961_/Q (sky130_fd_sc_hd__dfrtp_2)
                                                         SYNTH_INST.waveshape.seq_div.dividend[24] (net)
                      0.093598    0.001066    0.609380 ^ _0748_/A1 (sky130_fd_sc_hd__a221o_2)
     1    0.003139    0.021601    0.091891    0.701272 ^ _0748_/X (sky130_fd_sc_hd__a221o_2)
                                                         _0016_ (net)
                      0.021602    0.000218    0.701489 ^ _0961_/D (sky130_fd_sc_hd__dfrtp_2)
                                              0.701489   data arrival time

                                  0.000000    0.000000   clock clk (rise edge)
                                  0.000000    0.000000   clock source latency
     2    0.022841    0.081177    0.056215    0.056215 ^ clk (in)
                                                         clk (net)
                      0.081218    0.000000    0.056215 ^ clkbuf_0_clk/A (sky130_fd_sc_hd__clkbuf_16)
    33    0.131693    0.111462    0.158192    0.214407 ^ clkbuf_0_clk/X (sky130_fd_sc_hd__clkbuf_16)
                                                         clknet_0_clk (net)
                      0.111707    0.004239    0.218647 ^ clkbuf_4_3_0_clk/A (sky130_fd_sc_hd__clkbuf_8)
     9    0.029061    0.048732    0.118254    0.336901 ^ clkbuf_4_3_0_clk/X (sky130_fd_sc_hd__clkbuf_8)
                                                         clknet_4_3_0_clk (net)
                      0.048915    0.002076    0.338977 ^ _0961_/CLK (sky130_fd_sc_hd__dfrtp_2)
                                  0.250000    0.588977   clock uncertainty
                                  0.000000    0.588977   clock reconvergence pessimism
                                 -0.018583    0.570394   library hold time
                                              0.570394   data required time
---------------------------------------------------------------------------------------------
                                              0.570394   data required time
                                             -0.701489   data arrival time
---------------------------------------------------------------------------------------------
                                              0.131095   slack (MET)


Startpoint: _0968_ (rising edge-triggered flip-flop clocked by clk)
Endpoint: _0968_ (rising edge-triggered flip-flop clocked by clk)
Path Group: clk
Path Type: min

Fanout         Cap        Slew       Delay        Time   Description
---------------------------------------------------------------------------------------------
                                  0.000000    0.000000   clock clk (rise edge)
                                  0.000000    0.000000   clock source latency
     2    0.022841    0.081177    0.056215    0.056215 ^ clk (in)
                                                         clk (net)
                      0.081218    0.000000    0.056215 ^ clkbuf_0_clk/A (sky130_fd_sc_hd__clkbuf_16)
    33    0.131693    0.111462    0.158192    0.214407 ^ clkbuf_0_clk/X (sky130_fd_sc_hd__clkbuf_16)
                                                         clknet_0_clk (net)
                      0.111826    0.005126    0.219534 ^ clkbuf_4_0_0_clk/A (sky130_fd_sc_hd__clkbuf_8)
     9    0.035823    0.056861    0.124099    0.343633 ^ clkbuf_4_0_0_clk/X (sky130_fd_sc_hd__clkbuf_8)
                                                         clknet_4_0_0_clk (net)
                      0.057133    0.002858    0.346491 ^ _0968_/CLK (sky130_fd_sc_hd__dfrtp_2)
     5    0.025303    0.098220    0.275227    0.621718 ^ _0968_/Q (sky130_fd_sc_hd__dfrtp_2)
                                                         SYNTH_INST.waveshape.seq_div.dividend[31] (net)
                      0.098230    0.001073    0.622791 ^ _0774_/A0 (sky130_fd_sc_hd__mux2_1)
     1    0.002704    0.028469    0.086336    0.709127 ^ _0774_/X (sky130_fd_sc_hd__mux2_1)
                                                         _0023_ (net)
                      0.028469    0.000196    0.709323 ^ _0968_/D (sky130_fd_sc_hd__dfrtp_2)
                                              0.709323   data arrival time

                                  0.000000    0.000000   clock clk (rise edge)
                                  0.000000    0.000000   clock source latency
     2    0.022841    0.081177    0.056215    0.056215 ^ clk (in)
                                                         clk (net)
                      0.081218    0.000000    0.056215 ^ clkbuf_0_clk/A (sky130_fd_sc_hd__clkbuf_16)
    33    0.131693    0.111462    0.158192    0.214407 ^ clkbuf_0_clk/X (sky130_fd_sc_hd__clkbuf_16)
                                                         clknet_0_clk (net)
                      0.111826    0.005126    0.219534 ^ clkbuf_4_0_0_clk/A (sky130_fd_sc_hd__clkbuf_8)
     9    0.035823    0.056861    0.124099    0.343633 ^ clkbuf_4_0_0_clk/X (sky130_fd_sc_hd__clkbuf_8)
                                                         clknet_4_0_0_clk (net)
                      0.057133    0.002858    0.346491 ^ _0968_/CLK (sky130_fd_sc_hd__dfrtp_2)
                                  0.250000    0.596491   clock uncertainty
                                  0.000000    0.596491   clock reconvergence pessimism
                                 -0.018868    0.577623   library hold time
                                              0.577623   data required time
---------------------------------------------------------------------------------------------
                                              0.577623   data required time
                                             -0.709323   data arrival time
---------------------------------------------------------------------------------------------
                                              0.131700   slack (MET)


Startpoint: _0987_ (rising edge-triggered flip-flop clocked by clk)
Endpoint: _0988_ (rising edge-triggered flip-flop clocked by clk)
Path Group: clk
Path Type: min

Fanout         Cap        Slew       Delay        Time   Description
---------------------------------------------------------------------------------------------
                                  0.000000    0.000000   clock clk (rise edge)
                                  0.000000    0.000000   clock source latency
     2    0.022841    0.081177    0.056215    0.056215 ^ clk (in)
                                                         clk (net)
                      0.081218    0.000000    0.056215 ^ clkbuf_0_clk/A (sky130_fd_sc_hd__clkbuf_16)
    33    0.131693    0.111462    0.158192    0.214407 ^ clkbuf_0_clk/X (sky130_fd_sc_hd__clkbuf_16)
                                                         clknet_0_clk (net)
                      0.112150    0.006989    0.221396 ^ clkbuf_4_11_0_clk/A (sky130_fd_sc_hd__clkbuf_8)
     9    0.027254    0.046604    0.116918    0.338315 ^ clkbuf_4_11_0_clk/X (sky130_fd_sc_hd__clkbuf_8)
                                                         clknet_4_11_0_clk (net)
                      0.046662    0.001430    0.339744 ^ _0987_/CLK (sky130_fd_sc_hd__dfrtp_2)
     2    0.006674    0.038058    0.223516    0.563261 ^ _0987_/Q (sky130_fd_sc_hd__dfrtp_2)
                                                         SYNTH_INST.waveshape.seq_div.dividend[10] (net)
                      0.038058    0.000419    0.563680 ^ _0848_/A2 (sky130_fd_sc_hd__a221o_2)
     1    0.003625    0.024838    0.082362    0.646042 ^ _0848_/X (sky130_fd_sc_hd__a221o_2)
                                                         _0406_ (net)
                      0.024841    0.000247    0.646289 ^ _0849_/B1 (sky130_fd_sc_hd__o21a_2)
     1    0.005437    0.028489    0.061061    0.707349 ^ _0849_/X (sky130_fd_sc_hd__o21a_2)
                                                         _0043_ (net)
                      0.028494    0.000363    0.707712 ^ _0988_/D (sky130_fd_sc_hd__dfrtp_2)
                                              0.707712   data arrival time

                                  0.000000    0.000000   clock clk (rise edge)
                                  0.000000    0.000000   clock source latency
     2    0.022841    0.081177    0.056215    0.056215 ^ clk (in)
                                                         clk (net)
                      0.081218    0.000000    0.056215 ^ clkbuf_0_clk/A (sky130_fd_sc_hd__clkbuf_16)
    33    0.131693    0.111462    0.158192    0.214407 ^ clkbuf_0_clk/X (sky130_fd_sc_hd__clkbuf_16)
                                                         clknet_0_clk (net)
                      0.112049    0.006466    0.220873 ^ clkbuf_4_10_0_clk/A (sky130_fd_sc_hd__clkbuf_8)
     9    0.032633    0.052973    0.120926    0.341799 ^ clkbuf_4_10_0_clk/X (sky130_fd_sc_hd__clkbuf_8)
                                                         clknet_4_10_0_clk (net)
                      0.053273    0.002864    0.344663 ^ _0988_/CLK (sky130_fd_sc_hd__dfrtp_2)
                                  0.250000    0.594663   clock uncertainty
                                  0.000000    0.594663   clock reconvergence pessimism
                                 -0.018971    0.575692   library hold time
                                              0.575692   data required time
---------------------------------------------------------------------------------------------
                                              0.575692   data required time
                                             -0.707712   data arrival time
---------------------------------------------------------------------------------------------
                                              0.132020   slack (MET)


Startpoint: _1020_ (rising edge-triggered flip-flop clocked by clk)
Endpoint: _0892_ (rising edge-triggered flip-flop clocked by clk)
Path Group: clk
Path Type: min

Fanout         Cap        Slew       Delay        Time   Description
---------------------------------------------------------------------------------------------
                                  0.000000    0.000000   clock clk (rise edge)
                                  0.000000    0.000000   clock source latency
     2    0.022841    0.081177    0.056215    0.056215 ^ clk (in)
                                                         clk (net)
                      0.081218    0.000000    0.056215 ^ clkbuf_0_clk/A (sky130_fd_sc_hd__clkbuf_16)
    33    0.131693    0.111462    0.158192    0.214407 ^ clkbuf_0_clk/X (sky130_fd_sc_hd__clkbuf_16)
                                                         clknet_0_clk (net)
                      0.112237    0.007408    0.221815 ^ clkbuf_4_15_0_clk/A (sky130_fd_sc_hd__clkbuf_8)
     9    0.029120    0.048790    0.118087    0.339902 ^ clkbuf_4_15_0_clk/X (sky130_fd_sc_hd__clkbuf_8)
                                                         clknet_4_15_0_clk (net)
                      0.049110    0.003063    0.342965 ^ _1020_/CLK (sky130_fd_sc_hd__dfstp_2)
     4    0.025081    0.047007    0.257542    0.600507 v _1020_/Q (sky130_fd_sc_hd__dfstp_2)
                                                         SYNTH_INST.pwm_counter.count[0] (net)
                      0.047062    0.001438    0.601945 v _0686_/A (sky130_fd_sc_hd__xor2_2)
     1    0.003278    0.053875    0.102164    0.704109 ^ _0686_/X (sky130_fd_sc_hd__xor2_2)
                                                         SYNTH_INST.pwm_counter.n_count[1] (net)
                      0.053875    0.000223    0.704332 ^ _0892_/D (sky130_fd_sc_hd__dfrtp_2)
                                              0.704332   data arrival time

                                  0.000000    0.000000   clock clk (rise edge)
                                  0.000000    0.000000   clock source latency
     2    0.022841    0.081177    0.056215    0.056215 ^ clk (in)
                                                         clk (net)
                      0.081218    0.000000    0.056215 ^ clkbuf_0_clk/A (sky130_fd_sc_hd__clkbuf_16)
    33    0.131693    0.111462    0.158192    0.214407 ^ clkbuf_0_clk/X (sky130_fd_sc_hd__clkbuf_16)
                                                         clknet_0_clk (net)
                      0.112237    0.007408    0.221815 ^ clkbuf_4_15_0_clk/A (sky130_fd_sc_hd__clkbuf_8)
     9    0.029120    0.048790    0.118087    0.339902 ^ clkbuf_4_15_0_clk/X (sky130_fd_sc_hd__clkbuf_8)
                                                         clknet_4_15_0_clk (net)
                      0.049150    0.003261    0.343163 ^ _0892_/CLK (sky130_fd_sc_hd__dfrtp_2)
                                  0.250000    0.593163   clock uncertainty
                                  0.000000    0.593163   clock reconvergence pessimism
                                 -0.020935    0.572228   library hold time
                                              0.572228   data required time
---------------------------------------------------------------------------------------------
                                              0.572228   data required time
                                             -0.704332   data arrival time
---------------------------------------------------------------------------------------------
                                              0.132104   slack (MET)


Startpoint: _1006_ (rising edge-triggered flip-flop clocked by clk)
Endpoint: _0899_ (rising edge-triggered flip-flop clocked by clk)
Path Group: clk
Path Type: min

Fanout         Cap        Slew       Delay        Time   Description
---------------------------------------------------------------------------------------------
                                  0.000000    0.000000   clock clk (rise edge)
                                  0.000000    0.000000   clock source latency
     2    0.022841    0.081177    0.056215    0.056215 ^ clk (in)
                                                         clk (net)
                      0.081218    0.000000    0.056215 ^ clkbuf_0_clk/A (sky130_fd_sc_hd__clkbuf_16)
    33    0.131693    0.111462    0.158192    0.214407 ^ clkbuf_0_clk/X (sky130_fd_sc_hd__clkbuf_16)
                                                         clknet_0_clk (net)
                      0.111854    0.005314    0.219721 ^ clkbuf_4_6_0_clk/A (sky130_fd_sc_hd__clkbuf_8)
     9    0.031293    0.051396    0.120102    0.339823 ^ clkbuf_4_6_0_clk/X (sky130_fd_sc_hd__clkbuf_8)
                                                         clknet_4_6_0_clk (net)
                      0.051558    0.001948    0.341771 ^ _1006_/CLK (sky130_fd_sc_hd__dfrtp_2)
     4    0.025512    0.099338    0.273199    0.614970 ^ _1006_/Q (sky130_fd_sc_hd__dfrtp_2)
                                                         SYNTH_INST.waveshape.scaled_count[0] (net)
                      0.099471    0.003240    0.618210 ^ _0665_/A1 (sky130_fd_sc_hd__a21o_2)
     1    0.004783    0.026319    0.084661    0.702871 ^ _0665_/X (sky130_fd_sc_hd__a21o_2)
                                                         SYNTH_INST.waveshape.shaper.n_sample[0] (net)
                      0.026324    0.000322    0.703193 ^ _0899_/D (sky130_fd_sc_hd__dfrtp_2)
                                              0.703193   data arrival time

                                  0.000000    0.000000   clock clk (rise edge)
                                  0.000000    0.000000   clock source latency
     2    0.022841    0.081177    0.056215    0.056215 ^ clk (in)
                                                         clk (net)
                      0.081218    0.000000    0.056215 ^ clkbuf_0_clk/A (sky130_fd_sc_hd__clkbuf_16)
    33    0.131693    0.111462    0.158192    0.214407 ^ clkbuf_0_clk/X (sky130_fd_sc_hd__clkbuf_16)
                                                         clknet_0_clk (net)
                      0.112220    0.007329    0.221737 ^ clkbuf_4_13_0_clk/A (sky130_fd_sc_hd__clkbuf_8)
     9    0.026383    0.045571    0.116223    0.337960 ^ clkbuf_4_13_0_clk/X (sky130_fd_sc_hd__clkbuf_8)
                                                         clknet_4_13_0_clk (net)
                      0.045665    0.001752    0.339712 ^ _0899_/CLK (sky130_fd_sc_hd__dfrtp_2)
                                  0.250000    0.589712   clock uncertainty
                                  0.000000    0.589712   clock reconvergence pessimism
                                 -0.019013    0.570699   library hold time
                                              0.570699   data required time
---------------------------------------------------------------------------------------------
                                              0.570699   data required time
                                             -0.703193   data arrival time
---------------------------------------------------------------------------------------------
                                              0.132494   slack (MET)


Startpoint: _0998_ (rising edge-triggered flip-flop clocked by clk)
Endpoint: _0999_ (rising edge-triggered flip-flop clocked by clk)
Path Group: clk
Path Type: min

Fanout         Cap        Slew       Delay        Time   Description
---------------------------------------------------------------------------------------------
                                  0.000000    0.000000   clock clk (rise edge)
                                  0.000000    0.000000   clock source latency
     2    0.022841    0.081177    0.056215    0.056215 ^ clk (in)
                                                         clk (net)
                      0.081218    0.000000    0.056215 ^ clkbuf_0_clk/A (sky130_fd_sc_hd__clkbuf_16)
    33    0.131693    0.111462    0.158192    0.214407 ^ clkbuf_0_clk/X (sky130_fd_sc_hd__clkbuf_16)
                                                         clknet_0_clk (net)
                      0.111854    0.005314    0.219721 ^ clkbuf_4_6_0_clk/A (sky130_fd_sc_hd__clkbuf_8)
     9    0.031293    0.051396    0.120102    0.339823 ^ clkbuf_4_6_0_clk/X (sky130_fd_sc_hd__clkbuf_8)
                                                         clknet_4_6_0_clk (net)
                      0.051633    0.002485    0.342308 ^ _0998_/CLK (sky130_fd_sc_hd__dfrtp_2)
     2    0.006668    0.038043    0.225053    0.567362 ^ _0998_/Q (sky130_fd_sc_hd__dfrtp_2)
                                                         SYNTH_INST.waveshape.seq_div.dividend[21] (net)
                      0.038043    0.000318    0.567679 ^ _0870_/A2 (sky130_fd_sc_hd__a221o_2)
     1    0.004401    0.027542    0.085062    0.652741 ^ _0870_/X (sky130_fd_sc_hd__a221o_2)
                                                         _0417_ (net)
                      0.027550    0.000291    0.653033 ^ _0871_/B1 (sky130_fd_sc_hd__o21a_2)
     1    0.002940    0.019878    0.054213    0.707246 ^ _0871_/X (sky130_fd_sc_hd__o21a_2)
                                                         _0054_ (net)
                      0.019881    0.000216    0.707462 ^ _0999_/D (sky130_fd_sc_hd__dfrtp_2)
                                              0.707462   data arrival time

                                  0.000000    0.000000   clock clk (rise edge)
                                  0.000000    0.000000   clock source latency
     2    0.022841    0.081177    0.056215    0.056215 ^ clk (in)
                                                         clk (net)
                      0.081218    0.000000    0.056215 ^ clkbuf_0_clk/A (sky130_fd_sc_hd__clkbuf_16)
    33    0.131693    0.111462    0.158192    0.214407 ^ clkbuf_0_clk/X (sky130_fd_sc_hd__clkbuf_16)
                                                         clknet_0_clk (net)
                      0.111854    0.005314    0.219721 ^ clkbuf_4_6_0_clk/A (sky130_fd_sc_hd__clkbuf_8)
     9    0.031293    0.051396    0.120102    0.339823 ^ clkbuf_4_6_0_clk/X (sky130_fd_sc_hd__clkbuf_8)
                                                         clknet_4_6_0_clk (net)
                      0.051624    0.002426    0.342249 ^ _0999_/CLK (sky130_fd_sc_hd__dfrtp_2)
                                  0.250000    0.592249   clock uncertainty
                                  0.000000    0.592249   clock reconvergence pessimism
                                 -0.018386    0.573863   library hold time
                                              0.573863   data required time
---------------------------------------------------------------------------------------------
                                              0.573863   data required time
                                             -0.707462   data arrival time
---------------------------------------------------------------------------------------------
                                              0.133599   slack (MET)


Startpoint: _0985_ (rising edge-triggered flip-flop clocked by clk)
Endpoint: _0986_ (rising edge-triggered flip-flop clocked by clk)
Path Group: clk
Path Type: min

Fanout         Cap        Slew       Delay        Time   Description
---------------------------------------------------------------------------------------------
                                  0.000000    0.000000   clock clk (rise edge)
                                  0.000000    0.000000   clock source latency
     2    0.022841    0.081177    0.056215    0.056215 ^ clk (in)
                                                         clk (net)
                      0.081218    0.000000    0.056215 ^ clkbuf_0_clk/A (sky130_fd_sc_hd__clkbuf_16)
    33    0.131693    0.111462    0.158192    0.214407 ^ clkbuf_0_clk/X (sky130_fd_sc_hd__clkbuf_16)
                                                         clknet_0_clk (net)
                      0.111784    0.004838    0.219246 ^ clkbuf_4_9_0_clk/A (sky130_fd_sc_hd__clkbuf_8)
     9    0.027530    0.046921    0.116993    0.336238 ^ clkbuf_4_9_0_clk/X (sky130_fd_sc_hd__clkbuf_8)
                                                         clknet_4_9_0_clk (net)
                      0.047030    0.001910    0.338149 ^ _0985_/CLK (sky130_fd_sc_hd__dfrtp_2)
     2    0.006231    0.036719    0.222353    0.560501 ^ _0985_/Q (sky130_fd_sc_hd__dfrtp_2)
                                                         SYNTH_INST.waveshape.seq_div.dividend[8] (net)
                      0.036719    0.000400    0.560901 ^ _0844_/A2 (sky130_fd_sc_hd__a221o_2)
     1    0.004008    0.026235    0.083367    0.644267 ^ _0844_/X (sky130_fd_sc_hd__a221o_2)
                                                         _0404_ (net)
                      0.026238    0.000269    0.644536 ^ _0845_/B1 (sky130_fd_sc_hd__o21a_2)
     1    0.004893    0.026561    0.059917    0.704454 ^ _0845_/X (sky130_fd_sc_hd__o21a_2)
                                                         _0041_ (net)
                      0.026566    0.000343    0.704796 ^ _0986_/D (sky130_fd_sc_hd__dfrtp_2)
                                              0.704796   data arrival time

                                  0.000000    0.000000   clock clk (rise edge)
                                  0.000000    0.000000   clock source latency
     2    0.022841    0.081177    0.056215    0.056215 ^ clk (in)
                                                         clk (net)
                      0.081218    0.000000    0.056215 ^ clkbuf_0_clk/A (sky130_fd_sc_hd__clkbuf_16)
    33    0.131693    0.111462    0.158192    0.214407 ^ clkbuf_0_clk/X (sky130_fd_sc_hd__clkbuf_16)
                                                         clknet_0_clk (net)
                      0.112150    0.006989    0.221396 ^ clkbuf_4_11_0_clk/A (sky130_fd_sc_hd__clkbuf_8)
     9    0.027254    0.046604    0.116918    0.338315 ^ clkbuf_4_11_0_clk/X (sky130_fd_sc_hd__clkbuf_8)
                                                         clknet_4_11_0_clk (net)
                      0.046671    0.001523    0.339837 ^ _0986_/CLK (sky130_fd_sc_hd__dfrtp_2)
                                  0.250000    0.589837   clock uncertainty
                                  0.000000    0.589837   clock reconvergence pessimism
                                 -0.019004    0.570833   library hold time
                                              0.570833   data required time
---------------------------------------------------------------------------------------------
                                              0.570833   data required time
                                             -0.704796   data arrival time
---------------------------------------------------------------------------------------------
                                              0.133964   slack (MET)


Startpoint: _0966_ (rising edge-triggered flip-flop clocked by clk)
Endpoint: _0966_ (rising edge-triggered flip-flop clocked by clk)
Path Group: clk
Path Type: min

Fanout         Cap        Slew       Delay        Time   Description
---------------------------------------------------------------------------------------------
                                  0.000000    0.000000   clock clk (rise edge)
                                  0.000000    0.000000   clock source latency
     2    0.022841    0.081177    0.056215    0.056215 ^ clk (in)
                                                         clk (net)
                      0.081218    0.000000    0.056215 ^ clkbuf_0_clk/A (sky130_fd_sc_hd__clkbuf_16)
    33    0.131693    0.111462    0.158192    0.214407 ^ clkbuf_0_clk/X (sky130_fd_sc_hd__clkbuf_16)
                                                         clknet_0_clk (net)
                      0.111805    0.004987    0.219395 ^ clkbuf_4_2_0_clk/A (sky130_fd_sc_hd__clkbuf_8)
     9    0.035311    0.056222    0.123564    0.342958 ^ clkbuf_4_2_0_clk/X (sky130_fd_sc_hd__clkbuf_8)
                                                         clknet_4_2_0_clk (net)
                      0.056551    0.003126    0.346084 ^ _0966_/CLK (sky130_fd_sc_hd__dfrtp_2)
     5    0.025390    0.098509    0.275266    0.621350 ^ _0966_/Q (sky130_fd_sc_hd__dfrtp_2)
                                                         SYNTH_INST.waveshape.seq_div.dividend[29] (net)
                      0.098532    0.001461    0.622811 ^ _0766_/A0 (sky130_fd_sc_hd__mux2_1)
     1    0.003100    0.030702    0.088508    0.711319 ^ _0766_/X (sky130_fd_sc_hd__mux2_1)
                                                         _0021_ (net)
                      0.030702    0.000201    0.711520 ^ _0966_/D (sky130_fd_sc_hd__dfrtp_2)
                                              0.711520   data arrival time

                                  0.000000    0.000000   clock clk (rise edge)
                                  0.000000    0.000000   clock source latency
     2    0.022841    0.081177    0.056215    0.056215 ^ clk (in)
                                                         clk (net)
                      0.081218    0.000000    0.056215 ^ clkbuf_0_clk/A (sky130_fd_sc_hd__clkbuf_16)
    33    0.131693    0.111462    0.158192    0.214407 ^ clkbuf_0_clk/X (sky130_fd_sc_hd__clkbuf_16)
                                                         clknet_0_clk (net)
                      0.111805    0.004987    0.219395 ^ clkbuf_4_2_0_clk/A (sky130_fd_sc_hd__clkbuf_8)
     9    0.035311    0.056222    0.123564    0.342958 ^ clkbuf_4_2_0_clk/X (sky130_fd_sc_hd__clkbuf_8)
                                                         clknet_4_2_0_clk (net)
                      0.056551    0.003126    0.346084 ^ _0966_/CLK (sky130_fd_sc_hd__dfrtp_2)
                                  0.250000    0.596084   clock uncertainty
                                  0.000000    0.596084   clock reconvergence pessimism
                                 -0.019046    0.577038   library hold time
                                              0.577038   data required time
---------------------------------------------------------------------------------------------
                                              0.577038   data required time
                                             -0.711520   data arrival time
---------------------------------------------------------------------------------------------
                                              0.134482   slack (MET)


Startpoint: _0995_ (rising edge-triggered flip-flop clocked by clk)
Endpoint: _0996_ (rising edge-triggered flip-flop clocked by clk)
Path Group: clk
Path Type: min

Fanout         Cap        Slew       Delay        Time   Description
---------------------------------------------------------------------------------------------
                                  0.000000    0.000000   clock clk (rise edge)
                                  0.000000    0.000000   clock source latency
     2    0.022841    0.081177    0.056215    0.056215 ^ clk (in)
                                                         clk (net)
                      0.081218    0.000000    0.056215 ^ clkbuf_0_clk/A (sky130_fd_sc_hd__clkbuf_16)
    33    0.131693    0.111462    0.158192    0.214407 ^ clkbuf_0_clk/X (sky130_fd_sc_hd__clkbuf_16)
                                                         clknet_0_clk (net)
                      0.112087    0.006667    0.221075 ^ clkbuf_4_12_0_clk/A (sky130_fd_sc_hd__clkbuf_8)
     9    0.031749    0.051981    0.120963    0.342038 ^ clkbuf_4_12_0_clk/X (sky130_fd_sc_hd__clkbuf_8)
                                                         clknet_4_12_0_clk (net)
                      0.052051    0.001657    0.343695 ^ _0995_/CLK (sky130_fd_sc_hd__dfrtp_2)
     2    0.005692    0.035118    0.222358    0.566052 ^ _0995_/Q (sky130_fd_sc_hd__dfrtp_2)
                                                         SYNTH_INST.waveshape.seq_div.dividend[18] (net)
                      0.035118    0.000314    0.566366 ^ _0864_/A2 (sky130_fd_sc_hd__a221o_2)
     1    0.004544    0.028012    0.084838    0.651204 ^ _0864_/X (sky130_fd_sc_hd__a221o_2)
                                                         _0414_ (net)
                      0.028013    0.000303    0.651508 ^ _0865_/B1 (sky130_fd_sc_hd__o21a_2)
     1    0.002977    0.020002    0.054453    0.705961 ^ _0865_/X (sky130_fd_sc_hd__o21a_2)
                                                         _0051_ (net)
                      0.020007    0.000212    0.706173 ^ _0996_/D (sky130_fd_sc_hd__dfrtp_2)
                                              0.706173   data arrival time

                                  0.000000    0.000000   clock clk (rise edge)
                                  0.000000    0.000000   clock source latency
     2    0.022841    0.081177    0.056215    0.056215 ^ clk (in)
                                                         clk (net)
                      0.081218    0.000000    0.056215 ^ clkbuf_0_clk/A (sky130_fd_sc_hd__clkbuf_16)
    33    0.131693    0.111462    0.158192    0.214407 ^ clkbuf_0_clk/X (sky130_fd_sc_hd__clkbuf_16)
                                                         clknet_0_clk (net)
                      0.111707    0.004239    0.218647 ^ clkbuf_4_3_0_clk/A (sky130_fd_sc_hd__clkbuf_8)
     9    0.029061    0.048732    0.118254    0.336901 ^ clkbuf_4_3_0_clk/X (sky130_fd_sc_hd__clkbuf_8)
                                                         clknet_4_3_0_clk (net)
                      0.048919    0.002108    0.339009 ^ _0996_/CLK (sky130_fd_sc_hd__dfrtp_2)
                                  0.250000    0.589009   clock uncertainty
                                  0.000000    0.589009   clock reconvergence pessimism
                                 -0.018466    0.570543   library hold time
                                              0.570543   data required time
---------------------------------------------------------------------------------------------
                                              0.570543   data required time
                                             -0.706173   data arrival time
---------------------------------------------------------------------------------------------
                                              0.135630   slack (MET)


Startpoint: _0932_ (rising edge-triggered flip-flop clocked by clk)
Endpoint: _0932_ (rising edge-triggered flip-flop clocked by clk)
Path Group: clk
Path Type: min

Fanout         Cap        Slew       Delay        Time   Description
---------------------------------------------------------------------------------------------
                                  0.000000    0.000000   clock clk (rise edge)
                                  0.000000    0.000000   clock source latency
     2    0.022841    0.081177    0.056215    0.056215 ^ clk (in)
                                                         clk (net)
                      0.081218    0.000000    0.056215 ^ clkbuf_0_clk/A (sky130_fd_sc_hd__clkbuf_16)
    33    0.131693    0.111462    0.158192    0.214407 ^ clkbuf_0_clk/X (sky130_fd_sc_hd__clkbuf_16)
                                                         clknet_0_clk (net)
                      0.112087    0.006667    0.221075 ^ clkbuf_4_12_0_clk/A (sky130_fd_sc_hd__clkbuf_8)
     9    0.031749    0.051981    0.120963    0.342038 ^ clkbuf_4_12_0_clk/X (sky130_fd_sc_hd__clkbuf_8)
                                                         clknet_4_12_0_clk (net)
                      0.052056    0.001706    0.343743 ^ _0932_/CLK (sky130_fd_sc_hd__dfrtp_2)
     7    0.027010    0.104201    0.278327    0.622071 ^ _0932_/Q (sky130_fd_sc_hd__dfrtp_2)
                                                         SYNTH_INST.state_machine.fsmState[1] (net)
                      0.104201    0.000460    0.622531 ^ _0662_/A0 (sky130_fd_sc_hd__mux2_1)
     1    0.002803    0.028894    0.088117    0.710648 ^ _0662_/X (sky130_fd_sc_hd__mux2_1)
                                                         SYNTH_INST.state_machine.nextState[1] (net)
                      0.028895    0.000186    0.710834 ^ _0932_/D (sky130_fd_sc_hd__dfrtp_2)
                                              0.710834   data arrival time

                                  0.000000    0.000000   clock clk (rise edge)
                                  0.000000    0.000000   clock source latency
     2    0.022841    0.081177    0.056215    0.056215 ^ clk (in)
                                                         clk (net)
                      0.081218    0.000000    0.056215 ^ clkbuf_0_clk/A (sky130_fd_sc_hd__clkbuf_16)
    33    0.131693    0.111462    0.158192    0.214407 ^ clkbuf_0_clk/X (sky130_fd_sc_hd__clkbuf_16)
                                                         clknet_0_clk (net)
                      0.112087    0.006667    0.221075 ^ clkbuf_4_12_0_clk/A (sky130_fd_sc_hd__clkbuf_8)
     9    0.031749    0.051981    0.120963    0.342038 ^ clkbuf_4_12_0_clk/X (sky130_fd_sc_hd__clkbuf_8)
                                                         clknet_4_12_0_clk (net)
                      0.052056    0.001706    0.343743 ^ _0932_/CLK (sky130_fd_sc_hd__dfrtp_2)
                                  0.250000    0.593744   clock uncertainty
                                  0.000000    0.593744   clock reconvergence pessimism
                                 -0.019033    0.574711   library hold time
                                              0.574711   data required time
---------------------------------------------------------------------------------------------
                                              0.574711   data required time
                                             -0.710834   data arrival time
---------------------------------------------------------------------------------------------
                                              0.136124   slack (MET)


Startpoint: _0932_ (rising edge-triggered flip-flop clocked by clk)
Endpoint: _0933_ (rising edge-triggered flip-flop clocked by clk)
Path Group: clk
Path Type: min

Fanout         Cap        Slew       Delay        Time   Description
---------------------------------------------------------------------------------------------
                                  0.000000    0.000000   clock clk (rise edge)
                                  0.000000    0.000000   clock source latency
     2    0.022841    0.081177    0.056215    0.056215 ^ clk (in)
                                                         clk (net)
                      0.081218    0.000000    0.056215 ^ clkbuf_0_clk/A (sky130_fd_sc_hd__clkbuf_16)
    33    0.131693    0.111462    0.158192    0.214407 ^ clkbuf_0_clk/X (sky130_fd_sc_hd__clkbuf_16)
                                                         clknet_0_clk (net)
                      0.112087    0.006667    0.221075 ^ clkbuf_4_12_0_clk/A (sky130_fd_sc_hd__clkbuf_8)
     9    0.031749    0.051981    0.120963    0.342038 ^ clkbuf_4_12_0_clk/X (sky130_fd_sc_hd__clkbuf_8)
                                                         clknet_4_12_0_clk (net)
                      0.052056    0.001706    0.343743 ^ _0932_/CLK (sky130_fd_sc_hd__dfrtp_2)
     7    0.027010    0.104201    0.278327    0.622071 ^ _0932_/Q (sky130_fd_sc_hd__dfrtp_2)
                                                         SYNTH_INST.state_machine.fsmState[1] (net)
                      0.104206    0.000891    0.622962 ^ _0663_/A0 (sky130_fd_sc_hd__mux2_1)
     1    0.002721    0.028412    0.087679    0.710641 ^ _0663_/X (sky130_fd_sc_hd__mux2_1)
                                                         SYNTH_INST.state_machine.nextState[2] (net)
                      0.028427    0.000189    0.710829 ^ _0933_/D (sky130_fd_sc_hd__dfrtp_2)
                                              0.710829   data arrival time

                                  0.000000    0.000000   clock clk (rise edge)
                                  0.000000    0.000000   clock source latency
     2    0.022841    0.081177    0.056215    0.056215 ^ clk (in)
                                                         clk (net)
                      0.081218    0.000000    0.056215 ^ clkbuf_0_clk/A (sky130_fd_sc_hd__clkbuf_16)
    33    0.131693    0.111462    0.158192    0.214407 ^ clkbuf_0_clk/X (sky130_fd_sc_hd__clkbuf_16)
                                                         clknet_0_clk (net)
                      0.112087    0.006667    0.221075 ^ clkbuf_4_12_0_clk/A (sky130_fd_sc_hd__clkbuf_8)
     9    0.031749    0.051981    0.120963    0.342038 ^ clkbuf_4_12_0_clk/X (sky130_fd_sc_hd__clkbuf_8)
                                                         clknet_4_12_0_clk (net)
                      0.052035    0.001484    0.343522 ^ _0933_/CLK (sky130_fd_sc_hd__dfrtp_2)
                                  0.250000    0.593522   clock uncertainty
                                  0.000000    0.593522   clock reconvergence pessimism
                                 -0.018999    0.574523   library hold time
                                              0.574523   data required time
---------------------------------------------------------------------------------------------
                                              0.574523   data required time
                                             -0.710829   data arrival time
---------------------------------------------------------------------------------------------
                                              0.136307   slack (MET)


Startpoint: _0931_ (rising edge-triggered flip-flop clocked by clk)
Endpoint: _0931_ (rising edge-triggered flip-flop clocked by clk)
Path Group: clk
Path Type: min

Fanout         Cap        Slew       Delay        Time   Description
---------------------------------------------------------------------------------------------
                                  0.000000    0.000000   clock clk (rise edge)
                                  0.000000    0.000000   clock source latency
     2    0.022841    0.081177    0.056215    0.056215 ^ clk (in)
                                                         clk (net)
                      0.081218    0.000000    0.056215 ^ clkbuf_0_clk/A (sky130_fd_sc_hd__clkbuf_16)
    33    0.131693    0.111462    0.158192    0.214407 ^ clkbuf_0_clk/X (sky130_fd_sc_hd__clkbuf_16)
                                                         clknet_0_clk (net)
                      0.112235    0.007400    0.221807 ^ clkbuf_4_14_0_clk/A (sky130_fd_sc_hd__clkbuf_8)
     9    0.027915    0.047352    0.117350    0.339157 ^ clkbuf_4_14_0_clk/X (sky130_fd_sc_hd__clkbuf_8)
                                                         clknet_4_14_0_clk (net)
                      0.047575    0.002273    0.341430 ^ _0931_/CLK (sky130_fd_sc_hd__dfrtp_2)
     2    0.005324    0.034059    0.219988    0.561418 ^ _0931_/Q (sky130_fd_sc_hd__dfrtp_2)
                                                         SYNTH_INST.state_machine.fsmState[0] (net)
                      0.034059    0.000091    0.561509 ^ _0659_/A (sky130_fd_sc_hd__or2_2)
     2    0.010675    0.048310    0.085261    0.646770 ^ _0659_/X (sky130_fd_sc_hd__or2_2)
                                                         _0275_ (net)
                      0.048319    0.000676    0.647446 ^ _0661_/B1 (sky130_fd_sc_hd__o21a_2)
     1    0.003921    0.023367    0.062685    0.710131 ^ _0661_/X (sky130_fd_sc_hd__o21a_2)
                                                         SYNTH_INST.state_machine.nextState[0] (net)
                      0.023370    0.000254    0.710385 ^ _0931_/D (sky130_fd_sc_hd__dfrtp_2)
                                              0.710385   data arrival time

                                  0.000000    0.000000   clock clk (rise edge)
                                  0.000000    0.000000   clock source latency
     2    0.022841    0.081177    0.056215    0.056215 ^ clk (in)
                                                         clk (net)
                      0.081218    0.000000    0.056215 ^ clkbuf_0_clk/A (sky130_fd_sc_hd__clkbuf_16)
    33    0.131693    0.111462    0.158192    0.214407 ^ clkbuf_0_clk/X (sky130_fd_sc_hd__clkbuf_16)
                                                         clknet_0_clk (net)
                      0.112235    0.007400    0.221807 ^ clkbuf_4_14_0_clk/A (sky130_fd_sc_hd__clkbuf_8)
     9    0.027915    0.047352    0.117350    0.339157 ^ clkbuf_4_14_0_clk/X (sky130_fd_sc_hd__clkbuf_8)
                                                         clknet_4_14_0_clk (net)
                      0.047575    0.002273    0.341430 ^ _0931_/CLK (sky130_fd_sc_hd__dfrtp_2)
                                  0.250000    0.591430   clock uncertainty
                                  0.000000    0.591430   clock reconvergence pessimism
                                 -0.018747    0.572683   library hold time
                                              0.572683   data required time
---------------------------------------------------------------------------------------------
                                              0.572683   data required time
                                             -0.710385   data arrival time
---------------------------------------------------------------------------------------------
                                              0.137702   slack (MET)


Startpoint: _0993_ (rising edge-triggered flip-flop clocked by clk)
Endpoint: _0994_ (rising edge-triggered flip-flop clocked by clk)
Path Group: clk
Path Type: min

Fanout         Cap        Slew       Delay        Time   Description
---------------------------------------------------------------------------------------------
                                  0.000000    0.000000   clock clk (rise edge)
                                  0.000000    0.000000   clock source latency
     2    0.022841    0.081177    0.056215    0.056215 ^ clk (in)
                                                         clk (net)
                      0.081218    0.000000    0.056215 ^ clkbuf_0_clk/A (sky130_fd_sc_hd__clkbuf_16)
    33    0.131693    0.111462    0.158192    0.214407 ^ clkbuf_0_clk/X (sky130_fd_sc_hd__clkbuf_16)
                                                         clknet_0_clk (net)
                      0.111805    0.004987    0.219395 ^ clkbuf_4_2_0_clk/A (sky130_fd_sc_hd__clkbuf_8)
     9    0.035311    0.056222    0.123564    0.342958 ^ clkbuf_4_2_0_clk/X (sky130_fd_sc_hd__clkbuf_8)
                                                         clknet_4_2_0_clk (net)
                      0.056404    0.002164    0.345122 ^ _0993_/CLK (sky130_fd_sc_hd__dfrtp_2)
     2    0.005341    0.034096    0.222499    0.567621 ^ _0993_/Q (sky130_fd_sc_hd__dfrtp_2)
                                                         SYNTH_INST.waveshape.seq_div.dividend[16] (net)
                      0.034096    0.000360    0.567981 ^ _0860_/A2 (sky130_fd_sc_hd__a221o_2)
     1    0.005314    0.030517    0.086811    0.654792 ^ _0860_/X (sky130_fd_sc_hd__a221o_2)
                                                         _0412_ (net)
                      0.030524    0.000402    0.655194 ^ _0861_/B1 (sky130_fd_sc_hd__o21a_2)
     1    0.003998    0.023495    0.058290    0.713484 ^ _0861_/X (sky130_fd_sc_hd__o21a_2)
                                                         _0049_ (net)
                      0.023499    0.000301    0.713784 ^ _0994_/D (sky130_fd_sc_hd__dfrtp_2)
                                              0.713784   data arrival time

                                  0.000000    0.000000   clock clk (rise edge)
                                  0.000000    0.000000   clock source latency
     2    0.022841    0.081177    0.056215    0.056215 ^ clk (in)
                                                         clk (net)
                      0.081218    0.000000    0.056215 ^ clkbuf_0_clk/A (sky130_fd_sc_hd__clkbuf_16)
    33    0.131693    0.111462    0.158192    0.214407 ^ clkbuf_0_clk/X (sky130_fd_sc_hd__clkbuf_16)
                                                         clknet_0_clk (net)
                      0.111805    0.004987    0.219395 ^ clkbuf_4_2_0_clk/A (sky130_fd_sc_hd__clkbuf_8)
     9    0.035311    0.056222    0.123564    0.342958 ^ clkbuf_4_2_0_clk/X (sky130_fd_sc_hd__clkbuf_8)
                                                         clknet_4_2_0_clk (net)
                      0.056293    0.000922    0.343880 ^ _0994_/CLK (sky130_fd_sc_hd__dfrtp_2)
                                  0.250000    0.593880   clock uncertainty
                                  0.000000    0.593880   clock reconvergence pessimism
                                 -0.018527    0.575353   library hold time
                                              0.575353   data required time
---------------------------------------------------------------------------------------------
                                              0.575353   data required time
                                             -0.713784   data arrival time
---------------------------------------------------------------------------------------------
                                              0.138431   slack (MET)


Startpoint: _0994_ (rising edge-triggered flip-flop clocked by clk)
Endpoint: _0995_ (rising edge-triggered flip-flop clocked by clk)
Path Group: clk
Path Type: min

Fanout         Cap        Slew       Delay        Time   Description
---------------------------------------------------------------------------------------------
                                  0.000000    0.000000   clock clk (rise edge)
                                  0.000000    0.000000   clock source latency
     2    0.022841    0.081177    0.056215    0.056215 ^ clk (in)
                                                         clk (net)
                      0.081218    0.000000    0.056215 ^ clkbuf_0_clk/A (sky130_fd_sc_hd__clkbuf_16)
    33    0.131693    0.111462    0.158192    0.214407 ^ clkbuf_0_clk/X (sky130_fd_sc_hd__clkbuf_16)
                                                         clknet_0_clk (net)
                      0.111805    0.004987    0.219395 ^ clkbuf_4_2_0_clk/A (sky130_fd_sc_hd__clkbuf_8)
     9    0.035311    0.056222    0.123564    0.342958 ^ clkbuf_4_2_0_clk/X (sky130_fd_sc_hd__clkbuf_8)
                                                         clknet_4_2_0_clk (net)
                      0.056293    0.000922    0.343880 ^ _0994_/CLK (sky130_fd_sc_hd__dfrtp_2)
     2    0.005729    0.035231    0.223653    0.567533 ^ _0994_/Q (sky130_fd_sc_hd__dfrtp_2)
                                                         SYNTH_INST.waveshape.seq_div.dividend[17] (net)
                      0.035231    0.000257    0.567790 ^ _0862_/A2 (sky130_fd_sc_hd__a221o_2)
     1    0.004001    0.026356    0.082941    0.650731 ^ _0862_/X (sky130_fd_sc_hd__a221o_2)
                                                         _0413_ (net)
                      0.026360    0.000309    0.651040 ^ _0863_/B1 (sky130_fd_sc_hd__o21a_2)
     1    0.005581    0.029013    0.061845    0.712885 ^ _0863_/X (sky130_fd_sc_hd__o21a_2)
                                                         _0050_ (net)
                      0.029018    0.000378    0.713263 ^ _0995_/D (sky130_fd_sc_hd__dfrtp_2)
                                              0.713263   data arrival time

                                  0.000000    0.000000   clock clk (rise edge)
                                  0.000000    0.000000   clock source latency
     2    0.022841    0.081177    0.056215    0.056215 ^ clk (in)
                                                         clk (net)
                      0.081218    0.000000    0.056215 ^ clkbuf_0_clk/A (sky130_fd_sc_hd__clkbuf_16)
    33    0.131693    0.111462    0.158192    0.214407 ^ clkbuf_0_clk/X (sky130_fd_sc_hd__clkbuf_16)
                                                         clknet_0_clk (net)
                      0.112087    0.006667    0.221075 ^ clkbuf_4_12_0_clk/A (sky130_fd_sc_hd__clkbuf_8)
     9    0.031749    0.051981    0.120963    0.342038 ^ clkbuf_4_12_0_clk/X (sky130_fd_sc_hd__clkbuf_8)
                                                         clknet_4_12_0_clk (net)
                      0.052051    0.001657    0.343695 ^ _0995_/CLK (sky130_fd_sc_hd__dfrtp_2)
                                  0.250000    0.593695   clock uncertainty
                                  0.000000    0.593695   clock reconvergence pessimism
                                 -0.019042    0.574652   library hold time
                                              0.574652   data required time
---------------------------------------------------------------------------------------------
                                              0.574652   data required time
                                             -0.713263   data arrival time
---------------------------------------------------------------------------------------------
                                              0.138610   slack (MET)


Startpoint: _1014_ (rising edge-triggered flip-flop clocked by clk)
Endpoint: _1017_ (rising edge-triggered flip-flop clocked by clk)
Path Group: clk
Path Type: min

Fanout         Cap        Slew       Delay        Time   Description
---------------------------------------------------------------------------------------------
                                  0.000000    0.000000   clock clk (rise edge)
                                  0.000000    0.000000   clock source latency
     2    0.022841    0.081177    0.056215    0.056215 ^ clk (in)
                                                         clk (net)
                      0.081218    0.000000    0.056215 ^ clkbuf_0_clk/A (sky130_fd_sc_hd__clkbuf_16)
    33    0.131693    0.111462    0.158192    0.214407 ^ clkbuf_0_clk/X (sky130_fd_sc_hd__clkbuf_16)
                                                         clknet_0_clk (net)
                      0.111792    0.004896    0.219303 ^ clkbuf_4_7_0_clk/A (sky130_fd_sc_hd__clkbuf_8)
     9    0.027602    0.047009    0.117085    0.336389 ^ clkbuf_4_7_0_clk/X (sky130_fd_sc_hd__clkbuf_8)
                                                         clknet_4_7_0_clk (net)
                      0.047061    0.001380    0.337769 ^ _1014_/CLK (sky130_fd_sc_hd__dfstp_2)
     6    0.023882    0.045266    0.255463    0.593232 v _1014_/Q (sky130_fd_sc_hd__dfstp_2)
                                                         SYNTH_INST.waveshape.seq_div.state[0] (net)
                      0.045301    0.001154    0.594386 v _0571_/B2 (sky130_fd_sc_hd__a22o_2)
     1    0.003002    0.021919    0.107445    0.701830 v _0571_/X (sky130_fd_sc_hd__a22o_2)
                                                         _0003_ (net)
                      0.021919    0.000215    0.702046 v _1017_/D (sky130_fd_sc_hd__dfrtp_2)
                                              0.702046   data arrival time

                                  0.000000    0.000000   clock clk (rise edge)
                                  0.000000    0.000000   clock source latency
     2    0.022841    0.081177    0.056215    0.056215 ^ clk (in)
                                                         clk (net)
                      0.081218    0.000000    0.056215 ^ clkbuf_0_clk/A (sky130_fd_sc_hd__clkbuf_16)
    33    0.131693    0.111462    0.158192    0.214407 ^ clkbuf_0_clk/X (sky130_fd_sc_hd__clkbuf_16)
                                                         clknet_0_clk (net)
                      0.111792    0.004896    0.219303 ^ clkbuf_4_7_0_clk/A (sky130_fd_sc_hd__clkbuf_8)
     9    0.027602    0.047009    0.117085    0.336389 ^ clkbuf_4_7_0_clk/X (sky130_fd_sc_hd__clkbuf_8)
                                                         clknet_4_7_0_clk (net)
                      0.047113    0.001876    0.338264 ^ _1017_/CLK (sky130_fd_sc_hd__dfrtp_2)
                                  0.250000    0.588264   clock uncertainty
                                  0.000000    0.588264   clock reconvergence pessimism
                                 -0.024929    0.563335   library hold time
                                              0.563335   data required time
---------------------------------------------------------------------------------------------
                                              0.563335   data required time
                                             -0.702046   data arrival time
---------------------------------------------------------------------------------------------
                                              0.138711   slack (MET)


Startpoint: _1006_ (rising edge-triggered flip-flop clocked by clk)
Endpoint: _1006_ (rising edge-triggered flip-flop clocked by clk)
Path Group: clk
Path Type: min

Fanout         Cap        Slew       Delay        Time   Description
---------------------------------------------------------------------------------------------
                                  0.000000    0.000000   clock clk (rise edge)
                                  0.000000    0.000000   clock source latency
     2    0.022841    0.081177    0.056215    0.056215 ^ clk (in)
                                                         clk (net)
                      0.081218    0.000000    0.056215 ^ clkbuf_0_clk/A (sky130_fd_sc_hd__clkbuf_16)
    33    0.131693    0.111462    0.158192    0.214407 ^ clkbuf_0_clk/X (sky130_fd_sc_hd__clkbuf_16)
                                                         clknet_0_clk (net)
                      0.111854    0.005314    0.219721 ^ clkbuf_4_6_0_clk/A (sky130_fd_sc_hd__clkbuf_8)
     9    0.031293    0.051396    0.120102    0.339823 ^ clkbuf_4_6_0_clk/X (sky130_fd_sc_hd__clkbuf_8)
                                                         clknet_4_6_0_clk (net)
                      0.051558    0.001948    0.341771 ^ _1006_/CLK (sky130_fd_sc_hd__dfrtp_2)
     4    0.023980    0.063653    0.286064    0.627835 v _1006_/Q (sky130_fd_sc_hd__dfrtp_2)
                                                         SYNTH_INST.waveshape.scaled_count[0] (net)
                      0.063778    0.002499    0.630334 v _0439_/A (sky130_fd_sc_hd__inv_2)
     1    0.006827    0.033624    0.049732    0.680066 ^ _0439_/Y (sky130_fd_sc_hd__inv_2)
                                                         _0084_ (net)
                      0.033633    0.000507    0.680573 ^ _0884_/A1 (sky130_fd_sc_hd__a21oi_2)
     1    0.003741    0.021466    0.025842    0.706416 v _0884_/Y (sky130_fd_sc_hd__a21oi_2)
                                                         _0061_ (net)
                      0.021466    0.000253    0.706669 v _1006_/D (sky130_fd_sc_hd__dfrtp_2)
                                              0.706669   data arrival time

                                  0.000000    0.000000   clock clk (rise edge)
                                  0.000000    0.000000   clock source latency
     2    0.022841    0.081177    0.056215    0.056215 ^ clk (in)
                                                         clk (net)
                      0.081218    0.000000    0.056215 ^ clkbuf_0_clk/A (sky130_fd_sc_hd__clkbuf_16)
    33    0.131693    0.111462    0.158192    0.214407 ^ clkbuf_0_clk/X (sky130_fd_sc_hd__clkbuf_16)
                                                         clknet_0_clk (net)
                      0.111854    0.005314    0.219721 ^ clkbuf_4_6_0_clk/A (sky130_fd_sc_hd__clkbuf_8)
     9    0.031293    0.051396    0.120102    0.339823 ^ clkbuf_4_6_0_clk/X (sky130_fd_sc_hd__clkbuf_8)
                                                         clknet_4_6_0_clk (net)
                      0.051558    0.001948    0.341771 ^ _1006_/CLK (sky130_fd_sc_hd__dfrtp_2)
                                  0.250000    0.591771   clock uncertainty
                                  0.000000    0.591771   clock reconvergence pessimism
                                 -0.024336    0.567435   library hold time
                                              0.567435   data required time
---------------------------------------------------------------------------------------------
                                              0.567435   data required time
                                             -0.706669   data arrival time
---------------------------------------------------------------------------------------------
                                              0.139234   slack (MET)


Startpoint: _1004_ (rising edge-triggered flip-flop clocked by clk)
Endpoint: _1014_ (rising edge-triggered flip-flop clocked by clk)
Path Group: clk
Path Type: min

Fanout         Cap        Slew       Delay        Time   Description
---------------------------------------------------------------------------------------------
                                  0.000000    0.000000   clock clk (rise edge)
                                  0.000000    0.000000   clock source latency
     2    0.022841    0.081177    0.056215    0.056215 ^ clk (in)
                                                         clk (net)
                      0.081218    0.000000    0.056215 ^ clkbuf_0_clk/A (sky130_fd_sc_hd__clkbuf_16)
    33    0.131693    0.111462    0.158192    0.214407 ^ clkbuf_0_clk/X (sky130_fd_sc_hd__clkbuf_16)
                                                         clknet_0_clk (net)
                      0.111792    0.004896    0.219303 ^ clkbuf_4_7_0_clk/A (sky130_fd_sc_hd__clkbuf_8)
     9    0.027602    0.047009    0.117085    0.336389 ^ clkbuf_4_7_0_clk/X (sky130_fd_sc_hd__clkbuf_8)
                                                         clknet_4_7_0_clk (net)
                      0.047115    0.001888    0.338277 ^ _1004_/CLK (sky130_fd_sc_hd__dfrtp_2)
     3    0.009063    0.045588    0.230412    0.568689 ^ _1004_/Q (sky130_fd_sc_hd__dfrtp_2)
                                                         SYNTH_INST.waveshape.seq_div.n[3] (net)
                      0.045593    0.000527    0.569216 ^ _0564_/A_N (sky130_fd_sc_hd__nand3b_2)
     3    0.016736    0.077333    0.110424    0.679640 ^ _0564_/Y (sky130_fd_sc_hd__nand3b_2)
                                                         _0205_ (net)
                      0.077390    0.001128    0.680768 ^ _0575_/A2 (sky130_fd_sc_hd__o21ai_2)
     1    0.006506    0.028577    0.037946    0.718714 v _0575_/Y (sky130_fd_sc_hd__o21ai_2)
                                                         _0001_ (net)
                      0.028580    0.000554    0.719267 v _1014_/D (sky130_fd_sc_hd__dfstp_2)
                                              0.719267   data arrival time

                                  0.000000    0.000000   clock clk (rise edge)
                                  0.000000    0.000000   clock source latency
     2    0.022841    0.081177    0.056215    0.056215 ^ clk (in)
                                                         clk (net)
                      0.081218    0.000000    0.056215 ^ clkbuf_0_clk/A (sky130_fd_sc_hd__clkbuf_16)
    33    0.131693    0.111462    0.158192    0.214407 ^ clkbuf_0_clk/X (sky130_fd_sc_hd__clkbuf_16)
                                                         clknet_0_clk (net)
                      0.111792    0.004896    0.219303 ^ clkbuf_4_7_0_clk/A (sky130_fd_sc_hd__clkbuf_8)
     9    0.027602    0.047009    0.117085    0.336389 ^ clkbuf_4_7_0_clk/X (sky130_fd_sc_hd__clkbuf_8)
                                                         clknet_4_7_0_clk (net)
                      0.047061    0.001380    0.337769 ^ _1014_/CLK (sky130_fd_sc_hd__dfstp_2)
                                  0.250000    0.587769   clock uncertainty
                                  0.000000    0.587769   clock reconvergence pessimism
                                 -0.007923    0.579846   library hold time
                                              0.579846   data required time
---------------------------------------------------------------------------------------------
                                              0.579846   data required time
                                             -0.719267   data arrival time
---------------------------------------------------------------------------------------------
                                              0.139422   slack (MET)


Startpoint: _1009_ (rising edge-triggered flip-flop clocked by clk)
Endpoint: _1010_ (rising edge-triggered flip-flop clocked by clk)
Path Group: clk
Path Type: min

Fanout         Cap        Slew       Delay        Time   Description
---------------------------------------------------------------------------------------------
                                  0.000000    0.000000   clock clk (rise edge)
                                  0.000000    0.000000   clock source latency
     2    0.022841    0.081177    0.056215    0.056215 ^ clk (in)
                                                         clk (net)
                      0.081218    0.000000    0.056215 ^ clkbuf_0_clk/A (sky130_fd_sc_hd__clkbuf_16)
    33    0.131693    0.111462    0.158192    0.214407 ^ clkbuf_0_clk/X (sky130_fd_sc_hd__clkbuf_16)
                                                         clknet_0_clk (net)
                      0.112087    0.006667    0.221075 ^ clkbuf_4_12_0_clk/A (sky130_fd_sc_hd__clkbuf_8)
     9    0.031749    0.051981    0.120963    0.342038 ^ clkbuf_4_12_0_clk/X (sky130_fd_sc_hd__clkbuf_8)
                                                         clknet_4_12_0_clk (net)
                      0.052005    0.001055    0.343092 ^ _1009_/CLK (sky130_fd_sc_hd__dfrtp_2)
     4    0.024644    0.095996    0.272138    0.615231 ^ _1009_/Q (sky130_fd_sc_hd__dfrtp_2)
                                                         SYNTH_INST.waveshape.scaled_count[3] (net)
                      0.096010    0.001190    0.616420 ^ _0888_/A2 (sky130_fd_sc_hd__a32o_2)
     1    0.002317    0.023153    0.096332    0.712752 ^ _0888_/X (sky130_fd_sc_hd__a32o_2)
                                                         _0065_ (net)
                      0.023153    0.000169    0.712921 ^ _1010_/D (sky130_fd_sc_hd__dfrtp_2)
                                              0.712921   data arrival time

                                  0.000000    0.000000   clock clk (rise edge)
                                  0.000000    0.000000   clock source latency
     2    0.022841    0.081177    0.056215    0.056215 ^ clk (in)
                                                         clk (net)
                      0.081218    0.000000    0.056215 ^ clkbuf_0_clk/A (sky130_fd_sc_hd__clkbuf_16)
    33    0.131693    0.111462    0.158192    0.214407 ^ clkbuf_0_clk/X (sky130_fd_sc_hd__clkbuf_16)
                                                         clknet_0_clk (net)
                      0.111854    0.005314    0.219721 ^ clkbuf_4_6_0_clk/A (sky130_fd_sc_hd__clkbuf_8)
     9    0.031293    0.051396    0.120102    0.339823 ^ clkbuf_4_6_0_clk/X (sky130_fd_sc_hd__clkbuf_8)
                                                         clknet_4_6_0_clk (net)
                      0.051581    0.002129    0.341952 ^ _1010_/CLK (sky130_fd_sc_hd__dfrtp_2)
                                  0.250000    0.591952   clock uncertainty
                                  0.000000    0.591952   clock reconvergence pessimism
                                 -0.018626    0.573326   library hold time
                                              0.573326   data required time
---------------------------------------------------------------------------------------------
                                              0.573326   data required time
                                             -0.712921   data arrival time
---------------------------------------------------------------------------------------------
                                              0.139595   slack (MET)


Startpoint: _1009_ (rising edge-triggered flip-flop clocked by clk)
Endpoint: _0902_ (rising edge-triggered flip-flop clocked by clk)
Path Group: clk
Path Type: min

Fanout         Cap        Slew       Delay        Time   Description
---------------------------------------------------------------------------------------------
                                  0.000000    0.000000   clock clk (rise edge)
                                  0.000000    0.000000   clock source latency
     2    0.022841    0.081177    0.056215    0.056215 ^ clk (in)
                                                         clk (net)
                      0.081218    0.000000    0.056215 ^ clkbuf_0_clk/A (sky130_fd_sc_hd__clkbuf_16)
    33    0.131693    0.111462    0.158192    0.214407 ^ clkbuf_0_clk/X (sky130_fd_sc_hd__clkbuf_16)
                                                         clknet_0_clk (net)
                      0.112087    0.006667    0.221075 ^ clkbuf_4_12_0_clk/A (sky130_fd_sc_hd__clkbuf_8)
     9    0.031749    0.051981    0.120963    0.342038 ^ clkbuf_4_12_0_clk/X (sky130_fd_sc_hd__clkbuf_8)
                                                         clknet_4_12_0_clk (net)
                      0.052005    0.001055    0.343092 ^ _1009_/CLK (sky130_fd_sc_hd__dfrtp_2)
     4    0.024644    0.095996    0.272138    0.615231 ^ _1009_/Q (sky130_fd_sc_hd__dfrtp_2)
                                                         SYNTH_INST.waveshape.scaled_count[3] (net)
                      0.096037    0.001853    0.617083 ^ _0671_/A1 (sky130_fd_sc_hd__a221o_2)
     1    0.004482    0.026370    0.097143    0.714227 ^ _0671_/X (sky130_fd_sc_hd__a221o_2)
                                                         SYNTH_INST.waveshape.shaper.n_sample[3] (net)
                      0.026379    0.000340    0.714566 ^ _0902_/D (sky130_fd_sc_hd__dfrtp_2)
                                              0.714566   data arrival time

                                  0.000000    0.000000   clock clk (rise edge)
                                  0.000000    0.000000   clock source latency
     2    0.022841    0.081177    0.056215    0.056215 ^ clk (in)
                                                         clk (net)
                      0.081218    0.000000    0.056215 ^ clkbuf_0_clk/A (sky130_fd_sc_hd__clkbuf_16)
    33    0.131693    0.111462    0.158192    0.214407 ^ clkbuf_0_clk/X (sky130_fd_sc_hd__clkbuf_16)
                                                         clknet_0_clk (net)
                      0.112087    0.006667    0.221075 ^ clkbuf_4_12_0_clk/A (sky130_fd_sc_hd__clkbuf_8)
     9    0.031749    0.051981    0.120963    0.342038 ^ clkbuf_4_12_0_clk/X (sky130_fd_sc_hd__clkbuf_8)
                                                         clknet_4_12_0_clk (net)
                      0.052040    0.001538    0.343576 ^ _0902_/CLK (sky130_fd_sc_hd__dfrtp_2)
                                  0.250000    0.593576   clock uncertainty
                                  0.000000    0.593576   clock reconvergence pessimism
                                 -0.018849    0.574727   library hold time
                                              0.574727   data required time
---------------------------------------------------------------------------------------------
                                              0.574727   data required time
                                             -0.714566   data arrival time
---------------------------------------------------------------------------------------------
                                              0.139839   slack (MET)


Startpoint: _1020_ (rising edge-triggered flip-flop clocked by clk)
Endpoint: _1020_ (rising edge-triggered flip-flop clocked by clk)
Path Group: clk
Path Type: min

Fanout         Cap        Slew       Delay        Time   Description
---------------------------------------------------------------------------------------------
                                  0.000000    0.000000   clock clk (rise edge)
                                  0.000000    0.000000   clock source latency
     2    0.022841    0.081177    0.056215    0.056215 ^ clk (in)
                                                         clk (net)
                      0.081218    0.000000    0.056215 ^ clkbuf_0_clk/A (sky130_fd_sc_hd__clkbuf_16)
    33    0.131693    0.111462    0.158192    0.214407 ^ clkbuf_0_clk/X (sky130_fd_sc_hd__clkbuf_16)
                                                         clknet_0_clk (net)
                      0.112237    0.007408    0.221815 ^ clkbuf_4_15_0_clk/A (sky130_fd_sc_hd__clkbuf_8)
     9    0.029120    0.048790    0.118087    0.339902 ^ clkbuf_4_15_0_clk/X (sky130_fd_sc_hd__clkbuf_8)
                                                         clknet_4_15_0_clk (net)
                      0.049110    0.003063    0.342965 ^ _1020_/CLK (sky130_fd_sc_hd__dfstp_2)
     4    0.025081    0.047007    0.257542    0.600507 v _1020_/Q (sky130_fd_sc_hd__dfstp_2)
                                                         SYNTH_INST.pwm_counter.count[0] (net)
                      0.047019    0.000760    0.601267 v _0428_/A (sky130_fd_sc_hd__inv_2)
     2    0.009959    0.040077    0.051225    0.652492 ^ _0428_/Y (sky130_fd_sc_hd__inv_2)
                                                         _0073_ (net)
                      0.040099    0.000406    0.652898 ^ _0685_/B1 (sky130_fd_sc_hd__a31o_2)
     1    0.005583    0.031215    0.063499    0.716397 ^ _0685_/X (sky130_fd_sc_hd__a31o_2)
                                                         SYNTH_INST.pwm_counter.n_count[0] (net)
                      0.031222    0.000436    0.716833 ^ _1020_/D (sky130_fd_sc_hd__dfstp_2)
                                              0.716833   data arrival time

                                  0.000000    0.000000   clock clk (rise edge)
                                  0.000000    0.000000   clock source latency
     2    0.022841    0.081177    0.056215    0.056215 ^ clk (in)
                                                         clk (net)
                      0.081218    0.000000    0.056215 ^ clkbuf_0_clk/A (sky130_fd_sc_hd__clkbuf_16)
    33    0.131693    0.111462    0.158192    0.214407 ^ clkbuf_0_clk/X (sky130_fd_sc_hd__clkbuf_16)
                                                         clknet_0_clk (net)
                      0.112237    0.007408    0.221815 ^ clkbuf_4_15_0_clk/A (sky130_fd_sc_hd__clkbuf_8)
     9    0.029120    0.048790    0.118087    0.339902 ^ clkbuf_4_15_0_clk/X (sky130_fd_sc_hd__clkbuf_8)
                                                         clknet_4_15_0_clk (net)
                      0.049110    0.003063    0.342965 ^ _1020_/CLK (sky130_fd_sc_hd__dfstp_2)
                                  0.250000    0.592965   clock uncertainty
                                  0.000000    0.592965   clock reconvergence pessimism
                                 -0.018405    0.574560   library hold time
                                              0.574560   data required time
---------------------------------------------------------------------------------------------
                                              0.574560   data required time
                                             -0.716833   data arrival time
---------------------------------------------------------------------------------------------
                                              0.142273   slack (MET)


Startpoint: _0989_ (rising edge-triggered flip-flop clocked by clk)
Endpoint: _0990_ (rising edge-triggered flip-flop clocked by clk)
Path Group: clk
Path Type: min

Fanout         Cap        Slew       Delay        Time   Description
---------------------------------------------------------------------------------------------
                                  0.000000    0.000000   clock clk (rise edge)
                                  0.000000    0.000000   clock source latency
     2    0.022841    0.081177    0.056215    0.056215 ^ clk (in)
                                                         clk (net)
                      0.081218    0.000000    0.056215 ^ clkbuf_0_clk/A (sky130_fd_sc_hd__clkbuf_16)
    33    0.131693    0.111462    0.158192    0.214407 ^ clkbuf_0_clk/X (sky130_fd_sc_hd__clkbuf_16)
                                                         clknet_0_clk (net)
                      0.112049    0.006466    0.220873 ^ clkbuf_4_10_0_clk/A (sky130_fd_sc_hd__clkbuf_8)
     9    0.032633    0.052973    0.120926    0.341799 ^ clkbuf_4_10_0_clk/X (sky130_fd_sc_hd__clkbuf_8)
                                                         clknet_4_10_0_clk (net)
                      0.053282    0.002914    0.344713 ^ _0989_/CLK (sky130_fd_sc_hd__dfrtp_2)
     2    0.006920    0.038810    0.226250    0.570963 ^ _0989_/Q (sky130_fd_sc_hd__dfrtp_2)
                                                         SYNTH_INST.waveshape.seq_div.dividend[12] (net)
                      0.038810    0.000386    0.571349 ^ _0852_/A2 (sky130_fd_sc_hd__a221o_2)
     1    0.004452    0.027624    0.085430    0.656779 ^ _0852_/X (sky130_fd_sc_hd__a221o_2)
                                                         _0408_ (net)
                      0.027630    0.000297    0.657076 ^ _0853_/B1 (sky130_fd_sc_hd__o21a_2)
     1    0.005495    0.028710    0.061914    0.718990 ^ _0853_/X (sky130_fd_sc_hd__o21a_2)
                                                         _0045_ (net)
                      0.028716    0.000399    0.719389 ^ _0990_/D (sky130_fd_sc_hd__dfrtp_2)
                                              0.719389   data arrival time

                                  0.000000    0.000000   clock clk (rise edge)
                                  0.000000    0.000000   clock source latency
     2    0.022841    0.081177    0.056215    0.056215 ^ clk (in)
                                                         clk (net)
                      0.081218    0.000000    0.056215 ^ clkbuf_0_clk/A (sky130_fd_sc_hd__clkbuf_16)
    33    0.131693    0.111462    0.158192    0.214407 ^ clkbuf_0_clk/X (sky130_fd_sc_hd__clkbuf_16)
                                                         clknet_0_clk (net)
                      0.112049    0.006466    0.220873 ^ clkbuf_4_10_0_clk/A (sky130_fd_sc_hd__clkbuf_8)
     9    0.032633    0.052973    0.120926    0.341799 ^ clkbuf_4_10_0_clk/X (sky130_fd_sc_hd__clkbuf_8)
                                                         clknet_4_10_0_clk (net)
                      0.053242    0.002682    0.344481 ^ _0990_/CLK (sky130_fd_sc_hd__dfrtp_2)
                                  0.250000    0.594481   clock uncertainty
                                  0.000000    0.594481   clock reconvergence pessimism
                                 -0.018989    0.575492   library hold time
                                              0.575492   data required time
---------------------------------------------------------------------------------------------
                                              0.575492   data required time
                                             -0.719389   data arrival time
---------------------------------------------------------------------------------------------
                                              0.143897   slack (MET)


Startpoint: _1006_ (rising edge-triggered flip-flop clocked by clk)
Endpoint: _1007_ (rising edge-triggered flip-flop clocked by clk)
Path Group: clk
Path Type: min

Fanout         Cap        Slew       Delay        Time   Description
---------------------------------------------------------------------------------------------
                                  0.000000    0.000000   clock clk (rise edge)
                                  0.000000    0.000000   clock source latency
     2    0.022841    0.081177    0.056215    0.056215 ^ clk (in)
                                                         clk (net)
                      0.081218    0.000000    0.056215 ^ clkbuf_0_clk/A (sky130_fd_sc_hd__clkbuf_16)
    33    0.131693    0.111462    0.158192    0.214407 ^ clkbuf_0_clk/X (sky130_fd_sc_hd__clkbuf_16)
                                                         clknet_0_clk (net)
                      0.111854    0.005314    0.219721 ^ clkbuf_4_6_0_clk/A (sky130_fd_sc_hd__clkbuf_8)
     9    0.031293    0.051396    0.120102    0.339823 ^ clkbuf_4_6_0_clk/X (sky130_fd_sc_hd__clkbuf_8)
                                                         clknet_4_6_0_clk (net)
                      0.051558    0.001948    0.341771 ^ _1006_/CLK (sky130_fd_sc_hd__dfrtp_2)
     4    0.025512    0.099338    0.273199    0.614970 ^ _1006_/Q (sky130_fd_sc_hd__dfrtp_2)
                                                         SYNTH_INST.waveshape.scaled_count[0] (net)
                      0.099381    0.001989    0.616960 ^ _0885_/A2 (sky130_fd_sc_hd__a32o_2)
     1    0.002430    0.023412    0.097453    0.714413 ^ _0885_/X (sky130_fd_sc_hd__a32o_2)
                                                         _0062_ (net)
                      0.023412    0.000177    0.714590 ^ _1007_/D (sky130_fd_sc_hd__dfrtp_2)
                                              0.714590   data arrival time

                                  0.000000    0.000000   clock clk (rise edge)
                                  0.000000    0.000000   clock source latency
     2    0.022841    0.081177    0.056215    0.056215 ^ clk (in)
                                                         clk (net)
                      0.081218    0.000000    0.056215 ^ clkbuf_0_clk/A (sky130_fd_sc_hd__clkbuf_16)
    33    0.131693    0.111462    0.158192    0.214407 ^ clkbuf_0_clk/X (sky130_fd_sc_hd__clkbuf_16)
                                                         clknet_0_clk (net)
                      0.111792    0.004896    0.219303 ^ clkbuf_4_7_0_clk/A (sky130_fd_sc_hd__clkbuf_8)
     9    0.027602    0.047009    0.117085    0.336389 ^ clkbuf_4_7_0_clk/X (sky130_fd_sc_hd__clkbuf_8)
                                                         clknet_4_7_0_clk (net)
                      0.047053    0.001285    0.337674 ^ _1007_/CLK (sky130_fd_sc_hd__dfrtp_2)
                                  0.250000    0.587674   clock uncertainty
                                  0.000000    0.587674   clock reconvergence pessimism
                                 -0.018764    0.568910   library hold time
                                              0.568910   data required time
---------------------------------------------------------------------------------------------
                                              0.568910   data required time
                                             -0.714590   data arrival time
---------------------------------------------------------------------------------------------
                                              0.145680   slack (MET)


Startpoint: _0909_ (rising edge-triggered flip-flop clocked by clk)
Endpoint: _0909_ (rising edge-triggered flip-flop clocked by clk)
Path Group: clk
Path Type: min

Fanout         Cap        Slew       Delay        Time   Description
---------------------------------------------------------------------------------------------
                                  0.000000    0.000000   clock clk (rise edge)
                                  0.000000    0.000000   clock source latency
     2    0.022841    0.081177    0.056215    0.056215 ^ clk (in)
                                                         clk (net)
                      0.081218    0.000000    0.056215 ^ clkbuf_0_clk/A (sky130_fd_sc_hd__clkbuf_16)
    33    0.131693    0.111462    0.158192    0.214407 ^ clkbuf_0_clk/X (sky130_fd_sc_hd__clkbuf_16)
                                                         clknet_0_clk (net)
                      0.111994    0.006166    0.220573 ^ clkbuf_4_5_0_clk/A (sky130_fd_sc_hd__clkbuf_8)
     9    0.027677    0.047082    0.117064    0.337637 ^ clkbuf_4_5_0_clk/X (sky130_fd_sc_hd__clkbuf_8)
                                                         clknet_4_5_0_clk (net)
                      0.047235    0.001829    0.339467 ^ _0909_/CLK (sky130_fd_sc_hd__dfrtp_2)
     2    0.005551    0.034706    0.220473    0.559939 ^ _0909_/Q (sky130_fd_sc_hd__dfrtp_2)
                                                         SYNTH_INST.sample_rate.count[2] (net)
                      0.034706    0.000341    0.560281 ^ _0565_/A (sky130_fd_sc_hd__and3_2)
     4    0.015095    0.067667    0.128210    0.688491 ^ _0565_/X (sky130_fd_sc_hd__and3_2)
                                                         _0206_ (net)
                      0.067681    0.000983    0.689474 ^ _0581_/A (sky130_fd_sc_hd__nor3_2)
     1    0.003040    0.018394    0.028389    0.717863 v _0581_/Y (sky130_fd_sc_hd__nor3_2)
                                                         SYNTH_INST.sample_rate.n_count[2] (net)
                      0.018394    0.000214    0.718077 v _0909_/D (sky130_fd_sc_hd__dfrtp_2)
                                              0.718077   data arrival time

                                  0.000000    0.000000   clock clk (rise edge)
                                  0.000000    0.000000   clock source latency
     2    0.022841    0.081177    0.056215    0.056215 ^ clk (in)
                                                         clk (net)
                      0.081218    0.000000    0.056215 ^ clkbuf_0_clk/A (sky130_fd_sc_hd__clkbuf_16)
    33    0.131693    0.111462    0.158192    0.214407 ^ clkbuf_0_clk/X (sky130_fd_sc_hd__clkbuf_16)
                                                         clknet_0_clk (net)
                      0.111994    0.006166    0.220573 ^ clkbuf_4_5_0_clk/A (sky130_fd_sc_hd__clkbuf_8)
     9    0.027677    0.047082    0.117064    0.337637 ^ clkbuf_4_5_0_clk/X (sky130_fd_sc_hd__clkbuf_8)
                                                         clknet_4_5_0_clk (net)
                      0.047235    0.001829    0.339467 ^ _0909_/CLK (sky130_fd_sc_hd__dfrtp_2)
                                  0.250000    0.589467   clock uncertainty
                                  0.000000    0.589467   clock reconvergence pessimism
                                 -0.023788    0.565679   library hold time
                                              0.565679   data required time
---------------------------------------------------------------------------------------------
                                              0.565679   data required time
                                             -0.718077   data arrival time
---------------------------------------------------------------------------------------------
                                              0.152398   slack (MET)


Startpoint: _0969_ (rising edge-triggered flip-flop clocked by clk)
Endpoint: _0970_ (rising edge-triggered flip-flop clocked by clk)
Path Group: clk
Path Type: min

Fanout         Cap        Slew       Delay        Time   Description
---------------------------------------------------------------------------------------------
                                  0.000000    0.000000   clock clk (rise edge)
                                  0.000000    0.000000   clock source latency
     2    0.022841    0.081177    0.056215    0.056215 ^ clk (in)
                                                         clk (net)
                      0.081218    0.000000    0.056215 ^ clkbuf_0_clk/A (sky130_fd_sc_hd__clkbuf_16)
    33    0.131693    0.111462    0.158192    0.214407 ^ clkbuf_0_clk/X (sky130_fd_sc_hd__clkbuf_16)
                                                         clknet_0_clk (net)
                      0.111826    0.005126    0.219534 ^ clkbuf_4_0_0_clk/A (sky130_fd_sc_hd__clkbuf_8)
     9    0.035823    0.056861    0.124099    0.343633 ^ clkbuf_4_0_0_clk/X (sky130_fd_sc_hd__clkbuf_8)
                                                         clknet_4_0_0_clk (net)
                      0.057109    0.002703    0.346337 ^ _0969_/CLK (sky130_fd_sc_hd__dfrtp_2)
     4    0.013643    0.060748    0.246316    0.592653 ^ _0969_/Q (sky130_fd_sc_hd__dfrtp_2)
                                                         SYNTH_INST.waveshape.seq_div.dividend[32] (net)
                      0.060768    0.001033    0.593686 ^ _0782_/B2 (sky130_fd_sc_hd__a32o_2)
     1    0.002263    0.022983    0.068393    0.662078 ^ _0782_/X (sky130_fd_sc_hd__a32o_2)
                                                         _0358_ (net)
                      0.022983    0.000165    0.662244 ^ _0783_/A1 (sky130_fd_sc_hd__mux2_1)
     1    0.002550    0.027264    0.069196    0.731440 ^ _0783_/X (sky130_fd_sc_hd__mux2_1)
                                                         _0025_ (net)
                      0.027265    0.000175    0.731615 ^ _0970_/D (sky130_fd_sc_hd__dfrtp_2)
                                              0.731615   data arrival time

                                  0.000000    0.000000   clock clk (rise edge)
                                  0.000000    0.000000   clock source latency
     2    0.022841    0.081177    0.056215    0.056215 ^ clk (in)
                                                         clk (net)
                      0.081218    0.000000    0.056215 ^ clkbuf_0_clk/A (sky130_fd_sc_hd__clkbuf_16)
    33    0.131693    0.111462    0.158192    0.214407 ^ clkbuf_0_clk/X (sky130_fd_sc_hd__clkbuf_16)
                                                         clknet_0_clk (net)
                      0.111826    0.005126    0.219534 ^ clkbuf_4_0_0_clk/A (sky130_fd_sc_hd__clkbuf_8)
     9    0.035823    0.056861    0.124099    0.343633 ^ clkbuf_4_0_0_clk/X (sky130_fd_sc_hd__clkbuf_8)
                                                         clknet_4_0_0_clk (net)
                      0.056983    0.001716    0.345349 ^ _0970_/CLK (sky130_fd_sc_hd__dfrtp_2)
                                  0.250000    0.595349   clock uncertainty
                                  0.000000    0.595349   clock reconvergence pessimism
                                 -0.018784    0.576565   library hold time
                                              0.576565   data required time
---------------------------------------------------------------------------------------------
                                              0.576565   data required time
                                             -0.731615   data arrival time
---------------------------------------------------------------------------------------------
                                              0.155050   slack (MET)


Startpoint: _0958_ (rising edge-triggered flip-flop clocked by clk)
Endpoint: _1019_ (rising edge-triggered flip-flop clocked by clk)
Path Group: clk
Path Type: min

Fanout         Cap        Slew       Delay        Time   Description
---------------------------------------------------------------------------------------------
                                  0.000000    0.000000   clock clk (rise edge)
                                  0.000000    0.000000   clock source latency
     2    0.022841    0.081177    0.056215    0.056215 ^ clk (in)
                                                         clk (net)
                      0.081218    0.000000    0.056215 ^ clkbuf_0_clk/A (sky130_fd_sc_hd__clkbuf_16)
    33    0.131693    0.111462    0.158192    0.214407 ^ clkbuf_0_clk/X (sky130_fd_sc_hd__clkbuf_16)
                                                         clknet_0_clk (net)
                      0.112235    0.007400    0.221807 ^ clkbuf_4_14_0_clk/A (sky130_fd_sc_hd__clkbuf_8)
     9    0.027915    0.047352    0.117350    0.339157 ^ clkbuf_4_14_0_clk/X (sky130_fd_sc_hd__clkbuf_8)
                                                         clknet_4_14_0_clk (net)
                      0.047460    0.001373    0.340531 ^ _0958_/CLK (sky130_fd_sc_hd__dfrtp_2)
     3    0.010246    0.049402    0.233961    0.574492 ^ _0958_/Q (sky130_fd_sc_hd__dfrtp_2)
                                                         SYNTH_INST.pwm_counter.active_sample[5] (net)
                      0.049411    0.000684    0.575176 ^ _0560_/A1 (sky130_fd_sc_hd__a221o_2)
     1    0.003004    0.019811    0.080259    0.655435 ^ _0560_/X (sky130_fd_sc_hd__a221o_2)
                                                         _0202_ (net)
                      0.019811    0.000138    0.655573 ^ _0562_/B1 (sky130_fd_sc_hd__a22o_2)
     1    0.005480    0.030193    0.070378    0.725952 ^ _0562_/X (sky130_fd_sc_hd__a22o_2)
                                                         SYNTH_INST.pwm_counter.n_pwm (net)
                      0.030200    0.000421    0.726373 ^ _1019_/D (sky130_fd_sc_hd__dfrtp_2)
                                              0.726373   data arrival time

                                  0.000000    0.000000   clock clk (rise edge)
                                  0.000000    0.000000   clock source latency
     2    0.022841    0.081177    0.056215    0.056215 ^ clk (in)
                                                         clk (net)
                      0.081218    0.000000    0.056215 ^ clkbuf_0_clk/A (sky130_fd_sc_hd__clkbuf_16)
    33    0.131693    0.111462    0.158192    0.214407 ^ clkbuf_0_clk/X (sky130_fd_sc_hd__clkbuf_16)
                                                         clknet_0_clk (net)
                      0.112150    0.006989    0.221396 ^ clkbuf_4_11_0_clk/A (sky130_fd_sc_hd__clkbuf_8)
     9    0.027254    0.046604    0.116918    0.338315 ^ clkbuf_4_11_0_clk/X (sky130_fd_sc_hd__clkbuf_8)
                                                         clknet_4_11_0_clk (net)
                      0.046693    0.001729    0.340044 ^ _1019_/CLK (sky130_fd_sc_hd__dfrtp_2)
                                  0.250000    0.590044   clock uncertainty
                                  0.000000    0.590044   clock reconvergence pessimism
                                 -0.019269    0.570774   library hold time
                                              0.570774   data required time
---------------------------------------------------------------------------------------------
                                              0.570774   data required time
                                             -0.726373   data arrival time
---------------------------------------------------------------------------------------------
                                              0.155599   slack (MET)


Startpoint: _0895_ (rising edge-triggered flip-flop clocked by clk)
Endpoint: _0895_ (rising edge-triggered flip-flop clocked by clk)
Path Group: clk
Path Type: min

Fanout         Cap        Slew       Delay        Time   Description
---------------------------------------------------------------------------------------------
                                  0.000000    0.000000   clock clk (rise edge)
                                  0.000000    0.000000   clock source latency
     2    0.022841    0.081177    0.056215    0.056215 ^ clk (in)
                                                         clk (net)
                      0.081218    0.000000    0.056215 ^ clkbuf_0_clk/A (sky130_fd_sc_hd__clkbuf_16)
    33    0.131693    0.111462    0.158192    0.214407 ^ clkbuf_0_clk/X (sky130_fd_sc_hd__clkbuf_16)
                                                         clknet_0_clk (net)
                      0.112237    0.007408    0.221815 ^ clkbuf_4_15_0_clk/A (sky130_fd_sc_hd__clkbuf_8)
     9    0.029120    0.048790    0.118087    0.339902 ^ clkbuf_4_15_0_clk/X (sky130_fd_sc_hd__clkbuf_8)
                                                         clknet_4_15_0_clk (net)
                      0.048942    0.002085    0.341987 ^ _0895_/CLK (sky130_fd_sc_hd__dfrtp_2)
     3    0.018365    0.075018    0.256203    0.598190 ^ _0895_/Q (sky130_fd_sc_hd__dfrtp_2)
                                                         SYNTH_INST.pwm_counter.count[4] (net)
                      0.075025    0.000795    0.598985 ^ _0433_/A (sky130_fd_sc_hd__inv_2)
     3    0.016657    0.037168    0.040949    0.639934 v _0433_/Y (sky130_fd_sc_hd__inv_2)
                                                         _0078_ (net)
                      0.037216    0.001048    0.640982 v _0691_/A (sky130_fd_sc_hd__xnor2_2)
     1    0.002956    0.023027    0.085149    0.726130 v _0691_/Y (sky130_fd_sc_hd__xnor2_2)
                                                         SYNTH_INST.pwm_counter.n_count[4] (net)
                      0.023027    0.000193    0.726323 v _0895_/D (sky130_fd_sc_hd__dfrtp_2)
                                              0.726323   data arrival time

                                  0.000000    0.000000   clock clk (rise edge)
                                  0.000000    0.000000   clock source latency
     2    0.022841    0.081177    0.056215    0.056215 ^ clk (in)
                                                         clk (net)
                      0.081218    0.000000    0.056215 ^ clkbuf_0_clk/A (sky130_fd_sc_hd__clkbuf_16)
    33    0.131693    0.111462    0.158192    0.214407 ^ clkbuf_0_clk/X (sky130_fd_sc_hd__clkbuf_16)
                                                         clknet_0_clk (net)
                      0.112237    0.007408    0.221815 ^ clkbuf_4_15_0_clk/A (sky130_fd_sc_hd__clkbuf_8)
     9    0.029120    0.048790    0.118087    0.339902 ^ clkbuf_4_15_0_clk/X (sky130_fd_sc_hd__clkbuf_8)
                                                         clknet_4_15_0_clk (net)
                      0.048942    0.002085    0.341987 ^ _0895_/CLK (sky130_fd_sc_hd__dfrtp_2)
                                  0.250000    0.591987   clock uncertainty
                                  0.000000    0.591987   clock reconvergence pessimism
                                 -0.025100    0.566887   library hold time
                                              0.566887   data required time
---------------------------------------------------------------------------------------------
                                              0.566887   data required time
                                             -0.726323   data arrival time
---------------------------------------------------------------------------------------------
                                              0.159436   slack (MET)


Startpoint: _0967_ (rising edge-triggered flip-flop clocked by clk)
Endpoint: _0967_ (rising edge-triggered flip-flop clocked by clk)
Path Group: clk
Path Type: min

Fanout         Cap        Slew       Delay        Time   Description
---------------------------------------------------------------------------------------------
                                  0.000000    0.000000   clock clk (rise edge)
                                  0.000000    0.000000   clock source latency
     2    0.022841    0.081177    0.056215    0.056215 ^ clk (in)
                                                         clk (net)
                      0.081218    0.000000    0.056215 ^ clkbuf_0_clk/A (sky130_fd_sc_hd__clkbuf_16)
    33    0.131693    0.111462    0.158192    0.214407 ^ clkbuf_0_clk/X (sky130_fd_sc_hd__clkbuf_16)
                                                         clknet_0_clk (net)
                      0.111826    0.005126    0.219534 ^ clkbuf_4_0_0_clk/A (sky130_fd_sc_hd__clkbuf_8)
     9    0.035823    0.056861    0.124099    0.343633 ^ clkbuf_4_0_0_clk/X (sky130_fd_sc_hd__clkbuf_8)
                                                         clknet_4_0_0_clk (net)
                      0.057142    0.002912    0.346545 ^ _0967_/CLK (sky130_fd_sc_hd__dfrtp_2)
     6    0.034624    0.129917    0.298261    0.644805 ^ _0967_/Q (sky130_fd_sc_hd__dfrtp_2)
                                                         SYNTH_INST.waveshape.seq_div.dividend[30] (net)
                      0.129931    0.001439    0.646244 ^ _0770_/A0 (sky130_fd_sc_hd__mux2_1)
     1    0.002641    0.028122    0.091633    0.737877 ^ _0770_/X (sky130_fd_sc_hd__mux2_1)
                                                         _0022_ (net)
                      0.028122    0.000180    0.738057 ^ _0967_/D (sky130_fd_sc_hd__dfrtp_2)
                                              0.738057   data arrival time

                                  0.000000    0.000000   clock clk (rise edge)
                                  0.000000    0.000000   clock source latency
     2    0.022841    0.081177    0.056215    0.056215 ^ clk (in)
                                                         clk (net)
                      0.081218    0.000000    0.056215 ^ clkbuf_0_clk/A (sky130_fd_sc_hd__clkbuf_16)
    33    0.131693    0.111462    0.158192    0.214407 ^ clkbuf_0_clk/X (sky130_fd_sc_hd__clkbuf_16)
                                                         clknet_0_clk (net)
                      0.111826    0.005126    0.219534 ^ clkbuf_4_0_0_clk/A (sky130_fd_sc_hd__clkbuf_8)
     9    0.035823    0.056861    0.124099    0.343633 ^ clkbuf_4_0_0_clk/X (sky130_fd_sc_hd__clkbuf_8)
                                                         clknet_4_0_0_clk (net)
                      0.057142    0.002912    0.346545 ^ _0967_/CLK (sky130_fd_sc_hd__dfrtp_2)
                                  0.250000    0.596545   clock uncertainty
                                  0.000000    0.596545   clock reconvergence pessimism
                                 -0.018842    0.577702   library hold time
                                              0.577702   data required time
---------------------------------------------------------------------------------------------
                                              0.577702   data required time
                                             -0.738057   data arrival time
---------------------------------------------------------------------------------------------
                                              0.160354   slack (MET)


Startpoint: _0974_ (rising edge-triggered flip-flop clocked by clk)
Endpoint: _0975_ (rising edge-triggered flip-flop clocked by clk)
Path Group: clk
Path Type: min

Fanout         Cap        Slew       Delay        Time   Description
---------------------------------------------------------------------------------------------
                                  0.000000    0.000000   clock clk (rise edge)
                                  0.000000    0.000000   clock source latency
     2    0.022841    0.081177    0.056215    0.056215 ^ clk (in)
                                                         clk (net)
                      0.081218    0.000000    0.056215 ^ clkbuf_0_clk/A (sky130_fd_sc_hd__clkbuf_16)
    33    0.131693    0.111462    0.158192    0.214407 ^ clkbuf_0_clk/X (sky130_fd_sc_hd__clkbuf_16)
                                                         clknet_0_clk (net)
                      0.111707    0.004239    0.218647 ^ clkbuf_4_3_0_clk/A (sky130_fd_sc_hd__clkbuf_8)
     9    0.029061    0.048732    0.118254    0.336901 ^ clkbuf_4_3_0_clk/X (sky130_fd_sc_hd__clkbuf_8)
                                                         clknet_4_3_0_clk (net)
                      0.048778    0.001372    0.338273 ^ _0974_/CLK (sky130_fd_sc_hd__dfrtp_2)
     4    0.016884    0.070228    0.252643    0.590915 ^ _0974_/Q (sky130_fd_sc_hd__dfrtp_2)
                                                         SYNTH_INST.waveshape.seq_div.dividend[37] (net)
                      0.070233    0.000675    0.591590 ^ _0805_/B2 (sky130_fd_sc_hd__a32o_2)
     1    0.004277    0.030792    0.076714    0.668304 ^ _0805_/X (sky130_fd_sc_hd__a32o_2)
                                                         _0376_ (net)
                      0.030792    0.000285    0.668589 ^ _0806_/B2 (sky130_fd_sc_hd__a22o_2)
     1    0.003305    0.022970    0.069685    0.738274 ^ _0806_/X (sky130_fd_sc_hd__a22o_2)
                                                         _0030_ (net)
                      0.022977    0.000224    0.738498 ^ _0975_/D (sky130_fd_sc_hd__dfrtp_2)
                                              0.738498   data arrival time

                                  0.000000    0.000000   clock clk (rise edge)
                                  0.000000    0.000000   clock source latency
     2    0.022841    0.081177    0.056215    0.056215 ^ clk (in)
                                                         clk (net)
                      0.081218    0.000000    0.056215 ^ clkbuf_0_clk/A (sky130_fd_sc_hd__clkbuf_16)
    33    0.131693    0.111462    0.158192    0.214407 ^ clkbuf_0_clk/X (sky130_fd_sc_hd__clkbuf_16)
                                                         clknet_0_clk (net)
                      0.111824    0.005115    0.219523 ^ clkbuf_4_1_0_clk/A (sky130_fd_sc_hd__clkbuf_8)
     9    0.034762    0.055595    0.123472    0.342995 ^ clkbuf_4_1_0_clk/X (sky130_fd_sc_hd__clkbuf_8)
                                                         clknet_4_1_0_clk (net)
                      0.055638    0.001419    0.344413 ^ _0975_/CLK (sky130_fd_sc_hd__dfrtp_2)
                                  0.250000    0.594413   clock uncertainty
                                  0.000000    0.594413   clock reconvergence pessimism
                                 -0.018506    0.575907   library hold time
                                              0.575907   data required time
---------------------------------------------------------------------------------------------
                                              0.575907   data required time
                                             -0.738498   data arrival time
---------------------------------------------------------------------------------------------
                                              0.162591   slack (MET)


Startpoint: _0990_ (rising edge-triggered flip-flop clocked by clk)
Endpoint: _0991_ (rising edge-triggered flip-flop clocked by clk)
Path Group: clk
Path Type: min

Fanout         Cap        Slew       Delay        Time   Description
---------------------------------------------------------------------------------------------
                                  0.000000    0.000000   clock clk (rise edge)
                                  0.000000    0.000000   clock source latency
     2    0.022841    0.081177    0.056215    0.056215 ^ clk (in)
                                                         clk (net)
                      0.081218    0.000000    0.056215 ^ clkbuf_0_clk/A (sky130_fd_sc_hd__clkbuf_16)
    33    0.131693    0.111462    0.158192    0.214407 ^ clkbuf_0_clk/X (sky130_fd_sc_hd__clkbuf_16)
                                                         clknet_0_clk (net)
                      0.112049    0.006466    0.220873 ^ clkbuf_4_10_0_clk/A (sky130_fd_sc_hd__clkbuf_8)
     9    0.032633    0.052973    0.120926    0.341799 ^ clkbuf_4_10_0_clk/X (sky130_fd_sc_hd__clkbuf_8)
                                                         clknet_4_10_0_clk (net)
                      0.053242    0.002682    0.344481 ^ _0990_/CLK (sky130_fd_sc_hd__dfrtp_2)
     2    0.011404    0.053213    0.238941    0.583422 ^ _0990_/Q (sky130_fd_sc_hd__dfrtp_2)
                                                         SYNTH_INST.waveshape.seq_div.dividend[13] (net)
                      0.053231    0.000938    0.584360 ^ _0854_/A2 (sky130_fd_sc_hd__a221o_2)
     1    0.004425    0.027466    0.088918    0.673278 ^ _0854_/X (sky130_fd_sc_hd__a221o_2)
                                                         _0409_ (net)
                      0.027474    0.000286    0.673563 ^ _0855_/B1 (sky130_fd_sc_hd__o21a_2)
     1    0.004484    0.025140    0.059038    0.732602 ^ _0855_/X (sky130_fd_sc_hd__o21a_2)
                                                         _0046_ (net)
                      0.025145    0.000323    0.732924 ^ _0991_/D (sky130_fd_sc_hd__dfrtp_2)
                                              0.732924   data arrival time

                                  0.000000    0.000000   clock clk (rise edge)
                                  0.000000    0.000000   clock source latency
     2    0.022841    0.081177    0.056215    0.056215 ^ clk (in)
                                                         clk (net)
                      0.081218    0.000000    0.056215 ^ clkbuf_0_clk/A (sky130_fd_sc_hd__clkbuf_16)
    33    0.131693    0.111462    0.158192    0.214407 ^ clkbuf_0_clk/X (sky130_fd_sc_hd__clkbuf_16)
                                                         clknet_0_clk (net)
                      0.111784    0.004838    0.219246 ^ clkbuf_4_9_0_clk/A (sky130_fd_sc_hd__clkbuf_8)
     9    0.027530    0.046921    0.116993    0.336238 ^ clkbuf_4_9_0_clk/X (sky130_fd_sc_hd__clkbuf_8)
                                                         clknet_4_9_0_clk (net)
                      0.047018    0.001812    0.338050 ^ _0991_/CLK (sky130_fd_sc_hd__dfrtp_2)
                                  0.250000    0.588050   clock uncertainty
                                  0.000000    0.588050   clock reconvergence pessimism
                                 -0.018891    0.569159   library hold time
                                              0.569159   data required time
---------------------------------------------------------------------------------------------
                                              0.569159   data required time
                                             -0.732924   data arrival time
---------------------------------------------------------------------------------------------
                                              0.163765   slack (MET)


Startpoint: _0914_ (rising edge-triggered flip-flop clocked by clk)
Endpoint: _0907_ (rising edge-triggered flip-flop clocked by clk)
Path Group: clk
Path Type: min

Fanout         Cap        Slew       Delay        Time   Description
---------------------------------------------------------------------------------------------
                                  0.000000    0.000000   clock clk (rise edge)
                                  0.000000    0.000000   clock source latency
     2    0.022841    0.081177    0.056215    0.056215 ^ clk (in)
                                                         clk (net)
                      0.081218    0.000000    0.056215 ^ clkbuf_0_clk/A (sky130_fd_sc_hd__clkbuf_16)
    33    0.131693    0.111462    0.158192    0.214407 ^ clkbuf_0_clk/X (sky130_fd_sc_hd__clkbuf_16)
                                                         clknet_0_clk (net)
                      0.111994    0.006166    0.220573 ^ clkbuf_4_5_0_clk/A (sky130_fd_sc_hd__clkbuf_8)
     9    0.027677    0.047082    0.117064    0.337637 ^ clkbuf_4_5_0_clk/X (sky130_fd_sc_hd__clkbuf_8)
                                                         clknet_4_5_0_clk (net)
                      0.047247    0.001917    0.339554 ^ _0914_/CLK (sky130_fd_sc_hd__dfrtp_2)
     1    0.002112    0.023801    0.208085    0.547640 ^ _0914_/Q (sky130_fd_sc_hd__dfrtp_2)
                                                         SYNTH_INST.sample_rate.count[7] (net)
                      0.023801    0.000094    0.547734 ^ _0568_/B (sky130_fd_sc_hd__or2_2)
     7    0.044565    0.175171    0.168509    0.716243 ^ _0568_/X (sky130_fd_sc_hd__or2_2)
                                                         _0209_ (net)
                      0.175183    0.001206    0.717449 ^ _0577_/B (sky130_fd_sc_hd__nor2_2)
     1    0.002895    0.019684    0.012081    0.729529 v _0577_/Y (sky130_fd_sc_hd__nor2_2)
                                                         SYNTH_INST.sample_rate.n_count[0] (net)
                      0.019684    0.000193    0.729722 v _0907_/D (sky130_fd_sc_hd__dfrtp_2)
                                              0.729722   data arrival time

                                  0.000000    0.000000   clock clk (rise edge)
                                  0.000000    0.000000   clock source latency
     2    0.022841    0.081177    0.056215    0.056215 ^ clk (in)
                                                         clk (net)
                      0.081218    0.000000    0.056215 ^ clkbuf_0_clk/A (sky130_fd_sc_hd__clkbuf_16)
    33    0.131693    0.111462    0.158192    0.214407 ^ clkbuf_0_clk/X (sky130_fd_sc_hd__clkbuf_16)
                                                         clknet_0_clk (net)
                      0.112001    0.006206    0.220614 ^ clkbuf_4_4_0_clk/A (sky130_fd_sc_hd__clkbuf_8)
     9    0.026219    0.045384    0.116103    0.336717 ^ clkbuf_4_4_0_clk/X (sky130_fd_sc_hd__clkbuf_8)
                                                         clknet_4_4_0_clk (net)
                      0.045418    0.001121    0.337838 ^ _0907_/CLK (sky130_fd_sc_hd__dfrtp_2)
                                  0.250000    0.587838   clock uncertainty
                                  0.000000    0.587838   clock reconvergence pessimism
                                 -0.024384    0.563453   library hold time
                                              0.563453   data required time
---------------------------------------------------------------------------------------------
                                              0.563453   data required time
                                             -0.729722   data arrival time
---------------------------------------------------------------------------------------------
                                              0.166269   slack (MET)


Startpoint: _0897_ (rising edge-triggered flip-flop clocked by clk)
Endpoint: _0897_ (rising edge-triggered flip-flop clocked by clk)
Path Group: clk
Path Type: min

Fanout         Cap        Slew       Delay        Time   Description
---------------------------------------------------------------------------------------------
                                  0.000000    0.000000   clock clk (rise edge)
                                  0.000000    0.000000   clock source latency
     2    0.022841    0.081177    0.056215    0.056215 ^ clk (in)
                                                         clk (net)
                      0.081218    0.000000    0.056215 ^ clkbuf_0_clk/A (sky130_fd_sc_hd__clkbuf_16)
    33    0.131693    0.111462    0.158192    0.214407 ^ clkbuf_0_clk/X (sky130_fd_sc_hd__clkbuf_16)
                                                         clknet_0_clk (net)
                      0.112235    0.007400    0.221807 ^ clkbuf_4_14_0_clk/A (sky130_fd_sc_hd__clkbuf_8)
     9    0.027915    0.047352    0.117350    0.339157 ^ clkbuf_4_14_0_clk/X (sky130_fd_sc_hd__clkbuf_8)
                                                         clknet_4_14_0_clk (net)
                      0.047483    0.001589    0.340746 ^ _0897_/CLK (sky130_fd_sc_hd__dfrtp_2)
     4    0.014665    0.062750    0.246565    0.587311 ^ _0897_/Q (sky130_fd_sc_hd__dfrtp_2)
                                                         SYNTH_INST.pwm_counter.count[6] (net)
                      0.062759    0.000785    0.588097 ^ _0684_/A (sky130_fd_sc_hd__and2_2)
     2    0.015482    0.067194    0.119220    0.707317 ^ _0684_/X (sky130_fd_sc_hd__and2_2)
                                                         _0289_ (net)
                      0.067211    0.001021    0.708338 ^ _0695_/A (sky130_fd_sc_hd__nor2_2)
     1    0.003546    0.021794    0.025610    0.733948 v _0695_/Y (sky130_fd_sc_hd__nor2_2)
                                                         SYNTH_INST.pwm_counter.n_count[6] (net)
                      0.021795    0.000224    0.734172 v _0897_/D (sky130_fd_sc_hd__dfrtp_2)
                                              0.734172   data arrival time

                                  0.000000    0.000000   clock clk (rise edge)
                                  0.000000    0.000000   clock source latency
     2    0.022841    0.081177    0.056215    0.056215 ^ clk (in)
                                                         clk (net)
                      0.081218    0.000000    0.056215 ^ clkbuf_0_clk/A (sky130_fd_sc_hd__clkbuf_16)
    33    0.131693    0.111462    0.158192    0.214407 ^ clkbuf_0_clk/X (sky130_fd_sc_hd__clkbuf_16)
                                                         clknet_0_clk (net)
                      0.112235    0.007400    0.221807 ^ clkbuf_4_14_0_clk/A (sky130_fd_sc_hd__clkbuf_8)
     9    0.027915    0.047352    0.117350    0.339157 ^ clkbuf_4_14_0_clk/X (sky130_fd_sc_hd__clkbuf_8)
                                                         clknet_4_14_0_clk (net)
                      0.047483    0.001589    0.340746 ^ _0897_/CLK (sky130_fd_sc_hd__dfrtp_2)
                                  0.250000    0.590746   clock uncertainty
                                  0.000000    0.590746   clock reconvergence pessimism
                                 -0.024852    0.565894   library hold time
                                              0.565894   data required time
---------------------------------------------------------------------------------------------
                                              0.565894   data required time
                                             -0.734172   data arrival time
---------------------------------------------------------------------------------------------
                                              0.168278   slack (MET)


Startpoint: _0946_ (rising edge-triggered flip-flop clocked by clk)
Endpoint: _0948_ (rising edge-triggered flip-flop clocked by clk)
Path Group: clk
Path Type: min

Fanout         Cap        Slew       Delay        Time   Description
---------------------------------------------------------------------------------------------
                                  0.000000    0.000000   clock clk (rise edge)
                                  0.000000    0.000000   clock source latency
     2    0.022841    0.081177    0.056215    0.056215 ^ clk (in)
                                                         clk (net)
                      0.081218    0.000000    0.056215 ^ clkbuf_0_clk/A (sky130_fd_sc_hd__clkbuf_16)
    33    0.131693    0.111462    0.158192    0.214407 ^ clkbuf_0_clk/X (sky130_fd_sc_hd__clkbuf_16)
                                                         clknet_0_clk (net)
                      0.111967    0.006009    0.220416 ^ clkbuf_4_8_0_clk/A (sky130_fd_sc_hd__clkbuf_8)
     9    0.025782    0.044801    0.115330    0.335746 ^ clkbuf_4_8_0_clk/X (sky130_fd_sc_hd__clkbuf_8)
                                                         clknet_4_8_0_clk (net)
                      0.045046    0.002347    0.338094 ^ _0946_/CLK (sky130_fd_sc_hd__dfrtp_2)
     3    0.010809    0.051322    0.234886    0.572980 ^ _0946_/Q (sky130_fd_sc_hd__dfrtp_2)
                                                         SYNTH_INST.keypad.keypad_reg[12] (net)
                      0.051330    0.000650    0.573630 ^ _0552_/B (sky130_fd_sc_hd__nor3b_2)
     2    0.011128    0.031225    0.038563    0.612193 v _0552_/Y (sky130_fd_sc_hd__nor3b_2)
                                                         _0195_ (net)
                      0.031257    0.000790    0.612983 v _0553_/B (sky130_fd_sc_hd__nand2_2)
     5    0.017539    0.073704    0.077552    0.690535 ^ _0553_/Y (sky130_fd_sc_hd__nand2_2)
                                                         _0196_ (net)
                      0.073722    0.000931    0.691466 ^ _0554_/A (sky130_fd_sc_hd__inv_2)
     2    0.017266    0.037562    0.041707    0.733173 v _0554_/Y (sky130_fd_sc_hd__inv_2)
                                                         SYNTH_INST.keypad.n_modekey (net)
                      0.037574    0.000540    0.733713 v _0948_/D (sky130_fd_sc_hd__dfrtp_2)
                                              0.733713   data arrival time

                                  0.000000    0.000000   clock clk (rise edge)
                                  0.000000    0.000000   clock source latency
     2    0.022841    0.081177    0.056215    0.056215 ^ clk (in)
                                                         clk (net)
                      0.081218    0.000000    0.056215 ^ clkbuf_0_clk/A (sky130_fd_sc_hd__clkbuf_16)
    33    0.131693    0.111462    0.158192    0.214407 ^ clkbuf_0_clk/X (sky130_fd_sc_hd__clkbuf_16)
                                                         clknet_0_clk (net)
                      0.112087    0.006667    0.221075 ^ clkbuf_4_12_0_clk/A (sky130_fd_sc_hd__clkbuf_8)
     9    0.031749    0.051981    0.120963    0.342038 ^ clkbuf_4_12_0_clk/X (sky130_fd_sc_hd__clkbuf_8)
                                                         clknet_4_12_0_clk (net)
                      0.052044    0.001577    0.343615 ^ _0948_/CLK (sky130_fd_sc_hd__dfrtp_2)
                                  0.250000    0.593615   clock uncertainty
                                  0.000000    0.593615   clock reconvergence pessimism
                                 -0.029447    0.564168   library hold time
                                              0.564168   data required time
---------------------------------------------------------------------------------------------
                                              0.564168   data required time
                                             -0.733713   data arrival time
---------------------------------------------------------------------------------------------
                                              0.169545   slack (MET)


Startpoint: _1020_ (rising edge-triggered flip-flop clocked by clk)
Endpoint: _0893_ (rising edge-triggered flip-flop clocked by clk)
Path Group: clk
Path Type: min

Fanout         Cap        Slew       Delay        Time   Description
---------------------------------------------------------------------------------------------
                                  0.000000    0.000000   clock clk (rise edge)
                                  0.000000    0.000000   clock source latency
     2    0.022841    0.081177    0.056215    0.056215 ^ clk (in)
                                                         clk (net)
                      0.081218    0.000000    0.056215 ^ clkbuf_0_clk/A (sky130_fd_sc_hd__clkbuf_16)
    33    0.131693    0.111462    0.158192    0.214407 ^ clkbuf_0_clk/X (sky130_fd_sc_hd__clkbuf_16)
                                                         clknet_0_clk (net)
                      0.112237    0.007408    0.221815 ^ clkbuf_4_15_0_clk/A (sky130_fd_sc_hd__clkbuf_8)
     9    0.029120    0.048790    0.118087    0.339902 ^ clkbuf_4_15_0_clk/X (sky130_fd_sc_hd__clkbuf_8)
                                                         clknet_4_15_0_clk (net)
                      0.049110    0.003063    0.342965 ^ _1020_/CLK (sky130_fd_sc_hd__dfstp_2)
     4    0.025081    0.047007    0.257542    0.600507 v _1020_/Q (sky130_fd_sc_hd__dfstp_2)
                                                         SYNTH_INST.pwm_counter.count[0] (net)
                      0.047056    0.001363    0.601870 v _0687_/A1 (sky130_fd_sc_hd__a21oi_2)
     1    0.009605    0.075588    0.118273    0.720143 ^ _0687_/Y (sky130_fd_sc_hd__a21oi_2)
                                                         _0290_ (net)
                      0.075601    0.000755    0.720898 ^ _0688_/B (sky130_fd_sc_hd__nor2_2)
     1    0.002950    0.020011    0.018074    0.738972 v _0688_/Y (sky130_fd_sc_hd__nor2_2)
                                                         SYNTH_INST.pwm_counter.n_count[2] (net)
                      0.020012    0.000195    0.739167 v _0893_/D (sky130_fd_sc_hd__dfrtp_2)
                                              0.739167   data arrival time

                                  0.000000    0.000000   clock clk (rise edge)
                                  0.000000    0.000000   clock source latency
     2    0.022841    0.081177    0.056215    0.056215 ^ clk (in)
                                                         clk (net)
                      0.081218    0.000000    0.056215 ^ clkbuf_0_clk/A (sky130_fd_sc_hd__clkbuf_16)
    33    0.131693    0.111462    0.158192    0.214407 ^ clkbuf_0_clk/X (sky130_fd_sc_hd__clkbuf_16)
                                                         clknet_0_clk (net)
                      0.112237    0.007408    0.221815 ^ clkbuf_4_15_0_clk/A (sky130_fd_sc_hd__clkbuf_8)
     9    0.029120    0.048790    0.118087    0.339902 ^ clkbuf_4_15_0_clk/X (sky130_fd_sc_hd__clkbuf_8)
                                                         clknet_4_15_0_clk (net)
                      0.049148    0.003254    0.343156 ^ _0893_/CLK (sky130_fd_sc_hd__dfrtp_2)
                                  0.250000    0.593156   clock uncertainty
                                  0.000000    0.593156   clock reconvergence pessimism
                                 -0.024113    0.569043   library hold time
                                              0.569043   data required time
---------------------------------------------------------------------------------------------
                                              0.569043   data required time
                                             -0.739167   data arrival time
---------------------------------------------------------------------------------------------
                                              0.170124   slack (MET)


Startpoint: _0980_ (rising edge-triggered flip-flop clocked by clk)
Endpoint: _0981_ (rising edge-triggered flip-flop clocked by clk)
Path Group: clk
Path Type: min

Fanout         Cap        Slew       Delay        Time   Description
---------------------------------------------------------------------------------------------
                                  0.000000    0.000000   clock clk (rise edge)
                                  0.000000    0.000000   clock source latency
     2    0.022841    0.081177    0.056215    0.056215 ^ clk (in)
                                                         clk (net)
                      0.081218    0.000000    0.056215 ^ clkbuf_0_clk/A (sky130_fd_sc_hd__clkbuf_16)
    33    0.131693    0.111462    0.158192    0.214407 ^ clkbuf_0_clk/X (sky130_fd_sc_hd__clkbuf_16)
                                                         clknet_0_clk (net)
                      0.112001    0.006206    0.220614 ^ clkbuf_4_4_0_clk/A (sky130_fd_sc_hd__clkbuf_8)
     9    0.026219    0.045384    0.116103    0.336717 ^ clkbuf_4_4_0_clk/X (sky130_fd_sc_hd__clkbuf_8)
                                                         clknet_4_4_0_clk (net)
                      0.045398    0.000807    0.337524 ^ _0980_/CLK (sky130_fd_sc_hd__dfrtp_2)
     5    0.015168    0.064401    0.247347    0.584871 ^ _0980_/Q (sky130_fd_sc_hd__dfrtp_2)
                                                         SYNTH_INST.waveshape.seq_div.dividend[43] (net)
                      0.064411    0.000813    0.585684 ^ _0828_/A1 (sky130_fd_sc_hd__a22o_2)
     1    0.003329    0.023041    0.081743    0.667427 ^ _0828_/X (sky130_fd_sc_hd__a22o_2)
                                                         _0393_ (net)
                      0.023051    0.000235    0.667662 ^ _0829_/B2 (sky130_fd_sc_hd__a22o_2)
     1    0.004255    0.026114    0.070881    0.738543 ^ _0829_/X (sky130_fd_sc_hd__a22o_2)
                                                         _0036_ (net)
                      0.026119    0.000308    0.738851 ^ _0981_/D (sky130_fd_sc_hd__dfrtp_2)
                                              0.738851   data arrival time

                                  0.000000    0.000000   clock clk (rise edge)
                                  0.000000    0.000000   clock source latency
     2    0.022841    0.081177    0.056215    0.056215 ^ clk (in)
                                                         clk (net)
                      0.081218    0.000000    0.056215 ^ clkbuf_0_clk/A (sky130_fd_sc_hd__clkbuf_16)
    33    0.131693    0.111462    0.158192    0.214407 ^ clkbuf_0_clk/X (sky130_fd_sc_hd__clkbuf_16)
                                                         clknet_0_clk (net)
                      0.112001    0.006206    0.220614 ^ clkbuf_4_4_0_clk/A (sky130_fd_sc_hd__clkbuf_8)
     9    0.026219    0.045384    0.116103    0.336717 ^ clkbuf_4_4_0_clk/X (sky130_fd_sc_hd__clkbuf_8)
                                                         clknet_4_4_0_clk (net)
                      0.045398    0.000804    0.337521 ^ _0981_/CLK (sky130_fd_sc_hd__dfrtp_2)
                                  0.250000    0.587521   clock uncertainty
                                  0.000000    0.587521   clock reconvergence pessimism
                                 -0.019005    0.568516   library hold time
                                              0.568516   data required time
---------------------------------------------------------------------------------------------
                                              0.568516   data required time
                                             -0.738851   data arrival time
---------------------------------------------------------------------------------------------
                                              0.170335   slack (MET)


Startpoint: _1015_ (rising edge-triggered flip-flop clocked by clk)
Endpoint: _1002_ (rising edge-triggered flip-flop clocked by clk)
Path Group: clk
Path Type: min

Fanout         Cap        Slew       Delay        Time   Description
---------------------------------------------------------------------------------------------
                                  0.000000    0.000000   clock clk (rise edge)
                                  0.000000    0.000000   clock source latency
     2    0.022841    0.081177    0.056215    0.056215 ^ clk (in)
                                                         clk (net)
                      0.081218    0.000000    0.056215 ^ clkbuf_0_clk/A (sky130_fd_sc_hd__clkbuf_16)
    33    0.131693    0.111462    0.158192    0.214407 ^ clkbuf_0_clk/X (sky130_fd_sc_hd__clkbuf_16)
                                                         clknet_0_clk (net)
                      0.111994    0.006166    0.220573 ^ clkbuf_4_5_0_clk/A (sky130_fd_sc_hd__clkbuf_8)
     9    0.027677    0.047082    0.117064    0.337637 ^ clkbuf_4_5_0_clk/X (sky130_fd_sc_hd__clkbuf_8)
                                                         clknet_4_5_0_clk (net)
                      0.047262    0.002029    0.339666 ^ _1015_/CLK (sky130_fd_sc_hd__dfrtp_2)
     7    0.035013    0.130846    0.296034    0.635701 ^ _1015_/Q (sky130_fd_sc_hd__dfrtp_2)
                                                         SYNTH_INST.waveshape.seq_div.state[1] (net)
                      0.130876    0.001912    0.637612 ^ _0876_/A2 (sky130_fd_sc_hd__a21oi_2)
     1    0.006963    0.029824    0.048124    0.685736 v _0876_/Y (sky130_fd_sc_hd__a21oi_2)
                                                         _0420_ (net)
                      0.029835    0.000454    0.686191 v _0877_/B (sky130_fd_sc_hd__nor2_2)
     1    0.004010    0.051723    0.052583    0.738773 ^ _0877_/Y (sky130_fd_sc_hd__nor2_2)
                                                         _0057_ (net)
                      0.051724    0.000273    0.739047 ^ _1002_/D (sky130_fd_sc_hd__dfrtp_2)
                                              0.739047   data arrival time

                                  0.000000    0.000000   clock clk (rise edge)
                                  0.000000    0.000000   clock source latency
     2    0.022841    0.081177    0.056215    0.056215 ^ clk (in)
                                                         clk (net)
                      0.081218    0.000000    0.056215 ^ clkbuf_0_clk/A (sky130_fd_sc_hd__clkbuf_16)
    33    0.131693    0.111462    0.158192    0.214407 ^ clkbuf_0_clk/X (sky130_fd_sc_hd__clkbuf_16)
                                                         clknet_0_clk (net)
                      0.111792    0.004896    0.219303 ^ clkbuf_4_7_0_clk/A (sky130_fd_sc_hd__clkbuf_8)
     9    0.027602    0.047009    0.117085    0.336389 ^ clkbuf_4_7_0_clk/X (sky130_fd_sc_hd__clkbuf_8)
                                                         clknet_4_7_0_clk (net)
                      0.047074    0.001514    0.337902 ^ _1002_/CLK (sky130_fd_sc_hd__dfrtp_2)
                                  0.250000    0.587902   clock uncertainty
                                  0.000000    0.587902   clock reconvergence pessimism
                                 -0.020833    0.567070   library hold time
                                              0.567070   data required time
---------------------------------------------------------------------------------------------
                                              0.567070   data required time
                                             -0.739047   data arrival time
---------------------------------------------------------------------------------------------
                                              0.171977   slack (MET)


Startpoint: _0923_ (rising edge-triggered flip-flop clocked by clk)
Endpoint: _0923_ (rising edge-triggered flip-flop clocked by clk)
Path Group: clk
Path Type: min

Fanout         Cap        Slew       Delay        Time   Description
---------------------------------------------------------------------------------------------
                                  0.000000    0.000000   clock clk (rise edge)
                                  0.000000    0.000000   clock source latency
     2    0.022841    0.081177    0.056215    0.056215 ^ clk (in)
                                                         clk (net)
                      0.081218    0.000000    0.056215 ^ clkbuf_0_clk/A (sky130_fd_sc_hd__clkbuf_16)
    33    0.131693    0.111462    0.158192    0.214407 ^ clkbuf_0_clk/X (sky130_fd_sc_hd__clkbuf_16)
                                                         clknet_0_clk (net)
                      0.111826    0.005126    0.219534 ^ clkbuf_4_0_0_clk/A (sky130_fd_sc_hd__clkbuf_8)
     9    0.035823    0.056861    0.124099    0.343633 ^ clkbuf_4_0_0_clk/X (sky130_fd_sc_hd__clkbuf_8)
                                                         clknet_4_0_0_clk (net)
                      0.057001    0.001885    0.345518 ^ _0923_/CLK (sky130_fd_sc_hd__dfrtp_2)
     5    0.016103    0.067527    0.253055    0.598573 ^ _0923_/Q (sky130_fd_sc_hd__dfrtp_2)
                                                         SYNTH_INST.count[8] (net)
                      0.067532    0.000641    0.599214 ^ _0632_/B1 (sky130_fd_sc_hd__a31o_2)
     1    0.001998    0.018301    0.057716    0.656930 ^ _0632_/X (sky130_fd_sc_hd__a31o_2)
                                                         _0256_ (net)
                      0.018301    0.000090    0.657020 ^ _0633_/B (sky130_fd_sc_hd__and3b_2)
     1    0.002673    0.027020    0.091706    0.748726 ^ _0633_/X (sky130_fd_sc_hd__and3b_2)
                                                         SYNTH_INST.oscill.n_count[8] (net)
                      0.027020    0.000192    0.748918 ^ _0923_/D (sky130_fd_sc_hd__dfrtp_2)
                                              0.748918   data arrival time

                                  0.000000    0.000000   clock clk (rise edge)
                                  0.000000    0.000000   clock source latency
     2    0.022841    0.081177    0.056215    0.056215 ^ clk (in)
                                                         clk (net)
                      0.081218    0.000000    0.056215 ^ clkbuf_0_clk/A (sky130_fd_sc_hd__clkbuf_16)
    33    0.131693    0.111462    0.158192    0.214407 ^ clkbuf_0_clk/X (sky130_fd_sc_hd__clkbuf_16)
                                                         clknet_0_clk (net)
                      0.111826    0.005126    0.219534 ^ clkbuf_4_0_0_clk/A (sky130_fd_sc_hd__clkbuf_8)
     9    0.035823    0.056861    0.124099    0.343633 ^ clkbuf_4_0_0_clk/X (sky130_fd_sc_hd__clkbuf_8)
                                                         clknet_4_0_0_clk (net)
                      0.057001    0.001885    0.345518 ^ _0923_/CLK (sky130_fd_sc_hd__dfrtp_2)
                                  0.250000    0.595518   clock uncertainty
                                  0.000000    0.595518   clock reconvergence pessimism
                                 -0.018766    0.576753   library hold time
                                              0.576753   data required time
---------------------------------------------------------------------------------------------
                                              0.576753   data required time
                                             -0.748918   data arrival time
---------------------------------------------------------------------------------------------
                                              0.172166   slack (MET)


Startpoint: _0973_ (rising edge-triggered flip-flop clocked by clk)
Endpoint: _0974_ (rising edge-triggered flip-flop clocked by clk)
Path Group: clk
Path Type: min

Fanout         Cap        Slew       Delay        Time   Description
---------------------------------------------------------------------------------------------
                                  0.000000    0.000000   clock clk (rise edge)
                                  0.000000    0.000000   clock source latency
     2    0.022841    0.081177    0.056215    0.056215 ^ clk (in)
                                                         clk (net)
                      0.081218    0.000000    0.056215 ^ clkbuf_0_clk/A (sky130_fd_sc_hd__clkbuf_16)
    33    0.131693    0.111462    0.158192    0.214407 ^ clkbuf_0_clk/X (sky130_fd_sc_hd__clkbuf_16)
                                                         clknet_0_clk (net)
                      0.111824    0.005115    0.219523 ^ clkbuf_4_1_0_clk/A (sky130_fd_sc_hd__clkbuf_8)
     9    0.034762    0.055595    0.123472    0.342995 ^ clkbuf_4_1_0_clk/X (sky130_fd_sc_hd__clkbuf_8)
                                                         clknet_4_1_0_clk (net)
                      0.055629    0.001293    0.344288 ^ _0973_/CLK (sky130_fd_sc_hd__dfrtp_2)
     4    0.014025    0.061388    0.247271    0.591559 ^ _0973_/Q (sky130_fd_sc_hd__dfrtp_2)
                                                         SYNTH_INST.waveshape.seq_div.dividend[36] (net)
                      0.061394    0.000670    0.592228 ^ _0800_/A1 (sky130_fd_sc_hd__a22o_2)
     1    0.003353    0.023120    0.081145    0.673373 ^ _0800_/X (sky130_fd_sc_hd__a22o_2)
                                                         _0372_ (net)
                      0.023125    0.000228    0.673601 ^ _0801_/B2 (sky130_fd_sc_hd__a22o_2)
     1    0.003560    0.023802    0.068646    0.742247 ^ _0801_/X (sky130_fd_sc_hd__a22o_2)
                                                         _0029_ (net)
                      0.023804    0.000222    0.742469 ^ _0974_/D (sky130_fd_sc_hd__dfrtp_2)
                                              0.742469   data arrival time

                                  0.000000    0.000000   clock clk (rise edge)
                                  0.000000    0.000000   clock source latency
     2    0.022841    0.081177    0.056215    0.056215 ^ clk (in)
                                                         clk (net)
                      0.081218    0.000000    0.056215 ^ clkbuf_0_clk/A (sky130_fd_sc_hd__clkbuf_16)
    33    0.131693    0.111462    0.158192    0.214407 ^ clkbuf_0_clk/X (sky130_fd_sc_hd__clkbuf_16)
                                                         clknet_0_clk (net)
                      0.111707    0.004239    0.218647 ^ clkbuf_4_3_0_clk/A (sky130_fd_sc_hd__clkbuf_8)
     9    0.029061    0.048732    0.118254    0.336901 ^ clkbuf_4_3_0_clk/X (sky130_fd_sc_hd__clkbuf_8)
                                                         clknet_4_3_0_clk (net)
                      0.048778    0.001372    0.338273 ^ _0974_/CLK (sky130_fd_sc_hd__dfrtp_2)
                                  0.250000    0.588273   clock uncertainty
                                  0.000000    0.588273   clock reconvergence pessimism
                                 -0.018747    0.569526   library hold time
                                              0.569526   data required time
---------------------------------------------------------------------------------------------
                                              0.569526   data required time
                                             -0.742469   data arrival time
---------------------------------------------------------------------------------------------
                                              0.172943   slack (MET)


Startpoint: _0970_ (rising edge-triggered flip-flop clocked by clk)
Endpoint: _0971_ (rising edge-triggered flip-flop clocked by clk)
Path Group: clk
Path Type: min

Fanout         Cap        Slew       Delay        Time   Description
---------------------------------------------------------------------------------------------
                                  0.000000    0.000000   clock clk (rise edge)
                                  0.000000    0.000000   clock source latency
     2    0.022841    0.081177    0.056215    0.056215 ^ clk (in)
                                                         clk (net)
                      0.081218    0.000000    0.056215 ^ clkbuf_0_clk/A (sky130_fd_sc_hd__clkbuf_16)
    33    0.131693    0.111462    0.158192    0.214407 ^ clkbuf_0_clk/X (sky130_fd_sc_hd__clkbuf_16)
                                                         clknet_0_clk (net)
                      0.111826    0.005126    0.219534 ^ clkbuf_4_0_0_clk/A (sky130_fd_sc_hd__clkbuf_8)
     9    0.035823    0.056861    0.124099    0.343633 ^ clkbuf_4_0_0_clk/X (sky130_fd_sc_hd__clkbuf_8)
                                                         clknet_4_0_0_clk (net)
                      0.056983    0.001716    0.345349 ^ _0970_/CLK (sky130_fd_sc_hd__dfrtp_2)
     4    0.012601    0.057285    0.243444    0.588793 ^ _0970_/Q (sky130_fd_sc_hd__dfrtp_2)
                                                         SYNTH_INST.waveshape.seq_div.dividend[33] (net)
                      0.057290    0.000600    0.589393 ^ _0787_/B1 (sky130_fd_sc_hd__a2bb2o_2)
     1    0.002721    0.021526    0.093626    0.683019 ^ _0787_/X (sky130_fd_sc_hd__a2bb2o_2)
                                                         _0362_ (net)
                      0.021526    0.000181    0.683200 ^ _0788_/A1 (sky130_fd_sc_hd__mux2_1)
     1    0.002317    0.025964    0.067619    0.750819 ^ _0788_/X (sky130_fd_sc_hd__mux2_1)
                                                         _0026_ (net)
                      0.025964    0.000169    0.750988 ^ _0971_/D (sky130_fd_sc_hd__dfrtp_2)
                                              0.750988   data arrival time

                                  0.000000    0.000000   clock clk (rise edge)
                                  0.000000    0.000000   clock source latency
     2    0.022841    0.081177    0.056215    0.056215 ^ clk (in)
                                                         clk (net)
                      0.081218    0.000000    0.056215 ^ clkbuf_0_clk/A (sky130_fd_sc_hd__clkbuf_16)
    33    0.131693    0.111462    0.158192    0.214407 ^ clkbuf_0_clk/X (sky130_fd_sc_hd__clkbuf_16)
                                                         clknet_0_clk (net)
                      0.111824    0.005115    0.219523 ^ clkbuf_4_1_0_clk/A (sky130_fd_sc_hd__clkbuf_8)
     9    0.034762    0.055595    0.123472    0.342995 ^ clkbuf_4_1_0_clk/X (sky130_fd_sc_hd__clkbuf_8)
                                                         clknet_4_1_0_clk (net)
                      0.055632    0.001326    0.344320 ^ _0971_/CLK (sky130_fd_sc_hd__dfrtp_2)
                                  0.250000    0.594320   clock uncertainty
                                  0.000000    0.594320   clock reconvergence pessimism
                                 -0.018725    0.575596   library hold time
                                              0.575596   data required time
---------------------------------------------------------------------------------------------
                                              0.575596   data required time
                                             -0.750988   data arrival time
---------------------------------------------------------------------------------------------
                                              0.175392   slack (MET)


Startpoint: _0917_ (rising edge-triggered flip-flop clocked by clk)
Endpoint: _0917_ (rising edge-triggered flip-flop clocked by clk)
Path Group: clk
Path Type: min

Fanout         Cap        Slew       Delay        Time   Description
---------------------------------------------------------------------------------------------
                                  0.000000    0.000000   clock clk (rise edge)
                                  0.000000    0.000000   clock source latency
     2    0.022841    0.081177    0.056215    0.056215 ^ clk (in)
                                                         clk (net)
                      0.081218    0.000000    0.056215 ^ clkbuf_0_clk/A (sky130_fd_sc_hd__clkbuf_16)
    33    0.131693    0.111462    0.158192    0.214407 ^ clkbuf_0_clk/X (sky130_fd_sc_hd__clkbuf_16)
                                                         clknet_0_clk (net)
                      0.111784    0.004838    0.219246 ^ clkbuf_4_9_0_clk/A (sky130_fd_sc_hd__clkbuf_8)
     9    0.027530    0.046921    0.116993    0.336238 ^ clkbuf_4_9_0_clk/X (sky130_fd_sc_hd__clkbuf_8)
                                                         clknet_4_9_0_clk (net)
                      0.046983    0.001486    0.337724 ^ _0917_/CLK (sky130_fd_sc_hd__dfrtp_2)
     5    0.019853    0.079951    0.258857    0.596581 ^ _0917_/Q (sky130_fd_sc_hd__dfrtp_2)
                                                         SYNTH_INST.count[2] (net)
                      0.079975    0.001338    0.597920 ^ _0614_/B1 (sky130_fd_sc_hd__a21o_2)
     1    0.002373    0.018032    0.055457    0.653377 ^ _0614_/X (sky130_fd_sc_hd__a21o_2)
                                                         _0244_ (net)
                      0.018032    0.000150    0.653527 ^ _0615_/B (sky130_fd_sc_hd__and3b_2)
     1    0.002495    0.026438    0.090936    0.744463 ^ _0615_/X (sky130_fd_sc_hd__and3b_2)
                                                         SYNTH_INST.oscill.n_count[2] (net)
                      0.026438    0.000176    0.744640 ^ _0917_/D (sky130_fd_sc_hd__dfrtp_2)
                                              0.744640   data arrival time

                                  0.000000    0.000000   clock clk (rise edge)
                                  0.000000    0.000000   clock source latency
     2    0.022841    0.081177    0.056215    0.056215 ^ clk (in)
                                                         clk (net)
                      0.081218    0.000000    0.056215 ^ clkbuf_0_clk/A (sky130_fd_sc_hd__clkbuf_16)
    33    0.131693    0.111462    0.158192    0.214407 ^ clkbuf_0_clk/X (sky130_fd_sc_hd__clkbuf_16)
                                                         clknet_0_clk (net)
                      0.111784    0.004838    0.219246 ^ clkbuf_4_9_0_clk/A (sky130_fd_sc_hd__clkbuf_8)
     9    0.027530    0.046921    0.116993    0.336238 ^ clkbuf_4_9_0_clk/X (sky130_fd_sc_hd__clkbuf_8)
                                                         clknet_4_9_0_clk (net)
                      0.046983    0.001486    0.337724 ^ _0917_/CLK (sky130_fd_sc_hd__dfrtp_2)
                                  0.250000    0.587724   clock uncertainty
                                  0.000000    0.587724   clock reconvergence pessimism
                                 -0.018987    0.568737   library hold time
                                              0.568737   data required time
---------------------------------------------------------------------------------------------
                                              0.568737   data required time
                                             -0.744640   data arrival time
---------------------------------------------------------------------------------------------
                                              0.175903   slack (MET)


Startpoint: _0949_ (rising edge-triggered flip-flop clocked by clk)
Endpoint: _0949_ (rising edge-triggered flip-flop clocked by clk)
Path Group: clk
Path Type: min

Fanout         Cap        Slew       Delay        Time   Description
---------------------------------------------------------------------------------------------
                                  0.000000    0.000000   clock clk (rise edge)
                                  0.000000    0.000000   clock source latency
     2    0.022841    0.081177    0.056215    0.056215 ^ clk (in)
                                                         clk (net)
                      0.081218    0.000000    0.056215 ^ clkbuf_0_clk/A (sky130_fd_sc_hd__clkbuf_16)
    33    0.131693    0.111462    0.158192    0.214407 ^ clkbuf_0_clk/X (sky130_fd_sc_hd__clkbuf_16)
                                                         clknet_0_clk (net)
                      0.111967    0.006009    0.220416 ^ clkbuf_4_8_0_clk/A (sky130_fd_sc_hd__clkbuf_8)
     9    0.025782    0.044801    0.115330    0.335746 ^ clkbuf_4_8_0_clk/X (sky130_fd_sc_hd__clkbuf_8)
                                                         clknet_4_8_0_clk (net)
                      0.045035    0.002277    0.338024 ^ _0949_/CLK (sky130_fd_sc_hd__dfrtp_2)
    10    0.033889    0.079907    0.300167    0.638190 v _0949_/Q (sky130_fd_sc_hd__dfrtp_2)
                                                         SYNTH_INST.freq_div.keycode[0] (net)
                      0.079919    0.001027    0.639217 v _0425_/A (sky130_fd_sc_hd__inv_2)
     3    0.014544    0.057888    0.075668    0.714885 ^ _0425_/Y (sky130_fd_sc_hd__inv_2)
                                                         _0070_ (net)
                      0.057920    0.000628    0.715513 ^ _0713_/A1 (sky130_fd_sc_hd__a21oi_2)
     1    0.003319    0.018052    0.029366    0.744880 v _0713_/Y (sky130_fd_sc_hd__a21oi_2)
                                                         _0004_ (net)
                      0.018052    0.000215    0.745095 v _0949_/D (sky130_fd_sc_hd__dfrtp_2)
                                              0.745095   data arrival time

                                  0.000000    0.000000   clock clk (rise edge)
                                  0.000000    0.000000   clock source latency
     2    0.022841    0.081177    0.056215    0.056215 ^ clk (in)
                                                         clk (net)
                      0.081218    0.000000    0.056215 ^ clkbuf_0_clk/A (sky130_fd_sc_hd__clkbuf_16)
    33    0.131693    0.111462    0.158192    0.214407 ^ clkbuf_0_clk/X (sky130_fd_sc_hd__clkbuf_16)
                                                         clknet_0_clk (net)
                      0.111967    0.006009    0.220416 ^ clkbuf_4_8_0_clk/A (sky130_fd_sc_hd__clkbuf_8)
     9    0.025782    0.044801    0.115330    0.335746 ^ clkbuf_4_8_0_clk/X (sky130_fd_sc_hd__clkbuf_8)
                                                         clknet_4_8_0_clk (net)
                      0.045035    0.002277    0.338024 ^ _0949_/CLK (sky130_fd_sc_hd__dfrtp_2)
                                  0.250000    0.588024   clock uncertainty
                                  0.000000    0.588024   clock reconvergence pessimism
                                 -0.023900    0.564124   library hold time
                                              0.564124   data required time
---------------------------------------------------------------------------------------------
                                              0.564124   data required time
                                             -0.745095   data arrival time
---------------------------------------------------------------------------------------------
                                              0.180972   slack (MET)


Startpoint: _0920_ (rising edge-triggered flip-flop clocked by clk)
Endpoint: _0920_ (rising edge-triggered flip-flop clocked by clk)
Path Group: clk
Path Type: min

Fanout         Cap        Slew       Delay        Time   Description
---------------------------------------------------------------------------------------------
                                  0.000000    0.000000   clock clk (rise edge)
                                  0.000000    0.000000   clock source latency
     2    0.022841    0.081177    0.056215    0.056215 ^ clk (in)
                                                         clk (net)
                      0.081218    0.000000    0.056215 ^ clkbuf_0_clk/A (sky130_fd_sc_hd__clkbuf_16)
    33    0.131693    0.111462    0.158192    0.214407 ^ clkbuf_0_clk/X (sky130_fd_sc_hd__clkbuf_16)
                                                         clknet_0_clk (net)
                      0.111784    0.004838    0.219246 ^ clkbuf_4_9_0_clk/A (sky130_fd_sc_hd__clkbuf_8)
     9    0.027530    0.046921    0.116993    0.336238 ^ clkbuf_4_9_0_clk/X (sky130_fd_sc_hd__clkbuf_8)
                                                         clknet_4_9_0_clk (net)
                      0.046981    0.001470    0.337709 ^ _0920_/CLK (sky130_fd_sc_hd__dfrtp_2)
     5    0.019594    0.079073    0.258053    0.595762 ^ _0920_/Q (sky130_fd_sc_hd__dfrtp_2)
                                                         SYNTH_INST.count[5] (net)
                      0.079113    0.001676    0.597439 ^ _0623_/B1 (sky130_fd_sc_hd__a31o_2)
     1    0.002749    0.021285    0.061681    0.659119 ^ _0623_/X (sky130_fd_sc_hd__a31o_2)
                                                         _0250_ (net)
                      0.021286    0.000173    0.659293 ^ _0624_/B (sky130_fd_sc_hd__and3b_2)
     1    0.002666    0.026988    0.092422    0.751715 ^ _0624_/X (sky130_fd_sc_hd__and3b_2)
                                                         SYNTH_INST.oscill.n_count[5] (net)
                      0.026988    0.000114    0.751829 ^ _0920_/D (sky130_fd_sc_hd__dfrtp_2)
                                              0.751829   data arrival time

                                  0.000000    0.000000   clock clk (rise edge)
                                  0.000000    0.000000   clock source latency
     2    0.022841    0.081177    0.056215    0.056215 ^ clk (in)
                                                         clk (net)
                      0.081218    0.000000    0.056215 ^ clkbuf_0_clk/A (sky130_fd_sc_hd__clkbuf_16)
    33    0.131693    0.111462    0.158192    0.214407 ^ clkbuf_0_clk/X (sky130_fd_sc_hd__clkbuf_16)
                                                         clknet_0_clk (net)
                      0.111784    0.004838    0.219246 ^ clkbuf_4_9_0_clk/A (sky130_fd_sc_hd__clkbuf_8)
     9    0.027530    0.046921    0.116993    0.336238 ^ clkbuf_4_9_0_clk/X (sky130_fd_sc_hd__clkbuf_8)
                                                         clknet_4_9_0_clk (net)
                      0.046981    0.001470    0.337709 ^ _0920_/CLK (sky130_fd_sc_hd__dfrtp_2)
                                  0.250000    0.587709   clock uncertainty
                                  0.000000    0.587709   clock reconvergence pessimism
                                 -0.019027    0.568682   library hold time
                                              0.568682   data required time
---------------------------------------------------------------------------------------------
                                              0.568682   data required time
                                             -0.751829   data arrival time
---------------------------------------------------------------------------------------------
                                              0.183147   slack (MET)


Startpoint: _0919_ (rising edge-triggered flip-flop clocked by clk)
Endpoint: _0919_ (rising edge-triggered flip-flop clocked by clk)
Path Group: clk
Path Type: min

Fanout         Cap        Slew       Delay        Time   Description
---------------------------------------------------------------------------------------------
                                  0.000000    0.000000   clock clk (rise edge)
                                  0.000000    0.000000   clock source latency
     2    0.022841    0.081177    0.056215    0.056215 ^ clk (in)
                                                         clk (net)
                      0.081218    0.000000    0.056215 ^ clkbuf_0_clk/A (sky130_fd_sc_hd__clkbuf_16)
    33    0.131693    0.111462    0.158192    0.214407 ^ clkbuf_0_clk/X (sky130_fd_sc_hd__clkbuf_16)
                                                         clknet_0_clk (net)
                      0.111784    0.004838    0.219246 ^ clkbuf_4_9_0_clk/A (sky130_fd_sc_hd__clkbuf_8)
     9    0.027530    0.046921    0.116993    0.336238 ^ clkbuf_4_9_0_clk/X (sky130_fd_sc_hd__clkbuf_8)
                                                         clknet_4_9_0_clk (net)
                      0.046984    0.001498    0.337737 ^ _0919_/CLK (sky130_fd_sc_hd__dfrtp_2)
     6    0.025982    0.100765    0.274166    0.611902 ^ _0919_/Q (sky130_fd_sc_hd__dfrtp_2)
                                                         SYNTH_INST.count[4] (net)
                      0.100780    0.001255    0.613157 ^ _0619_/A (sky130_fd_sc_hd__nand2_2)
     1    0.002236    0.018555    0.021722    0.634879 v _0619_/Y (sky130_fd_sc_hd__nand2_2)
                                                         _0247_ (net)
                      0.018555    0.000146    0.635025 v _0621_/B (sky130_fd_sc_hd__and3_2)
     1    0.002488    0.025346    0.110460    0.745485 v _0621_/X (sky130_fd_sc_hd__and3_2)
                                                         SYNTH_INST.oscill.n_count[4] (net)
                      0.025346    0.000117    0.745602 v _0919_/D (sky130_fd_sc_hd__dfrtp_2)
                                              0.745602   data arrival time

                                  0.000000    0.000000   clock clk (rise edge)
                                  0.000000    0.000000   clock source latency
     2    0.022841    0.081177    0.056215    0.056215 ^ clk (in)
                                                         clk (net)
                      0.081218    0.000000    0.056215 ^ clkbuf_0_clk/A (sky130_fd_sc_hd__clkbuf_16)
    33    0.131693    0.111462    0.158192    0.214407 ^ clkbuf_0_clk/X (sky130_fd_sc_hd__clkbuf_16)
                                                         clknet_0_clk (net)
                      0.111784    0.004838    0.219246 ^ clkbuf_4_9_0_clk/A (sky130_fd_sc_hd__clkbuf_8)
     9    0.027530    0.046921    0.116993    0.336238 ^ clkbuf_4_9_0_clk/X (sky130_fd_sc_hd__clkbuf_8)
                                                         clknet_4_9_0_clk (net)
                      0.046984    0.001498    0.337737 ^ _0919_/CLK (sky130_fd_sc_hd__dfrtp_2)
                                  0.250000    0.587737   clock uncertainty
                                  0.000000    0.587737   clock reconvergence pessimism
                                 -0.026040    0.561697   library hold time
                                              0.561697   data required time
---------------------------------------------------------------------------------------------
                                              0.561697   data required time
                                             -0.745602   data arrival time
---------------------------------------------------------------------------------------------
                                              0.183905   slack (MET)


Startpoint: _0929_ (rising edge-triggered flip-flop clocked by clk)
Endpoint: _0929_ (rising edge-triggered flip-flop clocked by clk)
Path Group: clk
Path Type: min

Fanout         Cap        Slew       Delay        Time   Description
---------------------------------------------------------------------------------------------
                                  0.000000    0.000000   clock clk (rise edge)
                                  0.000000    0.000000   clock source latency
     2    0.022841    0.081177    0.056215    0.056215 ^ clk (in)
                                                         clk (net)
                      0.081218    0.000000    0.056215 ^ clkbuf_0_clk/A (sky130_fd_sc_hd__clkbuf_16)
    33    0.131693    0.111462    0.158192    0.214407 ^ clkbuf_0_clk/X (sky130_fd_sc_hd__clkbuf_16)
                                                         clknet_0_clk (net)
                      0.111707    0.004239    0.218647 ^ clkbuf_4_3_0_clk/A (sky130_fd_sc_hd__clkbuf_8)
     9    0.029061    0.048732    0.118254    0.336901 ^ clkbuf_4_3_0_clk/X (sky130_fd_sc_hd__clkbuf_8)
                                                         clknet_4_3_0_clk (net)
                      0.048882    0.001823    0.338724 ^ _0929_/CLK (sky130_fd_sc_hd__dfrtp_2)
     4    0.022329    0.088243    0.265710    0.604434 ^ _0929_/Q (sky130_fd_sc_hd__dfrtp_2)
                                                         SYNTH_INST.count[14] (net)
                      0.088277    0.001631    0.606064 ^ _0649_/A (sky130_fd_sc_hd__xnor2_2)
     1    0.002052    0.022380    0.068687    0.674751 ^ _0649_/Y (sky130_fd_sc_hd__xnor2_2)
                                                         _0267_ (net)
                      0.022380    0.000096    0.674848 ^ _0650_/B (sky130_fd_sc_hd__and2_2)
     1    0.004132    0.029076    0.080670    0.755517 ^ _0650_/X (sky130_fd_sc_hd__and2_2)
                                                         SYNTH_INST.oscill.n_count[14] (net)
                      0.029077    0.000262    0.755779 ^ _0929_/D (sky130_fd_sc_hd__dfrtp_2)
                                              0.755779   data arrival time

                                  0.000000    0.000000   clock clk (rise edge)
                                  0.000000    0.000000   clock source latency
     2    0.022841    0.081177    0.056215    0.056215 ^ clk (in)
                                                         clk (net)
                      0.081218    0.000000    0.056215 ^ clkbuf_0_clk/A (sky130_fd_sc_hd__clkbuf_16)
    33    0.131693    0.111462    0.158192    0.214407 ^ clkbuf_0_clk/X (sky130_fd_sc_hd__clkbuf_16)
                                                         clknet_0_clk (net)
                      0.111707    0.004239    0.218647 ^ clkbuf_4_3_0_clk/A (sky130_fd_sc_hd__clkbuf_8)
     9    0.029061    0.048732    0.118254    0.336901 ^ clkbuf_4_3_0_clk/X (sky130_fd_sc_hd__clkbuf_8)
                                                         clknet_4_3_0_clk (net)
                      0.048882    0.001823    0.338724 ^ _0929_/CLK (sky130_fd_sc_hd__dfrtp_2)
                                  0.250000    0.588724   clock uncertainty
                                  0.000000    0.588724   clock reconvergence pessimism
                                 -0.019130    0.569594   library hold time
                                              0.569594   data required time
---------------------------------------------------------------------------------------------
                                              0.569594   data required time
                                             -0.755779   data arrival time
---------------------------------------------------------------------------------------------
                                              0.186185   slack (MET)


Startpoint: _0922_ (rising edge-triggered flip-flop clocked by clk)
Endpoint: _0922_ (rising edge-triggered flip-flop clocked by clk)
Path Group: clk
Path Type: min

Fanout         Cap        Slew       Delay        Time   Description
---------------------------------------------------------------------------------------------
                                  0.000000    0.000000   clock clk (rise edge)
                                  0.000000    0.000000   clock source latency
     2    0.022841    0.081177    0.056215    0.056215 ^ clk (in)
                                                         clk (net)
                      0.081218    0.000000    0.056215 ^ clkbuf_0_clk/A (sky130_fd_sc_hd__clkbuf_16)
    33    0.131693    0.111462    0.158192    0.214407 ^ clkbuf_0_clk/X (sky130_fd_sc_hd__clkbuf_16)
                                                         clknet_0_clk (net)
                      0.111805    0.004987    0.219395 ^ clkbuf_4_2_0_clk/A (sky130_fd_sc_hd__clkbuf_8)
     9    0.035311    0.056222    0.123564    0.342958 ^ clkbuf_4_2_0_clk/X (sky130_fd_sc_hd__clkbuf_8)
                                                         clknet_4_2_0_clk (net)
                      0.056525    0.002975    0.345933 ^ _0922_/CLK (sky130_fd_sc_hd__dfrtp_2)
     7    0.026544    0.102373    0.277801    0.623734 ^ _0922_/Q (sky130_fd_sc_hd__dfrtp_2)
                                                         SYNTH_INST.count[7] (net)
                      0.102399    0.001608    0.625342 ^ _0628_/A (sky130_fd_sc_hd__nand2_2)
     1    0.001850    0.017344    0.020269    0.645611 v _0628_/Y (sky130_fd_sc_hd__nand2_2)
                                                         _0253_ (net)
                      0.017345    0.000128    0.645739 v _0630_/B (sky130_fd_sc_hd__and3_2)
     1    0.002978    0.026272    0.111659    0.757398 v _0630_/X (sky130_fd_sc_hd__and3_2)
                                                         SYNTH_INST.oscill.n_count[7] (net)
                      0.026272    0.000194    0.757592 v _0922_/D (sky130_fd_sc_hd__dfrtp_2)
                                              0.757592   data arrival time

                                  0.000000    0.000000   clock clk (rise edge)
                                  0.000000    0.000000   clock source latency
     2    0.022841    0.081177    0.056215    0.056215 ^ clk (in)
                                                         clk (net)
                      0.081218    0.000000    0.056215 ^ clkbuf_0_clk/A (sky130_fd_sc_hd__clkbuf_16)
    33    0.131693    0.111462    0.158192    0.214407 ^ clkbuf_0_clk/X (sky130_fd_sc_hd__clkbuf_16)
                                                         clknet_0_clk (net)
                      0.111805    0.004987    0.219395 ^ clkbuf_4_2_0_clk/A (sky130_fd_sc_hd__clkbuf_8)
     9    0.035311    0.056222    0.123564    0.342958 ^ clkbuf_4_2_0_clk/X (sky130_fd_sc_hd__clkbuf_8)
                                                         clknet_4_2_0_clk (net)
                      0.056525    0.002975    0.345933 ^ _0922_/CLK (sky130_fd_sc_hd__dfrtp_2)
                                  0.250000    0.595933   clock uncertainty
                                  0.000000    0.595933   clock reconvergence pessimism
                                 -0.025375    0.570558   library hold time
                                              0.570558   data required time
---------------------------------------------------------------------------------------------
                                              0.570558   data required time
                                             -0.757592   data arrival time
---------------------------------------------------------------------------------------------
                                              0.187034   slack (MET)


Startpoint: _0952_ (rising edge-triggered flip-flop clocked by clk)
Endpoint: _0952_ (rising edge-triggered flip-flop clocked by clk)
Path Group: clk
Path Type: min

Fanout         Cap        Slew       Delay        Time   Description
---------------------------------------------------------------------------------------------
                                  0.000000    0.000000   clock clk (rise edge)
                                  0.000000    0.000000   clock source latency
     2    0.022841    0.081177    0.056215    0.056215 ^ clk (in)
                                                         clk (net)
                      0.081218    0.000000    0.056215 ^ clkbuf_0_clk/A (sky130_fd_sc_hd__clkbuf_16)
    33    0.131693    0.111462    0.158192    0.214407 ^ clkbuf_0_clk/X (sky130_fd_sc_hd__clkbuf_16)
                                                         clknet_0_clk (net)
                      0.111967    0.006009    0.220416 ^ clkbuf_4_8_0_clk/A (sky130_fd_sc_hd__clkbuf_8)
     9    0.025782    0.044801    0.115330    0.335746 ^ clkbuf_4_8_0_clk/X (sky130_fd_sc_hd__clkbuf_8)
                                                         clknet_4_8_0_clk (net)
                      0.045007    0.002096    0.337843 ^ _0952_/CLK (sky130_fd_sc_hd__dfrtp_2)
    10    0.045600    0.165711    0.319934    0.657776 ^ _0952_/Q (sky130_fd_sc_hd__dfrtp_2)
                                                         SYNTH_INST.freq_div.keycode[3] (net)
                      0.165733    0.002045    0.659821 ^ _0732_/A1 (sky130_fd_sc_hd__o22a_2)
     1    0.003132    0.020052    0.096408    0.756229 ^ _0732_/X (sky130_fd_sc_hd__o22a_2)
                                                         _0007_ (net)
                      0.020054    0.000208    0.756437 ^ _0952_/D (sky130_fd_sc_hd__dfrtp_2)
                                              0.756437   data arrival time

                                  0.000000    0.000000   clock clk (rise edge)
                                  0.000000    0.000000   clock source latency
     2    0.022841    0.081177    0.056215    0.056215 ^ clk (in)
                                                         clk (net)
                      0.081218    0.000000    0.056215 ^ clkbuf_0_clk/A (sky130_fd_sc_hd__clkbuf_16)
    33    0.131693    0.111462    0.158192    0.214407 ^ clkbuf_0_clk/X (sky130_fd_sc_hd__clkbuf_16)
                                                         clknet_0_clk (net)
                      0.111967    0.006009    0.220416 ^ clkbuf_4_8_0_clk/A (sky130_fd_sc_hd__clkbuf_8)
     9    0.025782    0.044801    0.115330    0.335746 ^ clkbuf_4_8_0_clk/X (sky130_fd_sc_hd__clkbuf_8)
                                                         clknet_4_8_0_clk (net)
                      0.045007    0.002096    0.337843 ^ _0952_/CLK (sky130_fd_sc_hd__dfrtp_2)
                                  0.250000    0.587843   clock uncertainty
                                  0.000000    0.587843   clock reconvergence pessimism
                                 -0.018572    0.569270   library hold time
                                              0.569270   data required time
---------------------------------------------------------------------------------------------
                                              0.569270   data required time
                                             -0.756437   data arrival time
---------------------------------------------------------------------------------------------
                                              0.187167   slack (MET)


Startpoint: _1004_ (rising edge-triggered flip-flop clocked by clk)
Endpoint: _1005_ (rising edge-triggered flip-flop clocked by clk)
Path Group: clk
Path Type: min

Fanout         Cap        Slew       Delay        Time   Description
---------------------------------------------------------------------------------------------
                                  0.000000    0.000000   clock clk (rise edge)
                                  0.000000    0.000000   clock source latency
     2    0.022841    0.081177    0.056215    0.056215 ^ clk (in)
                                                         clk (net)
                      0.081218    0.000000    0.056215 ^ clkbuf_0_clk/A (sky130_fd_sc_hd__clkbuf_16)
    33    0.131693    0.111462    0.158192    0.214407 ^ clkbuf_0_clk/X (sky130_fd_sc_hd__clkbuf_16)
                                                         clknet_0_clk (net)
                      0.111792    0.004896    0.219303 ^ clkbuf_4_7_0_clk/A (sky130_fd_sc_hd__clkbuf_8)
     9    0.027602    0.047009    0.117085    0.336389 ^ clkbuf_4_7_0_clk/X (sky130_fd_sc_hd__clkbuf_8)
                                                         clknet_4_7_0_clk (net)
                      0.047115    0.001888    0.338277 ^ _1004_/CLK (sky130_fd_sc_hd__dfrtp_2)
     3    0.009063    0.045588    0.230412    0.568689 ^ _1004_/Q (sky130_fd_sc_hd__dfrtp_2)
                                                         SYNTH_INST.waveshape.seq_div.n[3] (net)
                      0.045600    0.000730    0.569419 ^ _0880_/A (sky130_fd_sc_hd__and3_2)
     2    0.007927    0.044245    0.109899    0.679318 ^ _0880_/X (sky130_fd_sc_hd__and3_2)
                                                         _0422_ (net)
                      0.044245    0.000260    0.679578 ^ _0883_/A0 (sky130_fd_sc_hd__mux2_1)
     1    0.003148    0.030672    0.076772    0.756350 ^ _0883_/X (sky130_fd_sc_hd__mux2_1)
                                                         _0060_ (net)
                      0.030673    0.000206    0.756556 ^ _1005_/D (sky130_fd_sc_hd__dfrtp_2)
                                              0.756556   data arrival time

                                  0.000000    0.000000   clock clk (rise edge)
                                  0.000000    0.000000   clock source latency
     2    0.022841    0.081177    0.056215    0.056215 ^ clk (in)
                                                         clk (net)
                      0.081218    0.000000    0.056215 ^ clkbuf_0_clk/A (sky130_fd_sc_hd__clkbuf_16)
    33    0.131693    0.111462    0.158192    0.214407 ^ clkbuf_0_clk/X (sky130_fd_sc_hd__clkbuf_16)
                                                         clknet_0_clk (net)
                      0.111792    0.004896    0.219303 ^ clkbuf_4_7_0_clk/A (sky130_fd_sc_hd__clkbuf_8)
     9    0.027602    0.047009    0.117085    0.336389 ^ clkbuf_4_7_0_clk/X (sky130_fd_sc_hd__clkbuf_8)
                                                         clknet_4_7_0_clk (net)
                      0.047115    0.001891    0.338280 ^ _1005_/CLK (sky130_fd_sc_hd__dfrtp_2)
                                  0.250000    0.588280   clock uncertainty
                                  0.000000    0.588280   clock reconvergence pessimism
                                 -0.019293    0.568987   library hold time
                                              0.568987   data required time
---------------------------------------------------------------------------------------------
                                              0.568987   data required time
                                             -0.756556   data arrival time
---------------------------------------------------------------------------------------------
                                              0.187569   slack (MET)


Startpoint: _0916_ (rising edge-triggered flip-flop clocked by clk)
Endpoint: _0916_ (rising edge-triggered flip-flop clocked by clk)
Path Group: clk
Path Type: min

Fanout         Cap        Slew       Delay        Time   Description
---------------------------------------------------------------------------------------------
                                  0.000000    0.000000   clock clk (rise edge)
                                  0.000000    0.000000   clock source latency
     2    0.022841    0.081177    0.056215    0.056215 ^ clk (in)
                                                         clk (net)
                      0.081218    0.000000    0.056215 ^ clkbuf_0_clk/A (sky130_fd_sc_hd__clkbuf_16)
    33    0.131693    0.111462    0.158192    0.214407 ^ clkbuf_0_clk/X (sky130_fd_sc_hd__clkbuf_16)
                                                         clknet_0_clk (net)
                      0.111784    0.004838    0.219246 ^ clkbuf_4_9_0_clk/A (sky130_fd_sc_hd__clkbuf_8)
     9    0.027530    0.046921    0.116993    0.336238 ^ clkbuf_4_9_0_clk/X (sky130_fd_sc_hd__clkbuf_8)
                                                         clknet_4_9_0_clk (net)
                      0.047016    0.001799    0.338037 ^ _0916_/CLK (sky130_fd_sc_hd__dfrtp_2)
     7    0.023158    0.091010    0.267011    0.605048 ^ _0916_/Q (sky130_fd_sc_hd__dfrtp_2)
                                                         SYNTH_INST.count[1] (net)
                      0.091040    0.001576    0.606625 ^ _0611_/A (sky130_fd_sc_hd__nand2_2)
     1    0.002287    0.023700    0.021941    0.628565 v _0611_/Y (sky130_fd_sc_hd__nand2_2)
                                                         _0242_ (net)
                      0.023700    0.000099    0.628664 v _0612_/C (sky130_fd_sc_hd__and3_2)
     1    0.002474    0.025325    0.121382    0.750046 v _0612_/X (sky130_fd_sc_hd__and3_2)
                                                         SYNTH_INST.oscill.n_count[1] (net)
                      0.025325    0.000174    0.750219 v _0916_/D (sky130_fd_sc_hd__dfrtp_2)
                                              0.750219   data arrival time

                                  0.000000    0.000000   clock clk (rise edge)
                                  0.000000    0.000000   clock source latency
     2    0.022841    0.081177    0.056215    0.056215 ^ clk (in)
                                                         clk (net)
                      0.081218    0.000000    0.056215 ^ clkbuf_0_clk/A (sky130_fd_sc_hd__clkbuf_16)
    33    0.131693    0.111462    0.158192    0.214407 ^ clkbuf_0_clk/X (sky130_fd_sc_hd__clkbuf_16)
                                                         clknet_0_clk (net)
                      0.111784    0.004838    0.219246 ^ clkbuf_4_9_0_clk/A (sky130_fd_sc_hd__clkbuf_8)
     9    0.027530    0.046921    0.116993    0.336238 ^ clkbuf_4_9_0_clk/X (sky130_fd_sc_hd__clkbuf_8)
                                                         clknet_4_9_0_clk (net)
                      0.047016    0.001799    0.338037 ^ _0916_/CLK (sky130_fd_sc_hd__dfrtp_2)
                                  0.250000    0.588037   clock uncertainty
                                  0.000000    0.588037   clock reconvergence pessimism
                                 -0.026030    0.562007   library hold time
                                              0.562007   data required time
---------------------------------------------------------------------------------------------
                                              0.562007   data required time
                                             -0.750219   data arrival time
---------------------------------------------------------------------------------------------
                                              0.188212   slack (MET)


Startpoint: _0968_ (rising edge-triggered flip-flop clocked by clk)
Endpoint: _0969_ (rising edge-triggered flip-flop clocked by clk)
Path Group: clk
Path Type: min

Fanout         Cap        Slew       Delay        Time   Description
---------------------------------------------------------------------------------------------
                                  0.000000    0.000000   clock clk (rise edge)
                                  0.000000    0.000000   clock source latency
     2    0.022841    0.081177    0.056215    0.056215 ^ clk (in)
                                                         clk (net)
                      0.081218    0.000000    0.056215 ^ clkbuf_0_clk/A (sky130_fd_sc_hd__clkbuf_16)
    33    0.131693    0.111462    0.158192    0.214407 ^ clkbuf_0_clk/X (sky130_fd_sc_hd__clkbuf_16)
                                                         clknet_0_clk (net)
                      0.111826    0.005126    0.219534 ^ clkbuf_4_0_0_clk/A (sky130_fd_sc_hd__clkbuf_8)
     9    0.035823    0.056861    0.124099    0.343633 ^ clkbuf_4_0_0_clk/X (sky130_fd_sc_hd__clkbuf_8)
                                                         clknet_4_0_0_clk (net)
                      0.057133    0.002858    0.346491 ^ _0968_/CLK (sky130_fd_sc_hd__dfrtp_2)
     5    0.025303    0.098220    0.275227    0.621718 ^ _0968_/Q (sky130_fd_sc_hd__dfrtp_2)
                                                         SYNTH_INST.waveshape.seq_div.dividend[31] (net)
                      0.098232    0.001156    0.622874 ^ _0778_/B2 (sky130_fd_sc_hd__a32o_2)
     1    0.002339    0.024150    0.073738    0.696612 ^ _0778_/X (sky130_fd_sc_hd__a32o_2)
                                                         _0355_ (net)
                      0.024150    0.000108    0.696720 ^ _0779_/A1 (sky130_fd_sc_hd__mux2_1)
     1    0.002607    0.027582    0.069811    0.766532 ^ _0779_/X (sky130_fd_sc_hd__mux2_1)
                                                         _0024_ (net)
                      0.027583    0.000177    0.766708 ^ _0969_/D (sky130_fd_sc_hd__dfrtp_2)
                                              0.766708   data arrival time

                                  0.000000    0.000000   clock clk (rise edge)
                                  0.000000    0.000000   clock source latency
     2    0.022841    0.081177    0.056215    0.056215 ^ clk (in)
                                                         clk (net)
                      0.081218    0.000000    0.056215 ^ clkbuf_0_clk/A (sky130_fd_sc_hd__clkbuf_16)
    33    0.131693    0.111462    0.158192    0.214407 ^ clkbuf_0_clk/X (sky130_fd_sc_hd__clkbuf_16)
                                                         clknet_0_clk (net)
                      0.111826    0.005126    0.219534 ^ clkbuf_4_0_0_clk/A (sky130_fd_sc_hd__clkbuf_8)
     9    0.035823    0.056861    0.124099    0.343633 ^ clkbuf_4_0_0_clk/X (sky130_fd_sc_hd__clkbuf_8)
                                                         clknet_4_0_0_clk (net)
                      0.057109    0.002703    0.346337 ^ _0969_/CLK (sky130_fd_sc_hd__dfrtp_2)
                                  0.250000    0.596337   clock uncertainty
                                  0.000000    0.596337   clock reconvergence pessimism
                                 -0.018804    0.577533   library hold time
                                              0.577533   data required time
---------------------------------------------------------------------------------------------
                                              0.577533   data required time
                                             -0.766708   data arrival time
---------------------------------------------------------------------------------------------
                                              0.189176   slack (MET)


Startpoint: _0921_ (rising edge-triggered flip-flop clocked by clk)
Endpoint: _0921_ (rising edge-triggered flip-flop clocked by clk)
Path Group: clk
Path Type: min

Fanout         Cap        Slew       Delay        Time   Description
---------------------------------------------------------------------------------------------
                                  0.000000    0.000000   clock clk (rise edge)
                                  0.000000    0.000000   clock source latency
     2    0.022841    0.081177    0.056215    0.056215 ^ clk (in)
                                                         clk (net)
                      0.081218    0.000000    0.056215 ^ clkbuf_0_clk/A (sky130_fd_sc_hd__clkbuf_16)
    33    0.131693    0.111462    0.158192    0.214407 ^ clkbuf_0_clk/X (sky130_fd_sc_hd__clkbuf_16)
                                                         clknet_0_clk (net)
                      0.111805    0.004987    0.219395 ^ clkbuf_4_2_0_clk/A (sky130_fd_sc_hd__clkbuf_8)
     9    0.035311    0.056222    0.123564    0.342958 ^ clkbuf_4_2_0_clk/X (sky130_fd_sc_hd__clkbuf_8)
                                                         clknet_4_2_0_clk (net)
                      0.056535    0.003035    0.345993 ^ _0921_/CLK (sky130_fd_sc_hd__dfrtp_2)
     6    0.017720    0.072888    0.256817    0.602810 ^ _0921_/Q (sky130_fd_sc_hd__dfrtp_2)
                                                         SYNTH_INST.count[6] (net)
                      0.072901    0.000996    0.603807 ^ _0626_/A (sky130_fd_sc_hd__or2_2)
     1    0.002048    0.018752    0.071624    0.675431 ^ _0626_/X (sky130_fd_sc_hd__or2_2)
                                                         _0252_ (net)
                      0.018752    0.000093    0.675524 ^ _0627_/B (sky130_fd_sc_hd__and3b_2)
     1    0.002414    0.026174    0.090788    0.766312 ^ _0627_/X (sky130_fd_sc_hd__and3b_2)
                                                         SYNTH_INST.oscill.n_count[6] (net)
                      0.026174    0.000176    0.766489 ^ _0921_/D (sky130_fd_sc_hd__dfrtp_2)
                                              0.766489   data arrival time

                                  0.000000    0.000000   clock clk (rise edge)
                                  0.000000    0.000000   clock source latency
     2    0.022841    0.081177    0.056215    0.056215 ^ clk (in)
                                                         clk (net)
                      0.081218    0.000000    0.056215 ^ clkbuf_0_clk/A (sky130_fd_sc_hd__clkbuf_16)
    33    0.131693    0.111462    0.158192    0.214407 ^ clkbuf_0_clk/X (sky130_fd_sc_hd__clkbuf_16)
                                                         clknet_0_clk (net)
                      0.111805    0.004987    0.219395 ^ clkbuf_4_2_0_clk/A (sky130_fd_sc_hd__clkbuf_8)
     9    0.035311    0.056222    0.123564    0.342958 ^ clkbuf_4_2_0_clk/X (sky130_fd_sc_hd__clkbuf_8)
                                                         clknet_4_2_0_clk (net)
                      0.056535    0.003035    0.345993 ^ _0921_/CLK (sky130_fd_sc_hd__dfrtp_2)
                                  0.250000    0.595993   clock uncertainty
                                  0.000000    0.595993   clock reconvergence pessimism
                                 -0.018716    0.577276   library hold time
                                              0.577276   data required time
---------------------------------------------------------------------------------------------
                                              0.577276   data required time
                                             -0.766489   data arrival time
---------------------------------------------------------------------------------------------
                                              0.189212   slack (MET)


Startpoint: _0925_ (rising edge-triggered flip-flop clocked by clk)
Endpoint: _0925_ (rising edge-triggered flip-flop clocked by clk)
Path Group: clk
Path Type: min

Fanout         Cap        Slew       Delay        Time   Description
---------------------------------------------------------------------------------------------
                                  0.000000    0.000000   clock clk (rise edge)
                                  0.000000    0.000000   clock source latency
     2    0.022841    0.081177    0.056215    0.056215 ^ clk (in)
                                                         clk (net)
                      0.081218    0.000000    0.056215 ^ clkbuf_0_clk/A (sky130_fd_sc_hd__clkbuf_16)
    33    0.131693    0.111462    0.158192    0.214407 ^ clkbuf_0_clk/X (sky130_fd_sc_hd__clkbuf_16)
                                                         clknet_0_clk (net)
                      0.111824    0.005115    0.219523 ^ clkbuf_4_1_0_clk/A (sky130_fd_sc_hd__clkbuf_8)
     9    0.034762    0.055595    0.123472    0.342995 ^ clkbuf_4_1_0_clk/X (sky130_fd_sc_hd__clkbuf_8)
                                                         clknet_4_1_0_clk (net)
                      0.055748    0.002027    0.345022 ^ _0925_/CLK (sky130_fd_sc_hd__dfrtp_2)
     7    0.027097    0.104518    0.279501    0.624522 ^ _0925_/Q (sky130_fd_sc_hd__dfrtp_2)
                                                         SYNTH_INST.count[10] (net)
                      0.104529    0.001147    0.625669 ^ _0637_/A (sky130_fd_sc_hd__nand2_2)
     1    0.002428    0.019522    0.022438    0.648107 v _0637_/Y (sky130_fd_sc_hd__nand2_2)
                                                         _0259_ (net)
                      0.019522    0.000153    0.648260 v _0639_/B (sky130_fd_sc_hd__and3_2)
     1    0.002979    0.024401    0.112406    0.760666 v _0639_/X (sky130_fd_sc_hd__and3_2)
                                                         SYNTH_INST.oscill.n_count[10] (net)
                      0.024401    0.000200    0.760866 v _0925_/D (sky130_fd_sc_hd__dfrtp_2)
                                              0.760866   data arrival time

                                  0.000000    0.000000   clock clk (rise edge)
                                  0.000000    0.000000   clock source latency
     2    0.022841    0.081177    0.056215    0.056215 ^ clk (in)
                                                         clk (net)
                      0.081218    0.000000    0.056215 ^ clkbuf_0_clk/A (sky130_fd_sc_hd__clkbuf_16)
    33    0.131693    0.111462    0.158192    0.214407 ^ clkbuf_0_clk/X (sky130_fd_sc_hd__clkbuf_16)
                                                         clknet_0_clk (net)
                      0.111824    0.005115    0.219523 ^ clkbuf_4_1_0_clk/A (sky130_fd_sc_hd__clkbuf_8)
     9    0.034762    0.055595    0.123472    0.342995 ^ clkbuf_4_1_0_clk/X (sky130_fd_sc_hd__clkbuf_8)
                                                         clknet_4_1_0_clk (net)
                      0.055748    0.002027    0.345022 ^ _0925_/CLK (sky130_fd_sc_hd__dfrtp_2)
                                  0.250000    0.595022   clock uncertainty
                                  0.000000    0.595022   clock reconvergence pessimism
                                 -0.024854    0.570168   library hold time
                                              0.570168   data required time
---------------------------------------------------------------------------------------------
                                              0.570168   data required time
                                             -0.760866   data arrival time
---------------------------------------------------------------------------------------------
                                              0.190698   slack (MET)


Startpoint: _0909_ (rising edge-triggered flip-flop clocked by clk)
Endpoint: _0910_ (rising edge-triggered flip-flop clocked by clk)
Path Group: clk
Path Type: min

Fanout         Cap        Slew       Delay        Time   Description
---------------------------------------------------------------------------------------------
                                  0.000000    0.000000   clock clk (rise edge)
                                  0.000000    0.000000   clock source latency
     2    0.022841    0.081177    0.056215    0.056215 ^ clk (in)
                                                         clk (net)
                      0.081218    0.000000    0.056215 ^ clkbuf_0_clk/A (sky130_fd_sc_hd__clkbuf_16)
    33    0.131693    0.111462    0.158192    0.214407 ^ clkbuf_0_clk/X (sky130_fd_sc_hd__clkbuf_16)
                                                         clknet_0_clk (net)
                      0.111994    0.006166    0.220573 ^ clkbuf_4_5_0_clk/A (sky130_fd_sc_hd__clkbuf_8)
     9    0.027677    0.047082    0.117064    0.337637 ^ clkbuf_4_5_0_clk/X (sky130_fd_sc_hd__clkbuf_8)
                                                         clknet_4_5_0_clk (net)
                      0.047235    0.001829    0.339467 ^ _0909_/CLK (sky130_fd_sc_hd__dfrtp_2)
     2    0.005551    0.034706    0.220473    0.559939 ^ _0909_/Q (sky130_fd_sc_hd__dfrtp_2)
                                                         SYNTH_INST.sample_rate.count[2] (net)
                      0.034706    0.000341    0.560281 ^ _0565_/A (sky130_fd_sc_hd__and3_2)
     4    0.015095    0.067667    0.128210    0.688491 ^ _0565_/X (sky130_fd_sc_hd__and3_2)
                                                         _0206_ (net)
                      0.067676    0.000831    0.689322 ^ _0583_/A2 (sky130_fd_sc_hd__o21a_2)
     1    0.003438    0.021876    0.073032    0.762354 ^ _0583_/X (sky130_fd_sc_hd__o21a_2)
                                                         SYNTH_INST.sample_rate.n_count[3] (net)
                      0.021879    0.000244    0.762598 ^ _0910_/D (sky130_fd_sc_hd__dfrtp_2)
                                              0.762598   data arrival time

                                  0.000000    0.000000   clock clk (rise edge)
                                  0.000000    0.000000   clock source latency
     2    0.022841    0.081177    0.056215    0.056215 ^ clk (in)
                                                         clk (net)
                      0.081218    0.000000    0.056215 ^ clkbuf_0_clk/A (sky130_fd_sc_hd__clkbuf_16)
    33    0.131693    0.111462    0.158192    0.214407 ^ clkbuf_0_clk/X (sky130_fd_sc_hd__clkbuf_16)
                                                         clknet_0_clk (net)
                      0.111994    0.006166    0.220573 ^ clkbuf_4_5_0_clk/A (sky130_fd_sc_hd__clkbuf_8)
     9    0.027677    0.047082    0.117064    0.337637 ^ clkbuf_4_5_0_clk/X (sky130_fd_sc_hd__clkbuf_8)
                                                         clknet_4_5_0_clk (net)
                      0.047169    0.001742    0.339380 ^ _0910_/CLK (sky130_fd_sc_hd__dfrtp_2)
                                  0.250000    0.589380   clock uncertainty
                                  0.000000    0.589380   clock reconvergence pessimism
                                 -0.018649    0.570731   library hold time
                                              0.570731   data required time
---------------------------------------------------------------------------------------------
                                              0.570731   data required time
                                             -0.762598   data arrival time
---------------------------------------------------------------------------------------------
                                              0.191867   slack (MET)


Startpoint: _0915_ (rising edge-triggered flip-flop clocked by clk)
Endpoint: _0985_ (rising edge-triggered flip-flop clocked by clk)
Path Group: clk
Path Type: min

Fanout         Cap        Slew       Delay        Time   Description
---------------------------------------------------------------------------------------------
                                  0.000000    0.000000   clock clk (rise edge)
                                  0.000000    0.000000   clock source latency
     2    0.022841    0.081177    0.056215    0.056215 ^ clk (in)
                                                         clk (net)
                      0.081218    0.000000    0.056215 ^ clkbuf_0_clk/A (sky130_fd_sc_hd__clkbuf_16)
    33    0.131693    0.111462    0.158192    0.214407 ^ clkbuf_0_clk/X (sky130_fd_sc_hd__clkbuf_16)
                                                         clknet_0_clk (net)
                      0.111784    0.004838    0.219246 ^ clkbuf_4_9_0_clk/A (sky130_fd_sc_hd__clkbuf_8)
     9    0.027530    0.046921    0.116993    0.336238 ^ clkbuf_4_9_0_clk/X (sky130_fd_sc_hd__clkbuf_8)
                                                         clknet_4_9_0_clk (net)
                      0.047025    0.001869    0.338107 ^ _0915_/CLK (sky130_fd_sc_hd__dfrtp_2)
     7    0.022832    0.090149    0.266538    0.604645 ^ _0915_/Q (sky130_fd_sc_hd__dfrtp_2)
                                                         SYNTH_INST.count[0] (net)
                      0.090149    0.000263    0.604908 ^ _0842_/A (sky130_fd_sc_hd__and3_2)
     1    0.003879    0.031246    0.108737    0.713646 ^ _0842_/X (sky130_fd_sc_hd__and3_2)
                                                         _0403_ (net)
                      0.031247    0.000258    0.713904 ^ _0843_/B1 (sky130_fd_sc_hd__a21o_2)
     1    0.002801    0.018121    0.048296    0.762200 ^ _0843_/X (sky130_fd_sc_hd__a21o_2)
                                                         _0040_ (net)
                      0.018122    0.000190    0.762390 ^ _0985_/D (sky130_fd_sc_hd__dfrtp_2)
                                              0.762390   data arrival time

                                  0.000000    0.000000   clock clk (rise edge)
                                  0.000000    0.000000   clock source latency
     2    0.022841    0.081177    0.056215    0.056215 ^ clk (in)
                                                         clk (net)
                      0.081218    0.000000    0.056215 ^ clkbuf_0_clk/A (sky130_fd_sc_hd__clkbuf_16)
    33    0.131693    0.111462    0.158192    0.214407 ^ clkbuf_0_clk/X (sky130_fd_sc_hd__clkbuf_16)
                                                         clknet_0_clk (net)
                      0.111784    0.004838    0.219246 ^ clkbuf_4_9_0_clk/A (sky130_fd_sc_hd__clkbuf_8)
     9    0.027530    0.046921    0.116993    0.336238 ^ clkbuf_4_9_0_clk/X (sky130_fd_sc_hd__clkbuf_8)
                                                         clknet_4_9_0_clk (net)
                      0.047030    0.001910    0.338149 ^ _0985_/CLK (sky130_fd_sc_hd__dfrtp_2)
                                  0.250000    0.588149   clock uncertainty
                                  0.000000    0.588149   clock reconvergence pessimism
                                 -0.018378    0.569771   library hold time
                                              0.569771   data required time
---------------------------------------------------------------------------------------------
                                              0.569771   data required time
                                             -0.762390   data arrival time
---------------------------------------------------------------------------------------------
                                              0.192619   slack (MET)


Startpoint: _0946_ (rising edge-triggered flip-flop clocked by clk)
Endpoint: _0950_ (rising edge-triggered flip-flop clocked by clk)
Path Group: clk
Path Type: min

Fanout         Cap        Slew       Delay        Time   Description
---------------------------------------------------------------------------------------------
                                  0.000000    0.000000   clock clk (rise edge)
                                  0.000000    0.000000   clock source latency
     2    0.022841    0.081177    0.056215    0.056215 ^ clk (in)
                                                         clk (net)
                      0.081218    0.000000    0.056215 ^ clkbuf_0_clk/A (sky130_fd_sc_hd__clkbuf_16)
    33    0.131693    0.111462    0.158192    0.214407 ^ clkbuf_0_clk/X (sky130_fd_sc_hd__clkbuf_16)
                                                         clknet_0_clk (net)
                      0.111967    0.006009    0.220416 ^ clkbuf_4_8_0_clk/A (sky130_fd_sc_hd__clkbuf_8)
     9    0.025782    0.044801    0.115330    0.335746 ^ clkbuf_4_8_0_clk/X (sky130_fd_sc_hd__clkbuf_8)
                                                         clknet_4_8_0_clk (net)
                      0.045046    0.002347    0.338094 ^ _0946_/CLK (sky130_fd_sc_hd__dfrtp_2)
     3    0.010809    0.051322    0.234886    0.572980 ^ _0946_/Q (sky130_fd_sc_hd__dfrtp_2)
                                                         SYNTH_INST.keypad.keypad_reg[12] (net)
                      0.051330    0.000650    0.573630 ^ _0552_/B (sky130_fd_sc_hd__nor3b_2)
     2    0.011128    0.031225    0.038563    0.612193 v _0552_/Y (sky130_fd_sc_hd__nor3b_2)
                                                         _0195_ (net)
                      0.031257    0.000790    0.612983 v _0553_/B (sky130_fd_sc_hd__nand2_2)
     5    0.017539    0.073704    0.077552    0.690535 ^ _0553_/Y (sky130_fd_sc_hd__nand2_2)
                                                         _0196_ (net)
                      0.073735    0.001222    0.691757 ^ _0722_/B1 (sky130_fd_sc_hd__o32a_2)
     1    0.002911    0.019770    0.070896    0.762654 ^ _0722_/X (sky130_fd_sc_hd__o32a_2)
                                                         _0005_ (net)
                      0.019770    0.000196    0.762850 ^ _0950_/D (sky130_fd_sc_hd__dfrtp_2)
                                              0.762850   data arrival time

                                  0.000000    0.000000   clock clk (rise edge)
                                  0.000000    0.000000   clock source latency
     2    0.022841    0.081177    0.056215    0.056215 ^ clk (in)
                                                         clk (net)
                      0.081218    0.000000    0.056215 ^ clkbuf_0_clk/A (sky130_fd_sc_hd__clkbuf_16)
    33    0.131693    0.111462    0.158192    0.214407 ^ clkbuf_0_clk/X (sky130_fd_sc_hd__clkbuf_16)
                                                         clknet_0_clk (net)
                      0.111967    0.006009    0.220416 ^ clkbuf_4_8_0_clk/A (sky130_fd_sc_hd__clkbuf_8)
     9    0.025782    0.044801    0.115330    0.335746 ^ clkbuf_4_8_0_clk/X (sky130_fd_sc_hd__clkbuf_8)
                                                         clknet_4_8_0_clk (net)
                      0.045002    0.002066    0.337813 ^ _0950_/CLK (sky130_fd_sc_hd__dfrtp_2)
                                  0.250000    0.587812   clock uncertainty
                                  0.000000    0.587812   clock reconvergence pessimism
                                 -0.018551    0.569261   library hold time
                                              0.569261   data required time
---------------------------------------------------------------------------------------------
                                              0.569261   data required time
                                             -0.762850   data arrival time
---------------------------------------------------------------------------------------------
                                              0.193589   slack (MET)


Startpoint: _1011_ (rising edge-triggered flip-flop clocked by clk)
Endpoint: _0905_ (rising edge-triggered flip-flop clocked by clk)
Path Group: clk
Path Type: min

Fanout         Cap        Slew       Delay        Time   Description
---------------------------------------------------------------------------------------------
                                  0.000000    0.000000   clock clk (rise edge)
                                  0.000000    0.000000   clock source latency
     2    0.022841    0.081177    0.056215    0.056215 ^ clk (in)
                                                         clk (net)
                      0.081218    0.000000    0.056215 ^ clkbuf_0_clk/A (sky130_fd_sc_hd__clkbuf_16)
    33    0.131693    0.111462    0.158192    0.214407 ^ clkbuf_0_clk/X (sky130_fd_sc_hd__clkbuf_16)
                                                         clknet_0_clk (net)
                      0.112087    0.006667    0.221075 ^ clkbuf_4_12_0_clk/A (sky130_fd_sc_hd__clkbuf_8)
     9    0.031749    0.051981    0.120963    0.342038 ^ clkbuf_4_12_0_clk/X (sky130_fd_sc_hd__clkbuf_8)
                                                         clknet_4_12_0_clk (net)
                      0.051997    0.000902    0.342940 ^ _1011_/CLK (sky130_fd_sc_hd__dfrtp_2)
     4    0.019527    0.078894    0.259920    0.602860 ^ _1011_/Q (sky130_fd_sc_hd__dfrtp_2)
                                                         SYNTH_INST.waveshape.scaled_count[5] (net)
                      0.078908    0.001072    0.603931 ^ _0676_/B (sky130_fd_sc_hd__xor2_2)
     1    0.003211    0.053384    0.083364    0.687295 ^ _0676_/X (sky130_fd_sc_hd__xor2_2)
                                                         _0283_ (net)
                      0.053385    0.000225    0.687520 ^ _0677_/B2 (sky130_fd_sc_hd__a221o_2)
     1    0.002487    0.020316    0.079626    0.767146 ^ _0677_/X (sky130_fd_sc_hd__a221o_2)
                                                         SYNTH_INST.waveshape.shaper.n_sample[6] (net)
                      0.020316    0.000114    0.767260 ^ _0905_/D (sky130_fd_sc_hd__dfrtp_2)
                                              0.767260   data arrival time

                                  0.000000    0.000000   clock clk (rise edge)
                                  0.000000    0.000000   clock source latency
     2    0.022841    0.081177    0.056215    0.056215 ^ clk (in)
                                                         clk (net)
                      0.081218    0.000000    0.056215 ^ clkbuf_0_clk/A (sky130_fd_sc_hd__clkbuf_16)
    33    0.131693    0.111462    0.158192    0.214407 ^ clkbuf_0_clk/X (sky130_fd_sc_hd__clkbuf_16)
                                                         clknet_0_clk (net)
                      0.112235    0.007400    0.221807 ^ clkbuf_4_14_0_clk/A (sky130_fd_sc_hd__clkbuf_8)
     9    0.027915    0.047352    0.117350    0.339157 ^ clkbuf_4_14_0_clk/X (sky130_fd_sc_hd__clkbuf_8)
                                                         clknet_4_14_0_clk (net)
                      0.047614    0.002521    0.341678 ^ _0905_/CLK (sky130_fd_sc_hd__dfrtp_2)
                                  0.250000    0.591678   clock uncertainty
                                  0.000000    0.591678   clock reconvergence pessimism
                                 -0.018523    0.573155   library hold time
                                              0.573155   data required time
---------------------------------------------------------------------------------------------
                                              0.573155   data required time
                                             -0.767260   data arrival time
---------------------------------------------------------------------------------------------
                                              0.194105   slack (MET)


Startpoint: _0926_ (rising edge-triggered flip-flop clocked by clk)
Endpoint: _0926_ (rising edge-triggered flip-flop clocked by clk)
Path Group: clk
Path Type: min

Fanout         Cap        Slew       Delay        Time   Description
---------------------------------------------------------------------------------------------
                                  0.000000    0.000000   clock clk (rise edge)
                                  0.000000    0.000000   clock source latency
     2    0.022841    0.081177    0.056215    0.056215 ^ clk (in)
                                                         clk (net)
                      0.081218    0.000000    0.056215 ^ clkbuf_0_clk/A (sky130_fd_sc_hd__clkbuf_16)
    33    0.131693    0.111462    0.158192    0.214407 ^ clkbuf_0_clk/X (sky130_fd_sc_hd__clkbuf_16)
                                                         clknet_0_clk (net)
                      0.111805    0.004987    0.219395 ^ clkbuf_4_2_0_clk/A (sky130_fd_sc_hd__clkbuf_8)
     9    0.035311    0.056222    0.123564    0.342958 ^ clkbuf_4_2_0_clk/X (sky130_fd_sc_hd__clkbuf_8)
                                                         clknet_4_2_0_clk (net)
                      0.056393    0.002072    0.345030 ^ _0926_/CLK (sky130_fd_sc_hd__dfrtp_2)
     5    0.021286    0.084977    0.265487    0.610517 ^ _0926_/Q (sky130_fd_sc_hd__dfrtp_2)
                                                         SYNTH_INST.count[11] (net)
                      0.084981    0.000714    0.611231 ^ _0641_/B1 (sky130_fd_sc_hd__a31o_2)
     1    0.003185    0.022969    0.063883    0.675114 ^ _0641_/X (sky130_fd_sc_hd__a31o_2)
                                                         _0262_ (net)
                      0.022970    0.000199    0.675313 ^ _0642_/B (sky130_fd_sc_hd__and3b_2)
     1    0.003253    0.028917    0.095130    0.770443 ^ _0642_/X (sky130_fd_sc_hd__and3b_2)
                                                         SYNTH_INST.oscill.n_count[11] (net)
                      0.028917    0.000219    0.770662 ^ _0926_/D (sky130_fd_sc_hd__dfrtp_2)
                                              0.770662   data arrival time

                                  0.000000    0.000000   clock clk (rise edge)
                                  0.000000    0.000000   clock source latency
     2    0.022841    0.081177    0.056215    0.056215 ^ clk (in)
                                                         clk (net)
                      0.081218    0.000000    0.056215 ^ clkbuf_0_clk/A (sky130_fd_sc_hd__clkbuf_16)
    33    0.131693    0.111462    0.158192    0.214407 ^ clkbuf_0_clk/X (sky130_fd_sc_hd__clkbuf_16)
                                                         clknet_0_clk (net)
                      0.111805    0.004987    0.219395 ^ clkbuf_4_2_0_clk/A (sky130_fd_sc_hd__clkbuf_8)
     9    0.035311    0.056222    0.123564    0.342958 ^ clkbuf_4_2_0_clk/X (sky130_fd_sc_hd__clkbuf_8)
                                                         clknet_4_2_0_clk (net)
                      0.056393    0.002072    0.345030 ^ _0926_/CLK (sky130_fd_sc_hd__dfrtp_2)
                                  0.250000    0.595030   clock uncertainty
                                  0.000000    0.595030   clock reconvergence pessimism
                                 -0.018920    0.576110   library hold time
                                              0.576110   data required time
---------------------------------------------------------------------------------------------
                                              0.576110   data required time
                                             -0.770662   data arrival time
---------------------------------------------------------------------------------------------
                                              0.194551   slack (MET)


Startpoint: _0894_ (rising edge-triggered flip-flop clocked by clk)
Endpoint: _0894_ (rising edge-triggered flip-flop clocked by clk)
Path Group: clk
Path Type: min

Fanout         Cap        Slew       Delay        Time   Description
---------------------------------------------------------------------------------------------
                                  0.000000    0.000000   clock clk (rise edge)
                                  0.000000    0.000000   clock source latency
     2    0.022841    0.081177    0.056215    0.056215 ^ clk (in)
                                                         clk (net)
                      0.081218    0.000000    0.056215 ^ clkbuf_0_clk/A (sky130_fd_sc_hd__clkbuf_16)
    33    0.131693    0.111462    0.158192    0.214407 ^ clkbuf_0_clk/X (sky130_fd_sc_hd__clkbuf_16)
                                                         clknet_0_clk (net)
                      0.112237    0.007408    0.221815 ^ clkbuf_4_15_0_clk/A (sky130_fd_sc_hd__clkbuf_8)
     9    0.029120    0.048790    0.118087    0.339902 ^ clkbuf_4_15_0_clk/X (sky130_fd_sc_hd__clkbuf_8)
                                                         clknet_4_15_0_clk (net)
                      0.049050    0.002744    0.342646 ^ _0894_/CLK (sky130_fd_sc_hd__dfrtp_2)
     3    0.011021    0.052037    0.236673    0.579319 ^ _0894_/Q (sky130_fd_sc_hd__dfrtp_2)
                                                         SYNTH_INST.pwm_counter.count[3] (net)
                      0.052042    0.000549    0.579868 ^ _0682_/A (sky130_fd_sc_hd__and2_2)
     4    0.032069    0.126957    0.158372    0.738239 ^ _0682_/X (sky130_fd_sc_hd__and2_2)
                                                         _0287_ (net)
                      0.127005    0.002039    0.740278 ^ _0690_/A (sky130_fd_sc_hd__nor2_2)
     1    0.002459    0.017465    0.024004    0.764282 v _0690_/Y (sky130_fd_sc_hd__nor2_2)
                                                         SYNTH_INST.pwm_counter.n_count[3] (net)
                      0.017465    0.000114    0.764396 v _0894_/D (sky130_fd_sc_hd__dfrtp_2)
                                              0.764396   data arrival time

                                  0.000000    0.000000   clock clk (rise edge)
                                  0.000000    0.000000   clock source latency
     2    0.022841    0.081177    0.056215    0.056215 ^ clk (in)
                                                         clk (net)
                      0.081218    0.000000    0.056215 ^ clkbuf_0_clk/A (sky130_fd_sc_hd__clkbuf_16)
    33    0.131693    0.111462    0.158192    0.214407 ^ clkbuf_0_clk/X (sky130_fd_sc_hd__clkbuf_16)
                                                         clknet_0_clk (net)
                      0.112237    0.007408    0.221815 ^ clkbuf_4_15_0_clk/A (sky130_fd_sc_hd__clkbuf_8)
     9    0.029120    0.048790    0.118087    0.339902 ^ clkbuf_4_15_0_clk/X (sky130_fd_sc_hd__clkbuf_8)
                                                         clknet_4_15_0_clk (net)
                      0.049050    0.002744    0.342646 ^ _0894_/CLK (sky130_fd_sc_hd__dfrtp_2)
                                  0.250000    0.592646   clock uncertainty
                                  0.000000    0.592646   clock reconvergence pessimism
                                 -0.023307    0.569339   library hold time
                                              0.569339   data required time
---------------------------------------------------------------------------------------------
                                              0.569339   data required time
                                             -0.764396   data arrival time
---------------------------------------------------------------------------------------------
                                              0.195058   slack (MET)


Startpoint: _1001_ (rising edge-triggered flip-flop clocked by clk)
Endpoint: _1003_ (rising edge-triggered flip-flop clocked by clk)
Path Group: clk
Path Type: min

Fanout         Cap        Slew       Delay        Time   Description
---------------------------------------------------------------------------------------------
                                  0.000000    0.000000   clock clk (rise edge)
                                  0.000000    0.000000   clock source latency
     2    0.022841    0.081177    0.056215    0.056215 ^ clk (in)
                                                         clk (net)
                      0.081218    0.000000    0.056215 ^ clkbuf_0_clk/A (sky130_fd_sc_hd__clkbuf_16)
    33    0.131693    0.111462    0.158192    0.214407 ^ clkbuf_0_clk/X (sky130_fd_sc_hd__clkbuf_16)
                                                         clknet_0_clk (net)
                      0.111792    0.004896    0.219303 ^ clkbuf_4_7_0_clk/A (sky130_fd_sc_hd__clkbuf_8)
     9    0.027602    0.047009    0.117085    0.336389 ^ clkbuf_4_7_0_clk/X (sky130_fd_sc_hd__clkbuf_8)
                                                         clknet_4_7_0_clk (net)
                      0.047081    0.001589    0.337978 ^ _1001_/CLK (sky130_fd_sc_hd__dfrtp_2)
     4    0.012628    0.057316    0.240777    0.578754 ^ _1001_/Q (sky130_fd_sc_hd__dfrtp_2)
                                                         SYNTH_INST.waveshape.seq_div.n[0] (net)
                      0.057323    0.000660    0.579415 ^ _0875_/A (sky130_fd_sc_hd__and3_2)
     2    0.017689    0.076644    0.140637    0.720051 ^ _0875_/X (sky130_fd_sc_hd__and3_2)
                                                         _0419_ (net)
                      0.076660    0.001091    0.721142 ^ _0879_/B (sky130_fd_sc_hd__xor2_2)
     1    0.003526    0.022823    0.038278    0.759420 v _0879_/X (sky130_fd_sc_hd__xor2_2)
                                                         _0058_ (net)
                      0.022823    0.000226    0.759646 v _1003_/D (sky130_fd_sc_hd__dfrtp_2)
                                              0.759646   data arrival time

                                  0.000000    0.000000   clock clk (rise edge)
                                  0.000000    0.000000   clock source latency
     2    0.022841    0.081177    0.056215    0.056215 ^ clk (in)
                                                         clk (net)
                      0.081218    0.000000    0.056215 ^ clkbuf_0_clk/A (sky130_fd_sc_hd__clkbuf_16)
    33    0.131693    0.111462    0.158192    0.214407 ^ clkbuf_0_clk/X (sky130_fd_sc_hd__clkbuf_16)
                                                         clknet_0_clk (net)
                      0.112220    0.007329    0.221737 ^ clkbuf_4_13_0_clk/A (sky130_fd_sc_hd__clkbuf_8)
     9    0.026383    0.045571    0.116223    0.337960 ^ clkbuf_4_13_0_clk/X (sky130_fd_sc_hd__clkbuf_8)
                                                         clknet_4_13_0_clk (net)
                      0.045650    0.001617    0.339577 ^ _1003_/CLK (sky130_fd_sc_hd__dfrtp_2)
                                  0.250000    0.589577   clock uncertainty
                                  0.000000    0.589577   clock reconvergence pessimism
                                 -0.025366    0.564211   library hold time
                                              0.564211   data required time
---------------------------------------------------------------------------------------------
                                              0.564211   data required time
                                             -0.759646   data arrival time
---------------------------------------------------------------------------------------------
                                              0.195435   slack (MET)


Startpoint: _0927_ (rising edge-triggered flip-flop clocked by clk)
Endpoint: _0927_ (rising edge-triggered flip-flop clocked by clk)
Path Group: clk
Path Type: min

Fanout         Cap        Slew       Delay        Time   Description
---------------------------------------------------------------------------------------------
                                  0.000000    0.000000   clock clk (rise edge)
                                  0.000000    0.000000   clock source latency
     2    0.022841    0.081177    0.056215    0.056215 ^ clk (in)
                                                         clk (net)
                      0.081218    0.000000    0.056215 ^ clkbuf_0_clk/A (sky130_fd_sc_hd__clkbuf_16)
    33    0.131693    0.111462    0.158192    0.214407 ^ clkbuf_0_clk/X (sky130_fd_sc_hd__clkbuf_16)
                                                         clknet_0_clk (net)
                      0.111805    0.004987    0.219395 ^ clkbuf_4_2_0_clk/A (sky130_fd_sc_hd__clkbuf_8)
     9    0.035311    0.056222    0.123564    0.342958 ^ clkbuf_4_2_0_clk/X (sky130_fd_sc_hd__clkbuf_8)
                                                         clknet_4_2_0_clk (net)
                      0.056349    0.001673    0.344631 ^ _0927_/CLK (sky130_fd_sc_hd__dfrtp_2)
     5    0.018515    0.075522    0.258546    0.603177 ^ _0927_/Q (sky130_fd_sc_hd__dfrtp_2)
                                                         SYNTH_INST.count[12] (net)
                      0.075537    0.001058    0.604235 ^ _0644_/A (sky130_fd_sc_hd__or2_2)
     1    0.003185    0.021959    0.075741    0.679976 ^ _0644_/X (sky130_fd_sc_hd__or2_2)
                                                         _0264_ (net)
                      0.021960    0.000237    0.680213 ^ _0645_/B (sky130_fd_sc_hd__and3b_2)
     1    0.002482    0.026388    0.091833    0.772046 ^ _0645_/X (sky130_fd_sc_hd__and3b_2)
                                                         SYNTH_INST.oscill.n_count[12] (net)
                      0.026388    0.000176    0.772222 ^ _0927_/D (sky130_fd_sc_hd__dfrtp_2)
                                              0.772222   data arrival time

                                  0.000000    0.000000   clock clk (rise edge)
                                  0.000000    0.000000   clock source latency
     2    0.022841    0.081177    0.056215    0.056215 ^ clk (in)
                                                         clk (net)
                      0.081218    0.000000    0.056215 ^ clkbuf_0_clk/A (sky130_fd_sc_hd__clkbuf_16)
    33    0.131693    0.111462    0.158192    0.214407 ^ clkbuf_0_clk/X (sky130_fd_sc_hd__clkbuf_16)
                                                         clknet_0_clk (net)
                      0.111805    0.004987    0.219395 ^ clkbuf_4_2_0_clk/A (sky130_fd_sc_hd__clkbuf_8)
     9    0.035311    0.056222    0.123564    0.342958 ^ clkbuf_4_2_0_clk/X (sky130_fd_sc_hd__clkbuf_8)
                                                         clknet_4_2_0_clk (net)
                      0.056349    0.001673    0.344631 ^ _0927_/CLK (sky130_fd_sc_hd__dfrtp_2)
                                  0.250000    0.594631   clock uncertainty
                                  0.000000    0.594631   clock reconvergence pessimism
                                 -0.018737    0.575895   library hold time
                                              0.575895   data required time
---------------------------------------------------------------------------------------------
                                              0.575895   data required time
                                             -0.772222   data arrival time
---------------------------------------------------------------------------------------------
                                              0.196327   slack (MET)


Startpoint: _0896_ (rising edge-triggered flip-flop clocked by clk)
Endpoint: _0896_ (rising edge-triggered flip-flop clocked by clk)
Path Group: clk
Path Type: min

Fanout         Cap        Slew       Delay        Time   Description
---------------------------------------------------------------------------------------------
                                  0.000000    0.000000   clock clk (rise edge)
                                  0.000000    0.000000   clock source latency
     2    0.022841    0.081177    0.056215    0.056215 ^ clk (in)
                                                         clk (net)
                      0.081218    0.000000    0.056215 ^ clkbuf_0_clk/A (sky130_fd_sc_hd__clkbuf_16)
    33    0.131693    0.111462    0.158192    0.214407 ^ clkbuf_0_clk/X (sky130_fd_sc_hd__clkbuf_16)
                                                         clknet_0_clk (net)
                      0.112237    0.007408    0.221815 ^ clkbuf_4_15_0_clk/A (sky130_fd_sc_hd__clkbuf_8)
     9    0.029120    0.048790    0.118087    0.339902 ^ clkbuf_4_15_0_clk/X (sky130_fd_sc_hd__clkbuf_8)
                                                         clknet_4_15_0_clk (net)
                      0.048888    0.001675    0.341577 ^ _0896_/CLK (sky130_fd_sc_hd__dfrtp_2)
     3    0.013590    0.060562    0.244009    0.585586 ^ _0896_/Q (sky130_fd_sc_hd__dfrtp_2)
                                                         SYNTH_INST.pwm_counter.count[5] (net)
                      0.060562    0.000135    0.585721 ^ _0683_/A (sky130_fd_sc_hd__and3_2)
     4    0.021850    0.091048    0.151789    0.737510 ^ _0683_/X (sky130_fd_sc_hd__and3_2)
                                                         _0288_ (net)
                      0.091137    0.001752    0.739262 ^ _0693_/A (sky130_fd_sc_hd__nor2_2)
     1    0.003476    0.021137    0.026219    0.765481 v _0693_/Y (sky130_fd_sc_hd__nor2_2)
                                                         SYNTH_INST.pwm_counter.n_count[5] (net)
                      0.021138    0.000236    0.765717 v _0896_/D (sky130_fd_sc_hd__dfrtp_2)
                                              0.765717   data arrival time

                                  0.000000    0.000000   clock clk (rise edge)
                                  0.000000    0.000000   clock source latency
     2    0.022841    0.081177    0.056215    0.056215 ^ clk (in)
                                                         clk (net)
                      0.081218    0.000000    0.056215 ^ clkbuf_0_clk/A (sky130_fd_sc_hd__clkbuf_16)
    33    0.131693    0.111462    0.158192    0.214407 ^ clkbuf_0_clk/X (sky130_fd_sc_hd__clkbuf_16)
                                                         clknet_0_clk (net)
                      0.112237    0.007408    0.221815 ^ clkbuf_4_15_0_clk/A (sky130_fd_sc_hd__clkbuf_8)
     9    0.029120    0.048790    0.118087    0.339902 ^ clkbuf_4_15_0_clk/X (sky130_fd_sc_hd__clkbuf_8)
                                                         clknet_4_15_0_clk (net)
                      0.048888    0.001675    0.341577 ^ _0896_/CLK (sky130_fd_sc_hd__dfrtp_2)
                                  0.250000    0.591577   clock uncertainty
                                  0.000000    0.591577   clock reconvergence pessimism
                                 -0.024500    0.567077   library hold time
                                              0.567077   data required time
---------------------------------------------------------------------------------------------
                                              0.567077   data required time
                                             -0.765717   data arrival time
---------------------------------------------------------------------------------------------
                                              0.198640   slack (MET)


Startpoint: _0979_ (rising edge-triggered flip-flop clocked by clk)
Endpoint: _0980_ (rising edge-triggered flip-flop clocked by clk)
Path Group: clk
Path Type: min

Fanout         Cap        Slew       Delay        Time   Description
---------------------------------------------------------------------------------------------
                                  0.000000    0.000000   clock clk (rise edge)
                                  0.000000    0.000000   clock source latency
     2    0.022841    0.081177    0.056215    0.056215 ^ clk (in)
                                                         clk (net)
                      0.081218    0.000000    0.056215 ^ clkbuf_0_clk/A (sky130_fd_sc_hd__clkbuf_16)
    33    0.131693    0.111462    0.158192    0.214407 ^ clkbuf_0_clk/X (sky130_fd_sc_hd__clkbuf_16)
                                                         clknet_0_clk (net)
                      0.111854    0.005314    0.219721 ^ clkbuf_4_6_0_clk/A (sky130_fd_sc_hd__clkbuf_8)
     9    0.031293    0.051396    0.120102    0.339823 ^ clkbuf_4_6_0_clk/X (sky130_fd_sc_hd__clkbuf_8)
                                                         clknet_4_6_0_clk (net)
                      0.051567    0.002024    0.341847 ^ _0979_/CLK (sky130_fd_sc_hd__dfrtp_2)
     6    0.027432    0.105353    0.278931    0.620779 ^ _0979_/Q (sky130_fd_sc_hd__dfrtp_2)
                                                         SYNTH_INST.waveshape.seq_div.dividend[42] (net)
                      0.105387    0.001796    0.622575 ^ _0823_/B2 (sky130_fd_sc_hd__a32o_2)
     1    0.003236    0.027543    0.077859    0.700434 ^ _0823_/X (sky130_fd_sc_hd__a32o_2)
                                                         _0389_ (net)
                      0.027544    0.000241    0.700675 ^ _0824_/B2 (sky130_fd_sc_hd__a22o_2)
     1    0.003052    0.022177    0.068044    0.768719 ^ _0824_/X (sky130_fd_sc_hd__a22o_2)
                                                         _0035_ (net)
                      0.022178    0.000220    0.768939 ^ _0980_/D (sky130_fd_sc_hd__dfrtp_2)
                                              0.768939   data arrival time

                                  0.000000    0.000000   clock clk (rise edge)
                                  0.000000    0.000000   clock source latency
     2    0.022841    0.081177    0.056215    0.056215 ^ clk (in)
                                                         clk (net)
                      0.081218    0.000000    0.056215 ^ clkbuf_0_clk/A (sky130_fd_sc_hd__clkbuf_16)
    33    0.131693    0.111462    0.158192    0.214407 ^ clkbuf_0_clk/X (sky130_fd_sc_hd__clkbuf_16)
                                                         clknet_0_clk (net)
                      0.112001    0.006206    0.220614 ^ clkbuf_4_4_0_clk/A (sky130_fd_sc_hd__clkbuf_8)
     9    0.026219    0.045384    0.116103    0.336717 ^ clkbuf_4_4_0_clk/X (sky130_fd_sc_hd__clkbuf_8)
                                                         clknet_4_4_0_clk (net)
                      0.045398    0.000807    0.337524 ^ _0980_/CLK (sky130_fd_sc_hd__dfrtp_2)
                                  0.250000    0.587524   clock uncertainty
                                  0.000000    0.587524   clock reconvergence pessimism
                                 -0.018717    0.568807   library hold time
                                              0.568807   data required time
---------------------------------------------------------------------------------------------
                                              0.568807   data required time
                                             -0.768939   data arrival time
---------------------------------------------------------------------------------------------
                                              0.200132   slack (MET)


Startpoint: _0924_ (rising edge-triggered flip-flop clocked by clk)
Endpoint: _0924_ (rising edge-triggered flip-flop clocked by clk)
Path Group: clk
Path Type: min

Fanout         Cap        Slew       Delay        Time   Description
---------------------------------------------------------------------------------------------
                                  0.000000    0.000000   clock clk (rise edge)
                                  0.000000    0.000000   clock source latency
     2    0.022841    0.081177    0.056215    0.056215 ^ clk (in)
                                                         clk (net)
                      0.081218    0.000000    0.056215 ^ clkbuf_0_clk/A (sky130_fd_sc_hd__clkbuf_16)
    33    0.131693    0.111462    0.158192    0.214407 ^ clkbuf_0_clk/X (sky130_fd_sc_hd__clkbuf_16)
                                                         clknet_0_clk (net)
                      0.111824    0.005115    0.219523 ^ clkbuf_4_1_0_clk/A (sky130_fd_sc_hd__clkbuf_8)
     9    0.034762    0.055595    0.123472    0.342995 ^ clkbuf_4_1_0_clk/X (sky130_fd_sc_hd__clkbuf_8)
                                                         clknet_4_1_0_clk (net)
                      0.055765    0.002173    0.345168 ^ _0924_/CLK (sky130_fd_sc_hd__dfrtp_2)
     6    0.020304    0.081640    0.263153    0.608321 ^ _0924_/Q (sky130_fd_sc_hd__dfrtp_2)
                                                         SYNTH_INST.count[9] (net)
                      0.081641    0.000499    0.608821 ^ _0635_/A (sky130_fd_sc_hd__or2_2)
     1    0.002996    0.021395    0.076574    0.685395 ^ _0635_/X (sky130_fd_sc_hd__or2_2)
                                                         _0258_ (net)
                      0.021396    0.000220    0.685615 ^ _0636_/B (sky130_fd_sc_hd__and3b_2)
     1    0.002515    0.026495    0.091843    0.777458 ^ _0636_/X (sky130_fd_sc_hd__and3b_2)
                                                         SYNTH_INST.oscill.n_count[9] (net)
                      0.026495    0.000118    0.777575 ^ _0924_/D (sky130_fd_sc_hd__dfrtp_2)
                                              0.777575   data arrival time

                                  0.000000    0.000000   clock clk (rise edge)
                                  0.000000    0.000000   clock source latency
     2    0.022841    0.081177    0.056215    0.056215 ^ clk (in)
                                                         clk (net)
                      0.081218    0.000000    0.056215 ^ clkbuf_0_clk/A (sky130_fd_sc_hd__clkbuf_16)
    33    0.131693    0.111462    0.158192    0.214407 ^ clkbuf_0_clk/X (sky130_fd_sc_hd__clkbuf_16)
                                                         clknet_0_clk (net)
                      0.111824    0.005115    0.219523 ^ clkbuf_4_1_0_clk/A (sky130_fd_sc_hd__clkbuf_8)
     9    0.034762    0.055595    0.123472    0.342995 ^ clkbuf_4_1_0_clk/X (sky130_fd_sc_hd__clkbuf_8)
                                                         clknet_4_1_0_clk (net)
                      0.055765    0.002173    0.345168 ^ _0924_/CLK (sky130_fd_sc_hd__dfrtp_2)
                                  0.250000    0.595168   clock uncertainty
                                  0.000000    0.595168   clock reconvergence pessimism
                                 -0.018760    0.576408   library hold time
                                              0.576408   data required time
---------------------------------------------------------------------------------------------
                                              0.576408   data required time
                                             -0.777575   data arrival time
---------------------------------------------------------------------------------------------
                                              0.201167   slack (MET)


Startpoint: _0918_ (rising edge-triggered flip-flop clocked by clk)
Endpoint: _0918_ (rising edge-triggered flip-flop clocked by clk)
Path Group: clk
Path Type: min

Fanout         Cap        Slew       Delay        Time   Description
---------------------------------------------------------------------------------------------
                                  0.000000    0.000000   clock clk (rise edge)
                                  0.000000    0.000000   clock source latency
     2    0.022841    0.081177    0.056215    0.056215 ^ clk (in)
                                                         clk (net)
                      0.081218    0.000000    0.056215 ^ clkbuf_0_clk/A (sky130_fd_sc_hd__clkbuf_16)
    33    0.131693    0.111462    0.158192    0.214407 ^ clkbuf_0_clk/X (sky130_fd_sc_hd__clkbuf_16)
                                                         clknet_0_clk (net)
                      0.111784    0.004838    0.219246 ^ clkbuf_4_9_0_clk/A (sky130_fd_sc_hd__clkbuf_8)
     9    0.027530    0.046921    0.116993    0.336238 ^ clkbuf_4_9_0_clk/X (sky130_fd_sc_hd__clkbuf_8)
                                                         clknet_4_9_0_clk (net)
                      0.046967    0.001309    0.337548 ^ _0918_/CLK (sky130_fd_sc_hd__dfrtp_2)
     6    0.020197    0.081090    0.259532    0.597079 ^ _0918_/Q (sky130_fd_sc_hd__dfrtp_2)
                                                         SYNTH_INST.count[3] (net)
                      0.081114    0.001369    0.598448 ^ _0617_/A (sky130_fd_sc_hd__or2_2)
     1    0.003814    0.024027    0.079028    0.677476 ^ _0617_/X (sky130_fd_sc_hd__or2_2)
                                                         _0246_ (net)
                      0.024030    0.000224    0.677700 ^ _0618_/B (sky130_fd_sc_hd__and3b_2)
     1    0.002535    0.026553    0.092550    0.770250 ^ _0618_/X (sky130_fd_sc_hd__and3b_2)
                                                         SYNTH_INST.oscill.n_count[3] (net)
                      0.026553    0.000120    0.770370 ^ _0918_/D (sky130_fd_sc_hd__dfrtp_2)
                                              0.770370   data arrival time

                                  0.000000    0.000000   clock clk (rise edge)
                                  0.000000    0.000000   clock source latency
     2    0.022841    0.081177    0.056215    0.056215 ^ clk (in)
                                                         clk (net)
                      0.081218    0.000000    0.056215 ^ clkbuf_0_clk/A (sky130_fd_sc_hd__clkbuf_16)
    33    0.131693    0.111462    0.158192    0.214407 ^ clkbuf_0_clk/X (sky130_fd_sc_hd__clkbuf_16)
                                                         clknet_0_clk (net)
                      0.111784    0.004838    0.219246 ^ clkbuf_4_9_0_clk/A (sky130_fd_sc_hd__clkbuf_8)
     9    0.027530    0.046921    0.116993    0.336238 ^ clkbuf_4_9_0_clk/X (sky130_fd_sc_hd__clkbuf_8)
                                                         clknet_4_9_0_clk (net)
                      0.046967    0.001309    0.337548 ^ _0918_/CLK (sky130_fd_sc_hd__dfrtp_2)
                                  0.250000    0.587547   clock uncertainty
                                  0.000000    0.587547   clock reconvergence pessimism
                                 -0.018996    0.568552   library hold time
                                              0.568552   data required time
---------------------------------------------------------------------------------------------
                                              0.568552   data required time
                                             -0.770370   data arrival time
---------------------------------------------------------------------------------------------
                                              0.201818   slack (MET)


Startpoint: _0972_ (rising edge-triggered flip-flop clocked by clk)
Endpoint: _0973_ (rising edge-triggered flip-flop clocked by clk)
Path Group: clk
Path Type: min

Fanout         Cap        Slew       Delay        Time   Description
---------------------------------------------------------------------------------------------
                                  0.000000    0.000000   clock clk (rise edge)
                                  0.000000    0.000000   clock source latency
     2    0.022841    0.081177    0.056215    0.056215 ^ clk (in)
                                                         clk (net)
                      0.081218    0.000000    0.056215 ^ clkbuf_0_clk/A (sky130_fd_sc_hd__clkbuf_16)
    33    0.131693    0.111462    0.158192    0.214407 ^ clkbuf_0_clk/X (sky130_fd_sc_hd__clkbuf_16)
                                                         clknet_0_clk (net)
                      0.111824    0.005115    0.219523 ^ clkbuf_4_1_0_clk/A (sky130_fd_sc_hd__clkbuf_8)
     9    0.034762    0.055595    0.123472    0.342995 ^ clkbuf_4_1_0_clk/X (sky130_fd_sc_hd__clkbuf_8)
                                                         clknet_4_1_0_clk (net)
                      0.055636    0.001394    0.344389 ^ _0972_/CLK (sky130_fd_sc_hd__dfrtp_2)
     5    0.024529    0.095602    0.272498    0.616887 ^ _0972_/Q (sky130_fd_sc_hd__dfrtp_2)
                                                         SYNTH_INST.waveshape.seq_div.dividend[35] (net)
                      0.095629    0.001587    0.618474 ^ _0796_/A1 (sky130_fd_sc_hd__a22o_2)
     1    0.003987    0.025209    0.091015    0.709489 ^ _0796_/X (sky130_fd_sc_hd__a22o_2)
                                                         _0369_ (net)
                      0.025212    0.000274    0.709763 ^ _0797_/A1 (sky130_fd_sc_hd__mux2_1)
     1    0.002772    0.028522    0.070943    0.780707 ^ _0797_/X (sky130_fd_sc_hd__mux2_1)
                                                         _0028_ (net)
                      0.028523    0.000198    0.780905 ^ _0973_/D (sky130_fd_sc_hd__dfrtp_2)
                                              0.780905   data arrival time

                                  0.000000    0.000000   clock clk (rise edge)
                                  0.000000    0.000000   clock source latency
     2    0.022841    0.081177    0.056215    0.056215 ^ clk (in)
                                                         clk (net)
                      0.081218    0.000000    0.056215 ^ clkbuf_0_clk/A (sky130_fd_sc_hd__clkbuf_16)
    33    0.131693    0.111462    0.158192    0.214407 ^ clkbuf_0_clk/X (sky130_fd_sc_hd__clkbuf_16)
                                                         clknet_0_clk (net)
                      0.111824    0.005115    0.219523 ^ clkbuf_4_1_0_clk/A (sky130_fd_sc_hd__clkbuf_8)
     9    0.034762    0.055595    0.123472    0.342995 ^ clkbuf_4_1_0_clk/X (sky130_fd_sc_hd__clkbuf_8)
                                                         clknet_4_1_0_clk (net)
                      0.055629    0.001293    0.344288 ^ _0973_/CLK (sky130_fd_sc_hd__dfrtp_2)
                                  0.250000    0.594288   clock uncertainty
                                  0.000000    0.594288   clock reconvergence pessimism
                                 -0.018912    0.575376   library hold time
                                              0.575376   data required time
---------------------------------------------------------------------------------------------
                                              0.575376   data required time
                                             -0.780905   data arrival time
---------------------------------------------------------------------------------------------
                                              0.205528   slack (MET)


Startpoint: _0928_ (rising edge-triggered flip-flop clocked by clk)
Endpoint: _0928_ (rising edge-triggered flip-flop clocked by clk)
Path Group: clk
Path Type: min

Fanout         Cap        Slew       Delay        Time   Description
---------------------------------------------------------------------------------------------
                                  0.000000    0.000000   clock clk (rise edge)
                                  0.000000    0.000000   clock source latency
     2    0.022841    0.081177    0.056215    0.056215 ^ clk (in)
                                                         clk (net)
                      0.081218    0.000000    0.056215 ^ clkbuf_0_clk/A (sky130_fd_sc_hd__clkbuf_16)
    33    0.131693    0.111462    0.158192    0.214407 ^ clkbuf_0_clk/X (sky130_fd_sc_hd__clkbuf_16)
                                                         clknet_0_clk (net)
                      0.111707    0.004239    0.218647 ^ clkbuf_4_3_0_clk/A (sky130_fd_sc_hd__clkbuf_8)
     9    0.029061    0.048732    0.118254    0.336901 ^ clkbuf_4_3_0_clk/X (sky130_fd_sc_hd__clkbuf_8)
                                                         clknet_4_3_0_clk (net)
                      0.048873    0.001753    0.338654 ^ _0928_/CLK (sky130_fd_sc_hd__dfrtp_2)
     5    0.022155    0.087658    0.265109    0.603762 ^ _0928_/Q (sky130_fd_sc_hd__dfrtp_2)
                                                         SYNTH_INST.count[13] (net)
                      0.087681    0.001384    0.605146 ^ _0646_/A (sky130_fd_sc_hd__nand2_2)
     2    0.010580    0.034404    0.044960    0.650106 v _0646_/Y (sky130_fd_sc_hd__nand2_2)
                                                         _0265_ (net)
                      0.034408    0.000307    0.650414 v _0648_/B (sky130_fd_sc_hd__and3_2)
     1    0.003011    0.024462    0.118030    0.768444 v _0648_/X (sky130_fd_sc_hd__and3_2)
                                                         SYNTH_INST.oscill.n_count[13] (net)
                      0.024462    0.000196    0.768640 v _0928_/D (sky130_fd_sc_hd__dfrtp_2)
                                              0.768640   data arrival time

                                  0.000000    0.000000   clock clk (rise edge)
                                  0.000000    0.000000   clock source latency
     2    0.022841    0.081177    0.056215    0.056215 ^ clk (in)
                                                         clk (net)
                      0.081218    0.000000    0.056215 ^ clkbuf_0_clk/A (sky130_fd_sc_hd__clkbuf_16)
    33    0.131693    0.111462    0.158192    0.214407 ^ clkbuf_0_clk/X (sky130_fd_sc_hd__clkbuf_16)
                                                         clknet_0_clk (net)
                      0.111707    0.004239    0.218647 ^ clkbuf_4_3_0_clk/A (sky130_fd_sc_hd__clkbuf_8)
     9    0.029061    0.048732    0.118254    0.336901 ^ clkbuf_4_3_0_clk/X (sky130_fd_sc_hd__clkbuf_8)
                                                         clknet_4_3_0_clk (net)
                      0.048873    0.001753    0.338654 ^ _0928_/CLK (sky130_fd_sc_hd__dfrtp_2)
                                  0.250000    0.588654   clock uncertainty
                                  0.000000    0.588654   clock reconvergence pessimism
                                 -0.025566    0.563087   library hold time
                                              0.563087   data required time
---------------------------------------------------------------------------------------------
                                              0.563087   data required time
                                             -0.768640   data arrival time
---------------------------------------------------------------------------------------------
                                              0.205553   slack (MET)


Startpoint: _0951_ (rising edge-triggered flip-flop clocked by clk)
Endpoint: _0951_ (rising edge-triggered flip-flop clocked by clk)
Path Group: clk
Path Type: min

Fanout         Cap        Slew       Delay        Time   Description
---------------------------------------------------------------------------------------------
                                  0.000000    0.000000   clock clk (rise edge)
                                  0.000000    0.000000   clock source latency
     2    0.022841    0.081177    0.056215    0.056215 ^ clk (in)
                                                         clk (net)
                      0.081218    0.000000    0.056215 ^ clkbuf_0_clk/A (sky130_fd_sc_hd__clkbuf_16)
    33    0.131693    0.111462    0.158192    0.214407 ^ clkbuf_0_clk/X (sky130_fd_sc_hd__clkbuf_16)
                                                         clknet_0_clk (net)
                      0.111967    0.006009    0.220416 ^ clkbuf_4_8_0_clk/A (sky130_fd_sc_hd__clkbuf_8)
     9    0.025782    0.044801    0.115330    0.335746 ^ clkbuf_4_8_0_clk/X (sky130_fd_sc_hd__clkbuf_8)
                                                         clknet_4_8_0_clk (net)
                      0.044948    0.001673    0.337419 ^ _0951_/CLK (sky130_fd_sc_hd__dfrtp_2)
    10    0.049153    0.177922    0.328388    0.665807 ^ _0951_/Q (sky130_fd_sc_hd__dfrtp_2)
                                                         SYNTH_INST.freq_div.keycode[2] (net)
                      0.177922    0.000153    0.665960 ^ _0729_/B2 (sky130_fd_sc_hd__o2bb2a_2)
     1    0.003004    0.024186    0.114576    0.780537 ^ _0729_/X (sky130_fd_sc_hd__o2bb2a_2)
                                                         _0006_ (net)
                      0.024186    0.000125    0.780662 ^ _0951_/D (sky130_fd_sc_hd__dfrtp_2)
                                              0.780662   data arrival time

                                  0.000000    0.000000   clock clk (rise edge)
                                  0.000000    0.000000   clock source latency
     2    0.022841    0.081177    0.056215    0.056215 ^ clk (in)
                                                         clk (net)
                      0.081218    0.000000    0.056215 ^ clkbuf_0_clk/A (sky130_fd_sc_hd__clkbuf_16)
    33    0.131693    0.111462    0.158192    0.214407 ^ clkbuf_0_clk/X (sky130_fd_sc_hd__clkbuf_16)
                                                         clknet_0_clk (net)
                      0.111967    0.006009    0.220416 ^ clkbuf_4_8_0_clk/A (sky130_fd_sc_hd__clkbuf_8)
     9    0.025782    0.044801    0.115330    0.335746 ^ clkbuf_4_8_0_clk/X (sky130_fd_sc_hd__clkbuf_8)
                                                         clknet_4_8_0_clk (net)
                      0.044948    0.001673    0.337419 ^ _0951_/CLK (sky130_fd_sc_hd__dfrtp_2)
                                  0.250000    0.587419   clock uncertainty
                                  0.000000    0.587419   clock reconvergence pessimism
                                 -0.018876    0.568543   library hold time
                                              0.568543   data required time
---------------------------------------------------------------------------------------------
                                              0.568543   data required time
                                             -0.780662   data arrival time
---------------------------------------------------------------------------------------------
                                              0.212118   slack (MET)


Startpoint: _0984_ (rising edge-triggered flip-flop clocked by clk)
Endpoint: _1015_ (rising edge-triggered flip-flop clocked by clk)
Path Group: clk
Path Type: min

Fanout         Cap        Slew       Delay        Time   Description
---------------------------------------------------------------------------------------------
                                  0.000000    0.000000   clock clk (rise edge)
                                  0.000000    0.000000   clock source latency
     2    0.022841    0.081177    0.056215    0.056215 ^ clk (in)
                                                         clk (net)
                      0.081218    0.000000    0.056215 ^ clkbuf_0_clk/A (sky130_fd_sc_hd__clkbuf_16)
    33    0.131693    0.111462    0.158192    0.214407 ^ clkbuf_0_clk/X (sky130_fd_sc_hd__clkbuf_16)
                                                         clknet_0_clk (net)
                      0.112001    0.006206    0.220614 ^ clkbuf_4_4_0_clk/A (sky130_fd_sc_hd__clkbuf_8)
     9    0.026219    0.045384    0.116103    0.336717 ^ clkbuf_4_4_0_clk/X (sky130_fd_sc_hd__clkbuf_8)
                                                         clknet_4_4_0_clk (net)
                      0.045463    0.001612    0.338329 ^ _0984_/CLK (sky130_fd_sc_hd__dfrtp_2)
     4    0.023254    0.091346    0.267056    0.605385 ^ _0984_/Q (sky130_fd_sc_hd__dfrtp_2)
                                                         SYNTH_INST.waveshape.seq_div.dividend[47] (net)
                      0.091355    0.000993    0.606378 ^ _0544_/A (sky130_fd_sc_hd__nor2_2)
     1    0.004815    0.023597    0.029040    0.635418 v _0544_/Y (sky130_fd_sc_hd__nor2_2)
                                                         _0189_ (net)
                      0.023599    0.000358    0.635776 v _0572_/A2 (sky130_fd_sc_hd__a21o_2)
     1    0.008131    0.031573    0.139139    0.774915 v _0572_/X (sky130_fd_sc_hd__a21o_2)
                                                         _0002_ (net)
                      0.031583    0.000541    0.775456 v _1015_/D (sky130_fd_sc_hd__dfrtp_2)
                                              0.775456   data arrival time

                                  0.000000    0.000000   clock clk (rise edge)
                                  0.000000    0.000000   clock source latency
     2    0.022841    0.081177    0.056215    0.056215 ^ clk (in)
                                                         clk (net)
                      0.081218    0.000000    0.056215 ^ clkbuf_0_clk/A (sky130_fd_sc_hd__clkbuf_16)
    33    0.131693    0.111462    0.158192    0.214407 ^ clkbuf_0_clk/X (sky130_fd_sc_hd__clkbuf_16)
                                                         clknet_0_clk (net)
                      0.111994    0.006166    0.220573 ^ clkbuf_4_5_0_clk/A (sky130_fd_sc_hd__clkbuf_8)
     9    0.027677    0.047082    0.117064    0.337637 ^ clkbuf_4_5_0_clk/X (sky130_fd_sc_hd__clkbuf_8)
                                                         clknet_4_5_0_clk (net)
                      0.047262    0.002029    0.339666 ^ _1015_/CLK (sky130_fd_sc_hd__dfrtp_2)
                                  0.250000    0.589666   clock uncertainty
                                  0.000000    0.589666   clock reconvergence pessimism
                                 -0.028010    0.561657   library hold time
                                              0.561657   data required time
---------------------------------------------------------------------------------------------
                                              0.561657   data required time
                                             -0.775456   data arrival time
---------------------------------------------------------------------------------------------
                                              0.213799   slack (MET)


Startpoint: _0907_ (rising edge-triggered flip-flop clocked by clk)
Endpoint: _0908_ (rising edge-triggered flip-flop clocked by clk)
Path Group: clk
Path Type: min

Fanout         Cap        Slew       Delay        Time   Description
---------------------------------------------------------------------------------------------
                                  0.000000    0.000000   clock clk (rise edge)
                                  0.000000    0.000000   clock source latency
     2    0.022841    0.081177    0.056215    0.056215 ^ clk (in)
                                                         clk (net)
                      0.081218    0.000000    0.056215 ^ clkbuf_0_clk/A (sky130_fd_sc_hd__clkbuf_16)
    33    0.131693    0.111462    0.158192    0.214407 ^ clkbuf_0_clk/X (sky130_fd_sc_hd__clkbuf_16)
                                                         clknet_0_clk (net)
                      0.112001    0.006206    0.220614 ^ clkbuf_4_4_0_clk/A (sky130_fd_sc_hd__clkbuf_8)
     9    0.026219    0.045384    0.116103    0.336717 ^ clkbuf_4_4_0_clk/X (sky130_fd_sc_hd__clkbuf_8)
                                                         clknet_4_4_0_clk (net)
                      0.045418    0.001121    0.337838 ^ _0907_/CLK (sky130_fd_sc_hd__dfrtp_2)
     5    0.023391    0.091796    0.267269    0.605106 ^ _0907_/Q (sky130_fd_sc_hd__dfrtp_2)
                                                         SYNTH_INST.sample_rate.count[0] (net)
                      0.091825    0.001572    0.606678 ^ _0579_/A1 (sky130_fd_sc_hd__a21oi_2)
     1    0.002624    0.013349    0.029331    0.636009 v _0579_/Y (sky130_fd_sc_hd__a21oi_2)
                                                         SYNTH_INST.sample_rate.n_count[1] (net)
                      0.013350    0.000185    0.636194 v hold165/A (sky130_fd_sc_hd__dlygate4sd3_1)
     1    0.003672    0.042378    0.359276    0.995469 v hold165/X (sky130_fd_sc_hd__dlygate4sd3_1)
                                                         net165 (net)
                      0.042378    0.000238    0.995707 v _0908_/D (sky130_fd_sc_hd__dfrtp_2)
                                              0.995707   data arrival time

                                  0.000000    0.000000   clock clk (rise edge)
                                  0.000000    0.000000   clock source latency
     2    0.022841    0.081177    0.056215    0.056215 ^ clk (in)
                                                         clk (net)
                      0.081218    0.000000    0.056215 ^ clkbuf_0_clk/A (sky130_fd_sc_hd__clkbuf_16)
    33    0.131693    0.111462    0.158192    0.214407 ^ clkbuf_0_clk/X (sky130_fd_sc_hd__clkbuf_16)
                                                         clknet_0_clk (net)
                      0.111994    0.006166    0.220573 ^ clkbuf_4_5_0_clk/A (sky130_fd_sc_hd__clkbuf_8)
     9    0.027677    0.047082    0.117064    0.337637 ^ clkbuf_4_5_0_clk/X (sky130_fd_sc_hd__clkbuf_8)
                                                         clknet_4_5_0_clk (net)
                      0.047252    0.001953    0.339591 ^ _0908_/CLK (sky130_fd_sc_hd__dfrtp_2)
                                  0.250000    0.589591   clock uncertainty
                                  0.000000    0.589591   clock reconvergence pessimism
                                 -0.031468    0.558122   library hold time
                                              0.558122   data required time
---------------------------------------------------------------------------------------------
                                              0.558122   data required time
                                             -0.995707   data arrival time
---------------------------------------------------------------------------------------------
                                              0.437585   slack (MET)


Startpoint: _0960_ (rising edge-triggered flip-flop clocked by clk)
Endpoint: _0960_ (rising edge-triggered flip-flop clocked by clk)
Path Group: clk
Path Type: min

Fanout         Cap        Slew       Delay        Time   Description
---------------------------------------------------------------------------------------------
                                  0.000000    0.000000   clock clk (rise edge)
                                  0.000000    0.000000   clock source latency
     2    0.022841    0.081177    0.056215    0.056215 ^ clk (in)
                                                         clk (net)
                      0.081218    0.000000    0.056215 ^ clkbuf_0_clk/A (sky130_fd_sc_hd__clkbuf_16)
    33    0.131693    0.111462    0.158192    0.214407 ^ clkbuf_0_clk/X (sky130_fd_sc_hd__clkbuf_16)
                                                         clknet_0_clk (net)
                      0.112235    0.007400    0.221807 ^ clkbuf_4_14_0_clk/A (sky130_fd_sc_hd__clkbuf_8)
     9    0.027915    0.047352    0.117350    0.339157 ^ clkbuf_4_14_0_clk/X (sky130_fd_sc_hd__clkbuf_8)
                                                         clknet_4_14_0_clk (net)
                      0.047526    0.001930    0.341088 ^ _0960_/CLK (sky130_fd_sc_hd__dfrtp_2)
     3    0.010235    0.049365    0.233957    0.575045 ^ _0960_/Q (sky130_fd_sc_hd__dfrtp_2)
                                                         SYNTH_INST.pwm_counter.active_sample[7] (net)
                      0.049371    0.000559    0.575604 ^ _0740_/A0 (sky130_fd_sc_hd__mux2_1)
     1    0.003425    0.032266    0.079647    0.655251 ^ _0740_/X (sky130_fd_sc_hd__mux2_1)
                                                         _0015_ (net)
                      0.032267    0.000212    0.655463 ^ hold159/A (sky130_fd_sc_hd__dlygate4sd3_1)
     1    0.002985    0.038465    0.372192    1.027655 ^ hold159/X (sky130_fd_sc_hd__dlygate4sd3_1)
                                                         net159 (net)
                      0.038938    0.000193    1.027848 ^ _0960_/D (sky130_fd_sc_hd__dfrtp_2)
                                              1.027848   data arrival time

                                  0.000000    0.000000   clock clk (rise edge)
                                  0.000000    0.000000   clock source latency
     2    0.022841    0.081177    0.056215    0.056215 ^ clk (in)
                                                         clk (net)
                      0.081218    0.000000    0.056215 ^ clkbuf_0_clk/A (sky130_fd_sc_hd__clkbuf_16)
    33    0.131693    0.111462    0.158192    0.214407 ^ clkbuf_0_clk/X (sky130_fd_sc_hd__clkbuf_16)
                                                         clknet_0_clk (net)
                      0.112235    0.007400    0.221807 ^ clkbuf_4_14_0_clk/A (sky130_fd_sc_hd__clkbuf_8)
     9    0.027915    0.047352    0.117350    0.339157 ^ clkbuf_4_14_0_clk/X (sky130_fd_sc_hd__clkbuf_8)
                                                         clknet_4_14_0_clk (net)
                      0.047526    0.001930    0.341088 ^ _0960_/CLK (sky130_fd_sc_hd__dfrtp_2)
                                  0.250000    0.591088   clock uncertainty
                                  0.000000    0.591088   clock reconvergence pessimism
                                 -0.019886    0.571201   library hold time
                                              0.571201   data required time
---------------------------------------------------------------------------------------------
                                              0.571201   data required time
                                             -1.027848   data arrival time
---------------------------------------------------------------------------------------------
                                              0.456646   slack (MET)


Startpoint: _0959_ (rising edge-triggered flip-flop clocked by clk)
Endpoint: _0959_ (rising edge-triggered flip-flop clocked by clk)
Path Group: clk
Path Type: min

Fanout         Cap        Slew       Delay        Time   Description
---------------------------------------------------------------------------------------------
                                  0.000000    0.000000   clock clk (rise edge)
                                  0.000000    0.000000   clock source latency
     2    0.022841    0.081177    0.056215    0.056215 ^ clk (in)
                                                         clk (net)
                      0.081218    0.000000    0.056215 ^ clkbuf_0_clk/A (sky130_fd_sc_hd__clkbuf_16)
    33    0.131693    0.111462    0.158192    0.214407 ^ clkbuf_0_clk/X (sky130_fd_sc_hd__clkbuf_16)
                                                         clknet_0_clk (net)
                      0.112235    0.007400    0.221807 ^ clkbuf_4_14_0_clk/A (sky130_fd_sc_hd__clkbuf_8)
     9    0.027915    0.047352    0.117350    0.339157 ^ clkbuf_4_14_0_clk/X (sky130_fd_sc_hd__clkbuf_8)
                                                         clknet_4_14_0_clk (net)
                      0.047475    0.001510    0.340668 ^ _0959_/CLK (sky130_fd_sc_hd__dfrtp_2)
     3    0.013957    0.061271    0.244620    0.585288 ^ _0959_/Q (sky130_fd_sc_hd__dfrtp_2)
                                                         SYNTH_INST.pwm_counter.active_sample[6] (net)
                      0.061280    0.000763    0.586051 ^ _0739_/A0 (sky130_fd_sc_hd__mux2_1)
     1    0.002583    0.027612    0.078045    0.664096 ^ _0739_/X (sky130_fd_sc_hd__mux2_1)
                                                         _0014_ (net)
                      0.027612    0.000107    0.664203 ^ hold149/A (sky130_fd_sc_hd__dlygate4sd3_1)
     1    0.002343    0.034590    0.367082    1.031286 ^ hold149/X (sky130_fd_sc_hd__dlygate4sd3_1)
                                                         net149 (net)
                      0.034590    0.000169    1.031455 ^ _0959_/D (sky130_fd_sc_hd__dfrtp_2)
                                              1.031455   data arrival time

                                  0.000000    0.000000   clock clk (rise edge)
                                  0.000000    0.000000   clock source latency
     2    0.022841    0.081177    0.056215    0.056215 ^ clk (in)
                                                         clk (net)
                      0.081218    0.000000    0.056215 ^ clkbuf_0_clk/A (sky130_fd_sc_hd__clkbuf_16)
    33    0.131693    0.111462    0.158192    0.214407 ^ clkbuf_0_clk/X (sky130_fd_sc_hd__clkbuf_16)
                                                         clknet_0_clk (net)
                      0.112235    0.007400    0.221807 ^ clkbuf_4_14_0_clk/A (sky130_fd_sc_hd__clkbuf_8)
     9    0.027915    0.047352    0.117350    0.339157 ^ clkbuf_4_14_0_clk/X (sky130_fd_sc_hd__clkbuf_8)
                                                         clknet_4_14_0_clk (net)
                      0.047475    0.001510    0.340668 ^ _0959_/CLK (sky130_fd_sc_hd__dfrtp_2)
                                  0.250000    0.590668   clock uncertainty
                                  0.000000    0.590668   clock reconvergence pessimism
                                 -0.019570    0.571098   library hold time
                                              0.571098   data required time
---------------------------------------------------------------------------------------------
                                              0.571098   data required time
                                             -1.031455   data arrival time
---------------------------------------------------------------------------------------------
                                              0.460357   slack (MET)


Startpoint: _0956_ (rising edge-triggered flip-flop clocked by clk)
Endpoint: _0956_ (rising edge-triggered flip-flop clocked by clk)
Path Group: clk
Path Type: min

Fanout         Cap        Slew       Delay        Time   Description
---------------------------------------------------------------------------------------------
                                  0.000000    0.000000   clock clk (rise edge)
                                  0.000000    0.000000   clock source latency
     2    0.022841    0.081177    0.056215    0.056215 ^ clk (in)
                                                         clk (net)
                      0.081218    0.000000    0.056215 ^ clkbuf_0_clk/A (sky130_fd_sc_hd__clkbuf_16)
    33    0.131693    0.111462    0.158192    0.214407 ^ clkbuf_0_clk/X (sky130_fd_sc_hd__clkbuf_16)
                                                         clknet_0_clk (net)
                      0.112220    0.007329    0.221737 ^ clkbuf_4_13_0_clk/A (sky130_fd_sc_hd__clkbuf_8)
     9    0.026383    0.045571    0.116223    0.337960 ^ clkbuf_4_13_0_clk/X (sky130_fd_sc_hd__clkbuf_8)
                                                         clknet_4_13_0_clk (net)
                      0.045579    0.000683    0.338643 ^ _0956_/CLK (sky130_fd_sc_hd__dfrtp_2)
     3    0.009493    0.046956    0.231283    0.569926 ^ _0956_/Q (sky130_fd_sc_hd__dfrtp_2)
                                                         SYNTH_INST.pwm_counter.active_sample[3] (net)
                      0.046960    0.000488    0.570414 ^ _0736_/A0 (sky130_fd_sc_hd__mux2_1)
     1    0.003491    0.032648    0.079324    0.649738 ^ _0736_/X (sky130_fd_sc_hd__mux2_1)
                                                         _0011_ (net)
                      0.032649    0.000210    0.649948 ^ hold161/A (sky130_fd_sc_hd__dlygate4sd3_1)
     1    0.004384    0.048080    0.380554    1.030502 ^ hold161/X (sky130_fd_sc_hd__dlygate4sd3_1)
                                                         net161 (net)
                      0.048080    0.000288    1.030790 ^ _0956_/D (sky130_fd_sc_hd__dfrtp_2)
                                              1.030790   data arrival time

                                  0.000000    0.000000   clock clk (rise edge)
                                  0.000000    0.000000   clock source latency
     2    0.022841    0.081177    0.056215    0.056215 ^ clk (in)
                                                         clk (net)
                      0.081218    0.000000    0.056215 ^ clkbuf_0_clk/A (sky130_fd_sc_hd__clkbuf_16)
    33    0.131693    0.111462    0.158192    0.214407 ^ clkbuf_0_clk/X (sky130_fd_sc_hd__clkbuf_16)
                                                         clknet_0_clk (net)
                      0.112220    0.007329    0.221737 ^ clkbuf_4_13_0_clk/A (sky130_fd_sc_hd__clkbuf_8)
     9    0.026383    0.045571    0.116223    0.337960 ^ clkbuf_4_13_0_clk/X (sky130_fd_sc_hd__clkbuf_8)
                                                         clknet_4_13_0_clk (net)
                      0.045579    0.000683    0.338643 ^ _0956_/CLK (sky130_fd_sc_hd__dfrtp_2)
                                  0.250000    0.588643   clock uncertainty
                                  0.000000    0.588643   clock reconvergence pessimism
                                 -0.020606    0.568037   library hold time
                                              0.568037   data required time
---------------------------------------------------------------------------------------------
                                              0.568037   data required time
                                             -1.030790   data arrival time
---------------------------------------------------------------------------------------------
                                              0.462753   slack (MET)


Startpoint: _0958_ (rising edge-triggered flip-flop clocked by clk)
Endpoint: _0958_ (rising edge-triggered flip-flop clocked by clk)
Path Group: clk
Path Type: min

Fanout         Cap        Slew       Delay        Time   Description
---------------------------------------------------------------------------------------------
                                  0.000000    0.000000   clock clk (rise edge)
                                  0.000000    0.000000   clock source latency
     2    0.022841    0.081177    0.056215    0.056215 ^ clk (in)
                                                         clk (net)
                      0.081218    0.000000    0.056215 ^ clkbuf_0_clk/A (sky130_fd_sc_hd__clkbuf_16)
    33    0.131693    0.111462    0.158192    0.214407 ^ clkbuf_0_clk/X (sky130_fd_sc_hd__clkbuf_16)
                                                         clknet_0_clk (net)
                      0.112235    0.007400    0.221807 ^ clkbuf_4_14_0_clk/A (sky130_fd_sc_hd__clkbuf_8)
     9    0.027915    0.047352    0.117350    0.339157 ^ clkbuf_4_14_0_clk/X (sky130_fd_sc_hd__clkbuf_8)
                                                         clknet_4_14_0_clk (net)
                      0.047460    0.001373    0.340531 ^ _0958_/CLK (sky130_fd_sc_hd__dfrtp_2)
     3    0.010246    0.049402    0.233961    0.574492 ^ _0958_/Q (sky130_fd_sc_hd__dfrtp_2)
                                                         SYNTH_INST.pwm_counter.active_sample[5] (net)
                      0.049406    0.000512    0.575003 ^ _0738_/A0 (sky130_fd_sc_hd__mux2_1)
     1    0.003864    0.034787    0.081944    0.656948 ^ _0738_/X (sky130_fd_sc_hd__mux2_1)
                                                         _0013_ (net)
                      0.034788    0.000227    0.657175 ^ hold151/A (sky130_fd_sc_hd__dlygate4sd3_1)
     1    0.003640    0.043265    0.376921    1.034095 ^ hold151/X (sky130_fd_sc_hd__dlygate4sd3_1)
                                                         net151 (net)
                      0.043265    0.000226    1.034322 ^ _0958_/D (sky130_fd_sc_hd__dfrtp_2)
                                              1.034322   data arrival time

                                  0.000000    0.000000   clock clk (rise edge)
                                  0.000000    0.000000   clock source latency
     2    0.022841    0.081177    0.056215    0.056215 ^ clk (in)
                                                         clk (net)
                      0.081218    0.000000    0.056215 ^ clkbuf_0_clk/A (sky130_fd_sc_hd__clkbuf_16)
    33    0.131693    0.111462    0.158192    0.214407 ^ clkbuf_0_clk/X (sky130_fd_sc_hd__clkbuf_16)
                                                         clknet_0_clk (net)
                      0.112235    0.007400    0.221807 ^ clkbuf_4_14_0_clk/A (sky130_fd_sc_hd__clkbuf_8)
     9    0.027915    0.047352    0.117350    0.339157 ^ clkbuf_4_14_0_clk/X (sky130_fd_sc_hd__clkbuf_8)
                                                         clknet_4_14_0_clk (net)
                      0.047460    0.001373    0.340531 ^ _0958_/CLK (sky130_fd_sc_hd__dfrtp_2)
                                  0.250000    0.590531   clock uncertainty
                                  0.000000    0.590531   clock reconvergence pessimism
                                 -0.020204    0.570327   library hold time
                                              0.570327   data required time
---------------------------------------------------------------------------------------------
                                              0.570327   data required time
                                             -1.034322   data arrival time
---------------------------------------------------------------------------------------------
                                              0.463995   slack (MET)


Startpoint: _0915_ (rising edge-triggered flip-flop clocked by clk)
Endpoint: _0915_ (rising edge-triggered flip-flop clocked by clk)
Path Group: clk
Path Type: min

Fanout         Cap        Slew       Delay        Time   Description
---------------------------------------------------------------------------------------------
                                  0.000000    0.000000   clock clk (rise edge)
                                  0.000000    0.000000   clock source latency
     2    0.022841    0.081177    0.056215    0.056215 ^ clk (in)
                                                         clk (net)
                      0.081218    0.000000    0.056215 ^ clkbuf_0_clk/A (sky130_fd_sc_hd__clkbuf_16)
    33    0.131693    0.111462    0.158192    0.214407 ^ clkbuf_0_clk/X (sky130_fd_sc_hd__clkbuf_16)
                                                         clknet_0_clk (net)
                      0.111784    0.004838    0.219246 ^ clkbuf_4_9_0_clk/A (sky130_fd_sc_hd__clkbuf_8)
     9    0.027530    0.046921    0.116993    0.336238 ^ clkbuf_4_9_0_clk/X (sky130_fd_sc_hd__clkbuf_8)
                                                         clknet_4_9_0_clk (net)
                      0.047025    0.001869    0.338107 ^ _0915_/CLK (sky130_fd_sc_hd__dfrtp_2)
     7    0.022832    0.090149    0.266538    0.604645 ^ _0915_/Q (sky130_fd_sc_hd__dfrtp_2)
                                                         SYNTH_INST.count[0] (net)
                      0.090149    0.000247    0.604892 ^ hold167/A (sky130_fd_sc_hd__dlygate4sd3_1)
     1    0.006158    0.059884    0.400334    1.005226 ^ hold167/X (sky130_fd_sc_hd__dlygate4sd3_1)
                                                         net167 (net)
                      0.059884    0.000481    1.005707 ^ _0609_/A (sky130_fd_sc_hd__nand2_2)
     1    0.002508    0.021198    0.022646    1.028353 v _0609_/Y (sky130_fd_sc_hd__nand2_2)
                                                         SYNTH_INST.oscill.n_count[0] (net)
                      0.021198    0.000179    1.028531 v _0915_/D (sky130_fd_sc_hd__dfrtp_2)
                                              1.028531   data arrival time

                                  0.000000    0.000000   clock clk (rise edge)
                                  0.000000    0.000000   clock source latency
     2    0.022841    0.081177    0.056215    0.056215 ^ clk (in)
                                                         clk (net)
                      0.081218    0.000000    0.056215 ^ clkbuf_0_clk/A (sky130_fd_sc_hd__clkbuf_16)
    33    0.131693    0.111462    0.158192    0.214407 ^ clkbuf_0_clk/X (sky130_fd_sc_hd__clkbuf_16)
                                                         clknet_0_clk (net)
                      0.111784    0.004838    0.219246 ^ clkbuf_4_9_0_clk/A (sky130_fd_sc_hd__clkbuf_8)
     9    0.027530    0.046921    0.116993    0.336238 ^ clkbuf_4_9_0_clk/X (sky130_fd_sc_hd__clkbuf_8)
                                                         clknet_4_9_0_clk (net)
                      0.047025    0.001869    0.338107 ^ _0915_/CLK (sky130_fd_sc_hd__dfrtp_2)
                                  0.250000    0.588107   clock uncertainty
                                  0.000000    0.588107   clock reconvergence pessimism
                                 -0.024707    0.563400   library hold time
                                              0.563400   data required time
---------------------------------------------------------------------------------------------
                                              0.563400   data required time
                                             -1.028531   data arrival time
---------------------------------------------------------------------------------------------
                                              0.465132   slack (MET)


Startpoint: _0953_ (rising edge-triggered flip-flop clocked by clk)
Endpoint: _0953_ (rising edge-triggered flip-flop clocked by clk)
Path Group: clk
Path Type: min

Fanout         Cap        Slew       Delay        Time   Description
---------------------------------------------------------------------------------------------
                                  0.000000    0.000000   clock clk (rise edge)
                                  0.000000    0.000000   clock source latency
     2    0.022841    0.081177    0.056215    0.056215 ^ clk (in)
                                                         clk (net)
                      0.081218    0.000000    0.056215 ^ clkbuf_0_clk/A (sky130_fd_sc_hd__clkbuf_16)
    33    0.131693    0.111462    0.158192    0.214407 ^ clkbuf_0_clk/X (sky130_fd_sc_hd__clkbuf_16)
                                                         clknet_0_clk (net)
                      0.112220    0.007329    0.221737 ^ clkbuf_4_13_0_clk/A (sky130_fd_sc_hd__clkbuf_8)
     9    0.026383    0.045571    0.116223    0.337960 ^ clkbuf_4_13_0_clk/X (sky130_fd_sc_hd__clkbuf_8)
                                                         clknet_4_13_0_clk (net)
                      0.045648    0.001597    0.339558 ^ _0953_/CLK (sky130_fd_sc_hd__dfrtp_2)
     2    0.010899    0.051644    0.235267    0.574824 ^ _0953_/Q (sky130_fd_sc_hd__dfrtp_2)
                                                         SYNTH_INST.pwm_counter.active_sample[0] (net)
                      0.051648    0.000519    0.575343 ^ _0733_/A0 (sky130_fd_sc_hd__mux2_1)
     1    0.003960    0.035352    0.082983    0.658326 ^ _0733_/X (sky130_fd_sc_hd__mux2_1)
                                                         _0008_ (net)
                      0.035355    0.000299    0.658625 ^ hold157/A (sky130_fd_sc_hd__dlygate4sd3_1)
     1    0.005446    0.055122    0.386881    1.045506 ^ hold157/X (sky130_fd_sc_hd__dlygate4sd3_1)
                                                         net157 (net)
                      0.055122    0.000385    1.045890 ^ _0953_/D (sky130_fd_sc_hd__dfrtp_2)
                                              1.045890   data arrival time

                                  0.000000    0.000000   clock clk (rise edge)
                                  0.000000    0.000000   clock source latency
     2    0.022841    0.081177    0.056215    0.056215 ^ clk (in)
                                                         clk (net)
                      0.081218    0.000000    0.056215 ^ clkbuf_0_clk/A (sky130_fd_sc_hd__clkbuf_16)
    33    0.131693    0.111462    0.158192    0.214407 ^ clkbuf_0_clk/X (sky130_fd_sc_hd__clkbuf_16)
                                                         clknet_0_clk (net)
                      0.112220    0.007329    0.221737 ^ clkbuf_4_13_0_clk/A (sky130_fd_sc_hd__clkbuf_8)
     9    0.026383    0.045571    0.116223    0.337960 ^ clkbuf_4_13_0_clk/X (sky130_fd_sc_hd__clkbuf_8)
                                                         clknet_4_13_0_clk (net)
                      0.045648    0.001597    0.339558 ^ _0953_/CLK (sky130_fd_sc_hd__dfrtp_2)
                                  0.250000    0.589558   clock uncertainty
                                  0.000000    0.589558   clock reconvergence pessimism
                                 -0.021119    0.568438   library hold time
                                              0.568438   data required time
---------------------------------------------------------------------------------------------
                                              0.568438   data required time
                                             -1.045890   data arrival time
---------------------------------------------------------------------------------------------
                                              0.477452   slack (MET)


Startpoint: _0957_ (rising edge-triggered flip-flop clocked by clk)
Endpoint: _0957_ (rising edge-triggered flip-flop clocked by clk)
Path Group: clk
Path Type: min

Fanout         Cap        Slew       Delay        Time   Description
---------------------------------------------------------------------------------------------
                                  0.000000    0.000000   clock clk (rise edge)
                                  0.000000    0.000000   clock source latency
     2    0.022841    0.081177    0.056215    0.056215 ^ clk (in)
                                                         clk (net)
                      0.081218    0.000000    0.056215 ^ clkbuf_0_clk/A (sky130_fd_sc_hd__clkbuf_16)
    33    0.131693    0.111462    0.158192    0.214407 ^ clkbuf_0_clk/X (sky130_fd_sc_hd__clkbuf_16)
                                                         clknet_0_clk (net)
                      0.112237    0.007408    0.221815 ^ clkbuf_4_15_0_clk/A (sky130_fd_sc_hd__clkbuf_8)
     9    0.029120    0.048790    0.118087    0.339902 ^ clkbuf_4_15_0_clk/X (sky130_fd_sc_hd__clkbuf_8)
                                                         clknet_4_15_0_clk (net)
                      0.049000    0.002456    0.342358 ^ _0957_/CLK (sky130_fd_sc_hd__dfrtp_2)
     3    0.011173    0.052538    0.237096    0.579454 ^ _0957_/Q (sky130_fd_sc_hd__dfrtp_2)
                                                         SYNTH_INST.pwm_counter.active_sample[4] (net)
                      0.052543    0.000555    0.580009 ^ _0737_/A0 (sky130_fd_sc_hd__mux2_1)
     1    0.005335    0.043699    0.089631    0.669640 ^ _0737_/X (sky130_fd_sc_hd__mux2_1)
                                                         _0012_ (net)
                      0.043701    0.000366    0.670005 ^ hold155/A (sky130_fd_sc_hd__dlygate4sd3_1)
     1    0.003874    0.044759    0.380137    1.050142 ^ hold155/X (sky130_fd_sc_hd__dlygate4sd3_1)
                                                         net155 (net)
                      0.044759    0.000280    1.050422 ^ _0957_/D (sky130_fd_sc_hd__dfrtp_2)
                                              1.050422   data arrival time

                                  0.000000    0.000000   clock clk (rise edge)
                                  0.000000    0.000000   clock source latency
     2    0.022841    0.081177    0.056215    0.056215 ^ clk (in)
                                                         clk (net)
                      0.081218    0.000000    0.056215 ^ clkbuf_0_clk/A (sky130_fd_sc_hd__clkbuf_16)
    33    0.131693    0.111462    0.158192    0.214407 ^ clkbuf_0_clk/X (sky130_fd_sc_hd__clkbuf_16)
                                                         clknet_0_clk (net)
                      0.112237    0.007408    0.221815 ^ clkbuf_4_15_0_clk/A (sky130_fd_sc_hd__clkbuf_8)
     9    0.029120    0.048790    0.118087    0.339902 ^ clkbuf_4_15_0_clk/X (sky130_fd_sc_hd__clkbuf_8)
                                                         clknet_4_15_0_clk (net)
                      0.049000    0.002456    0.342358 ^ _0957_/CLK (sky130_fd_sc_hd__dfrtp_2)
                                  0.250000    0.592358   clock uncertainty
                                  0.000000    0.592358   clock reconvergence pessimism
                                 -0.020273    0.572085   library hold time
                                              0.572085   data required time
---------------------------------------------------------------------------------------------
                                              0.572085   data required time
                                             -1.050422   data arrival time
---------------------------------------------------------------------------------------------
                                              0.478337   slack (MET)


Startpoint: _0954_ (rising edge-triggered flip-flop clocked by clk)
Endpoint: _0954_ (rising edge-triggered flip-flop clocked by clk)
Path Group: clk
Path Type: min

Fanout         Cap        Slew       Delay        Time   Description
---------------------------------------------------------------------------------------------
                                  0.000000    0.000000   clock clk (rise edge)
                                  0.000000    0.000000   clock source latency
     2    0.022841    0.081177    0.056215    0.056215 ^ clk (in)
                                                         clk (net)
                      0.081218    0.000000    0.056215 ^ clkbuf_0_clk/A (sky130_fd_sc_hd__clkbuf_16)
    33    0.131693    0.111462    0.158192    0.214407 ^ clkbuf_0_clk/X (sky130_fd_sc_hd__clkbuf_16)
                                                         clknet_0_clk (net)
                      0.112220    0.007329    0.221737 ^ clkbuf_4_13_0_clk/A (sky130_fd_sc_hd__clkbuf_8)
     9    0.026383    0.045571    0.116223    0.337960 ^ clkbuf_4_13_0_clk/X (sky130_fd_sc_hd__clkbuf_8)
                                                         clknet_4_13_0_clk (net)
                      0.045635    0.001468    0.339429 ^ _0954_/CLK (sky130_fd_sc_hd__dfrtp_2)
     3    0.012063    0.055492    0.238593    0.578021 ^ _0954_/Q (sky130_fd_sc_hd__dfrtp_2)
                                                         SYNTH_INST.pwm_counter.active_sample[1] (net)
                      0.055500    0.000676    0.578697 ^ _0734_/A0 (sky130_fd_sc_hd__mux2_1)
     1    0.004991    0.041633    0.088690    0.667387 ^ _0734_/X (sky130_fd_sc_hd__mux2_1)
                                                         _0009_ (net)
                      0.041635    0.000356    0.667743 ^ hold153/A (sky130_fd_sc_hd__dlygate4sd3_1)
     1    0.005109    0.052869    0.386390    1.054133 ^ hold153/X (sky130_fd_sc_hd__dlygate4sd3_1)
                                                         net153 (net)
                      0.052869    0.000359    1.054491 ^ _0954_/D (sky130_fd_sc_hd__dfrtp_2)
                                              1.054491   data arrival time

                                  0.000000    0.000000   clock clk (rise edge)
                                  0.000000    0.000000   clock source latency
     2    0.022841    0.081177    0.056215    0.056215 ^ clk (in)
                                                         clk (net)
                      0.081218    0.000000    0.056215 ^ clkbuf_0_clk/A (sky130_fd_sc_hd__clkbuf_16)
    33    0.131693    0.111462    0.158192    0.214407 ^ clkbuf_0_clk/X (sky130_fd_sc_hd__clkbuf_16)
                                                         clknet_0_clk (net)
                      0.112220    0.007329    0.221737 ^ clkbuf_4_13_0_clk/A (sky130_fd_sc_hd__clkbuf_8)
     9    0.026383    0.045571    0.116223    0.337960 ^ clkbuf_4_13_0_clk/X (sky130_fd_sc_hd__clkbuf_8)
                                                         clknet_4_13_0_clk (net)
                      0.045635    0.001468    0.339429 ^ _0954_/CLK (sky130_fd_sc_hd__dfrtp_2)
                                  0.250000    0.589429   clock uncertainty
                                  0.000000    0.589429   clock reconvergence pessimism
                                 -0.020955    0.568474   library hold time
                                              0.568474   data required time
---------------------------------------------------------------------------------------------
                                              0.568474   data required time
                                             -1.054491   data arrival time
---------------------------------------------------------------------------------------------
                                              0.486017   slack (MET)


Startpoint: _0955_ (rising edge-triggered flip-flop clocked by clk)
Endpoint: _0955_ (rising edge-triggered flip-flop clocked by clk)
Path Group: clk
Path Type: min

Fanout         Cap        Slew       Delay        Time   Description
---------------------------------------------------------------------------------------------
                                  0.000000    0.000000   clock clk (rise edge)
                                  0.000000    0.000000   clock source latency
     2    0.022841    0.081177    0.056215    0.056215 ^ clk (in)
                                                         clk (net)
                      0.081218    0.000000    0.056215 ^ clkbuf_0_clk/A (sky130_fd_sc_hd__clkbuf_16)
    33    0.131693    0.111462    0.158192    0.214407 ^ clkbuf_0_clk/X (sky130_fd_sc_hd__clkbuf_16)
                                                         clknet_0_clk (net)
                      0.112220    0.007329    0.221737 ^ clkbuf_4_13_0_clk/A (sky130_fd_sc_hd__clkbuf_8)
     9    0.026383    0.045571    0.116223    0.337960 ^ clkbuf_4_13_0_clk/X (sky130_fd_sc_hd__clkbuf_8)
                                                         clknet_4_13_0_clk (net)
                      0.045612    0.001219    0.339180 ^ _0955_/CLK (sky130_fd_sc_hd__dfrtp_2)
     3    0.012433    0.056673    0.239758    0.578938 ^ _0955_/Q (sky130_fd_sc_hd__dfrtp_2)
                                                         SYNTH_INST.pwm_counter.active_sample[2] (net)
                      0.056677    0.000516    0.579454 ^ _0735_/A0 (sky130_fd_sc_hd__mux2_1)
     1    0.005673    0.045883    0.092118    0.671572 ^ _0735_/X (sky130_fd_sc_hd__mux2_1)
                                                         _0010_ (net)
                      0.045885    0.000390    0.671962 ^ hold146/A (sky130_fd_sc_hd__dlygate4sd3_1)
     1    0.005405    0.054844    0.388909    1.060871 ^ hold146/X (sky130_fd_sc_hd__dlygate4sd3_1)
                                                         net146 (net)
                      0.054844    0.000372    1.061243 ^ _0955_/D (sky130_fd_sc_hd__dfrtp_2)
                                              1.061243   data arrival time

                                  0.000000    0.000000   clock clk (rise edge)
                                  0.000000    0.000000   clock source latency
     2    0.022841    0.081177    0.056215    0.056215 ^ clk (in)
                                                         clk (net)
                      0.081218    0.000000    0.056215 ^ clkbuf_0_clk/A (sky130_fd_sc_hd__clkbuf_16)
    33    0.131693    0.111462    0.158192    0.214407 ^ clkbuf_0_clk/X (sky130_fd_sc_hd__clkbuf_16)
                                                         clknet_0_clk (net)
                      0.112220    0.007329    0.221737 ^ clkbuf_4_13_0_clk/A (sky130_fd_sc_hd__clkbuf_8)
     9    0.026383    0.045571    0.116223    0.337960 ^ clkbuf_4_13_0_clk/X (sky130_fd_sc_hd__clkbuf_8)
                                                         clknet_4_13_0_clk (net)
                      0.045612    0.001219    0.339180 ^ _0955_/CLK (sky130_fd_sc_hd__dfrtp_2)
                                  0.250000    0.589180   clock uncertainty
                                  0.000000    0.589180   clock reconvergence pessimism
                                 -0.021100    0.568080   library hold time
                                              0.568080   data required time
---------------------------------------------------------------------------------------------
                                              0.568080   data required time
                                             -1.061243   data arrival time
---------------------------------------------------------------------------------------------
                                              0.493163   slack (MET)


Startpoint: _1017_ (rising edge-triggered flip-flop clocked by clk)
Endpoint: _1016_ (rising edge-triggered flip-flop clocked by clk)
Path Group: clk
Path Type: min

Fanout         Cap        Slew       Delay        Time   Description
---------------------------------------------------------------------------------------------
                                  0.000000    0.000000   clock clk (rise edge)
                                  0.000000    0.000000   clock source latency
     2    0.022841    0.081177    0.056215    0.056215 ^ clk (in)
                                                         clk (net)
                      0.081218    0.000000    0.056215 ^ clkbuf_0_clk/A (sky130_fd_sc_hd__clkbuf_16)
    33    0.131693    0.111462    0.158192    0.214407 ^ clkbuf_0_clk/X (sky130_fd_sc_hd__clkbuf_16)
                                                         clknet_0_clk (net)
                      0.111792    0.004896    0.219303 ^ clkbuf_4_7_0_clk/A (sky130_fd_sc_hd__clkbuf_8)
     9    0.027602    0.047009    0.117085    0.336389 ^ clkbuf_4_7_0_clk/X (sky130_fd_sc_hd__clkbuf_8)
                                                         clknet_4_7_0_clk (net)
                      0.047113    0.001876    0.338264 ^ _1017_/CLK (sky130_fd_sc_hd__dfrtp_2)
     1    0.002967    0.027755    0.240453    0.578717 v _1017_/Q (sky130_fd_sc_hd__dfrtp_2)
                                                         SYNTH_INST.waveshape.seq_div.state[3] (net)
                      0.027755    0.000221    0.578938 v fanout46/A (sky130_fd_sc_hd__clkdlybuf4s25_1)
     6    0.029459    0.152391    0.256043    0.834981 v fanout46/X (sky130_fd_sc_hd__clkdlybuf4s25_1)
                                                         net46 (net)
                      0.152412    0.001822    0.836803 v fanout43/A (sky130_fd_sc_hd__clkdlybuf4s25_1)
     5    0.026875    0.139957    0.290430    1.127233 v fanout43/X (sky130_fd_sc_hd__clkdlybuf4s25_1)
                                                         net43 (net)
                      0.139975    0.001602    1.128834 v fanout42/A (sky130_fd_sc_hd__clkdlybuf4s25_1)
    10    0.039479    0.200712    0.331546    1.460380 v fanout42/X (sky130_fd_sc_hd__clkdlybuf4s25_1)
                                                         net42 (net)
                      0.201098    0.006755    1.467135 v _1016_/D (sky130_fd_sc_hd__dfrtp_2)
                                              1.467135   data arrival time

                                  0.000000    0.000000   clock clk (rise edge)
                                  0.000000    0.000000   clock source latency
     2    0.022841    0.081177    0.056215    0.056215 ^ clk (in)
                                                         clk (net)
                      0.081218    0.000000    0.056215 ^ clkbuf_0_clk/A (sky130_fd_sc_hd__clkbuf_16)
    33    0.131693    0.111462    0.158192    0.214407 ^ clkbuf_0_clk/X (sky130_fd_sc_hd__clkbuf_16)
                                                         clknet_0_clk (net)
                      0.112001    0.006206    0.220614 ^ clkbuf_4_4_0_clk/A (sky130_fd_sc_hd__clkbuf_8)
     9    0.026219    0.045384    0.116103    0.336717 ^ clkbuf_4_4_0_clk/X (sky130_fd_sc_hd__clkbuf_8)
                                                         clknet_4_4_0_clk (net)
                      0.045398    0.000804    0.337520 ^ _1016_/CLK (sky130_fd_sc_hd__dfrtp_2)
                                  0.250000    0.587520   clock uncertainty
                                  0.000000    0.587520   clock reconvergence pessimism
                                 -0.082491    0.505030   library hold time
                                              0.505030   data required time
---------------------------------------------------------------------------------------------
                                              0.505030   data required time
                                             -1.467135   data arrival time
---------------------------------------------------------------------------------------------
                                              0.962105   slack (MET)


Startpoint: gpio_in[7] (input port clocked by clk)
Endpoint: _0941_ (rising edge-triggered flip-flop clocked by clk)
Path Group: clk
Path Type: min

Fanout         Cap        Slew       Delay        Time   Description
---------------------------------------------------------------------------------------------
                                  0.000000    0.000000   clock clk (rise edge)
                                  0.000000    0.000000   clock network delay (propagated)
                                  5.000000    5.000000 v input external delay
     2    0.004678    0.007679    0.003973    5.003973 v gpio_in[7] (in)
                                                         gpio_in[7] (net)
                      0.007685    0.000000    5.003973 v input13/A (sky130_fd_sc_hd__clkdlybuf4s25_1)
     2    0.005619    0.039774    0.160279    5.164253 v input13/X (sky130_fd_sc_hd__clkdlybuf4s25_1)
                                                         net13 (net)
                      0.039776    0.000279    5.164532 v _0941_/D (sky130_fd_sc_hd__dfrtp_2)
                                              5.164532   data arrival time

                                  0.000000    0.000000   clock clk (rise edge)
                                  0.000000    0.000000   clock source latency
     2    0.022841    0.081177    0.056215    0.056215 ^ clk (in)
                                                         clk (net)
                      0.081218    0.000000    0.056215 ^ clkbuf_0_clk/A (sky130_fd_sc_hd__clkbuf_16)
    33    0.131693    0.111462    0.158192    0.214407 ^ clkbuf_0_clk/X (sky130_fd_sc_hd__clkbuf_16)
                                                         clknet_0_clk (net)
                      0.112049    0.006466    0.220873 ^ clkbuf_4_10_0_clk/A (sky130_fd_sc_hd__clkbuf_8)
     9    0.032633    0.052973    0.120926    0.341799 ^ clkbuf_4_10_0_clk/X (sky130_fd_sc_hd__clkbuf_8)
                                                         clknet_4_10_0_clk (net)
                      0.053327    0.003155    0.344954 ^ _0941_/CLK (sky130_fd_sc_hd__dfrtp_2)
                                  0.250000    0.594954   clock uncertainty
                                  0.000000    0.594954   clock reconvergence pessimism
                                 -0.030023    0.564931   library hold time
                                              0.564931   data required time
---------------------------------------------------------------------------------------------
                                              0.564931   data required time
                                             -5.164532   data arrival time
---------------------------------------------------------------------------------------------
                                              4.599600   slack (MET)


Startpoint: gpio_in[6] (input port clocked by clk)
Endpoint: _0940_ (rising edge-triggered flip-flop clocked by clk)
Path Group: clk
Path Type: min

Fanout         Cap        Slew       Delay        Time   Description
---------------------------------------------------------------------------------------------
                                  0.000000    0.000000   clock clk (rise edge)
                                  0.000000    0.000000   clock network delay (propagated)
                                  5.000000    5.000000 v input external delay
     2    0.005449    0.008970    0.004894    5.004894 v gpio_in[6] (in)
                                                         gpio_in[6] (net)
                      0.008992    0.000000    5.004894 v input12/A (sky130_fd_sc_hd__clkdlybuf4s25_1)
     2    0.005765    0.040454    0.161315    5.166209 v input12/X (sky130_fd_sc_hd__clkdlybuf4s25_1)
                                                         net12 (net)
                      0.040456    0.000316    5.166525 v _0940_/D (sky130_fd_sc_hd__dfrtp_2)
                                              5.166525   data arrival time

                                  0.000000    0.000000   clock clk (rise edge)
                                  0.000000    0.000000   clock source latency
     2    0.022841    0.081177    0.056215    0.056215 ^ clk (in)
                                                         clk (net)
                      0.081218    0.000000    0.056215 ^ clkbuf_0_clk/A (sky130_fd_sc_hd__clkbuf_16)
    33    0.131693    0.111462    0.158192    0.214407 ^ clkbuf_0_clk/X (sky130_fd_sc_hd__clkbuf_16)
                                                         clknet_0_clk (net)
                      0.112049    0.006466    0.220873 ^ clkbuf_4_10_0_clk/A (sky130_fd_sc_hd__clkbuf_8)
     9    0.032633    0.052973    0.120926    0.341799 ^ clkbuf_4_10_0_clk/X (sky130_fd_sc_hd__clkbuf_8)
                                                         clknet_4_10_0_clk (net)
                      0.053319    0.003116    0.344915 ^ _0940_/CLK (sky130_fd_sc_hd__dfrtp_2)
                                  0.250000    0.594915   clock uncertainty
                                  0.000000    0.594915   clock reconvergence pessimism
                                 -0.030241    0.564674   library hold time
                                              0.564674   data required time
---------------------------------------------------------------------------------------------
                                              0.564674   data required time
                                             -5.166525   data arrival time
---------------------------------------------------------------------------------------------
                                              4.601851   slack (MET)


Startpoint: gpio_in[3] (input port clocked by clk)
Endpoint: _0937_ (rising edge-triggered flip-flop clocked by clk)
Path Group: clk
Path Type: min

Fanout         Cap        Slew       Delay        Time   Description
---------------------------------------------------------------------------------------------
                                  0.000000    0.000000   clock clk (rise edge)
                                  0.000000    0.000000   clock network delay (propagated)
                                  5.000000    5.000000 v input external delay
     2    0.006962    0.011409    0.006537    5.006537 v gpio_in[3] (in)
                                                         gpio_in[3] (net)
                      0.011415    0.000000    5.006537 v input9/A (sky130_fd_sc_hd__clkdlybuf4s25_1)
     2    0.005788    0.040579    0.162252    5.168788 v input9/X (sky130_fd_sc_hd__clkdlybuf4s25_1)
                                                         net9 (net)
                      0.040584    0.000488    5.169277 v _0937_/D (sky130_fd_sc_hd__dfrtp_2)
                                              5.169277   data arrival time

                                  0.000000    0.000000   clock clk (rise edge)
                                  0.000000    0.000000   clock source latency
     2    0.022841    0.081177    0.056215    0.056215 ^ clk (in)
                                                         clk (net)
                      0.081218    0.000000    0.056215 ^ clkbuf_0_clk/A (sky130_fd_sc_hd__clkbuf_16)
    33    0.131693    0.111462    0.158192    0.214407 ^ clkbuf_0_clk/X (sky130_fd_sc_hd__clkbuf_16)
                                                         clknet_0_clk (net)
                      0.112049    0.006466    0.220873 ^ clkbuf_4_10_0_clk/A (sky130_fd_sc_hd__clkbuf_8)
     9    0.032633    0.052973    0.120926    0.341799 ^ clkbuf_4_10_0_clk/X (sky130_fd_sc_hd__clkbuf_8)
                                                         clknet_4_10_0_clk (net)
                      0.053229    0.002601    0.344400 ^ _0937_/CLK (sky130_fd_sc_hd__dfrtp_2)
                                  0.250000    0.594400   clock uncertainty
                                  0.000000    0.594400   clock reconvergence pessimism
                                 -0.030292    0.564108   library hold time
                                              0.564108   data required time
---------------------------------------------------------------------------------------------
                                              0.564108   data required time
                                             -5.169277   data arrival time
---------------------------------------------------------------------------------------------
                                              4.605168   slack (MET)


Startpoint: gpio_in[5] (input port clocked by clk)
Endpoint: _0939_ (rising edge-triggered flip-flop clocked by clk)
Path Group: clk
Path Type: min

Fanout         Cap        Slew       Delay        Time   Description
---------------------------------------------------------------------------------------------
                                  0.000000    0.000000   clock clk (rise edge)
                                  0.000000    0.000000   clock network delay (propagated)
                                  5.000000    5.000000 v input external delay
     2    0.007452    0.012159    0.007102    5.007102 v gpio_in[5] (in)
                                                         gpio_in[5] (net)
                      0.012167    0.000000    5.007102 v input11/A (sky130_fd_sc_hd__clkdlybuf4s25_1)
     2    0.005302    0.038356    0.160601    5.167703 v input11/X (sky130_fd_sc_hd__clkdlybuf4s25_1)
                                                         net11 (net)
                      0.038359    0.000336    5.168039 v _0939_/D (sky130_fd_sc_hd__dfrtp_2)
                                              5.168039   data arrival time

                                  0.000000    0.000000   clock clk (rise edge)
                                  0.000000    0.000000   clock source latency
     2    0.022841    0.081177    0.056215    0.056215 ^ clk (in)
                                                         clk (net)
                      0.081218    0.000000    0.056215 ^ clkbuf_0_clk/A (sky130_fd_sc_hd__clkbuf_16)
    33    0.131693    0.111462    0.158192    0.214407 ^ clkbuf_0_clk/X (sky130_fd_sc_hd__clkbuf_16)
                                                         clknet_0_clk (net)
                      0.112150    0.006989    0.221396 ^ clkbuf_4_11_0_clk/A (sky130_fd_sc_hd__clkbuf_8)
     9    0.027254    0.046604    0.116918    0.338315 ^ clkbuf_4_11_0_clk/X (sky130_fd_sc_hd__clkbuf_8)
                                                         clknet_4_11_0_clk (net)
                      0.046697    0.001763    0.340078 ^ _0939_/CLK (sky130_fd_sc_hd__dfrtp_2)
                                  0.250000    0.590078   clock uncertainty
                                  0.000000    0.590078   clock reconvergence pessimism
                                 -0.030237    0.559841   library hold time
                                              0.559841   data required time
---------------------------------------------------------------------------------------------
                                              0.559841   data required time
                                             -5.168039   data arrival time
---------------------------------------------------------------------------------------------
                                              4.608198   slack (MET)


Startpoint: gpio_in[2] (input port clocked by clk)
Endpoint: _0936_ (rising edge-triggered flip-flop clocked by clk)
Path Group: clk
Path Type: min

Fanout         Cap        Slew       Delay        Time   Description
---------------------------------------------------------------------------------------------
                                  0.000000    0.000000   clock clk (rise edge)
                                  0.000000    0.000000   clock network delay (propagated)
                                  5.000000    5.000000 v input external delay
     2    0.005848    0.009612    0.005363    5.005363 v gpio_in[2] (in)
                                                         gpio_in[2] (net)
                      0.009632    0.000000    5.005363 v input8/A (sky130_fd_sc_hd__clkdlybuf4s25_1)
     2    0.005864    0.040893    0.161990    5.167353 v input8/X (sky130_fd_sc_hd__clkdlybuf4s25_1)
                                                         net8 (net)
                      0.040894    0.000331    5.167684 v _0936_/D (sky130_fd_sc_hd__dfrtp_2)
                                              5.167684   data arrival time

                                  0.000000    0.000000   clock clk (rise edge)
                                  0.000000    0.000000   clock source latency
     2    0.022841    0.081177    0.056215    0.056215 ^ clk (in)
                                                         clk (net)
                      0.081218    0.000000    0.056215 ^ clkbuf_0_clk/A (sky130_fd_sc_hd__clkbuf_16)
    33    0.131693    0.111462    0.158192    0.214407 ^ clkbuf_0_clk/X (sky130_fd_sc_hd__clkbuf_16)
                                                         clknet_0_clk (net)
                      0.112150    0.006989    0.221396 ^ clkbuf_4_11_0_clk/A (sky130_fd_sc_hd__clkbuf_8)
     9    0.027254    0.046604    0.116918    0.338315 ^ clkbuf_4_11_0_clk/X (sky130_fd_sc_hd__clkbuf_8)
                                                         clknet_4_11_0_clk (net)
                      0.046653    0.001331    0.339646 ^ _0936_/CLK (sky130_fd_sc_hd__dfrtp_2)
                                  0.250000    0.589646   clock uncertainty
                                  0.000000    0.589646   clock reconvergence pessimism
                                 -0.031053    0.558593   library hold time
                                              0.558593   data required time
---------------------------------------------------------------------------------------------
                                              0.558593   data required time
                                             -5.167684   data arrival time
---------------------------------------------------------------------------------------------
                                              4.609091   slack (MET)


Startpoint: gpio_in[0] (input port clocked by clk)
Endpoint: _0934_ (rising edge-triggered flip-flop clocked by clk)
Path Group: clk
Path Type: min

Fanout         Cap        Slew       Delay        Time   Description
---------------------------------------------------------------------------------------------
                                  0.000000    0.000000   clock clk (rise edge)
                                  0.000000    0.000000   clock network delay (propagated)
                                  5.000000    5.000000 v input external delay
     2    0.005125    0.008389    0.004527    5.004527 v gpio_in[0] (in)
                                                         gpio_in[0] (net)
                      0.008405    0.000000    5.004527 v input2/A (sky130_fd_sc_hd__clkdlybuf4s25_1)
     2    0.006549    0.044062    0.164284    5.168810 v input2/X (sky130_fd_sc_hd__clkdlybuf4s25_1)
                                                         net2 (net)
                      0.044065    0.000409    5.169220 v _0934_/D (sky130_fd_sc_hd__dfrtp_2)
                                              5.169220   data arrival time

                                  0.000000    0.000000   clock clk (rise edge)
                                  0.000000    0.000000   clock source latency
     2    0.022841    0.081177    0.056215    0.056215 ^ clk (in)
                                                         clk (net)
                      0.081218    0.000000    0.056215 ^ clkbuf_0_clk/A (sky130_fd_sc_hd__clkbuf_16)
    33    0.131693    0.111462    0.158192    0.214407 ^ clkbuf_0_clk/X (sky130_fd_sc_hd__clkbuf_16)
                                                         clknet_0_clk (net)
                      0.112150    0.006989    0.221396 ^ clkbuf_4_11_0_clk/A (sky130_fd_sc_hd__clkbuf_8)
     9    0.027254    0.046604    0.116918    0.338315 ^ clkbuf_4_11_0_clk/X (sky130_fd_sc_hd__clkbuf_8)
                                                         clknet_4_11_0_clk (net)
                      0.046654    0.001343    0.339657 ^ _0934_/CLK (sky130_fd_sc_hd__dfrtp_2)
                                  0.250000    0.589657   clock uncertainty
                                  0.000000    0.589657   clock reconvergence pessimism
                                 -0.032069    0.557589   library hold time
                                              0.557589   data required time
---------------------------------------------------------------------------------------------
                                              0.557589   data required time
                                             -5.169220   data arrival time
---------------------------------------------------------------------------------------------
                                              4.611631   slack (MET)


Startpoint: gpio_in[4] (input port clocked by clk)
Endpoint: _0938_ (rising edge-triggered flip-flop clocked by clk)
Path Group: clk
Path Type: min

Fanout         Cap        Slew       Delay        Time   Description
---------------------------------------------------------------------------------------------
                                  0.000000    0.000000   clock clk (rise edge)
                                  0.000000    0.000000   clock network delay (propagated)
                                  5.000000    5.000000 v input external delay
     2    0.007419    0.012107    0.007066    5.007066 v gpio_in[4] (in)
                                                         gpio_in[4] (net)
                      0.012115    0.000000    5.007066 v input10/A (sky130_fd_sc_hd__clkdlybuf4s25_1)
     2    0.005999    0.041525    0.163413    5.170479 v input10/X (sky130_fd_sc_hd__clkdlybuf4s25_1)
                                                         net10 (net)
                      0.041528    0.000403    5.170882 v _0938_/D (sky130_fd_sc_hd__dfrtp_2)
                                              5.170882   data arrival time

                                  0.000000    0.000000   clock clk (rise edge)
                                  0.000000    0.000000   clock source latency
     2    0.022841    0.081177    0.056215    0.056215 ^ clk (in)
                                                         clk (net)
                      0.081218    0.000000    0.056215 ^ clkbuf_0_clk/A (sky130_fd_sc_hd__clkbuf_16)
    33    0.131693    0.111462    0.158192    0.214407 ^ clkbuf_0_clk/X (sky130_fd_sc_hd__clkbuf_16)
                                                         clknet_0_clk (net)
                      0.112150    0.006989    0.221396 ^ clkbuf_4_11_0_clk/A (sky130_fd_sc_hd__clkbuf_8)
     9    0.027254    0.046604    0.116918    0.338315 ^ clkbuf_4_11_0_clk/X (sky130_fd_sc_hd__clkbuf_8)
                                                         clknet_4_11_0_clk (net)
                      0.046692    0.001721    0.340035 ^ _0938_/CLK (sky130_fd_sc_hd__dfrtp_2)
                                  0.250000    0.590035   clock uncertainty
                                  0.000000    0.590035   clock reconvergence pessimism
                                 -0.031252    0.558783   library hold time
                                              0.558783   data required time
---------------------------------------------------------------------------------------------
                                              0.558783   data required time
                                             -5.170882   data arrival time
---------------------------------------------------------------------------------------------
                                              4.612098   slack (MET)


Startpoint: gpio_in[9] (input port clocked by clk)
Endpoint: _0943_ (rising edge-triggered flip-flop clocked by clk)
Path Group: clk
Path Type: min

Fanout         Cap        Slew       Delay        Time   Description
---------------------------------------------------------------------------------------------
                                  0.000000    0.000000   clock clk (rise edge)
                                  0.000000    0.000000   clock network delay (propagated)
                                  5.000000    5.000000 v input external delay
     2    0.007317    0.011997    0.006951    5.006951 v gpio_in[9] (in)
                                                         gpio_in[9] (net)
                      0.012009    0.000000    5.006951 v input15/A (sky130_fd_sc_hd__clkdlybuf4s25_1)
     2    0.007305    0.047550    0.168752    5.175703 v input15/X (sky130_fd_sc_hd__clkdlybuf4s25_1)
                                                         net15 (net)
                      0.047552    0.000401    5.176104 v _0943_/D (sky130_fd_sc_hd__dfrtp_2)
                                              5.176104   data arrival time

                                  0.000000    0.000000   clock clk (rise edge)
                                  0.000000    0.000000   clock source latency
     2    0.022841    0.081177    0.056215    0.056215 ^ clk (in)
                                                         clk (net)
                      0.081218    0.000000    0.056215 ^ clkbuf_0_clk/A (sky130_fd_sc_hd__clkbuf_16)
    33    0.131693    0.111462    0.158192    0.214407 ^ clkbuf_0_clk/X (sky130_fd_sc_hd__clkbuf_16)
                                                         clknet_0_clk (net)
                      0.112049    0.006466    0.220873 ^ clkbuf_4_10_0_clk/A (sky130_fd_sc_hd__clkbuf_8)
     9    0.032633    0.052973    0.120926    0.341799 ^ clkbuf_4_10_0_clk/X (sky130_fd_sc_hd__clkbuf_8)
                                                         clknet_4_10_0_clk (net)
                      0.053348    0.003263    0.345062 ^ _0943_/CLK (sky130_fd_sc_hd__dfrtp_2)
                                  0.250000    0.595062   clock uncertainty
                                  0.000000    0.595062   clock reconvergence pessimism
                                 -0.032512    0.562550   library hold time
                                              0.562550   data required time
---------------------------------------------------------------------------------------------
                                              0.562550   data required time
                                             -5.176104   data arrival time
---------------------------------------------------------------------------------------------
                                              4.613554   slack (MET)


Startpoint: gpio_in[1] (input port clocked by clk)
Endpoint: _0935_ (rising edge-triggered flip-flop clocked by clk)
Path Group: clk
Path Type: min

Fanout         Cap        Slew       Delay        Time   Description
---------------------------------------------------------------------------------------------
                                  0.000000    0.000000   clock clk (rise edge)
                                  0.000000    0.000000   clock network delay (propagated)
                                  5.000000    5.000000 v input external delay
     2    0.004928    0.008115    0.004305    5.004305 v gpio_in[1] (in)
                                                         gpio_in[1] (net)
                      0.008133    0.000000    5.004305 v input7/A (sky130_fd_sc_hd__clkdlybuf4s25_1)
     2    0.007157    0.046887    0.166658    5.170963 v input7/X (sky130_fd_sc_hd__clkdlybuf4s25_1)
                                                         net7 (net)
                      0.046889    0.000373    5.171336 v _0935_/D (sky130_fd_sc_hd__dfrtp_2)
                                              5.171336   data arrival time

                                  0.000000    0.000000   clock clk (rise edge)
                                  0.000000    0.000000   clock source latency
     2    0.022841    0.081177    0.056215    0.056215 ^ clk (in)
                                                         clk (net)
                      0.081218    0.000000    0.056215 ^ clkbuf_0_clk/A (sky130_fd_sc_hd__clkbuf_16)
    33    0.131693    0.111462    0.158192    0.214407 ^ clkbuf_0_clk/X (sky130_fd_sc_hd__clkbuf_16)
                                                         clknet_0_clk (net)
                      0.112150    0.006989    0.221396 ^ clkbuf_4_11_0_clk/A (sky130_fd_sc_hd__clkbuf_8)
     9    0.027254    0.046604    0.116918    0.338315 ^ clkbuf_4_11_0_clk/X (sky130_fd_sc_hd__clkbuf_8)
                                                         clknet_4_11_0_clk (net)
                      0.046671    0.001514    0.339829 ^ _0935_/CLK (sky130_fd_sc_hd__dfrtp_2)
                                  0.250000    0.589829   clock uncertainty
                                  0.000000    0.589829   clock reconvergence pessimism
                                 -0.032971    0.556857   library hold time
                                              0.556857   data required time
---------------------------------------------------------------------------------------------
                                              0.556857   data required time
                                             -5.171336   data arrival time
---------------------------------------------------------------------------------------------
                                              4.614479   slack (MET)


Startpoint: gpio_in[11] (input port clocked by clk)
Endpoint: _0945_ (rising edge-triggered flip-flop clocked by clk)
Path Group: clk
Path Type: min

Fanout         Cap        Slew       Delay        Time   Description
---------------------------------------------------------------------------------------------
                                  0.000000    0.000000   clock clk (rise edge)
                                  0.000000    0.000000   clock network delay (propagated)
                                  5.000000    5.000000 v input external delay
     2    0.008761    0.014349    0.008610    5.008610 v gpio_in[11] (in)
                                                         gpio_in[11] (net)
                      0.014366    0.000000    5.008610 v input4/A (sky130_fd_sc_hd__clkdlybuf4s25_1)
     2    0.007639    0.049165    0.170880    5.179490 v input4/X (sky130_fd_sc_hd__clkdlybuf4s25_1)
                                                         net4 (net)
                      0.049169    0.000491    5.179981 v _0945_/D (sky130_fd_sc_hd__dfrtp_2)
                                              5.179981   data arrival time

                                  0.000000    0.000000   clock clk (rise edge)
                                  0.000000    0.000000   clock source latency
     2    0.022841    0.081177    0.056215    0.056215 ^ clk (in)
                                                         clk (net)
                      0.081218    0.000000    0.056215 ^ clkbuf_0_clk/A (sky130_fd_sc_hd__clkbuf_16)
    33    0.131693    0.111462    0.158192    0.214407 ^ clkbuf_0_clk/X (sky130_fd_sc_hd__clkbuf_16)
                                                         clknet_0_clk (net)
                      0.112049    0.006466    0.220873 ^ clkbuf_4_10_0_clk/A (sky130_fd_sc_hd__clkbuf_8)
     9    0.032633    0.052973    0.120926    0.341799 ^ clkbuf_4_10_0_clk/X (sky130_fd_sc_hd__clkbuf_8)
                                                         clknet_4_10_0_clk (net)
                      0.053351    0.003280    0.345079 ^ _0945_/CLK (sky130_fd_sc_hd__dfrtp_2)
                                  0.250000    0.595079   clock uncertainty
                                  0.000000    0.595079   clock reconvergence pessimism
                                 -0.033029    0.562050   library hold time
                                              0.562050   data required time
---------------------------------------------------------------------------------------------
                                              0.562050   data required time
                                             -5.179981   data arrival time
---------------------------------------------------------------------------------------------
                                              4.617931   slack (MET)


Startpoint: gpio_in[12] (input port clocked by clk)
Endpoint: _0946_ (rising edge-triggered flip-flop clocked by clk)
Path Group: clk
Path Type: min

Fanout         Cap        Slew       Delay        Time   Description
---------------------------------------------------------------------------------------------
                                  0.000000    0.000000   clock clk (rise edge)
                                  0.000000    0.000000   clock network delay (propagated)
                                  5.000000    5.000000 v input external delay
     2    0.006474    0.010577    0.006003    5.006003 v gpio_in[12] (in)
                                                         gpio_in[12] (net)
                      0.010584    0.000000    5.006003 v input5/A (sky130_fd_sc_hd__clkdlybuf4s25_1)
     2    0.007762    0.049728    0.170003    5.176006 v input5/X (sky130_fd_sc_hd__clkdlybuf4s25_1)
                                                         net5 (net)
                      0.049733    0.000524    5.176530 v _0946_/D (sky130_fd_sc_hd__dfrtp_2)
                                              5.176530   data arrival time

                                  0.000000    0.000000   clock clk (rise edge)
                                  0.000000    0.000000   clock source latency
     2    0.022841    0.081177    0.056215    0.056215 ^ clk (in)
                                                         clk (net)
                      0.081218    0.000000    0.056215 ^ clkbuf_0_clk/A (sky130_fd_sc_hd__clkbuf_16)
    33    0.131693    0.111462    0.158192    0.214407 ^ clkbuf_0_clk/X (sky130_fd_sc_hd__clkbuf_16)
                                                         clknet_0_clk (net)
                      0.111967    0.006009    0.220416 ^ clkbuf_4_8_0_clk/A (sky130_fd_sc_hd__clkbuf_8)
     9    0.025782    0.044801    0.115330    0.335746 ^ clkbuf_4_8_0_clk/X (sky130_fd_sc_hd__clkbuf_8)
                                                         clknet_4_8_0_clk (net)
                      0.045046    0.002347    0.338094 ^ _0946_/CLK (sky130_fd_sc_hd__dfrtp_2)
                                  0.250000    0.588094   clock uncertainty
                                  0.000000    0.588094   clock reconvergence pessimism
                                 -0.034046    0.554048   library hold time
                                              0.554048   data required time
---------------------------------------------------------------------------------------------
                                              0.554048   data required time
                                             -5.176530   data arrival time
---------------------------------------------------------------------------------------------
                                              4.622482   slack (MET)


Startpoint: gpio_in[10] (input port clocked by clk)
Endpoint: _0944_ (rising edge-triggered flip-flop clocked by clk)
Path Group: clk
Path Type: min

Fanout         Cap        Slew       Delay        Time   Description
---------------------------------------------------------------------------------------------
                                  0.000000    0.000000   clock clk (rise edge)
                                  0.000000    0.000000   clock network delay (propagated)
                                  5.000000    5.000000 v input external delay
     2    0.008163    0.013384    0.007976    5.007977 v gpio_in[10] (in)
                                                         gpio_in[10] (net)
                      0.013408    0.000000    5.007977 v input3/A (sky130_fd_sc_hd__clkdlybuf4s25_1)
     2    0.007900    0.050394    0.171576    5.179553 v input3/X (sky130_fd_sc_hd__clkdlybuf4s25_1)
                                                         net3 (net)
                      0.050401    0.000620    5.180172 v _0944_/D (sky130_fd_sc_hd__dfrtp_2)
                                              5.180172   data arrival time

                                  0.000000    0.000000   clock clk (rise edge)
                                  0.000000    0.000000   clock source latency
     2    0.022841    0.081177    0.056215    0.056215 ^ clk (in)
                                                         clk (net)
                      0.081218    0.000000    0.056215 ^ clkbuf_0_clk/A (sky130_fd_sc_hd__clkbuf_16)
    33    0.131693    0.111462    0.158192    0.214407 ^ clkbuf_0_clk/X (sky130_fd_sc_hd__clkbuf_16)
                                                         clknet_0_clk (net)
                      0.111967    0.006009    0.220416 ^ clkbuf_4_8_0_clk/A (sky130_fd_sc_hd__clkbuf_8)
     9    0.025782    0.044801    0.115330    0.335746 ^ clkbuf_4_8_0_clk/X (sky130_fd_sc_hd__clkbuf_8)
                                                         clknet_4_8_0_clk (net)
                      0.045017    0.002164    0.337910 ^ _0944_/CLK (sky130_fd_sc_hd__dfrtp_2)
                                  0.250000    0.587910   clock uncertainty
                                  0.000000    0.587910   clock reconvergence pessimism
                                 -0.034263    0.553647   library hold time
                                              0.553647   data required time
---------------------------------------------------------------------------------------------
                                              0.553647   data required time
                                             -5.180172   data arrival time
---------------------------------------------------------------------------------------------
                                              4.626525   slack (MET)


Startpoint: gpio_in[13] (input port clocked by clk)
Endpoint: _0947_ (rising edge-triggered flip-flop clocked by clk)
Path Group: clk
Path Type: min

Fanout         Cap        Slew       Delay        Time   Description
---------------------------------------------------------------------------------------------
                                  0.000000    0.000000   clock clk (rise edge)
                                  0.000000    0.000000   clock network delay (propagated)
                                  5.000000    5.000000 v input external delay
     2    0.008402    0.013772    0.008272    5.008273 v gpio_in[13] (in)
                                                         gpio_in[13] (net)
                      0.013801    0.000000    5.008273 v input6/A (sky130_fd_sc_hd__clkdlybuf4s25_1)
     2    0.008180    0.051662    0.172968    5.181241 v input6/X (sky130_fd_sc_hd__clkdlybuf4s25_1)
                                                         net6 (net)
                      0.051665    0.000479    5.181720 v _0947_/D (sky130_fd_sc_hd__dfrtp_2)
                                              5.181720   data arrival time

                                  0.000000    0.000000   clock clk (rise edge)
                                  0.000000    0.000000   clock source latency
     2    0.022841    0.081177    0.056215    0.056215 ^ clk (in)
                                                         clk (net)
                      0.081218    0.000000    0.056215 ^ clkbuf_0_clk/A (sky130_fd_sc_hd__clkbuf_16)
    33    0.131693    0.111462    0.158192    0.214407 ^ clkbuf_0_clk/X (sky130_fd_sc_hd__clkbuf_16)
                                                         clknet_0_clk (net)
                      0.111967    0.006009    0.220416 ^ clkbuf_4_8_0_clk/A (sky130_fd_sc_hd__clkbuf_8)
     9    0.025782    0.044801    0.115330    0.335746 ^ clkbuf_4_8_0_clk/X (sky130_fd_sc_hd__clkbuf_8)
                                                         clknet_4_8_0_clk (net)
                      0.045034    0.002271    0.338017 ^ _0947_/CLK (sky130_fd_sc_hd__dfrtp_2)
                                  0.250000    0.588017   clock uncertainty
                                  0.000000    0.588017   clock reconvergence pessimism
                                 -0.034666    0.553351   library hold time
                                              0.553351   data required time
---------------------------------------------------------------------------------------------
                                              0.553351   data required time
                                             -5.181720   data arrival time
---------------------------------------------------------------------------------------------
                                              4.628369   slack (MET)


Startpoint: gpio_in[8] (input port clocked by clk)
Endpoint: _0942_ (rising edge-triggered flip-flop clocked by clk)
Path Group: clk
Path Type: min

Fanout         Cap        Slew       Delay        Time   Description
---------------------------------------------------------------------------------------------
                                  0.000000    0.000000   clock clk (rise edge)
                                  0.000000    0.000000   clock network delay (propagated)
                                  5.000000    5.000000 v input external delay
     2    0.008245    0.013503    0.008009    5.008009 v gpio_in[8] (in)
                                                         gpio_in[8] (net)
                      0.013516    0.000000    5.008009 v input14/A (sky130_fd_sc_hd__clkdlybuf4s25_1)
     2    0.010008    0.059379    0.180256    5.188265 v input14/X (sky130_fd_sc_hd__clkdlybuf4s25_1)
                                                         net14 (net)
                      0.059385    0.000615    5.188879 v _0942_/D (sky130_fd_sc_hd__dfrtp_2)
                                              5.188879   data arrival time

                                  0.000000    0.000000   clock clk (rise edge)
                                  0.000000    0.000000   clock source latency
     2    0.022841    0.081177    0.056215    0.056215 ^ clk (in)
                                                         clk (net)
                      0.081218    0.000000    0.056215 ^ clkbuf_0_clk/A (sky130_fd_sc_hd__clkbuf_16)
    33    0.131693    0.111462    0.158192    0.214407 ^ clkbuf_0_clk/X (sky130_fd_sc_hd__clkbuf_16)
                                                         clknet_0_clk (net)
                      0.111967    0.006009    0.220416 ^ clkbuf_4_8_0_clk/A (sky130_fd_sc_hd__clkbuf_8)
     9    0.025782    0.044801    0.115330    0.335746 ^ clkbuf_4_8_0_clk/X (sky130_fd_sc_hd__clkbuf_8)
                                                         clknet_4_8_0_clk (net)
                      0.045017    0.002165    0.337911 ^ _0942_/CLK (sky130_fd_sc_hd__dfrtp_2)
                                  0.250000    0.587911   clock uncertainty
                                  0.000000    0.587911   clock reconvergence pessimism
                                 -0.037140    0.550771   library hold time
                                              0.550771   data required time
---------------------------------------------------------------------------------------------
                                              0.550771   data required time
                                             -5.188879   data arrival time
---------------------------------------------------------------------------------------------
                                              4.638109   slack (MET)


Startpoint: nrst (input port clocked by clk)
Endpoint: _0932_ (removal check against rising-edge clock clk)
Path Group: asynchronous
Path Type: min

Fanout         Cap        Slew       Delay        Time   Description
---------------------------------------------------------------------------------------------
                                  0.000000    0.000000   clock clk (rise edge)
                                  0.000000    0.000000   clock network delay (propagated)
                                  5.000000    5.000000 ^ input external delay
     2    0.006468    0.026574    0.016586    5.016586 ^ nrst (in)
                                                         nrst (net)
                      0.026577    0.000000    5.016586 ^ input16/A (sky130_fd_sc_hd__clkdlybuf4s25_1)
     1    0.002372    0.028945    0.154059    5.170646 ^ input16/X (sky130_fd_sc_hd__clkdlybuf4s25_1)
                                                         net16 (net)
                      0.028945    0.000100    5.170746 ^ _0546_/A (sky130_fd_sc_hd__and2_2)
     1    0.006415    0.036546    0.085331    5.256077 ^ _0546_/X (sky130_fd_sc_hd__and2_2)
                                                         SYNTH_INST.keypad.n_rst (net)
                      0.036553    0.000456    5.256533 ^ fanout74/A (sky130_fd_sc_hd__clkdlybuf4s25_1)
    11    0.042457    0.319567    0.360485    5.617017 ^ fanout74/X (sky130_fd_sc_hd__clkdlybuf4s25_1)
                                                         net74 (net)
                      0.319623    0.003540    5.620557 ^ fanout66/A (sky130_fd_sc_hd__clkdlybuf4s25_1)
     2    0.006331    0.056360    0.210516    5.831074 ^ fanout66/X (sky130_fd_sc_hd__clkdlybuf4s25_1)
                                                         net66 (net)
                      0.056360    0.000212    5.831286 ^ _0932_/RESET_B (sky130_fd_sc_hd__dfrtp_2)
                                              5.831286   data arrival time

                                  0.000000    0.000000   clock clk (rise edge)
                                  0.000000    0.000000   clock source latency
     2    0.022841    0.081177    0.056215    0.056215 ^ clk (in)
                                                         clk (net)
                      0.081218    0.000000    0.056215 ^ clkbuf_0_clk/A (sky130_fd_sc_hd__clkbuf_16)
    33    0.131693    0.111462    0.158192    0.214407 ^ clkbuf_0_clk/X (sky130_fd_sc_hd__clkbuf_16)
                                                         clknet_0_clk (net)
                      0.112087    0.006667    0.221075 ^ clkbuf_4_12_0_clk/A (sky130_fd_sc_hd__clkbuf_8)
     9    0.031749    0.051981    0.120963    0.342038 ^ clkbuf_4_12_0_clk/X (sky130_fd_sc_hd__clkbuf_8)
                                                         clknet_4_12_0_clk (net)
                      0.052056    0.001706    0.343743 ^ _0932_/CLK (sky130_fd_sc_hd__dfrtp_2)
                                  0.250000    0.593744   clock uncertainty
                                  0.000000    0.593744   clock reconvergence pessimism
                                  0.206622    0.800365   library removal time
                                              0.800365   data required time
---------------------------------------------------------------------------------------------
                                              0.800365   data required time
                                             -5.831286   data arrival time
---------------------------------------------------------------------------------------------
                                              5.030921   slack (MET)


Startpoint: nrst (input port clocked by clk)
Endpoint: _0894_ (removal check against rising-edge clock clk)
Path Group: asynchronous
Path Type: min

Fanout         Cap        Slew       Delay        Time   Description
---------------------------------------------------------------------------------------------
                                  0.000000    0.000000   clock clk (rise edge)
                                  0.000000    0.000000   clock network delay (propagated)
                                  5.000000    5.000000 ^ input external delay
     2    0.006468    0.026574    0.016586    5.016586 ^ nrst (in)
                                                         nrst (net)
                      0.026577    0.000000    5.016586 ^ input16/A (sky130_fd_sc_hd__clkdlybuf4s25_1)
     1    0.002372    0.028945    0.154059    5.170646 ^ input16/X (sky130_fd_sc_hd__clkdlybuf4s25_1)
                                                         net16 (net)
                      0.028945    0.000100    5.170746 ^ _0546_/A (sky130_fd_sc_hd__and2_2)
     1    0.006415    0.036546    0.085331    5.256077 ^ _0546_/X (sky130_fd_sc_hd__and2_2)
                                                         SYNTH_INST.keypad.n_rst (net)
                      0.036553    0.000456    5.256533 ^ fanout74/A (sky130_fd_sc_hd__clkdlybuf4s25_1)
    11    0.042457    0.319567    0.360485    5.617017 ^ fanout74/X (sky130_fd_sc_hd__clkdlybuf4s25_1)
                                                         net74 (net)
                      0.319604    0.002885    5.619903 ^ fanout73/A (sky130_fd_sc_hd__clkdlybuf4s25_1)
     7    0.034897    0.264452    0.355245    5.975147 ^ fanout73/X (sky130_fd_sc_hd__clkdlybuf4s25_1)
                                                         net73 (net)
                      0.264466    0.002140    5.977287 ^ _0894_/RESET_B (sky130_fd_sc_hd__dfrtp_2)
                                              5.977287   data arrival time

                                  0.000000    0.000000   clock clk (rise edge)
                                  0.000000    0.000000   clock source latency
     2    0.022841    0.081177    0.056215    0.056215 ^ clk (in)
                                                         clk (net)
                      0.081218    0.000000    0.056215 ^ clkbuf_0_clk/A (sky130_fd_sc_hd__clkbuf_16)
    33    0.131693    0.111462    0.158192    0.214407 ^ clkbuf_0_clk/X (sky130_fd_sc_hd__clkbuf_16)
                                                         clknet_0_clk (net)
                      0.112237    0.007408    0.221815 ^ clkbuf_4_15_0_clk/A (sky130_fd_sc_hd__clkbuf_8)
     9    0.029120    0.048790    0.118087    0.339902 ^ clkbuf_4_15_0_clk/X (sky130_fd_sc_hd__clkbuf_8)
                                                         clknet_4_15_0_clk (net)
                      0.049050    0.002744    0.342646 ^ _0894_/CLK (sky130_fd_sc_hd__dfrtp_2)
                                  0.250000    0.592646   clock uncertainty
                                  0.000000    0.592646   clock reconvergence pessimism
                                  0.260265    0.852911   library removal time
                                              0.852911   data required time
---------------------------------------------------------------------------------------------
                                              0.852911   data required time
                                             -5.977287   data arrival time
---------------------------------------------------------------------------------------------
                                              5.124377   slack (MET)


Startpoint: nrst (input port clocked by clk)
Endpoint: _0895_ (removal check against rising-edge clock clk)
Path Group: asynchronous
Path Type: min

Fanout         Cap        Slew       Delay        Time   Description
---------------------------------------------------------------------------------------------
                                  0.000000    0.000000   clock clk (rise edge)
                                  0.000000    0.000000   clock network delay (propagated)
                                  5.000000    5.000000 ^ input external delay
     2    0.006468    0.026574    0.016586    5.016586 ^ nrst (in)
                                                         nrst (net)
                      0.026577    0.000000    5.016586 ^ input16/A (sky130_fd_sc_hd__clkdlybuf4s25_1)
     1    0.002372    0.028945    0.154059    5.170646 ^ input16/X (sky130_fd_sc_hd__clkdlybuf4s25_1)
                                                         net16 (net)
                      0.028945    0.000100    5.170746 ^ _0546_/A (sky130_fd_sc_hd__and2_2)
     1    0.006415    0.036546    0.085331    5.256077 ^ _0546_/X (sky130_fd_sc_hd__and2_2)
                                                         SYNTH_INST.keypad.n_rst (net)
                      0.036553    0.000456    5.256533 ^ fanout74/A (sky130_fd_sc_hd__clkdlybuf4s25_1)
    11    0.042457    0.319567    0.360485    5.617017 ^ fanout74/X (sky130_fd_sc_hd__clkdlybuf4s25_1)
                                                         net74 (net)
                      0.319604    0.002885    5.619903 ^ fanout73/A (sky130_fd_sc_hd__clkdlybuf4s25_1)
     7    0.034897    0.264452    0.355245    5.975147 ^ fanout73/X (sky130_fd_sc_hd__clkdlybuf4s25_1)
                                                         net73 (net)
                      0.264464    0.002015    5.977162 ^ _0895_/RESET_B (sky130_fd_sc_hd__dfrtp_2)
                                              5.977162   data arrival time

                                  0.000000    0.000000   clock clk (rise edge)
                                  0.000000    0.000000   clock source latency
     2    0.022841    0.081177    0.056215    0.056215 ^ clk (in)
                                                         clk (net)
                      0.081218    0.000000    0.056215 ^ clkbuf_0_clk/A (sky130_fd_sc_hd__clkbuf_16)
    33    0.131693    0.111462    0.158192    0.214407 ^ clkbuf_0_clk/X (sky130_fd_sc_hd__clkbuf_16)
                                                         clknet_0_clk (net)
                      0.112237    0.007408    0.221815 ^ clkbuf_4_15_0_clk/A (sky130_fd_sc_hd__clkbuf_8)
     9    0.029120    0.048790    0.118087    0.339902 ^ clkbuf_4_15_0_clk/X (sky130_fd_sc_hd__clkbuf_8)
                                                         clknet_4_15_0_clk (net)
                      0.048942    0.002085    0.341987 ^ _0895_/CLK (sky130_fd_sc_hd__dfrtp_2)
                                  0.250000    0.591987   clock uncertainty
                                  0.000000    0.591987   clock reconvergence pessimism
                                  0.260250    0.852237   library removal time
                                              0.852237   data required time
---------------------------------------------------------------------------------------------
                                              0.852237   data required time
                                             -5.977162   data arrival time
---------------------------------------------------------------------------------------------
                                              5.124926   slack (MET)


Startpoint: nrst (input port clocked by clk)
Endpoint: _0960_ (removal check against rising-edge clock clk)
Path Group: asynchronous
Path Type: min

Fanout         Cap        Slew       Delay        Time   Description
---------------------------------------------------------------------------------------------
                                  0.000000    0.000000   clock clk (rise edge)
                                  0.000000    0.000000   clock network delay (propagated)
                                  5.000000    5.000000 ^ input external delay
     2    0.006468    0.026574    0.016586    5.016586 ^ nrst (in)
                                                         nrst (net)
                      0.026577    0.000000    5.016586 ^ input16/A (sky130_fd_sc_hd__clkdlybuf4s25_1)
     1    0.002372    0.028945    0.154059    5.170646 ^ input16/X (sky130_fd_sc_hd__clkdlybuf4s25_1)
                                                         net16 (net)
                      0.028945    0.000100    5.170746 ^ _0546_/A (sky130_fd_sc_hd__and2_2)
     1    0.006415    0.036546    0.085331    5.256077 ^ _0546_/X (sky130_fd_sc_hd__and2_2)
                                                         SYNTH_INST.keypad.n_rst (net)
                      0.036553    0.000456    5.256533 ^ fanout74/A (sky130_fd_sc_hd__clkdlybuf4s25_1)
    11    0.042457    0.319567    0.360485    5.617017 ^ fanout74/X (sky130_fd_sc_hd__clkdlybuf4s25_1)
                                                         net74 (net)
                      0.319604    0.002885    5.619903 ^ fanout73/A (sky130_fd_sc_hd__clkdlybuf4s25_1)
     7    0.034897    0.264452    0.355245    5.975147 ^ fanout73/X (sky130_fd_sc_hd__clkdlybuf4s25_1)
                                                         net73 (net)
                      0.264453    0.001127    5.976274 ^ _0960_/RESET_B (sky130_fd_sc_hd__dfrtp_2)
                                              5.976274   data arrival time

                                  0.000000    0.000000   clock clk (rise edge)
                                  0.000000    0.000000   clock source latency
     2    0.022841    0.081177    0.056215    0.056215 ^ clk (in)
                                                         clk (net)
                      0.081218    0.000000    0.056215 ^ clkbuf_0_clk/A (sky130_fd_sc_hd__clkbuf_16)
    33    0.131693    0.111462    0.158192    0.214407 ^ clkbuf_0_clk/X (sky130_fd_sc_hd__clkbuf_16)
                                                         clknet_0_clk (net)
                      0.112235    0.007400    0.221807 ^ clkbuf_4_14_0_clk/A (sky130_fd_sc_hd__clkbuf_8)
     9    0.027915    0.047352    0.117350    0.339157 ^ clkbuf_4_14_0_clk/X (sky130_fd_sc_hd__clkbuf_8)
                                                         clknet_4_14_0_clk (net)
                      0.047526    0.001930    0.341088 ^ _0960_/CLK (sky130_fd_sc_hd__dfrtp_2)
                                  0.250000    0.591088   clock uncertainty
                                  0.000000    0.591088   clock reconvergence pessimism
                                  0.260057    0.851144   library removal time
                                              0.851144   data required time
---------------------------------------------------------------------------------------------
                                              0.851144   data required time
                                             -5.976274   data arrival time
---------------------------------------------------------------------------------------------
                                              5.125130   slack (MET)


Startpoint: nrst (input port clocked by clk)
Endpoint: _1019_ (removal check against rising-edge clock clk)
Path Group: asynchronous
Path Type: min

Fanout         Cap        Slew       Delay        Time   Description
---------------------------------------------------------------------------------------------
                                  0.000000    0.000000   clock clk (rise edge)
                                  0.000000    0.000000   clock network delay (propagated)
                                  5.000000    5.000000 ^ input external delay
     2    0.006468    0.026574    0.016586    5.016586 ^ nrst (in)
                                                         nrst (net)
                      0.026577    0.000000    5.016586 ^ input16/A (sky130_fd_sc_hd__clkdlybuf4s25_1)
     1    0.002372    0.028945    0.154059    5.170646 ^ input16/X (sky130_fd_sc_hd__clkdlybuf4s25_1)
                                                         net16 (net)
                      0.028945    0.000100    5.170746 ^ _0546_/A (sky130_fd_sc_hd__and2_2)
     1    0.006415    0.036546    0.085331    5.256077 ^ _0546_/X (sky130_fd_sc_hd__and2_2)
                                                         SYNTH_INST.keypad.n_rst (net)
                      0.036553    0.000456    5.256533 ^ fanout74/A (sky130_fd_sc_hd__clkdlybuf4s25_1)
    11    0.042457    0.319567    0.360485    5.617017 ^ fanout74/X (sky130_fd_sc_hd__clkdlybuf4s25_1)
                                                         net74 (net)
                      0.319604    0.002885    5.619903 ^ fanout73/A (sky130_fd_sc_hd__clkdlybuf4s25_1)
     7    0.034897    0.264452    0.355245    5.975147 ^ fanout73/X (sky130_fd_sc_hd__clkdlybuf4s25_1)
                                                         net73 (net)
                      0.264453    0.001057    5.976204 ^ _1019_/RESET_B (sky130_fd_sc_hd__dfrtp_2)
                                              5.976204   data arrival time

                                  0.000000    0.000000   clock clk (rise edge)
                                  0.000000    0.000000   clock source latency
     2    0.022841    0.081177    0.056215    0.056215 ^ clk (in)
                                                         clk (net)
                      0.081218    0.000000    0.056215 ^ clkbuf_0_clk/A (sky130_fd_sc_hd__clkbuf_16)
    33    0.131693    0.111462    0.158192    0.214407 ^ clkbuf_0_clk/X (sky130_fd_sc_hd__clkbuf_16)
                                                         clknet_0_clk (net)
                      0.112150    0.006989    0.221396 ^ clkbuf_4_11_0_clk/A (sky130_fd_sc_hd__clkbuf_8)
     9    0.027254    0.046604    0.116918    0.338315 ^ clkbuf_4_11_0_clk/X (sky130_fd_sc_hd__clkbuf_8)
                                                         clknet_4_11_0_clk (net)
                      0.046693    0.001729    0.340044 ^ _1019_/CLK (sky130_fd_sc_hd__dfrtp_2)
                                  0.250000    0.590044   clock uncertainty
                                  0.000000    0.590044   clock reconvergence pessimism
                                  0.259945    0.849988   library removal time
                                              0.849988   data required time
---------------------------------------------------------------------------------------------
                                              0.849988   data required time
                                             -5.976204   data arrival time
---------------------------------------------------------------------------------------------
                                              5.126215   slack (MET)


Startpoint: nrst (input port clocked by clk)
Endpoint: _1009_ (removal check against rising-edge clock clk)
Path Group: asynchronous
Path Type: min

Fanout         Cap        Slew       Delay        Time   Description
---------------------------------------------------------------------------------------------
                                  0.000000    0.000000   clock clk (rise edge)
                                  0.000000    0.000000   clock network delay (propagated)
                                  5.000000    5.000000 ^ input external delay
     2    0.006468    0.026574    0.016586    5.016586 ^ nrst (in)
                                                         nrst (net)
                      0.026577    0.000000    5.016586 ^ input16/A (sky130_fd_sc_hd__clkdlybuf4s25_1)
     1    0.002372    0.028945    0.154059    5.170646 ^ input16/X (sky130_fd_sc_hd__clkdlybuf4s25_1)
                                                         net16 (net)
                      0.028945    0.000100    5.170746 ^ _0546_/A (sky130_fd_sc_hd__and2_2)
     1    0.006415    0.036546    0.085331    5.256077 ^ _0546_/X (sky130_fd_sc_hd__and2_2)
                                                         SYNTH_INST.keypad.n_rst (net)
                      0.036553    0.000456    5.256533 ^ fanout74/A (sky130_fd_sc_hd__clkdlybuf4s25_1)
    11    0.042457    0.319567    0.360485    5.617017 ^ fanout74/X (sky130_fd_sc_hd__clkdlybuf4s25_1)
                                                         net74 (net)
                      0.319620    0.003446    5.620463 ^ fanout68/A (sky130_fd_sc_hd__clkdlybuf4s25_1)
     9    0.044650    0.336178    0.403438    6.023901 ^ fanout68/X (sky130_fd_sc_hd__clkdlybuf4s25_1)
                                                         net68 (net)
                      0.336318    0.003162    6.027063 ^ _1009_/RESET_B (sky130_fd_sc_hd__dfrtp_2)
                                              6.027063   data arrival time

                                  0.000000    0.000000   clock clk (rise edge)
                                  0.000000    0.000000   clock source latency
     2    0.022841    0.081177    0.056215    0.056215 ^ clk (in)
                                                         clk (net)
                      0.081218    0.000000    0.056215 ^ clkbuf_0_clk/A (sky130_fd_sc_hd__clkbuf_16)
    33    0.131693    0.111462    0.158192    0.214407 ^ clkbuf_0_clk/X (sky130_fd_sc_hd__clkbuf_16)
                                                         clknet_0_clk (net)
                      0.112087    0.006667    0.221075 ^ clkbuf_4_12_0_clk/A (sky130_fd_sc_hd__clkbuf_8)
     9    0.031749    0.051981    0.120963    0.342038 ^ clkbuf_4_12_0_clk/X (sky130_fd_sc_hd__clkbuf_8)
                                                         clknet_4_12_0_clk (net)
                      0.052005    0.001055    0.343092 ^ _1009_/CLK (sky130_fd_sc_hd__dfrtp_2)
                                  0.250000    0.593093   clock uncertainty
                                  0.000000    0.593093   clock reconvergence pessimism
                                  0.279323    0.872415   library removal time
                                              0.872415   data required time
---------------------------------------------------------------------------------------------
                                              0.872415   data required time
                                             -6.027063   data arrival time
---------------------------------------------------------------------------------------------
                                              5.154648   slack (MET)


Startpoint: nrst (input port clocked by clk)
Endpoint: _1010_ (removal check against rising-edge clock clk)
Path Group: asynchronous
Path Type: min

Fanout         Cap        Slew       Delay        Time   Description
---------------------------------------------------------------------------------------------
                                  0.000000    0.000000   clock clk (rise edge)
                                  0.000000    0.000000   clock network delay (propagated)
                                  5.000000    5.000000 ^ input external delay
     2    0.006468    0.026574    0.016586    5.016586 ^ nrst (in)
                                                         nrst (net)
                      0.026577    0.000000    5.016586 ^ input16/A (sky130_fd_sc_hd__clkdlybuf4s25_1)
     1    0.002372    0.028945    0.154059    5.170646 ^ input16/X (sky130_fd_sc_hd__clkdlybuf4s25_1)
                                                         net16 (net)
                      0.028945    0.000100    5.170746 ^ _0546_/A (sky130_fd_sc_hd__and2_2)
     1    0.006415    0.036546    0.085331    5.256077 ^ _0546_/X (sky130_fd_sc_hd__and2_2)
                                                         SYNTH_INST.keypad.n_rst (net)
                      0.036553    0.000456    5.256533 ^ fanout74/A (sky130_fd_sc_hd__clkdlybuf4s25_1)
    11    0.042457    0.319567    0.360485    5.617017 ^ fanout74/X (sky130_fd_sc_hd__clkdlybuf4s25_1)
                                                         net74 (net)
                      0.319620    0.003446    5.620463 ^ fanout68/A (sky130_fd_sc_hd__clkdlybuf4s25_1)
     9    0.044650    0.336178    0.403438    6.023901 ^ fanout68/X (sky130_fd_sc_hd__clkdlybuf4s25_1)
                                                         net68 (net)
                      0.336336    0.003778    6.027678 ^ _1010_/RESET_B (sky130_fd_sc_hd__dfrtp_2)
                                              6.027678   data arrival time

                                  0.000000    0.000000   clock clk (rise edge)
                                  0.000000    0.000000   clock source latency
     2    0.022841    0.081177    0.056215    0.056215 ^ clk (in)
                                                         clk (net)
                      0.081218    0.000000    0.056215 ^ clkbuf_0_clk/A (sky130_fd_sc_hd__clkbuf_16)
    33    0.131693    0.111462    0.158192    0.214407 ^ clkbuf_0_clk/X (sky130_fd_sc_hd__clkbuf_16)
                                                         clknet_0_clk (net)
                      0.111854    0.005314    0.219721 ^ clkbuf_4_6_0_clk/A (sky130_fd_sc_hd__clkbuf_8)
     9    0.031293    0.051396    0.120102    0.339823 ^ clkbuf_4_6_0_clk/X (sky130_fd_sc_hd__clkbuf_8)
                                                         clknet_4_6_0_clk (net)
                      0.051581    0.002129    0.341952 ^ _1010_/CLK (sky130_fd_sc_hd__dfrtp_2)
                                  0.250000    0.591952   clock uncertainty
                                  0.000000    0.591952   clock reconvergence pessimism
                                  0.279271    0.871223   library removal time
                                              0.871223   data required time
---------------------------------------------------------------------------------------------
                                              0.871223   data required time
                                             -6.027678   data arrival time
---------------------------------------------------------------------------------------------
                                              5.156456   slack (MET)


Startpoint: nrst (input port clocked by clk)
Endpoint: _1006_ (removal check against rising-edge clock clk)
Path Group: asynchronous
Path Type: min

Fanout         Cap        Slew       Delay        Time   Description
---------------------------------------------------------------------------------------------
                                  0.000000    0.000000   clock clk (rise edge)
                                  0.000000    0.000000   clock network delay (propagated)
                                  5.000000    5.000000 ^ input external delay
     2    0.006468    0.026574    0.016586    5.016586 ^ nrst (in)
                                                         nrst (net)
                      0.026577    0.000000    5.016586 ^ input16/A (sky130_fd_sc_hd__clkdlybuf4s25_1)
     1    0.002372    0.028945    0.154059    5.170646 ^ input16/X (sky130_fd_sc_hd__clkdlybuf4s25_1)
                                                         net16 (net)
                      0.028945    0.000100    5.170746 ^ _0546_/A (sky130_fd_sc_hd__and2_2)
     1    0.006415    0.036546    0.085331    5.256077 ^ _0546_/X (sky130_fd_sc_hd__and2_2)
                                                         SYNTH_INST.keypad.n_rst (net)
                      0.036553    0.000456    5.256533 ^ fanout74/A (sky130_fd_sc_hd__clkdlybuf4s25_1)
    11    0.042457    0.319567    0.360485    5.617017 ^ fanout74/X (sky130_fd_sc_hd__clkdlybuf4s25_1)
                                                         net74 (net)
                      0.319620    0.003446    5.620463 ^ fanout68/A (sky130_fd_sc_hd__clkdlybuf4s25_1)
     9    0.044650    0.336178    0.403438    6.023901 ^ fanout68/X (sky130_fd_sc_hd__clkdlybuf4s25_1)
                                                         net68 (net)
                      0.336337    0.003806    6.027707 ^ _1006_/RESET_B (sky130_fd_sc_hd__dfrtp_2)
                                              6.027707   data arrival time

                                  0.000000    0.000000   clock clk (rise edge)
                                  0.000000    0.000000   clock source latency
     2    0.022841    0.081177    0.056215    0.056215 ^ clk (in)
                                                         clk (net)
                      0.081218    0.000000    0.056215 ^ clkbuf_0_clk/A (sky130_fd_sc_hd__clkbuf_16)
    33    0.131693    0.111462    0.158192    0.214407 ^ clkbuf_0_clk/X (sky130_fd_sc_hd__clkbuf_16)
                                                         clknet_0_clk (net)
                      0.111854    0.005314    0.219721 ^ clkbuf_4_6_0_clk/A (sky130_fd_sc_hd__clkbuf_8)
     9    0.031293    0.051396    0.120102    0.339823 ^ clkbuf_4_6_0_clk/X (sky130_fd_sc_hd__clkbuf_8)
                                                         clknet_4_6_0_clk (net)
                      0.051558    0.001948    0.341771 ^ _1006_/CLK (sky130_fd_sc_hd__dfrtp_2)
                                  0.250000    0.591771   clock uncertainty
                                  0.000000    0.591771   clock reconvergence pessimism
                                  0.279268    0.871039   library removal time
                                              0.871039   data required time
---------------------------------------------------------------------------------------------
                                              0.871039   data required time
                                             -6.027707   data arrival time
---------------------------------------------------------------------------------------------
                                              5.156668   slack (MET)


Startpoint: nrst (input port clocked by clk)
Endpoint: _0993_ (removal check against rising-edge clock clk)
Path Group: asynchronous
Path Type: min

Fanout         Cap        Slew       Delay        Time   Description
---------------------------------------------------------------------------------------------
                                  0.000000    0.000000   clock clk (rise edge)
                                  0.000000    0.000000   clock network delay (propagated)
                                  5.000000    5.000000 ^ input external delay
     2    0.006468    0.026574    0.016586    5.016586 ^ nrst (in)
                                                         nrst (net)
                      0.026577    0.000000    5.016586 ^ input16/A (sky130_fd_sc_hd__clkdlybuf4s25_1)
     1    0.002372    0.028945    0.154059    5.170646 ^ input16/X (sky130_fd_sc_hd__clkdlybuf4s25_1)
                                                         net16 (net)
                      0.028945    0.000100    5.170746 ^ _0546_/A (sky130_fd_sc_hd__and2_2)
     1    0.006415    0.036546    0.085331    5.256077 ^ _0546_/X (sky130_fd_sc_hd__and2_2)
                                                         SYNTH_INST.keypad.n_rst (net)
                      0.036553    0.000456    5.256533 ^ fanout74/A (sky130_fd_sc_hd__clkdlybuf4s25_1)
    11    0.042457    0.319567    0.360485    5.617017 ^ fanout74/X (sky130_fd_sc_hd__clkdlybuf4s25_1)
                                                         net74 (net)
                      0.319577    0.001539    5.618556 ^ fanout65/A (sky130_fd_sc_hd__clkdlybuf4s25_1)
    13    0.046250    0.347988    0.411704    6.030260 ^ fanout65/X (sky130_fd_sc_hd__clkdlybuf4s25_1)
                                                         net65 (net)
                      0.348140    0.006036    6.036295 ^ _0993_/RESET_B (sky130_fd_sc_hd__dfrtp_2)
                                              6.036295   data arrival time

                                  0.000000    0.000000   clock clk (rise edge)
                                  0.000000    0.000000   clock source latency
     2    0.022841    0.081177    0.056215    0.056215 ^ clk (in)
                                                         clk (net)
                      0.081218    0.000000    0.056215 ^ clkbuf_0_clk/A (sky130_fd_sc_hd__clkbuf_16)
    33    0.131693    0.111462    0.158192    0.214407 ^ clkbuf_0_clk/X (sky130_fd_sc_hd__clkbuf_16)
                                                         clknet_0_clk (net)
                      0.111805    0.004987    0.219395 ^ clkbuf_4_2_0_clk/A (sky130_fd_sc_hd__clkbuf_8)
     9    0.035311    0.056222    0.123564    0.342958 ^ clkbuf_4_2_0_clk/X (sky130_fd_sc_hd__clkbuf_8)
                                                         clknet_4_2_0_clk (net)
                      0.056404    0.002164    0.345122 ^ _0993_/CLK (sky130_fd_sc_hd__dfrtp_2)
                                  0.250000    0.595122   clock uncertainty
                                  0.000000    0.595122   clock reconvergence pessimism
                                  0.282978    0.878100   library removal time
                                              0.878100   data required time
---------------------------------------------------------------------------------------------
                                              0.878100   data required time
                                             -6.036295   data arrival time
---------------------------------------------------------------------------------------------
                                              5.158195   slack (MET)


Startpoint: nrst (input port clocked by clk)
Endpoint: _0953_ (removal check against rising-edge clock clk)
Path Group: asynchronous
Path Type: min

Fanout         Cap        Slew       Delay        Time   Description
---------------------------------------------------------------------------------------------
                                  0.000000    0.000000   clock clk (rise edge)
                                  0.000000    0.000000   clock network delay (propagated)
                                  5.000000    5.000000 ^ input external delay
     2    0.006468    0.026574    0.016586    5.016586 ^ nrst (in)
                                                         nrst (net)
                      0.026577    0.000000    5.016586 ^ input16/A (sky130_fd_sc_hd__clkdlybuf4s25_1)
     1    0.002372    0.028945    0.154059    5.170646 ^ input16/X (sky130_fd_sc_hd__clkdlybuf4s25_1)
                                                         net16 (net)
                      0.028945    0.000100    5.170746 ^ _0546_/A (sky130_fd_sc_hd__and2_2)
     1    0.006415    0.036546    0.085331    5.256077 ^ _0546_/X (sky130_fd_sc_hd__and2_2)
                                                         SYNTH_INST.keypad.n_rst (net)
                      0.036553    0.000456    5.256533 ^ fanout74/A (sky130_fd_sc_hd__clkdlybuf4s25_1)
    11    0.042457    0.319567    0.360485    5.617017 ^ fanout74/X (sky130_fd_sc_hd__clkdlybuf4s25_1)
                                                         net74 (net)
                      0.319620    0.003446    5.620463 ^ fanout68/A (sky130_fd_sc_hd__clkdlybuf4s25_1)
     9    0.044650    0.336178    0.403438    6.023901 ^ fanout68/X (sky130_fd_sc_hd__clkdlybuf4s25_1)
                                                         net68 (net)
                      0.336317    0.003119    6.027020 ^ _0953_/RESET_B (sky130_fd_sc_hd__dfrtp_2)
                                              6.027020   data arrival time

                                  0.000000    0.000000   clock clk (rise edge)
                                  0.000000    0.000000   clock source latency
     2    0.022841    0.081177    0.056215    0.056215 ^ clk (in)
                                                         clk (net)
                      0.081218    0.000000    0.056215 ^ clkbuf_0_clk/A (sky130_fd_sc_hd__clkbuf_16)
    33    0.131693    0.111462    0.158192    0.214407 ^ clkbuf_0_clk/X (sky130_fd_sc_hd__clkbuf_16)
                                                         clknet_0_clk (net)
                      0.112220    0.007329    0.221737 ^ clkbuf_4_13_0_clk/A (sky130_fd_sc_hd__clkbuf_8)
     9    0.026383    0.045571    0.116223    0.337960 ^ clkbuf_4_13_0_clk/X (sky130_fd_sc_hd__clkbuf_8)
                                                         clknet_4_13_0_clk (net)
                      0.045648    0.001597    0.339558 ^ _0953_/CLK (sky130_fd_sc_hd__dfrtp_2)
                                  0.250000    0.589558   clock uncertainty
                                  0.000000    0.589558   clock reconvergence pessimism
                                  0.278475    0.868033   library removal time
                                              0.868033   data required time
---------------------------------------------------------------------------------------------
                                              0.868033   data required time
                                             -6.027020   data arrival time
---------------------------------------------------------------------------------------------
                                              5.158987   slack (MET)


Startpoint: nrst (input port clocked by clk)
Endpoint: _0994_ (removal check against rising-edge clock clk)
Path Group: asynchronous
Path Type: min

Fanout         Cap        Slew       Delay        Time   Description
---------------------------------------------------------------------------------------------
                                  0.000000    0.000000   clock clk (rise edge)
                                  0.000000    0.000000   clock network delay (propagated)
                                  5.000000    5.000000 ^ input external delay
     2    0.006468    0.026574    0.016586    5.016586 ^ nrst (in)
                                                         nrst (net)
                      0.026577    0.000000    5.016586 ^ input16/A (sky130_fd_sc_hd__clkdlybuf4s25_1)
     1    0.002372    0.028945    0.154059    5.170646 ^ input16/X (sky130_fd_sc_hd__clkdlybuf4s25_1)
                                                         net16 (net)
                      0.028945    0.000100    5.170746 ^ _0546_/A (sky130_fd_sc_hd__and2_2)
     1    0.006415    0.036546    0.085331    5.256077 ^ _0546_/X (sky130_fd_sc_hd__and2_2)
                                                         SYNTH_INST.keypad.n_rst (net)
                      0.036553    0.000456    5.256533 ^ fanout74/A (sky130_fd_sc_hd__clkdlybuf4s25_1)
    11    0.042457    0.319567    0.360485    5.617017 ^ fanout74/X (sky130_fd_sc_hd__clkdlybuf4s25_1)
                                                         net74 (net)
                      0.319577    0.001539    5.618556 ^ fanout65/A (sky130_fd_sc_hd__clkdlybuf4s25_1)
    13    0.046250    0.347988    0.411704    6.030260 ^ fanout65/X (sky130_fd_sc_hd__clkdlybuf4s25_1)
                                                         net65 (net)
                      0.348128    0.005799    6.036059 ^ _0994_/RESET_B (sky130_fd_sc_hd__dfrtp_2)
                                              6.036059   data arrival time

                                  0.000000    0.000000   clock clk (rise edge)
                                  0.000000    0.000000   clock source latency
     2    0.022841    0.081177    0.056215    0.056215 ^ clk (in)
                                                         clk (net)
                      0.081218    0.000000    0.056215 ^ clkbuf_0_clk/A (sky130_fd_sc_hd__clkbuf_16)
    33    0.131693    0.111462    0.158192    0.214407 ^ clkbuf_0_clk/X (sky130_fd_sc_hd__clkbuf_16)
                                                         clknet_0_clk (net)
                      0.111805    0.004987    0.219395 ^ clkbuf_4_2_0_clk/A (sky130_fd_sc_hd__clkbuf_8)
     9    0.035311    0.056222    0.123564    0.342958 ^ clkbuf_4_2_0_clk/X (sky130_fd_sc_hd__clkbuf_8)
                                                         clknet_4_2_0_clk (net)
                      0.056293    0.000922    0.343880 ^ _0994_/CLK (sky130_fd_sc_hd__dfrtp_2)
                                  0.250000    0.593880   clock uncertainty
                                  0.000000    0.593880   clock reconvergence pessimism
                                  0.282960    0.876840   library removal time
                                              0.876840   data required time
---------------------------------------------------------------------------------------------
                                              0.876840   data required time
                                             -6.036059   data arrival time
---------------------------------------------------------------------------------------------
                                              5.159219   slack (MET)


Startpoint: nrst (input port clocked by clk)
Endpoint: _1003_ (removal check against rising-edge clock clk)
Path Group: asynchronous
Path Type: min

Fanout         Cap        Slew       Delay        Time   Description
---------------------------------------------------------------------------------------------
                                  0.000000    0.000000   clock clk (rise edge)
                                  0.000000    0.000000   clock network delay (propagated)
                                  5.000000    5.000000 ^ input external delay
     2    0.006468    0.026574    0.016586    5.016586 ^ nrst (in)
                                                         nrst (net)
                      0.026577    0.000000    5.016586 ^ input16/A (sky130_fd_sc_hd__clkdlybuf4s25_1)
     1    0.002372    0.028945    0.154059    5.170646 ^ input16/X (sky130_fd_sc_hd__clkdlybuf4s25_1)
                                                         net16 (net)
                      0.028945    0.000100    5.170746 ^ _0546_/A (sky130_fd_sc_hd__and2_2)
     1    0.006415    0.036546    0.085331    5.256077 ^ _0546_/X (sky130_fd_sc_hd__and2_2)
                                                         SYNTH_INST.keypad.n_rst (net)
                      0.036553    0.000456    5.256533 ^ fanout74/A (sky130_fd_sc_hd__clkdlybuf4s25_1)
    11    0.042457    0.319567    0.360485    5.617017 ^ fanout74/X (sky130_fd_sc_hd__clkdlybuf4s25_1)
                                                         net74 (net)
                      0.319620    0.003446    5.620463 ^ fanout68/A (sky130_fd_sc_hd__clkdlybuf4s25_1)
     9    0.044650    0.336178    0.403438    6.023901 ^ fanout68/X (sky130_fd_sc_hd__clkdlybuf4s25_1)
                                                         net68 (net)
                      0.336372    0.004747    6.028648 ^ _1003_/RESET_B (sky130_fd_sc_hd__dfrtp_2)
                                              6.028648   data arrival time

                                  0.000000    0.000000   clock clk (rise edge)
                                  0.000000    0.000000   clock source latency
     2    0.022841    0.081177    0.056215    0.056215 ^ clk (in)
                                                         clk (net)
                      0.081218    0.000000    0.056215 ^ clkbuf_0_clk/A (sky130_fd_sc_hd__clkbuf_16)
    33    0.131693    0.111462    0.158192    0.214407 ^ clkbuf_0_clk/X (sky130_fd_sc_hd__clkbuf_16)
                                                         clknet_0_clk (net)
                      0.112220    0.007329    0.221737 ^ clkbuf_4_13_0_clk/A (sky130_fd_sc_hd__clkbuf_8)
     9    0.026383    0.045571    0.116223    0.337960 ^ clkbuf_4_13_0_clk/X (sky130_fd_sc_hd__clkbuf_8)
                                                         clknet_4_13_0_clk (net)
                      0.045650    0.001617    0.339577 ^ _1003_/CLK (sky130_fd_sc_hd__dfrtp_2)
                                  0.250000    0.589577   clock uncertainty
                                  0.000000    0.589577   clock reconvergence pessimism
                                  0.278490    0.868067   library removal time
                                              0.868067   data required time
---------------------------------------------------------------------------------------------
                                              0.868067   data required time
                                             -6.028648   data arrival time
---------------------------------------------------------------------------------------------
                                              5.160582   slack (MET)


Startpoint: nrst (input port clocked by clk)
Endpoint: _1008_ (removal check against rising-edge clock clk)
Path Group: asynchronous
Path Type: min

Fanout         Cap        Slew       Delay        Time   Description
---------------------------------------------------------------------------------------------
                                  0.000000    0.000000   clock clk (rise edge)
                                  0.000000    0.000000   clock network delay (propagated)
                                  5.000000    5.000000 ^ input external delay
     2    0.006468    0.026574    0.016586    5.016586 ^ nrst (in)
                                                         nrst (net)
                      0.026577    0.000000    5.016586 ^ input16/A (sky130_fd_sc_hd__clkdlybuf4s25_1)
     1    0.002372    0.028945    0.154059    5.170646 ^ input16/X (sky130_fd_sc_hd__clkdlybuf4s25_1)
                                                         net16 (net)
                      0.028945    0.000100    5.170746 ^ _0546_/A (sky130_fd_sc_hd__and2_2)
     1    0.006415    0.036546    0.085331    5.256077 ^ _0546_/X (sky130_fd_sc_hd__and2_2)
                                                         SYNTH_INST.keypad.n_rst (net)
                      0.036553    0.000456    5.256533 ^ fanout74/A (sky130_fd_sc_hd__clkdlybuf4s25_1)
    11    0.042457    0.319567    0.360485    5.617017 ^ fanout74/X (sky130_fd_sc_hd__clkdlybuf4s25_1)
                                                         net74 (net)
                      0.319620    0.003446    5.620463 ^ fanout68/A (sky130_fd_sc_hd__clkdlybuf4s25_1)
     9    0.044650    0.336178    0.403438    6.023901 ^ fanout68/X (sky130_fd_sc_hd__clkdlybuf4s25_1)
                                                         net68 (net)
                      0.336349    0.004138    6.028039 ^ _1008_/RESET_B (sky130_fd_sc_hd__dfrtp_2)
                                              6.028039   data arrival time

                                  0.000000    0.000000   clock clk (rise edge)
                                  0.000000    0.000000   clock source latency
     2    0.022841    0.081177    0.056215    0.056215 ^ clk (in)
                                                         clk (net)
                      0.081218    0.000000    0.056215 ^ clkbuf_0_clk/A (sky130_fd_sc_hd__clkbuf_16)
    33    0.131693    0.111462    0.158192    0.214407 ^ clkbuf_0_clk/X (sky130_fd_sc_hd__clkbuf_16)
                                                         clknet_0_clk (net)
                      0.111792    0.004896    0.219303 ^ clkbuf_4_7_0_clk/A (sky130_fd_sc_hd__clkbuf_8)
     9    0.027602    0.047009    0.117085    0.336389 ^ clkbuf_4_7_0_clk/X (sky130_fd_sc_hd__clkbuf_8)
                                                         clknet_4_7_0_clk (net)
                      0.047064    0.001413    0.337802 ^ _1008_/CLK (sky130_fd_sc_hd__dfrtp_2)
                                  0.250000    0.587802   clock uncertainty
                                  0.000000    0.587802   clock reconvergence pessimism
                                  0.278672    0.866474   library removal time
                                              0.866474   data required time
---------------------------------------------------------------------------------------------
                                              0.866474   data required time
                                             -6.028039   data arrival time
---------------------------------------------------------------------------------------------
                                              5.161565   slack (MET)


Startpoint: nrst (input port clocked by clk)
Endpoint: _1007_ (removal check against rising-edge clock clk)
Path Group: asynchronous
Path Type: min

Fanout         Cap        Slew       Delay        Time   Description
---------------------------------------------------------------------------------------------
                                  0.000000    0.000000   clock clk (rise edge)
                                  0.000000    0.000000   clock network delay (propagated)
                                  5.000000    5.000000 ^ input external delay
     2    0.006468    0.026574    0.016586    5.016586 ^ nrst (in)
                                                         nrst (net)
                      0.026577    0.000000    5.016586 ^ input16/A (sky130_fd_sc_hd__clkdlybuf4s25_1)
     1    0.002372    0.028945    0.154059    5.170646 ^ input16/X (sky130_fd_sc_hd__clkdlybuf4s25_1)
                                                         net16 (net)
                      0.028945    0.000100    5.170746 ^ _0546_/A (sky130_fd_sc_hd__and2_2)
     1    0.006415    0.036546    0.085331    5.256077 ^ _0546_/X (sky130_fd_sc_hd__and2_2)
                                                         SYNTH_INST.keypad.n_rst (net)
                      0.036553    0.000456    5.256533 ^ fanout74/A (sky130_fd_sc_hd__clkdlybuf4s25_1)
    11    0.042457    0.319567    0.360485    5.617017 ^ fanout74/X (sky130_fd_sc_hd__clkdlybuf4s25_1)
                                                         net74 (net)
                      0.319620    0.003446    5.620463 ^ fanout68/A (sky130_fd_sc_hd__clkdlybuf4s25_1)
     9    0.044650    0.336178    0.403438    6.023901 ^ fanout68/X (sky130_fd_sc_hd__clkdlybuf4s25_1)
                                                         net68 (net)
                      0.336353    0.004263    6.028163 ^ _1007_/RESET_B (sky130_fd_sc_hd__dfrtp_2)
                                              6.028163   data arrival time

                                  0.000000    0.000000   clock clk (rise edge)
                                  0.000000    0.000000   clock source latency
     2    0.022841    0.081177    0.056215    0.056215 ^ clk (in)
                                                         clk (net)
                      0.081218    0.000000    0.056215 ^ clkbuf_0_clk/A (sky130_fd_sc_hd__clkbuf_16)
    33    0.131693    0.111462    0.158192    0.214407 ^ clkbuf_0_clk/X (sky130_fd_sc_hd__clkbuf_16)
                                                         clknet_0_clk (net)
                      0.111792    0.004896    0.219303 ^ clkbuf_4_7_0_clk/A (sky130_fd_sc_hd__clkbuf_8)
     9    0.027602    0.047009    0.117085    0.336389 ^ clkbuf_4_7_0_clk/X (sky130_fd_sc_hd__clkbuf_8)
                                                         clknet_4_7_0_clk (net)
                      0.047053    0.001285    0.337674 ^ _1007_/CLK (sky130_fd_sc_hd__dfrtp_2)
                                  0.250000    0.587674   clock uncertainty
                                  0.000000    0.587674   clock reconvergence pessimism
                                  0.278672    0.866345   library removal time
                                              0.866345   data required time
---------------------------------------------------------------------------------------------
                                              0.866345   data required time
                                             -6.028163   data arrival time
---------------------------------------------------------------------------------------------
                                              5.161818   slack (MET)


Startpoint: nrst (input port clocked by clk)
Endpoint: _1002_ (removal check against rising-edge clock clk)
Path Group: asynchronous
Path Type: min

Fanout         Cap        Slew       Delay        Time   Description
---------------------------------------------------------------------------------------------
                                  0.000000    0.000000   clock clk (rise edge)
                                  0.000000    0.000000   clock network delay (propagated)
                                  5.000000    5.000000 ^ input external delay
     2    0.006468    0.026574    0.016586    5.016586 ^ nrst (in)
                                                         nrst (net)
                      0.026577    0.000000    5.016586 ^ input16/A (sky130_fd_sc_hd__clkdlybuf4s25_1)
     1    0.002372    0.028945    0.154059    5.170646 ^ input16/X (sky130_fd_sc_hd__clkdlybuf4s25_1)
                                                         net16 (net)
                      0.028945    0.000100    5.170746 ^ _0546_/A (sky130_fd_sc_hd__and2_2)
     1    0.006415    0.036546    0.085331    5.256077 ^ _0546_/X (sky130_fd_sc_hd__and2_2)
                                                         SYNTH_INST.keypad.n_rst (net)
                      0.036553    0.000456    5.256533 ^ fanout74/A (sky130_fd_sc_hd__clkdlybuf4s25_1)
    11    0.042457    0.319567    0.360485    5.617017 ^ fanout74/X (sky130_fd_sc_hd__clkdlybuf4s25_1)
                                                         net74 (net)
                      0.319620    0.003446    5.620463 ^ fanout68/A (sky130_fd_sc_hd__clkdlybuf4s25_1)
     9    0.044650    0.336178    0.403438    6.023901 ^ fanout68/X (sky130_fd_sc_hd__clkdlybuf4s25_1)
                                                         net68 (net)
                      0.336363    0.004525    6.028426 ^ _1002_/RESET_B (sky130_fd_sc_hd__dfrtp_2)
                                              6.028426   data arrival time

                                  0.000000    0.000000   clock clk (rise edge)
                                  0.000000    0.000000   clock source latency
     2    0.022841    0.081177    0.056215    0.056215 ^ clk (in)
                                                         clk (net)
                      0.081218    0.000000    0.056215 ^ clkbuf_0_clk/A (sky130_fd_sc_hd__clkbuf_16)
    33    0.131693    0.111462    0.158192    0.214407 ^ clkbuf_0_clk/X (sky130_fd_sc_hd__clkbuf_16)
                                                         clknet_0_clk (net)
                      0.111792    0.004896    0.219303 ^ clkbuf_4_7_0_clk/A (sky130_fd_sc_hd__clkbuf_8)
     9    0.027602    0.047009    0.117085    0.336389 ^ clkbuf_4_7_0_clk/X (sky130_fd_sc_hd__clkbuf_8)
                                                         clknet_4_7_0_clk (net)
                      0.047074    0.001514    0.337902 ^ _1002_/CLK (sky130_fd_sc_hd__dfrtp_2)
                                  0.250000    0.587902   clock uncertainty
                                  0.000000    0.587902   clock reconvergence pessimism
                                  0.278677    0.866580   library removal time
                                              0.866580   data required time
---------------------------------------------------------------------------------------------
                                              0.866580   data required time
                                             -6.028426   data arrival time
---------------------------------------------------------------------------------------------
                                              5.161846   slack (MET)


Startpoint: nrst (input port clocked by clk)
Endpoint: _1001_ (removal check against rising-edge clock clk)
Path Group: asynchronous
Path Type: min

Fanout         Cap        Slew       Delay        Time   Description
---------------------------------------------------------------------------------------------
                                  0.000000    0.000000   clock clk (rise edge)
                                  0.000000    0.000000   clock network delay (propagated)
                                  5.000000    5.000000 ^ input external delay
     2    0.006468    0.026574    0.016586    5.016586 ^ nrst (in)
                                                         nrst (net)
                      0.026577    0.000000    5.016586 ^ input16/A (sky130_fd_sc_hd__clkdlybuf4s25_1)
     1    0.002372    0.028945    0.154059    5.170646 ^ input16/X (sky130_fd_sc_hd__clkdlybuf4s25_1)
                                                         net16 (net)
                      0.028945    0.000100    5.170746 ^ _0546_/A (sky130_fd_sc_hd__and2_2)
     1    0.006415    0.036546    0.085331    5.256077 ^ _0546_/X (sky130_fd_sc_hd__and2_2)
                                                         SYNTH_INST.keypad.n_rst (net)
                      0.036553    0.000456    5.256533 ^ fanout74/A (sky130_fd_sc_hd__clkdlybuf4s25_1)
    11    0.042457    0.319567    0.360485    5.617017 ^ fanout74/X (sky130_fd_sc_hd__clkdlybuf4s25_1)
                                                         net74 (net)
                      0.319620    0.003446    5.620463 ^ fanout68/A (sky130_fd_sc_hd__clkdlybuf4s25_1)
     9    0.044650    0.336178    0.403438    6.023901 ^ fanout68/X (sky130_fd_sc_hd__clkdlybuf4s25_1)
                                                         net68 (net)
                      0.336367    0.004613    6.028514 ^ _1001_/RESET_B (sky130_fd_sc_hd__dfrtp_2)
                                              6.028514   data arrival time

                                  0.000000    0.000000   clock clk (rise edge)
                                  0.000000    0.000000   clock source latency
     2    0.022841    0.081177    0.056215    0.056215 ^ clk (in)
                                                         clk (net)
                      0.081218    0.000000    0.056215 ^ clkbuf_0_clk/A (sky130_fd_sc_hd__clkbuf_16)
    33    0.131693    0.111462    0.158192    0.214407 ^ clkbuf_0_clk/X (sky130_fd_sc_hd__clkbuf_16)
                                                         clknet_0_clk (net)
                      0.111792    0.004896    0.219303 ^ clkbuf_4_7_0_clk/A (sky130_fd_sc_hd__clkbuf_8)
     9    0.027602    0.047009    0.117085    0.336389 ^ clkbuf_4_7_0_clk/X (sky130_fd_sc_hd__clkbuf_8)
                                                         clknet_4_7_0_clk (net)
                      0.047081    0.001589    0.337978 ^ _1001_/CLK (sky130_fd_sc_hd__dfrtp_2)
                                  0.250000    0.587978   clock uncertainty
                                  0.000000    0.587978   clock reconvergence pessimism
                                  0.278679    0.866657   library removal time
                                              0.866657   data required time
---------------------------------------------------------------------------------------------
                                              0.866657   data required time
                                             -6.028514   data arrival time
---------------------------------------------------------------------------------------------
                                              5.161857   slack (MET)


Startpoint: nrst (input port clocked by clk)
Endpoint: _0939_ (removal check against rising-edge clock clk)
Path Group: asynchronous
Path Type: min

Fanout         Cap        Slew       Delay        Time   Description
---------------------------------------------------------------------------------------------
                                  0.000000    0.000000   clock clk (rise edge)
                                  0.000000    0.000000   clock network delay (propagated)
                                  5.000000    5.000000 ^ input external delay
     2    0.006468    0.026574    0.016586    5.016586 ^ nrst (in)
                                                         nrst (net)
                      0.026577    0.000000    5.016586 ^ input16/A (sky130_fd_sc_hd__clkdlybuf4s25_1)
     1    0.002372    0.028945    0.154059    5.170646 ^ input16/X (sky130_fd_sc_hd__clkdlybuf4s25_1)
                                                         net16 (net)
                      0.028945    0.000100    5.170746 ^ _0546_/A (sky130_fd_sc_hd__and2_2)
     1    0.006415    0.036546    0.085331    5.256077 ^ _0546_/X (sky130_fd_sc_hd__and2_2)
                                                         SYNTH_INST.keypad.n_rst (net)
                      0.036553    0.000456    5.256533 ^ fanout74/A (sky130_fd_sc_hd__clkdlybuf4s25_1)
    11    0.042457    0.319567    0.360485    5.617017 ^ fanout74/X (sky130_fd_sc_hd__clkdlybuf4s25_1)
                                                         net74 (net)
                      0.319577    0.001539    5.618556 ^ fanout65/A (sky130_fd_sc_hd__clkdlybuf4s25_1)
    13    0.046250    0.347988    0.411704    6.030260 ^ fanout65/X (sky130_fd_sc_hd__clkdlybuf4s25_1)
                                                         net65 (net)
                      0.348058    0.004128    6.034388 ^ _0939_/RESET_B (sky130_fd_sc_hd__dfrtp_2)
                                              6.034388   data arrival time

                                  0.000000    0.000000   clock clk (rise edge)
                                  0.000000    0.000000   clock source latency
     2    0.022841    0.081177    0.056215    0.056215 ^ clk (in)
                                                         clk (net)
                      0.081218    0.000000    0.056215 ^ clkbuf_0_clk/A (sky130_fd_sc_hd__clkbuf_16)
    33    0.131693    0.111462    0.158192    0.214407 ^ clkbuf_0_clk/X (sky130_fd_sc_hd__clkbuf_16)
                                                         clknet_0_clk (net)
                      0.112150    0.006989    0.221396 ^ clkbuf_4_11_0_clk/A (sky130_fd_sc_hd__clkbuf_8)
     9    0.027254    0.046604    0.116918    0.338315 ^ clkbuf_4_11_0_clk/X (sky130_fd_sc_hd__clkbuf_8)
                                                         clknet_4_11_0_clk (net)
                      0.046697    0.001763    0.340078 ^ _0939_/CLK (sky130_fd_sc_hd__dfrtp_2)
                                  0.250000    0.590078   clock uncertainty
                                  0.000000    0.590078   clock reconvergence pessimism
                                  0.281665    0.871743   library removal time
                                              0.871743   data required time
---------------------------------------------------------------------------------------------
                                              0.871743   data required time
                                             -6.034388   data arrival time
---------------------------------------------------------------------------------------------
                                              5.162645   slack (MET)


Startpoint: nrst (input port clocked by clk)
Endpoint: _0938_ (removal check against rising-edge clock clk)
Path Group: asynchronous
Path Type: min

Fanout         Cap        Slew       Delay        Time   Description
---------------------------------------------------------------------------------------------
                                  0.000000    0.000000   clock clk (rise edge)
                                  0.000000    0.000000   clock network delay (propagated)
                                  5.000000    5.000000 ^ input external delay
     2    0.006468    0.026574    0.016586    5.016586 ^ nrst (in)
                                                         nrst (net)
                      0.026577    0.000000    5.016586 ^ input16/A (sky130_fd_sc_hd__clkdlybuf4s25_1)
     1    0.002372    0.028945    0.154059    5.170646 ^ input16/X (sky130_fd_sc_hd__clkdlybuf4s25_1)
                                                         net16 (net)
                      0.028945    0.000100    5.170746 ^ _0546_/A (sky130_fd_sc_hd__and2_2)
     1    0.006415    0.036546    0.085331    5.256077 ^ _0546_/X (sky130_fd_sc_hd__and2_2)
                                                         SYNTH_INST.keypad.n_rst (net)
                      0.036553    0.000456    5.256533 ^ fanout74/A (sky130_fd_sc_hd__clkdlybuf4s25_1)
    11    0.042457    0.319567    0.360485    5.617017 ^ fanout74/X (sky130_fd_sc_hd__clkdlybuf4s25_1)
                                                         net74 (net)
                      0.319577    0.001539    5.618556 ^ fanout65/A (sky130_fd_sc_hd__clkdlybuf4s25_1)
    13    0.046250    0.347988    0.411704    6.030260 ^ fanout65/X (sky130_fd_sc_hd__clkdlybuf4s25_1)
                                                         net65 (net)
                      0.348078    0.004660    6.034920 ^ _0938_/RESET_B (sky130_fd_sc_hd__dfrtp_2)
                                              6.034920   data arrival time

                                  0.000000    0.000000   clock clk (rise edge)
                                  0.000000    0.000000   clock source latency
     2    0.022841    0.081177    0.056215    0.056215 ^ clk (in)
                                                         clk (net)
                      0.081218    0.000000    0.056215 ^ clkbuf_0_clk/A (sky130_fd_sc_hd__clkbuf_16)
    33    0.131693    0.111462    0.158192    0.214407 ^ clkbuf_0_clk/X (sky130_fd_sc_hd__clkbuf_16)
                                                         clknet_0_clk (net)
                      0.112150    0.006989    0.221396 ^ clkbuf_4_11_0_clk/A (sky130_fd_sc_hd__clkbuf_8)
     9    0.027254    0.046604    0.116918    0.338315 ^ clkbuf_4_11_0_clk/X (sky130_fd_sc_hd__clkbuf_8)
                                                         clknet_4_11_0_clk (net)
                      0.046692    0.001721    0.340035 ^ _0938_/CLK (sky130_fd_sc_hd__dfrtp_2)
                                  0.250000    0.590035   clock uncertainty
                                  0.000000    0.590035   clock reconvergence pessimism
                                  0.281670    0.871705   library removal time
                                              0.871705   data required time
---------------------------------------------------------------------------------------------
                                              0.871705   data required time
                                             -6.034920   data arrival time
---------------------------------------------------------------------------------------------
                                              5.163215   slack (MET)


Startpoint: nrst (input port clocked by clk)
Endpoint: _0995_ (removal check against rising-edge clock clk)
Path Group: asynchronous
Path Type: min

Fanout         Cap        Slew       Delay        Time   Description
---------------------------------------------------------------------------------------------
                                  0.000000    0.000000   clock clk (rise edge)
                                  0.000000    0.000000   clock network delay (propagated)
                                  5.000000    5.000000 ^ input external delay
     2    0.006468    0.026574    0.016586    5.016586 ^ nrst (in)
                                                         nrst (net)
                      0.026577    0.000000    5.016586 ^ input16/A (sky130_fd_sc_hd__clkdlybuf4s25_1)
     1    0.002372    0.028945    0.154059    5.170646 ^ input16/X (sky130_fd_sc_hd__clkdlybuf4s25_1)
                                                         net16 (net)
                      0.028945    0.000100    5.170746 ^ _0546_/A (sky130_fd_sc_hd__and2_2)
     1    0.006415    0.036546    0.085331    5.256077 ^ _0546_/X (sky130_fd_sc_hd__and2_2)
                                                         SYNTH_INST.keypad.n_rst (net)
                      0.036553    0.000456    5.256533 ^ fanout74/A (sky130_fd_sc_hd__clkdlybuf4s25_1)
    11    0.042457    0.319567    0.360485    5.617017 ^ fanout74/X (sky130_fd_sc_hd__clkdlybuf4s25_1)
                                                         net74 (net)
                      0.319623    0.003540    5.620557 ^ fanout66/A (sky130_fd_sc_hd__clkdlybuf4s25_1)
     2    0.006331    0.056360    0.210516    5.831074 ^ fanout66/X (sky130_fd_sc_hd__clkdlybuf4s25_1)
                                                         net66 (net)
                      0.056360    0.000108    5.831182 ^ wire67/A (sky130_fd_sc_hd__clkbuf_4)
     9    0.046235    0.110274    0.149849    5.981031 ^ wire67/X (sky130_fd_sc_hd__clkbuf_4)
                                                         net67 (net)
                      0.110366    0.002613    5.983644 ^ _0995_/RESET_B (sky130_fd_sc_hd__dfrtp_2)
                                              5.983644   data arrival time

                                  0.000000    0.000000   clock clk (rise edge)
                                  0.000000    0.000000   clock source latency
     2    0.022841    0.081177    0.056215    0.056215 ^ clk (in)
                                                         clk (net)
                      0.081218    0.000000    0.056215 ^ clkbuf_0_clk/A (sky130_fd_sc_hd__clkbuf_16)
    33    0.131693    0.111462    0.158192    0.214407 ^ clkbuf_0_clk/X (sky130_fd_sc_hd__clkbuf_16)
                                                         clknet_0_clk (net)
                      0.112087    0.006667    0.221075 ^ clkbuf_4_12_0_clk/A (sky130_fd_sc_hd__clkbuf_8)
     9    0.031749    0.051981    0.120963    0.342038 ^ clkbuf_4_12_0_clk/X (sky130_fd_sc_hd__clkbuf_8)
                                                         clknet_4_12_0_clk (net)
                      0.052051    0.001657    0.343695 ^ _0995_/CLK (sky130_fd_sc_hd__dfrtp_2)
                                  0.250000    0.593695   clock uncertainty
                                  0.000000    0.593695   clock reconvergence pessimism
                                  0.220647    0.814341   library removal time
                                              0.814341   data required time
---------------------------------------------------------------------------------------------
                                              0.814341   data required time
                                             -5.983644   data arrival time
---------------------------------------------------------------------------------------------
                                              5.169303   slack (MET)


Startpoint: nrst (input port clocked by clk)
Endpoint: _1012_ (removal check against rising-edge clock clk)
Path Group: asynchronous
Path Type: min

Fanout         Cap        Slew       Delay        Time   Description
---------------------------------------------------------------------------------------------
                                  0.000000    0.000000   clock clk (rise edge)
                                  0.000000    0.000000   clock network delay (propagated)
                                  5.000000    5.000000 ^ input external delay
     2    0.006468    0.026574    0.016586    5.016586 ^ nrst (in)
                                                         nrst (net)
                      0.026577    0.000000    5.016586 ^ input16/A (sky130_fd_sc_hd__clkdlybuf4s25_1)
     1    0.002372    0.028945    0.154059    5.170646 ^ input16/X (sky130_fd_sc_hd__clkdlybuf4s25_1)
                                                         net16 (net)
                      0.028945    0.000100    5.170746 ^ _0546_/A (sky130_fd_sc_hd__and2_2)
     1    0.006415    0.036546    0.085331    5.256077 ^ _0546_/X (sky130_fd_sc_hd__and2_2)
                                                         SYNTH_INST.keypad.n_rst (net)
                      0.036553    0.000456    5.256533 ^ fanout74/A (sky130_fd_sc_hd__clkdlybuf4s25_1)
    11    0.042457    0.319567    0.360485    5.617017 ^ fanout74/X (sky130_fd_sc_hd__clkdlybuf4s25_1)
                                                         net74 (net)
                      0.319623    0.003540    5.620557 ^ fanout66/A (sky130_fd_sc_hd__clkdlybuf4s25_1)
     2    0.006331    0.056360    0.210516    5.831074 ^ fanout66/X (sky130_fd_sc_hd__clkdlybuf4s25_1)
                                                         net66 (net)
                      0.056360    0.000108    5.831182 ^ wire67/A (sky130_fd_sc_hd__clkbuf_4)
     9    0.046235    0.110274    0.149849    5.981031 ^ wire67/X (sky130_fd_sc_hd__clkbuf_4)
                                                         net67 (net)
                      0.110335    0.002137    5.983168 ^ _1012_/RESET_B (sky130_fd_sc_hd__dfrtp_2)
                                              5.983168   data arrival time

                                  0.000000    0.000000   clock clk (rise edge)
                                  0.000000    0.000000   clock source latency
     2    0.022841    0.081177    0.056215    0.056215 ^ clk (in)
                                                         clk (net)
                      0.081218    0.000000    0.056215 ^ clkbuf_0_clk/A (sky130_fd_sc_hd__clkbuf_16)
    33    0.131693    0.111462    0.158192    0.214407 ^ clkbuf_0_clk/X (sky130_fd_sc_hd__clkbuf_16)
                                                         clknet_0_clk (net)
                      0.111854    0.005314    0.219721 ^ clkbuf_4_6_0_clk/A (sky130_fd_sc_hd__clkbuf_8)
     9    0.031293    0.051396    0.120102    0.339823 ^ clkbuf_4_6_0_clk/X (sky130_fd_sc_hd__clkbuf_8)
                                                         clknet_4_6_0_clk (net)
                      0.051640    0.002530    0.342353 ^ _1012_/CLK (sky130_fd_sc_hd__dfrtp_2)
                                  0.250000    0.592353   clock uncertainty
                                  0.000000    0.592353   clock reconvergence pessimism
                                  0.220583    0.812936   library removal time
                                              0.812936   data required time
---------------------------------------------------------------------------------------------
                                              0.812936   data required time
                                             -5.983168   data arrival time
---------------------------------------------------------------------------------------------
                                              5.170232   slack (MET)


Startpoint: nrst (input port clocked by clk)
Endpoint: _1011_ (removal check against rising-edge clock clk)
Path Group: asynchronous
Path Type: min

Fanout         Cap        Slew       Delay        Time   Description
---------------------------------------------------------------------------------------------
                                  0.000000    0.000000   clock clk (rise edge)
                                  0.000000    0.000000   clock network delay (propagated)
                                  5.000000    5.000000 ^ input external delay
     2    0.006468    0.026574    0.016586    5.016586 ^ nrst (in)
                                                         nrst (net)
                      0.026577    0.000000    5.016586 ^ input16/A (sky130_fd_sc_hd__clkdlybuf4s25_1)
     1    0.002372    0.028945    0.154059    5.170646 ^ input16/X (sky130_fd_sc_hd__clkdlybuf4s25_1)
                                                         net16 (net)
                      0.028945    0.000100    5.170746 ^ _0546_/A (sky130_fd_sc_hd__and2_2)
     1    0.006415    0.036546    0.085331    5.256077 ^ _0546_/X (sky130_fd_sc_hd__and2_2)
                                                         SYNTH_INST.keypad.n_rst (net)
                      0.036553    0.000456    5.256533 ^ fanout74/A (sky130_fd_sc_hd__clkdlybuf4s25_1)
    11    0.042457    0.319567    0.360485    5.617017 ^ fanout74/X (sky130_fd_sc_hd__clkdlybuf4s25_1)
                                                         net74 (net)
                      0.319623    0.003540    5.620557 ^ fanout66/A (sky130_fd_sc_hd__clkdlybuf4s25_1)
     2    0.006331    0.056360    0.210516    5.831074 ^ fanout66/X (sky130_fd_sc_hd__clkdlybuf4s25_1)
                                                         net66 (net)
                      0.056360    0.000108    5.831182 ^ wire67/A (sky130_fd_sc_hd__clkbuf_4)
     9    0.046235    0.110274    0.149849    5.981031 ^ wire67/X (sky130_fd_sc_hd__clkbuf_4)
                                                         net67 (net)
                      0.110408    0.003138    5.984169 ^ _1011_/RESET_B (sky130_fd_sc_hd__dfrtp_2)
                                              5.984169   data arrival time

                                  0.000000    0.000000   clock clk (rise edge)
                                  0.000000    0.000000   clock source latency
     2    0.022841    0.081177    0.056215    0.056215 ^ clk (in)
                                                         clk (net)
                      0.081218    0.000000    0.056215 ^ clkbuf_0_clk/A (sky130_fd_sc_hd__clkbuf_16)
    33    0.131693    0.111462    0.158192    0.214407 ^ clkbuf_0_clk/X (sky130_fd_sc_hd__clkbuf_16)
                                                         clknet_0_clk (net)
                      0.112087    0.006667    0.221075 ^ clkbuf_4_12_0_clk/A (sky130_fd_sc_hd__clkbuf_8)
     9    0.031749    0.051981    0.120963    0.342038 ^ clkbuf_4_12_0_clk/X (sky130_fd_sc_hd__clkbuf_8)
                                                         clknet_4_12_0_clk (net)
                      0.051997    0.000902    0.342940 ^ _1011_/CLK (sky130_fd_sc_hd__dfrtp_2)
                                  0.250000    0.592940   clock uncertainty
                                  0.000000    0.592940   clock reconvergence pessimism
                                  0.220650    0.813590   library removal time
                                              0.813590   data required time
---------------------------------------------------------------------------------------------
                                              0.813590   data required time
                                             -5.984169   data arrival time
---------------------------------------------------------------------------------------------
                                              5.170579   slack (MET)


Startpoint: nrst (input port clocked by clk)
Endpoint: _1013_ (removal check against rising-edge clock clk)
Path Group: asynchronous
Path Type: min

Fanout         Cap        Slew       Delay        Time   Description
---------------------------------------------------------------------------------------------
                                  0.000000    0.000000   clock clk (rise edge)
                                  0.000000    0.000000   clock network delay (propagated)
                                  5.000000    5.000000 ^ input external delay
     2    0.006468    0.026574    0.016586    5.016586 ^ nrst (in)
                                                         nrst (net)
                      0.026577    0.000000    5.016586 ^ input16/A (sky130_fd_sc_hd__clkdlybuf4s25_1)
     1    0.002372    0.028945    0.154059    5.170646 ^ input16/X (sky130_fd_sc_hd__clkdlybuf4s25_1)
                                                         net16 (net)
                      0.028945    0.000100    5.170746 ^ _0546_/A (sky130_fd_sc_hd__and2_2)
     1    0.006415    0.036546    0.085331    5.256077 ^ _0546_/X (sky130_fd_sc_hd__and2_2)
                                                         SYNTH_INST.keypad.n_rst (net)
                      0.036553    0.000456    5.256533 ^ fanout74/A (sky130_fd_sc_hd__clkdlybuf4s25_1)
    11    0.042457    0.319567    0.360485    5.617017 ^ fanout74/X (sky130_fd_sc_hd__clkdlybuf4s25_1)
                                                         net74 (net)
                      0.319623    0.003540    5.620557 ^ fanout66/A (sky130_fd_sc_hd__clkdlybuf4s25_1)
     2    0.006331    0.056360    0.210516    5.831074 ^ fanout66/X (sky130_fd_sc_hd__clkdlybuf4s25_1)
                                                         net66 (net)
                      0.056360    0.000108    5.831182 ^ wire67/A (sky130_fd_sc_hd__clkbuf_4)
     9    0.046235    0.110274    0.149849    5.981031 ^ wire67/X (sky130_fd_sc_hd__clkbuf_4)
                                                         net67 (net)
                      0.110367    0.002633    5.983665 ^ _1013_/RESET_B (sky130_fd_sc_hd__dfrtp_2)
                                              5.983665   data arrival time

                                  0.000000    0.000000   clock clk (rise edge)
                                  0.000000    0.000000   clock source latency
     2    0.022841    0.081177    0.056215    0.056215 ^ clk (in)
                                                         clk (net)
                      0.081218    0.000000    0.056215 ^ clkbuf_0_clk/A (sky130_fd_sc_hd__clkbuf_16)
    33    0.131693    0.111462    0.158192    0.214407 ^ clkbuf_0_clk/X (sky130_fd_sc_hd__clkbuf_16)
                                                         clknet_0_clk (net)
                      0.111854    0.005314    0.219721 ^ clkbuf_4_6_0_clk/A (sky130_fd_sc_hd__clkbuf_8)
     9    0.031293    0.051396    0.120102    0.339823 ^ clkbuf_4_6_0_clk/X (sky130_fd_sc_hd__clkbuf_8)
                                                         clknet_4_6_0_clk (net)
                      0.051642    0.002540    0.342364 ^ _1013_/CLK (sky130_fd_sc_hd__dfrtp_2)
                                  0.250000    0.592364   clock uncertainty
                                  0.000000    0.592364   clock reconvergence pessimism
                                  0.220591    0.812955   library removal time
                                              0.812955   data required time
---------------------------------------------------------------------------------------------
                                              0.812955   data required time
                                             -5.983665   data arrival time
---------------------------------------------------------------------------------------------
                                              5.170709   slack (MET)


Startpoint: nrst (input port clocked by clk)
Endpoint: _0999_ (removal check against rising-edge clock clk)
Path Group: asynchronous
Path Type: min

Fanout         Cap        Slew       Delay        Time   Description
---------------------------------------------------------------------------------------------
                                  0.000000    0.000000   clock clk (rise edge)
                                  0.000000    0.000000   clock network delay (propagated)
                                  5.000000    5.000000 ^ input external delay
     2    0.006468    0.026574    0.016586    5.016586 ^ nrst (in)
                                                         nrst (net)
                      0.026577    0.000000    5.016586 ^ input16/A (sky130_fd_sc_hd__clkdlybuf4s25_1)
     1    0.002372    0.028945    0.154059    5.170646 ^ input16/X (sky130_fd_sc_hd__clkdlybuf4s25_1)
                                                         net16 (net)
                      0.028945    0.000100    5.170746 ^ _0546_/A (sky130_fd_sc_hd__and2_2)
     1    0.006415    0.036546    0.085331    5.256077 ^ _0546_/X (sky130_fd_sc_hd__and2_2)
                                                         SYNTH_INST.keypad.n_rst (net)
                      0.036553    0.000456    5.256533 ^ fanout74/A (sky130_fd_sc_hd__clkdlybuf4s25_1)
    11    0.042457    0.319567    0.360485    5.617017 ^ fanout74/X (sky130_fd_sc_hd__clkdlybuf4s25_1)
                                                         net74 (net)
                      0.319623    0.003540    5.620557 ^ fanout66/A (sky130_fd_sc_hd__clkdlybuf4s25_1)
     2    0.006331    0.056360    0.210516    5.831074 ^ fanout66/X (sky130_fd_sc_hd__clkdlybuf4s25_1)
                                                         net66 (net)
                      0.056360    0.000108    5.831182 ^ wire67/A (sky130_fd_sc_hd__clkbuf_4)
     9    0.046235    0.110274    0.149849    5.981031 ^ wire67/X (sky130_fd_sc_hd__clkbuf_4)
                                                         net67 (net)
                      0.110414    0.003207    5.984238 ^ _0999_/RESET_B (sky130_fd_sc_hd__dfrtp_2)
                                              5.984238   data arrival time

                                  0.000000    0.000000   clock clk (rise edge)
                                  0.000000    0.000000   clock source latency
     2    0.022841    0.081177    0.056215    0.056215 ^ clk (in)
                                                         clk (net)
                      0.081218    0.000000    0.056215 ^ clkbuf_0_clk/A (sky130_fd_sc_hd__clkbuf_16)
    33    0.131693    0.111462    0.158192    0.214407 ^ clkbuf_0_clk/X (sky130_fd_sc_hd__clkbuf_16)
                                                         clknet_0_clk (net)
                      0.111854    0.005314    0.219721 ^ clkbuf_4_6_0_clk/A (sky130_fd_sc_hd__clkbuf_8)
     9    0.031293    0.051396    0.120102    0.339823 ^ clkbuf_4_6_0_clk/X (sky130_fd_sc_hd__clkbuf_8)
                                                         clknet_4_6_0_clk (net)
                      0.051624    0.002426    0.342249 ^ _0999_/CLK (sky130_fd_sc_hd__dfrtp_2)
                                  0.250000    0.592249   clock uncertainty
                                  0.000000    0.592249   clock reconvergence pessimism
                                  0.220601    0.812850   library removal time
                                              0.812850   data required time
---------------------------------------------------------------------------------------------
                                              0.812850   data required time
                                             -5.984238   data arrival time
---------------------------------------------------------------------------------------------
                                              5.171388   slack (MET)


Startpoint: nrst (input port clocked by clk)
Endpoint: _0998_ (removal check against rising-edge clock clk)
Path Group: asynchronous
Path Type: min

Fanout         Cap        Slew       Delay        Time   Description
---------------------------------------------------------------------------------------------
                                  0.000000    0.000000   clock clk (rise edge)
                                  0.000000    0.000000   clock network delay (propagated)
                                  5.000000    5.000000 ^ input external delay
     2    0.006468    0.026574    0.016586    5.016586 ^ nrst (in)
                                                         nrst (net)
                      0.026577    0.000000    5.016586 ^ input16/A (sky130_fd_sc_hd__clkdlybuf4s25_1)
     1    0.002372    0.028945    0.154059    5.170646 ^ input16/X (sky130_fd_sc_hd__clkdlybuf4s25_1)
                                                         net16 (net)
                      0.028945    0.000100    5.170746 ^ _0546_/A (sky130_fd_sc_hd__and2_2)
     1    0.006415    0.036546    0.085331    5.256077 ^ _0546_/X (sky130_fd_sc_hd__and2_2)
                                                         SYNTH_INST.keypad.n_rst (net)
                      0.036553    0.000456    5.256533 ^ fanout74/A (sky130_fd_sc_hd__clkdlybuf4s25_1)
    11    0.042457    0.319567    0.360485    5.617017 ^ fanout74/X (sky130_fd_sc_hd__clkdlybuf4s25_1)
                                                         net74 (net)
                      0.319623    0.003540    5.620557 ^ fanout66/A (sky130_fd_sc_hd__clkdlybuf4s25_1)
     2    0.006331    0.056360    0.210516    5.831074 ^ fanout66/X (sky130_fd_sc_hd__clkdlybuf4s25_1)
                                                         net66 (net)
                      0.056360    0.000108    5.831182 ^ wire67/A (sky130_fd_sc_hd__clkbuf_4)
     9    0.046235    0.110274    0.149849    5.981031 ^ wire67/X (sky130_fd_sc_hd__clkbuf_4)
                                                         net67 (net)
                      0.110429    0.003370    5.984401 ^ _0998_/RESET_B (sky130_fd_sc_hd__dfrtp_2)
                                              5.984401   data arrival time

                                  0.000000    0.000000   clock clk (rise edge)
                                  0.000000    0.000000   clock source latency
     2    0.022841    0.081177    0.056215    0.056215 ^ clk (in)
                                                         clk (net)
                      0.081218    0.000000    0.056215 ^ clkbuf_0_clk/A (sky130_fd_sc_hd__clkbuf_16)
    33    0.131693    0.111462    0.158192    0.214407 ^ clkbuf_0_clk/X (sky130_fd_sc_hd__clkbuf_16)
                                                         clknet_0_clk (net)
                      0.111854    0.005314    0.219721 ^ clkbuf_4_6_0_clk/A (sky130_fd_sc_hd__clkbuf_8)
     9    0.031293    0.051396    0.120102    0.339823 ^ clkbuf_4_6_0_clk/X (sky130_fd_sc_hd__clkbuf_8)
                                                         clknet_4_6_0_clk (net)
                      0.051633    0.002485    0.342308 ^ _0998_/CLK (sky130_fd_sc_hd__dfrtp_2)
                                  0.250000    0.592308   clock uncertainty
                                  0.000000    0.592308   clock reconvergence pessimism
                                  0.220606    0.812914   library removal time
                                              0.812914   data required time
---------------------------------------------------------------------------------------------
                                              0.812914   data required time
                                             -5.984401   data arrival time
---------------------------------------------------------------------------------------------
                                              5.171486   slack (MET)


Startpoint: nrst (input port clocked by clk)
Endpoint: _0997_ (removal check against rising-edge clock clk)
Path Group: asynchronous
Path Type: min

Fanout         Cap        Slew       Delay        Time   Description
---------------------------------------------------------------------------------------------
                                  0.000000    0.000000   clock clk (rise edge)
                                  0.000000    0.000000   clock network delay (propagated)
                                  5.000000    5.000000 ^ input external delay
     2    0.006468    0.026574    0.016586    5.016586 ^ nrst (in)
                                                         nrst (net)
                      0.026577    0.000000    5.016586 ^ input16/A (sky130_fd_sc_hd__clkdlybuf4s25_1)
     1    0.002372    0.028945    0.154059    5.170646 ^ input16/X (sky130_fd_sc_hd__clkdlybuf4s25_1)
                                                         net16 (net)
                      0.028945    0.000100    5.170746 ^ _0546_/A (sky130_fd_sc_hd__and2_2)
     1    0.006415    0.036546    0.085331    5.256077 ^ _0546_/X (sky130_fd_sc_hd__and2_2)
                                                         SYNTH_INST.keypad.n_rst (net)
                      0.036553    0.000456    5.256533 ^ fanout74/A (sky130_fd_sc_hd__clkdlybuf4s25_1)
    11    0.042457    0.319567    0.360485    5.617017 ^ fanout74/X (sky130_fd_sc_hd__clkdlybuf4s25_1)
                                                         net74 (net)
                      0.319623    0.003540    5.620557 ^ fanout66/A (sky130_fd_sc_hd__clkdlybuf4s25_1)
     2    0.006331    0.056360    0.210516    5.831074 ^ fanout66/X (sky130_fd_sc_hd__clkdlybuf4s25_1)
                                                         net66 (net)
                      0.056360    0.000108    5.831182 ^ wire67/A (sky130_fd_sc_hd__clkbuf_4)
     9    0.046235    0.110274    0.149849    5.981031 ^ wire67/X (sky130_fd_sc_hd__clkbuf_4)
                                                         net67 (net)
                      0.110345    0.002312    5.983343 ^ _0997_/RESET_B (sky130_fd_sc_hd__dfrtp_2)
                                              5.983343   data arrival time

                                  0.000000    0.000000   clock clk (rise edge)
                                  0.000000    0.000000   clock source latency
     2    0.022841    0.081177    0.056215    0.056215 ^ clk (in)
                                                         clk (net)
                      0.081218    0.000000    0.056215 ^ clkbuf_0_clk/A (sky130_fd_sc_hd__clkbuf_16)
    33    0.131693    0.111462    0.158192    0.214407 ^ clkbuf_0_clk/X (sky130_fd_sc_hd__clkbuf_16)
                                                         clknet_0_clk (net)
                      0.111707    0.004239    0.218647 ^ clkbuf_4_3_0_clk/A (sky130_fd_sc_hd__clkbuf_8)
     9    0.029061    0.048732    0.118254    0.336901 ^ clkbuf_4_3_0_clk/X (sky130_fd_sc_hd__clkbuf_8)
                                                         clknet_4_3_0_clk (net)
                      0.048917    0.002094    0.338995 ^ _0997_/CLK (sky130_fd_sc_hd__dfrtp_2)
                                  0.250000    0.588995   clock uncertainty
                                  0.000000    0.588995   clock reconvergence pessimism
                                  0.220213    0.809208   library removal time
                                              0.809208   data required time
---------------------------------------------------------------------------------------------
                                              0.809208   data required time
                                             -5.983343   data arrival time
---------------------------------------------------------------------------------------------
                                              5.174135   slack (MET)


Startpoint: nrst (input port clocked by clk)
Endpoint: _0996_ (removal check against rising-edge clock clk)
Path Group: asynchronous
Path Type: min

Fanout         Cap        Slew       Delay        Time   Description
---------------------------------------------------------------------------------------------
                                  0.000000    0.000000   clock clk (rise edge)
                                  0.000000    0.000000   clock network delay (propagated)
                                  5.000000    5.000000 ^ input external delay
     2    0.006468    0.026574    0.016586    5.016586 ^ nrst (in)
                                                         nrst (net)
                      0.026577    0.000000    5.016586 ^ input16/A (sky130_fd_sc_hd__clkdlybuf4s25_1)
     1    0.002372    0.028945    0.154059    5.170646 ^ input16/X (sky130_fd_sc_hd__clkdlybuf4s25_1)
                                                         net16 (net)
                      0.028945    0.000100    5.170746 ^ _0546_/A (sky130_fd_sc_hd__and2_2)
     1    0.006415    0.036546    0.085331    5.256077 ^ _0546_/X (sky130_fd_sc_hd__and2_2)
                                                         SYNTH_INST.keypad.n_rst (net)
                      0.036553    0.000456    5.256533 ^ fanout74/A (sky130_fd_sc_hd__clkdlybuf4s25_1)
    11    0.042457    0.319567    0.360485    5.617017 ^ fanout74/X (sky130_fd_sc_hd__clkdlybuf4s25_1)
                                                         net74 (net)
                      0.319623    0.003540    5.620557 ^ fanout66/A (sky130_fd_sc_hd__clkdlybuf4s25_1)
     2    0.006331    0.056360    0.210516    5.831074 ^ fanout66/X (sky130_fd_sc_hd__clkdlybuf4s25_1)
                                                         net66 (net)
                      0.056360    0.000108    5.831182 ^ wire67/A (sky130_fd_sc_hd__clkbuf_4)
     9    0.046235    0.110274    0.149849    5.981031 ^ wire67/X (sky130_fd_sc_hd__clkbuf_4)
                                                         net67 (net)
                      0.110363    0.002569    5.983600 ^ _0996_/RESET_B (sky130_fd_sc_hd__dfrtp_2)
                                              5.983600   data arrival time

                                  0.000000    0.000000   clock clk (rise edge)
                                  0.000000    0.000000   clock source latency
     2    0.022841    0.081177    0.056215    0.056215 ^ clk (in)
                                                         clk (net)
                      0.081218    0.000000    0.056215 ^ clkbuf_0_clk/A (sky130_fd_sc_hd__clkbuf_16)
    33    0.131693    0.111462    0.158192    0.214407 ^ clkbuf_0_clk/X (sky130_fd_sc_hd__clkbuf_16)
                                                         clknet_0_clk (net)
                      0.111707    0.004239    0.218647 ^ clkbuf_4_3_0_clk/A (sky130_fd_sc_hd__clkbuf_8)
     9    0.029061    0.048732    0.118254    0.336901 ^ clkbuf_4_3_0_clk/X (sky130_fd_sc_hd__clkbuf_8)
                                                         clknet_4_3_0_clk (net)
                      0.048919    0.002108    0.339009 ^ _0996_/CLK (sky130_fd_sc_hd__dfrtp_2)
                                  0.250000    0.589009   clock uncertainty
                                  0.000000    0.589009   clock reconvergence pessimism
                                  0.220218    0.809227   library removal time
                                              0.809227   data required time
---------------------------------------------------------------------------------------------
                                              0.809227   data required time
                                             -5.983600   data arrival time
---------------------------------------------------------------------------------------------
                                              5.174374   slack (MET)


Startpoint: nrst (input port clocked by clk)
Endpoint: _0899_ (removal check against rising-edge clock clk)
Path Group: asynchronous
Path Type: min

Fanout         Cap        Slew       Delay        Time   Description
---------------------------------------------------------------------------------------------
                                  0.000000    0.000000   clock clk (rise edge)
                                  0.000000    0.000000   clock network delay (propagated)
                                  5.000000    5.000000 ^ input external delay
     2    0.006468    0.026574    0.016586    5.016586 ^ nrst (in)
                                                         nrst (net)
                      0.026577    0.000000    5.016586 ^ input16/A (sky130_fd_sc_hd__clkdlybuf4s25_1)
     1    0.002372    0.028945    0.154059    5.170646 ^ input16/X (sky130_fd_sc_hd__clkdlybuf4s25_1)
                                                         net16 (net)
                      0.028945    0.000100    5.170746 ^ _0546_/A (sky130_fd_sc_hd__and2_2)
     1    0.006415    0.036546    0.085331    5.256077 ^ _0546_/X (sky130_fd_sc_hd__and2_2)
                                                         SYNTH_INST.keypad.n_rst (net)
                      0.036553    0.000456    5.256533 ^ fanout74/A (sky130_fd_sc_hd__clkdlybuf4s25_1)
    11    0.042457    0.319567    0.360485    5.617017 ^ fanout74/X (sky130_fd_sc_hd__clkdlybuf4s25_1)
                                                         net74 (net)
                      0.319623    0.003540    5.620557 ^ fanout66/A (sky130_fd_sc_hd__clkdlybuf4s25_1)
     2    0.006331    0.056360    0.210516    5.831074 ^ fanout66/X (sky130_fd_sc_hd__clkdlybuf4s25_1)
                                                         net66 (net)
                      0.056360    0.000108    5.831182 ^ wire67/A (sky130_fd_sc_hd__clkbuf_4)
     9    0.046235    0.110274    0.149849    5.981031 ^ wire67/X (sky130_fd_sc_hd__clkbuf_4)
                                                         net67 (net)
                      0.110399    0.003040    5.984071 ^ _0899_/RESET_B (sky130_fd_sc_hd__dfrtp_2)
                                              5.984071   data arrival time

                                  0.000000    0.000000   clock clk (rise edge)
                                  0.000000    0.000000   clock source latency
     2    0.022841    0.081177    0.056215    0.056215 ^ clk (in)
                                                         clk (net)
                      0.081218    0.000000    0.056215 ^ clkbuf_0_clk/A (sky130_fd_sc_hd__clkbuf_16)
    33    0.131693    0.111462    0.158192    0.214407 ^ clkbuf_0_clk/X (sky130_fd_sc_hd__clkbuf_16)
                                                         clknet_0_clk (net)
                      0.112220    0.007329    0.221737 ^ clkbuf_4_13_0_clk/A (sky130_fd_sc_hd__clkbuf_8)
     9    0.026383    0.045571    0.116223    0.337960 ^ clkbuf_4_13_0_clk/X (sky130_fd_sc_hd__clkbuf_8)
                                                         clknet_4_13_0_clk (net)
                      0.045665    0.001752    0.339712 ^ _0899_/CLK (sky130_fd_sc_hd__dfrtp_2)
                                  0.250000    0.589712   clock uncertainty
                                  0.000000    0.589712   clock reconvergence pessimism
                                  0.219782    0.809495   library removal time
                                              0.809495   data required time
---------------------------------------------------------------------------------------------
                                              0.809495   data required time
                                             -5.984071   data arrival time
---------------------------------------------------------------------------------------------
                                              5.174576   slack (MET)


Startpoint: nrst (input port clocked by clk)
Endpoint: _1020_ (removal check against rising-edge clock clk)
Path Group: asynchronous
Path Type: min

Fanout         Cap        Slew       Delay        Time   Description
---------------------------------------------------------------------------------------------
                                  0.000000    0.000000   clock clk (rise edge)
                                  0.000000    0.000000   clock network delay (propagated)
                                  5.000000    5.000000 ^ input external delay
     2    0.006468    0.026574    0.016586    5.016586 ^ nrst (in)
                                                         nrst (net)
                      0.026577    0.000000    5.016586 ^ input16/A (sky130_fd_sc_hd__clkdlybuf4s25_1)
     1    0.002372    0.028945    0.154059    5.170646 ^ input16/X (sky130_fd_sc_hd__clkdlybuf4s25_1)
                                                         net16 (net)
                      0.028945    0.000100    5.170746 ^ _0546_/A (sky130_fd_sc_hd__and2_2)
     1    0.006415    0.036546    0.085331    5.256077 ^ _0546_/X (sky130_fd_sc_hd__and2_2)
                                                         SYNTH_INST.keypad.n_rst (net)
                      0.036553    0.000456    5.256533 ^ fanout74/A (sky130_fd_sc_hd__clkdlybuf4s25_1)
    11    0.042457    0.319567    0.360485    5.617017 ^ fanout74/X (sky130_fd_sc_hd__clkdlybuf4s25_1)
                                                         net74 (net)
                      0.319604    0.002885    5.619903 ^ fanout73/A (sky130_fd_sc_hd__clkdlybuf4s25_1)
     7    0.034897    0.264452    0.355245    5.975147 ^ fanout73/X (sky130_fd_sc_hd__clkdlybuf4s25_1)
                                                         net73 (net)
                      0.264469    0.002295    5.977442 ^ _1020_/SET_B (sky130_fd_sc_hd__dfstp_2)
                                              5.977442   data arrival time

                                  0.000000    0.000000   clock clk (rise edge)
                                  0.000000    0.000000   clock source latency
     2    0.022841    0.081177    0.056215    0.056215 ^ clk (in)
                                                         clk (net)
                      0.081218    0.000000    0.056215 ^ clkbuf_0_clk/A (sky130_fd_sc_hd__clkbuf_16)
    33    0.131693    0.111462    0.158192    0.214407 ^ clkbuf_0_clk/X (sky130_fd_sc_hd__clkbuf_16)
                                                         clknet_0_clk (net)
                      0.112237    0.007408    0.221815 ^ clkbuf_4_15_0_clk/A (sky130_fd_sc_hd__clkbuf_8)
     9    0.029120    0.048790    0.118087    0.339902 ^ clkbuf_4_15_0_clk/X (sky130_fd_sc_hd__clkbuf_8)
                                                         clknet_4_15_0_clk (net)
                      0.049110    0.003063    0.342965 ^ _1020_/CLK (sky130_fd_sc_hd__dfstp_2)
                                  0.250000    0.592965   clock uncertainty
                                  0.000000    0.592965   clock reconvergence pessimism
                                  0.107574    0.700539   library removal time
                                              0.700539   data required time
---------------------------------------------------------------------------------------------
                                              0.700539   data required time
                                             -5.977442   data arrival time
---------------------------------------------------------------------------------------------
                                              5.276903   slack (MET)


Startpoint: nrst (input port clocked by clk)
Endpoint: _0933_ (removal check against rising-edge clock clk)
Path Group: asynchronous
Path Type: min

Fanout         Cap        Slew       Delay        Time   Description
---------------------------------------------------------------------------------------------
                                  0.000000    0.000000   clock clk (rise edge)
                                  0.000000    0.000000   clock network delay (propagated)
                                  5.000000    5.000000 ^ input external delay
     2    0.006468    0.026574    0.016586    5.016586 ^ nrst (in)
                                                         nrst (net)
                      0.026577    0.000000    5.016586 ^ input16/A (sky130_fd_sc_hd__clkdlybuf4s25_1)
     1    0.002372    0.028945    0.154059    5.170646 ^ input16/X (sky130_fd_sc_hd__clkdlybuf4s25_1)
                                                         net16 (net)
                      0.028945    0.000100    5.170746 ^ _0546_/A (sky130_fd_sc_hd__and2_2)
     1    0.006415    0.036546    0.085331    5.256077 ^ _0546_/X (sky130_fd_sc_hd__and2_2)
                                                         SYNTH_INST.keypad.n_rst (net)
                      0.036553    0.000456    5.256533 ^ fanout74/A (sky130_fd_sc_hd__clkdlybuf4s25_1)
    11    0.042457    0.319567    0.360485    5.617017 ^ fanout74/X (sky130_fd_sc_hd__clkdlybuf4s25_1)
                                                         net74 (net)
                      0.319604    0.002885    5.619903 ^ fanout73/A (sky130_fd_sc_hd__clkdlybuf4s25_1)
     7    0.034897    0.264452    0.355245    5.975147 ^ fanout73/X (sky130_fd_sc_hd__clkdlybuf4s25_1)
                                                         net73 (net)
                      0.264452    0.000876    5.976023 ^ fanout69/A (sky130_fd_sc_hd__clkdlybuf4s25_1)
     3    0.011633    0.094299    0.235347    6.211370 ^ fanout69/X (sky130_fd_sc_hd__clkdlybuf4s25_1)
                                                         net69 (net)
                      0.094300    0.000539    6.211909 ^ _0933_/RESET_B (sky130_fd_sc_hd__dfrtp_2)
                                              6.211909   data arrival time

                                  0.000000    0.000000   clock clk (rise edge)
                                  0.000000    0.000000   clock source latency
     2    0.022841    0.081177    0.056215    0.056215 ^ clk (in)
                                                         clk (net)
                      0.081218    0.000000    0.056215 ^ clkbuf_0_clk/A (sky130_fd_sc_hd__clkbuf_16)
    33    0.131693    0.111462    0.158192    0.214407 ^ clkbuf_0_clk/X (sky130_fd_sc_hd__clkbuf_16)
                                                         clknet_0_clk (net)
                      0.112087    0.006667    0.221075 ^ clkbuf_4_12_0_clk/A (sky130_fd_sc_hd__clkbuf_8)
     9    0.031749    0.051981    0.120963    0.342038 ^ clkbuf_4_12_0_clk/X (sky130_fd_sc_hd__clkbuf_8)
                                                         clknet_4_12_0_clk (net)
                      0.052035    0.001484    0.343522 ^ _0933_/CLK (sky130_fd_sc_hd__dfrtp_2)
                                  0.250000    0.593522   clock uncertainty
                                  0.000000    0.593522   clock reconvergence pessimism
                                  0.216472    0.809994   library removal time
                                              0.809994   data required time
---------------------------------------------------------------------------------------------
                                              0.809994   data required time
                                             -6.211909   data arrival time
---------------------------------------------------------------------------------------------
                                              5.401915   slack (MET)


Startpoint: nrst (input port clocked by clk)
Endpoint: _0957_ (removal check against rising-edge clock clk)
Path Group: asynchronous
Path Type: min

Fanout         Cap        Slew       Delay        Time   Description
---------------------------------------------------------------------------------------------
                                  0.000000    0.000000   clock clk (rise edge)
                                  0.000000    0.000000   clock network delay (propagated)
                                  5.000000    5.000000 ^ input external delay
     2    0.006468    0.026574    0.016586    5.016586 ^ nrst (in)
                                                         nrst (net)
                      0.026577    0.000000    5.016586 ^ input16/A (sky130_fd_sc_hd__clkdlybuf4s25_1)
     1    0.002372    0.028945    0.154059    5.170646 ^ input16/X (sky130_fd_sc_hd__clkdlybuf4s25_1)
                                                         net16 (net)
                      0.028945    0.000100    5.170746 ^ _0546_/A (sky130_fd_sc_hd__and2_2)
     1    0.006415    0.036546    0.085331    5.256077 ^ _0546_/X (sky130_fd_sc_hd__and2_2)
                                                         SYNTH_INST.keypad.n_rst (net)
                      0.036553    0.000456    5.256533 ^ fanout74/A (sky130_fd_sc_hd__clkdlybuf4s25_1)
    11    0.042457    0.319567    0.360485    5.617017 ^ fanout74/X (sky130_fd_sc_hd__clkdlybuf4s25_1)
                                                         net74 (net)
                      0.319604    0.002885    5.619903 ^ fanout73/A (sky130_fd_sc_hd__clkdlybuf4s25_1)
     7    0.034897    0.264452    0.355245    5.975147 ^ fanout73/X (sky130_fd_sc_hd__clkdlybuf4s25_1)
                                                         net73 (net)
                      0.264465    0.002112    5.977259 ^ fanout71/A (sky130_fd_sc_hd__clkdlybuf4s25_1)
     3    0.011528    0.093557    0.234710    6.211969 ^ fanout71/X (sky130_fd_sc_hd__clkdlybuf4s25_1)
                                                         net71 (net)
                      0.093560    0.000661    6.212630 ^ _0957_/RESET_B (sky130_fd_sc_hd__dfrtp_2)
                                              6.212630   data arrival time

                                  0.000000    0.000000   clock clk (rise edge)
                                  0.000000    0.000000   clock source latency
     2    0.022841    0.081177    0.056215    0.056215 ^ clk (in)
                                                         clk (net)
                      0.081218    0.000000    0.056215 ^ clkbuf_0_clk/A (sky130_fd_sc_hd__clkbuf_16)
    33    0.131693    0.111462    0.158192    0.214407 ^ clkbuf_0_clk/X (sky130_fd_sc_hd__clkbuf_16)
                                                         clknet_0_clk (net)
                      0.112237    0.007408    0.221815 ^ clkbuf_4_15_0_clk/A (sky130_fd_sc_hd__clkbuf_8)
     9    0.029120    0.048790    0.118087    0.339902 ^ clkbuf_4_15_0_clk/X (sky130_fd_sc_hd__clkbuf_8)
                                                         clknet_4_15_0_clk (net)
                      0.049000    0.002456    0.342358 ^ _0957_/CLK (sky130_fd_sc_hd__dfrtp_2)
                                  0.250000    0.592358   clock uncertainty
                                  0.000000    0.592358   clock reconvergence pessimism
                                  0.215864    0.808222   library removal time
                                              0.808222   data required time
---------------------------------------------------------------------------------------------
                                              0.808222   data required time
                                             -6.212630   data arrival time
---------------------------------------------------------------------------------------------
                                              5.404408   slack (MET)


Startpoint: nrst (input port clocked by clk)
Endpoint: _0931_ (removal check against rising-edge clock clk)
Path Group: asynchronous
Path Type: min

Fanout         Cap        Slew       Delay        Time   Description
---------------------------------------------------------------------------------------------
                                  0.000000    0.000000   clock clk (rise edge)
                                  0.000000    0.000000   clock network delay (propagated)
                                  5.000000    5.000000 ^ input external delay
     2    0.006468    0.026574    0.016586    5.016586 ^ nrst (in)
                                                         nrst (net)
                      0.026577    0.000000    5.016586 ^ input16/A (sky130_fd_sc_hd__clkdlybuf4s25_1)
     1    0.002372    0.028945    0.154059    5.170646 ^ input16/X (sky130_fd_sc_hd__clkdlybuf4s25_1)
                                                         net16 (net)
                      0.028945    0.000100    5.170746 ^ _0546_/A (sky130_fd_sc_hd__and2_2)
     1    0.006415    0.036546    0.085331    5.256077 ^ _0546_/X (sky130_fd_sc_hd__and2_2)
                                                         SYNTH_INST.keypad.n_rst (net)
                      0.036553    0.000456    5.256533 ^ fanout74/A (sky130_fd_sc_hd__clkdlybuf4s25_1)
    11    0.042457    0.319567    0.360485    5.617017 ^ fanout74/X (sky130_fd_sc_hd__clkdlybuf4s25_1)
                                                         net74 (net)
                      0.319604    0.002885    5.619903 ^ fanout73/A (sky130_fd_sc_hd__clkdlybuf4s25_1)
     7    0.034897    0.264452    0.355245    5.975147 ^ fanout73/X (sky130_fd_sc_hd__clkdlybuf4s25_1)
                                                         net73 (net)
                      0.264452    0.000876    5.976023 ^ fanout69/A (sky130_fd_sc_hd__clkdlybuf4s25_1)
     3    0.011633    0.094299    0.235347    6.211370 ^ fanout69/X (sky130_fd_sc_hd__clkdlybuf4s25_1)
                                                         net69 (net)
                      0.094300    0.000518    6.211888 ^ _0931_/RESET_B (sky130_fd_sc_hd__dfrtp_2)
                                              6.211888   data arrival time

                                  0.000000    0.000000   clock clk (rise edge)
                                  0.000000    0.000000   clock source latency
     2    0.022841    0.081177    0.056215    0.056215 ^ clk (in)
                                                         clk (net)
                      0.081218    0.000000    0.056215 ^ clkbuf_0_clk/A (sky130_fd_sc_hd__clkbuf_16)
    33    0.131693    0.111462    0.158192    0.214407 ^ clkbuf_0_clk/X (sky130_fd_sc_hd__clkbuf_16)
                                                         clknet_0_clk (net)
                      0.112235    0.007400    0.221807 ^ clkbuf_4_14_0_clk/A (sky130_fd_sc_hd__clkbuf_8)
     9    0.027915    0.047352    0.117350    0.339157 ^ clkbuf_4_14_0_clk/X (sky130_fd_sc_hd__clkbuf_8)
                                                         clknet_4_14_0_clk (net)
                      0.047575    0.002273    0.341430 ^ _0931_/CLK (sky130_fd_sc_hd__dfrtp_2)
                                  0.250000    0.591430   clock uncertainty
                                  0.000000    0.591430   clock reconvergence pessimism
                                  0.215861    0.807292   library removal time
                                              0.807292   data required time
---------------------------------------------------------------------------------------------
                                              0.807292   data required time
                                             -6.211888   data arrival time
---------------------------------------------------------------------------------------------
                                              5.404597   slack (MET)


Startpoint: nrst (input port clocked by clk)
Endpoint: _0956_ (removal check against rising-edge clock clk)
Path Group: asynchronous
Path Type: min

Fanout         Cap        Slew       Delay        Time   Description
---------------------------------------------------------------------------------------------
                                  0.000000    0.000000   clock clk (rise edge)
                                  0.000000    0.000000   clock network delay (propagated)
                                  5.000000    5.000000 ^ input external delay
     2    0.006468    0.026574    0.016586    5.016586 ^ nrst (in)
                                                         nrst (net)
                      0.026577    0.000000    5.016586 ^ input16/A (sky130_fd_sc_hd__clkdlybuf4s25_1)
     1    0.002372    0.028945    0.154059    5.170646 ^ input16/X (sky130_fd_sc_hd__clkdlybuf4s25_1)
                                                         net16 (net)
                      0.028945    0.000100    5.170746 ^ _0546_/A (sky130_fd_sc_hd__and2_2)
     1    0.006415    0.036546    0.085331    5.256077 ^ _0546_/X (sky130_fd_sc_hd__and2_2)
                                                         SYNTH_INST.keypad.n_rst (net)
                      0.036553    0.000456    5.256533 ^ fanout74/A (sky130_fd_sc_hd__clkdlybuf4s25_1)
    11    0.042457    0.319567    0.360485    5.617017 ^ fanout74/X (sky130_fd_sc_hd__clkdlybuf4s25_1)
                                                         net74 (net)
                      0.319604    0.002885    5.619903 ^ fanout73/A (sky130_fd_sc_hd__clkdlybuf4s25_1)
     7    0.034897    0.264452    0.355245    5.975147 ^ fanout73/X (sky130_fd_sc_hd__clkdlybuf4s25_1)
                                                         net73 (net)
                      0.264465    0.002112    5.977259 ^ fanout71/A (sky130_fd_sc_hd__clkdlybuf4s25_1)
     3    0.011528    0.093557    0.234710    6.211969 ^ fanout71/X (sky130_fd_sc_hd__clkdlybuf4s25_1)
                                                         net71 (net)
                      0.093562    0.000814    6.212783 ^ _0956_/RESET_B (sky130_fd_sc_hd__dfrtp_2)
                                              6.212783   data arrival time

                                  0.000000    0.000000   clock clk (rise edge)
                                  0.000000    0.000000   clock source latency
     2    0.022841    0.081177    0.056215    0.056215 ^ clk (in)
                                                         clk (net)
                      0.081218    0.000000    0.056215 ^ clkbuf_0_clk/A (sky130_fd_sc_hd__clkbuf_16)
    33    0.131693    0.111462    0.158192    0.214407 ^ clkbuf_0_clk/X (sky130_fd_sc_hd__clkbuf_16)
                                                         clknet_0_clk (net)
                      0.112220    0.007329    0.221737 ^ clkbuf_4_13_0_clk/A (sky130_fd_sc_hd__clkbuf_8)
     9    0.026383    0.045571    0.116223    0.337960 ^ clkbuf_4_13_0_clk/X (sky130_fd_sc_hd__clkbuf_8)
                                                         clknet_4_13_0_clk (net)
                      0.045579    0.000683    0.338643 ^ _0956_/CLK (sky130_fd_sc_hd__dfrtp_2)
                                  0.250000    0.588643   clock uncertainty
                                  0.000000    0.588643   clock reconvergence pessimism
                                  0.215396    0.804040   library removal time
                                              0.804040   data required time
---------------------------------------------------------------------------------------------
                                              0.804040   data required time
                                             -6.212783   data arrival time
---------------------------------------------------------------------------------------------
                                              5.408743   slack (MET)


Startpoint: nrst (input port clocked by clk)
Endpoint: _0949_ (removal check against rising-edge clock clk)
Path Group: asynchronous
Path Type: min

Fanout         Cap        Slew       Delay        Time   Description
---------------------------------------------------------------------------------------------
                                  0.000000    0.000000   clock clk (rise edge)
                                  0.000000    0.000000   clock network delay (propagated)
                                  5.000000    5.000000 ^ input external delay
     2    0.006468    0.026574    0.016586    5.016586 ^ nrst (in)
                                                         nrst (net)
                      0.026577    0.000000    5.016586 ^ input16/A (sky130_fd_sc_hd__clkdlybuf4s25_1)
     1    0.002372    0.028945    0.154059    5.170646 ^ input16/X (sky130_fd_sc_hd__clkdlybuf4s25_1)
                                                         net16 (net)
                      0.028945    0.000100    5.170746 ^ _0546_/A (sky130_fd_sc_hd__and2_2)
     1    0.006415    0.036546    0.085331    5.256077 ^ _0546_/X (sky130_fd_sc_hd__and2_2)
                                                         SYNTH_INST.keypad.n_rst (net)
                      0.036553    0.000456    5.256533 ^ fanout74/A (sky130_fd_sc_hd__clkdlybuf4s25_1)
    11    0.042457    0.319567    0.360485    5.617017 ^ fanout74/X (sky130_fd_sc_hd__clkdlybuf4s25_1)
                                                         net74 (net)
                      0.319577    0.001539    5.618556 ^ fanout65/A (sky130_fd_sc_hd__clkdlybuf4s25_1)
    13    0.046250    0.347988    0.411704    6.030260 ^ fanout65/X (sky130_fd_sc_hd__clkdlybuf4s25_1)
                                                         net65 (net)
                      0.347990    0.000684    6.030944 ^ fanout59/A (sky130_fd_sc_hd__clkdlybuf4s25_1)
     2    0.006292    0.056087    0.210809    6.241753 ^ fanout59/X (sky130_fd_sc_hd__clkdlybuf4s25_1)
                                                         net59 (net)
                      0.056087    0.000269    6.242022 ^ _0949_/RESET_B (sky130_fd_sc_hd__dfrtp_2)
                                              6.242022   data arrival time

                                  0.000000    0.000000   clock clk (rise edge)
                                  0.000000    0.000000   clock source latency
     2    0.022841    0.081177    0.056215    0.056215 ^ clk (in)
                                                         clk (net)
                      0.081218    0.000000    0.056215 ^ clkbuf_0_clk/A (sky130_fd_sc_hd__clkbuf_16)
    33    0.131693    0.111462    0.158192    0.214407 ^ clkbuf_0_clk/X (sky130_fd_sc_hd__clkbuf_16)
                                                         clknet_0_clk (net)
                      0.111967    0.006009    0.220416 ^ clkbuf_4_8_0_clk/A (sky130_fd_sc_hd__clkbuf_8)
     9    0.025782    0.044801    0.115330    0.335746 ^ clkbuf_4_8_0_clk/X (sky130_fd_sc_hd__clkbuf_8)
                                                         clknet_4_8_0_clk (net)
                      0.045035    0.002277    0.338024 ^ _0949_/CLK (sky130_fd_sc_hd__dfrtp_2)
                                  0.250000    0.588024   clock uncertainty
                                  0.000000    0.588024   clock reconvergence pessimism
                                  0.205585    0.793609   library removal time
                                              0.793609   data required time
---------------------------------------------------------------------------------------------
                                              0.793609   data required time
                                             -6.242022   data arrival time
---------------------------------------------------------------------------------------------
                                              5.448413   slack (MET)


Startpoint: nrst (input port clocked by clk)
Endpoint: _0942_ (removal check against rising-edge clock clk)
Path Group: asynchronous
Path Type: min

Fanout         Cap        Slew       Delay        Time   Description
---------------------------------------------------------------------------------------------
                                  0.000000    0.000000   clock clk (rise edge)
                                  0.000000    0.000000   clock network delay (propagated)
                                  5.000000    5.000000 ^ input external delay
     2    0.006468    0.026574    0.016586    5.016586 ^ nrst (in)
                                                         nrst (net)
                      0.026577    0.000000    5.016586 ^ input16/A (sky130_fd_sc_hd__clkdlybuf4s25_1)
     1    0.002372    0.028945    0.154059    5.170646 ^ input16/X (sky130_fd_sc_hd__clkdlybuf4s25_1)
                                                         net16 (net)
                      0.028945    0.000100    5.170746 ^ _0546_/A (sky130_fd_sc_hd__and2_2)
     1    0.006415    0.036546    0.085331    5.256077 ^ _0546_/X (sky130_fd_sc_hd__and2_2)
                                                         SYNTH_INST.keypad.n_rst (net)
                      0.036553    0.000456    5.256533 ^ fanout74/A (sky130_fd_sc_hd__clkdlybuf4s25_1)
    11    0.042457    0.319567    0.360485    5.617017 ^ fanout74/X (sky130_fd_sc_hd__clkdlybuf4s25_1)
                                                         net74 (net)
                      0.319577    0.001539    5.618556 ^ fanout65/A (sky130_fd_sc_hd__clkdlybuf4s25_1)
    13    0.046250    0.347988    0.411704    6.030260 ^ fanout65/X (sky130_fd_sc_hd__clkdlybuf4s25_1)
                                                         net65 (net)
                      0.347990    0.000680    6.030941 ^ fanout63/A (sky130_fd_sc_hd__clkdlybuf4s25_1)
     4    0.016127    0.127022    0.260712    6.291652 ^ fanout63/X (sky130_fd_sc_hd__clkdlybuf4s25_1)
                                                         net63 (net)
                      0.127024    0.000712    6.292364 ^ _0942_/RESET_B (sky130_fd_sc_hd__dfrtp_2)
                                              6.292364   data arrival time

                                  0.000000    0.000000   clock clk (rise edge)
                                  0.000000    0.000000   clock source latency
     2    0.022841    0.081177    0.056215    0.056215 ^ clk (in)
                                                         clk (net)
                      0.081218    0.000000    0.056215 ^ clkbuf_0_clk/A (sky130_fd_sc_hd__clkbuf_16)
    33    0.131693    0.111462    0.158192    0.214407 ^ clkbuf_0_clk/X (sky130_fd_sc_hd__clkbuf_16)
                                                         clknet_0_clk (net)
                      0.111967    0.006009    0.220416 ^ clkbuf_4_8_0_clk/A (sky130_fd_sc_hd__clkbuf_8)
     9    0.025782    0.044801    0.115330    0.335746 ^ clkbuf_4_8_0_clk/X (sky130_fd_sc_hd__clkbuf_8)
                                                         clknet_4_8_0_clk (net)
                      0.045017    0.002165    0.337911 ^ _0942_/CLK (sky130_fd_sc_hd__dfrtp_2)
                                  0.250000    0.587911   clock uncertainty
                                  0.000000    0.587911   clock reconvergence pessimism
                                  0.224013    0.811925   library removal time
                                              0.811925   data required time
---------------------------------------------------------------------------------------------
                                              0.811925   data required time
                                             -6.292364   data arrival time
---------------------------------------------------------------------------------------------
                                              5.480439   slack (MET)


Startpoint: nrst (input port clocked by clk)
Endpoint: _0950_ (removal check against rising-edge clock clk)
Path Group: asynchronous
Path Type: min

Fanout         Cap        Slew       Delay        Time   Description
---------------------------------------------------------------------------------------------
                                  0.000000    0.000000   clock clk (rise edge)
                                  0.000000    0.000000   clock network delay (propagated)
                                  5.000000    5.000000 ^ input external delay
     2    0.006468    0.026574    0.016586    5.016586 ^ nrst (in)
                                                         nrst (net)
                      0.026577    0.000000    5.016586 ^ input16/A (sky130_fd_sc_hd__clkdlybuf4s25_1)
     1    0.002372    0.028945    0.154059    5.170646 ^ input16/X (sky130_fd_sc_hd__clkdlybuf4s25_1)
                                                         net16 (net)
                      0.028945    0.000100    5.170746 ^ _0546_/A (sky130_fd_sc_hd__and2_2)
     1    0.006415    0.036546    0.085331    5.256077 ^ _0546_/X (sky130_fd_sc_hd__and2_2)
                                                         SYNTH_INST.keypad.n_rst (net)
                      0.036553    0.000456    5.256533 ^ fanout74/A (sky130_fd_sc_hd__clkdlybuf4s25_1)
    11    0.042457    0.319567    0.360485    5.617017 ^ fanout74/X (sky130_fd_sc_hd__clkdlybuf4s25_1)
                                                         net74 (net)
                      0.319577    0.001539    5.618556 ^ fanout65/A (sky130_fd_sc_hd__clkdlybuf4s25_1)
    13    0.046250    0.347988    0.411704    6.030260 ^ fanout65/X (sky130_fd_sc_hd__clkdlybuf4s25_1)
                                                         net65 (net)
                      0.347990    0.000680    6.030941 ^ fanout63/A (sky130_fd_sc_hd__clkdlybuf4s25_1)
     4    0.016127    0.127022    0.260712    6.291652 ^ fanout63/X (sky130_fd_sc_hd__clkdlybuf4s25_1)
                                                         net63 (net)
                      0.127026    0.000904    6.292556 ^ _0950_/RESET_B (sky130_fd_sc_hd__dfrtp_2)
                                              6.292556   data arrival time

                                  0.000000    0.000000   clock clk (rise edge)
                                  0.000000    0.000000   clock source latency
     2    0.022841    0.081177    0.056215    0.056215 ^ clk (in)
                                                         clk (net)
                      0.081218    0.000000    0.056215 ^ clkbuf_0_clk/A (sky130_fd_sc_hd__clkbuf_16)
    33    0.131693    0.111462    0.158192    0.214407 ^ clkbuf_0_clk/X (sky130_fd_sc_hd__clkbuf_16)
                                                         clknet_0_clk (net)
                      0.111967    0.006009    0.220416 ^ clkbuf_4_8_0_clk/A (sky130_fd_sc_hd__clkbuf_8)
     9    0.025782    0.044801    0.115330    0.335746 ^ clkbuf_4_8_0_clk/X (sky130_fd_sc_hd__clkbuf_8)
                                                         clknet_4_8_0_clk (net)
                      0.045002    0.002066    0.337813 ^ _0950_/CLK (sky130_fd_sc_hd__dfrtp_2)
                                  0.250000    0.587812   clock uncertainty
                                  0.000000    0.587812   clock reconvergence pessimism
                                  0.224012    0.811824   library removal time
                                              0.811824   data required time
---------------------------------------------------------------------------------------------
                                              0.811824   data required time
                                             -6.292556   data arrival time
---------------------------------------------------------------------------------------------
                                              5.480731   slack (MET)


Startpoint: nrst (input port clocked by clk)
Endpoint: _0966_ (removal check against rising-edge clock clk)
Path Group: asynchronous
Path Type: min

Fanout         Cap        Slew       Delay        Time   Description
---------------------------------------------------------------------------------------------
                                  0.000000    0.000000   clock clk (rise edge)
                                  0.000000    0.000000   clock network delay (propagated)
                                  5.000000    5.000000 ^ input external delay
     2    0.006468    0.026574    0.016586    5.016586 ^ nrst (in)
                                                         nrst (net)
                      0.026577    0.000000    5.016586 ^ input16/A (sky130_fd_sc_hd__clkdlybuf4s25_1)
     1    0.002372    0.028945    0.154059    5.170646 ^ input16/X (sky130_fd_sc_hd__clkdlybuf4s25_1)
                                                         net16 (net)
                      0.028945    0.000100    5.170746 ^ _0546_/A (sky130_fd_sc_hd__and2_2)
     1    0.006415    0.036546    0.085331    5.256077 ^ _0546_/X (sky130_fd_sc_hd__and2_2)
                                                         SYNTH_INST.keypad.n_rst (net)
                      0.036553    0.000456    5.256533 ^ fanout74/A (sky130_fd_sc_hd__clkdlybuf4s25_1)
    11    0.042457    0.319567    0.360485    5.617017 ^ fanout74/X (sky130_fd_sc_hd__clkdlybuf4s25_1)
                                                         net74 (net)
                      0.319579    0.001696    5.618714 ^ fanout58/A (sky130_fd_sc_hd__clkdlybuf4s25_1)
    11    0.051553    0.386868    0.439170    6.057883 ^ fanout58/X (sky130_fd_sc_hd__clkdlybuf4s25_1)
                                                         net58 (net)
                      0.386893    0.002601    6.060484 ^ fanout50/A (sky130_fd_sc_hd__clkdlybuf4s25_1)
     3    0.012829    0.102989    0.244873    6.305357 ^ fanout50/X (sky130_fd_sc_hd__clkdlybuf4s25_1)
                                                         net50 (net)
                      0.102992    0.000656    6.306013 ^ _0966_/RESET_B (sky130_fd_sc_hd__dfrtp_2)
                                              6.306013   data arrival time

                                  0.000000    0.000000   clock clk (rise edge)
                                  0.000000    0.000000   clock source latency
     2    0.022841    0.081177    0.056215    0.056215 ^ clk (in)
                                                         clk (net)
                      0.081218    0.000000    0.056215 ^ clkbuf_0_clk/A (sky130_fd_sc_hd__clkbuf_16)
    33    0.131693    0.111462    0.158192    0.214407 ^ clkbuf_0_clk/X (sky130_fd_sc_hd__clkbuf_16)
                                                         clknet_0_clk (net)
                      0.111805    0.004987    0.219395 ^ clkbuf_4_2_0_clk/A (sky130_fd_sc_hd__clkbuf_8)
     9    0.035311    0.056222    0.123564    0.342958 ^ clkbuf_4_2_0_clk/X (sky130_fd_sc_hd__clkbuf_8)
                                                         clknet_4_2_0_clk (net)
                      0.056551    0.003126    0.346084 ^ _0966_/CLK (sky130_fd_sc_hd__dfrtp_2)
                                  0.250000    0.596084   clock uncertainty
                                  0.000000    0.596084   clock reconvergence pessimism
                                  0.219347    0.815431   library removal time
                                              0.815431   data required time
---------------------------------------------------------------------------------------------
                                              0.815431   data required time
                                             -6.306013   data arrival time
---------------------------------------------------------------------------------------------
                                              5.490582   slack (MET)


Startpoint: nrst (input port clocked by clk)
Endpoint: _0965_ (removal check against rising-edge clock clk)
Path Group: asynchronous
Path Type: min

Fanout         Cap        Slew       Delay        Time   Description
---------------------------------------------------------------------------------------------
                                  0.000000    0.000000   clock clk (rise edge)
                                  0.000000    0.000000   clock network delay (propagated)
                                  5.000000    5.000000 ^ input external delay
     2    0.006468    0.026574    0.016586    5.016586 ^ nrst (in)
                                                         nrst (net)
                      0.026577    0.000000    5.016586 ^ input16/A (sky130_fd_sc_hd__clkdlybuf4s25_1)
     1    0.002372    0.028945    0.154059    5.170646 ^ input16/X (sky130_fd_sc_hd__clkdlybuf4s25_1)
                                                         net16 (net)
                      0.028945    0.000100    5.170746 ^ _0546_/A (sky130_fd_sc_hd__and2_2)
     1    0.006415    0.036546    0.085331    5.256077 ^ _0546_/X (sky130_fd_sc_hd__and2_2)
                                                         SYNTH_INST.keypad.n_rst (net)
                      0.036553    0.000456    5.256533 ^ fanout74/A (sky130_fd_sc_hd__clkdlybuf4s25_1)
    11    0.042457    0.319567    0.360485    5.617017 ^ fanout74/X (sky130_fd_sc_hd__clkdlybuf4s25_1)
                                                         net74 (net)
                      0.319579    0.001696    5.618714 ^ fanout58/A (sky130_fd_sc_hd__clkdlybuf4s25_1)
    11    0.051553    0.386868    0.439170    6.057883 ^ fanout58/X (sky130_fd_sc_hd__clkdlybuf4s25_1)
                                                         net58 (net)
                      0.386893    0.002601    6.060484 ^ fanout50/A (sky130_fd_sc_hd__clkdlybuf4s25_1)
     3    0.012829    0.102989    0.244873    6.305357 ^ fanout50/X (sky130_fd_sc_hd__clkdlybuf4s25_1)
                                                         net50 (net)
                      0.102991    0.000611    6.305968 ^ _0965_/RESET_B (sky130_fd_sc_hd__dfrtp_2)
                                              6.305968   data arrival time

                                  0.000000    0.000000   clock clk (rise edge)
                                  0.000000    0.000000   clock source latency
     2    0.022841    0.081177    0.056215    0.056215 ^ clk (in)
                                                         clk (net)
                      0.081218    0.000000    0.056215 ^ clkbuf_0_clk/A (sky130_fd_sc_hd__clkbuf_16)
    33    0.131693    0.111462    0.158192    0.214407 ^ clkbuf_0_clk/X (sky130_fd_sc_hd__clkbuf_16)
                                                         clknet_0_clk (net)
                      0.111826    0.005126    0.219534 ^ clkbuf_4_0_0_clk/A (sky130_fd_sc_hd__clkbuf_8)
     9    0.035823    0.056861    0.124099    0.343633 ^ clkbuf_4_0_0_clk/X (sky130_fd_sc_hd__clkbuf_8)
                                                         clknet_4_0_0_clk (net)
                      0.057014    0.002000    0.345633 ^ _0965_/CLK (sky130_fd_sc_hd__dfrtp_2)
                                  0.250000    0.595633   clock uncertainty
                                  0.000000    0.595633   clock reconvergence pessimism
                                  0.219411    0.815044   library removal time
                                              0.815044   data required time
---------------------------------------------------------------------------------------------
                                              0.815044   data required time
                                             -6.305968   data arrival time
---------------------------------------------------------------------------------------------
                                              5.490924   slack (MET)


Startpoint: nrst (input port clocked by clk)
Endpoint: _0927_ (removal check against rising-edge clock clk)
Path Group: asynchronous
Path Type: min

Fanout         Cap        Slew       Delay        Time   Description
---------------------------------------------------------------------------------------------
                                  0.000000    0.000000   clock clk (rise edge)
                                  0.000000    0.000000   clock network delay (propagated)
                                  5.000000    5.000000 ^ input external delay
     2    0.006468    0.026574    0.016586    5.016586 ^ nrst (in)
                                                         nrst (net)
                      0.026577    0.000000    5.016586 ^ input16/A (sky130_fd_sc_hd__clkdlybuf4s25_1)
     1    0.002372    0.028945    0.154059    5.170646 ^ input16/X (sky130_fd_sc_hd__clkdlybuf4s25_1)
                                                         net16 (net)
                      0.028945    0.000100    5.170746 ^ _0546_/A (sky130_fd_sc_hd__and2_2)
     1    0.006415    0.036546    0.085331    5.256077 ^ _0546_/X (sky130_fd_sc_hd__and2_2)
                                                         SYNTH_INST.keypad.n_rst (net)
                      0.036553    0.000456    5.256533 ^ fanout74/A (sky130_fd_sc_hd__clkdlybuf4s25_1)
    11    0.042457    0.319567    0.360485    5.617017 ^ fanout74/X (sky130_fd_sc_hd__clkdlybuf4s25_1)
                                                         net74 (net)
                      0.319579    0.001696    5.618714 ^ fanout58/A (sky130_fd_sc_hd__clkdlybuf4s25_1)
    11    0.051553    0.386868    0.439170    6.057883 ^ fanout58/X (sky130_fd_sc_hd__clkdlybuf4s25_1)
                                                         net58 (net)
                      0.386925    0.003936    6.061820 ^ fanout55/A (sky130_fd_sc_hd__clkdlybuf4s25_1)
     5    0.021312    0.164845    0.287542    6.349362 ^ fanout55/X (sky130_fd_sc_hd__clkdlybuf4s25_1)
                                                         net55 (net)
                      0.164858    0.001578    6.350940 ^ _0927_/RESET_B (sky130_fd_sc_hd__dfrtp_2)
                                              6.350940   data arrival time

                                  0.000000    0.000000   clock clk (rise edge)
                                  0.000000    0.000000   clock source latency
     2    0.022841    0.081177    0.056215    0.056215 ^ clk (in)
                                                         clk (net)
                      0.081218    0.000000    0.056215 ^ clkbuf_0_clk/A (sky130_fd_sc_hd__clkbuf_16)
    33    0.131693    0.111462    0.158192    0.214407 ^ clkbuf_0_clk/X (sky130_fd_sc_hd__clkbuf_16)
                                                         clknet_0_clk (net)
                      0.111805    0.004987    0.219395 ^ clkbuf_4_2_0_clk/A (sky130_fd_sc_hd__clkbuf_8)
     9    0.035311    0.056222    0.123564    0.342958 ^ clkbuf_4_2_0_clk/X (sky130_fd_sc_hd__clkbuf_8)
                                                         clknet_4_2_0_clk (net)
                      0.056349    0.001673    0.344631 ^ _0927_/CLK (sky130_fd_sc_hd__dfrtp_2)
                                  0.250000    0.594631   clock uncertainty
                                  0.000000    0.594631   clock reconvergence pessimism
                                  0.235383    0.830014   library removal time
                                              0.830014   data required time
---------------------------------------------------------------------------------------------
                                              0.830014   data required time
                                             -6.350940   data arrival time
---------------------------------------------------------------------------------------------
                                              5.520926   slack (MET)


Startpoint: nrst (input port clocked by clk)
Endpoint: _0964_ (removal check against rising-edge clock clk)
Path Group: asynchronous
Path Type: min

Fanout         Cap        Slew       Delay        Time   Description
---------------------------------------------------------------------------------------------
                                  0.000000    0.000000   clock clk (rise edge)
                                  0.000000    0.000000   clock network delay (propagated)
                                  5.000000    5.000000 ^ input external delay
     2    0.006468    0.026574    0.016586    5.016586 ^ nrst (in)
                                                         nrst (net)
                      0.026577    0.000000    5.016586 ^ input16/A (sky130_fd_sc_hd__clkdlybuf4s25_1)
     1    0.002372    0.028945    0.154059    5.170646 ^ input16/X (sky130_fd_sc_hd__clkdlybuf4s25_1)
                                                         net16 (net)
                      0.028945    0.000100    5.170746 ^ _0546_/A (sky130_fd_sc_hd__and2_2)
     1    0.006415    0.036546    0.085331    5.256077 ^ _0546_/X (sky130_fd_sc_hd__and2_2)
                                                         SYNTH_INST.keypad.n_rst (net)
                      0.036553    0.000456    5.256533 ^ fanout74/A (sky130_fd_sc_hd__clkdlybuf4s25_1)
    11    0.042457    0.319567    0.360485    5.617017 ^ fanout74/X (sky130_fd_sc_hd__clkdlybuf4s25_1)
                                                         net74 (net)
                      0.319579    0.001696    5.618714 ^ fanout58/A (sky130_fd_sc_hd__clkdlybuf4s25_1)
    11    0.051553    0.386868    0.439170    6.057883 ^ fanout58/X (sky130_fd_sc_hd__clkdlybuf4s25_1)
                                                         net58 (net)
                      0.386889    0.002423    6.060306 ^ fanout48/A (sky130_fd_sc_hd__clkdlybuf4s25_1)
     5    0.023701    0.182272    0.299596    6.359902 ^ fanout48/X (sky130_fd_sc_hd__clkdlybuf4s25_1)
                                                         net48 (net)
                      0.182276    0.001152    6.361053 ^ _0964_/RESET_B (sky130_fd_sc_hd__dfrtp_2)
                                              6.361053   data arrival time

                                  0.000000    0.000000   clock clk (rise edge)
                                  0.000000    0.000000   clock source latency
     2    0.022841    0.081177    0.056215    0.056215 ^ clk (in)
                                                         clk (net)
                      0.081218    0.000000    0.056215 ^ clkbuf_0_clk/A (sky130_fd_sc_hd__clkbuf_16)
    33    0.131693    0.111462    0.158192    0.214407 ^ clkbuf_0_clk/X (sky130_fd_sc_hd__clkbuf_16)
                                                         clknet_0_clk (net)
                      0.111826    0.005126    0.219534 ^ clkbuf_4_0_0_clk/A (sky130_fd_sc_hd__clkbuf_8)
     9    0.035823    0.056861    0.124099    0.343633 ^ clkbuf_4_0_0_clk/X (sky130_fd_sc_hd__clkbuf_8)
                                                         clknet_4_0_0_clk (net)
                      0.057083    0.002529    0.346162 ^ _0964_/CLK (sky130_fd_sc_hd__dfrtp_2)
                                  0.250000    0.596162   clock uncertainty
                                  0.000000    0.596162   clock reconvergence pessimism
                                  0.240005    0.836167   library removal time
                                              0.836167   data required time
---------------------------------------------------------------------------------------------
                                              0.836167   data required time
                                             -6.361053   data arrival time
---------------------------------------------------------------------------------------------
                                              5.524887   slack (MET)


Startpoint: nrst (input port clocked by clk)
Endpoint: _0963_ (removal check against rising-edge clock clk)
Path Group: asynchronous
Path Type: min

Fanout         Cap        Slew       Delay        Time   Description
---------------------------------------------------------------------------------------------
                                  0.000000    0.000000   clock clk (rise edge)
                                  0.000000    0.000000   clock network delay (propagated)
                                  5.000000    5.000000 ^ input external delay
     2    0.006468    0.026574    0.016586    5.016586 ^ nrst (in)
                                                         nrst (net)
                      0.026577    0.000000    5.016586 ^ input16/A (sky130_fd_sc_hd__clkdlybuf4s25_1)
     1    0.002372    0.028945    0.154059    5.170646 ^ input16/X (sky130_fd_sc_hd__clkdlybuf4s25_1)
                                                         net16 (net)
                      0.028945    0.000100    5.170746 ^ _0546_/A (sky130_fd_sc_hd__and2_2)
     1    0.006415    0.036546    0.085331    5.256077 ^ _0546_/X (sky130_fd_sc_hd__and2_2)
                                                         SYNTH_INST.keypad.n_rst (net)
                      0.036553    0.000456    5.256533 ^ fanout74/A (sky130_fd_sc_hd__clkdlybuf4s25_1)
    11    0.042457    0.319567    0.360485    5.617017 ^ fanout74/X (sky130_fd_sc_hd__clkdlybuf4s25_1)
                                                         net74 (net)
                      0.319579    0.001696    5.618714 ^ fanout58/A (sky130_fd_sc_hd__clkdlybuf4s25_1)
    11    0.051553    0.386868    0.439170    6.057883 ^ fanout58/X (sky130_fd_sc_hd__clkdlybuf4s25_1)
                                                         net58 (net)
                      0.386889    0.002423    6.060306 ^ fanout48/A (sky130_fd_sc_hd__clkdlybuf4s25_1)
     5    0.023701    0.182272    0.299596    6.359902 ^ fanout48/X (sky130_fd_sc_hd__clkdlybuf4s25_1)
                                                         net48 (net)
                      0.182281    0.001493    6.361394 ^ _0963_/RESET_B (sky130_fd_sc_hd__dfrtp_2)
                                              6.361394   data arrival time

                                  0.000000    0.000000   clock clk (rise edge)
                                  0.000000    0.000000   clock source latency
     2    0.022841    0.081177    0.056215    0.056215 ^ clk (in)
                                                         clk (net)
                      0.081218    0.000000    0.056215 ^ clkbuf_0_clk/A (sky130_fd_sc_hd__clkbuf_16)
    33    0.131693    0.111462    0.158192    0.214407 ^ clkbuf_0_clk/X (sky130_fd_sc_hd__clkbuf_16)
                                                         clknet_0_clk (net)
                      0.111826    0.005126    0.219534 ^ clkbuf_4_0_0_clk/A (sky130_fd_sc_hd__clkbuf_8)
     9    0.035823    0.056861    0.124099    0.343633 ^ clkbuf_4_0_0_clk/X (sky130_fd_sc_hd__clkbuf_8)
                                                         clknet_4_0_0_clk (net)
                      0.057001    0.001887    0.345520 ^ _0963_/CLK (sky130_fd_sc_hd__dfrtp_2)
                                  0.250000    0.595520   clock uncertainty
                                  0.000000    0.595520   clock reconvergence pessimism
                                  0.239995    0.835516   library removal time
                                              0.835516   data required time
---------------------------------------------------------------------------------------------
                                              0.835516   data required time
                                             -6.361394   data arrival time
---------------------------------------------------------------------------------------------
                                              5.525878   slack (MET)


Startpoint: nrst (input port clocked by clk)
Endpoint: _0962_ (removal check against rising-edge clock clk)
Path Group: asynchronous
Path Type: min

Fanout         Cap        Slew       Delay        Time   Description
---------------------------------------------------------------------------------------------
                                  0.000000    0.000000   clock clk (rise edge)
                                  0.000000    0.000000   clock network delay (propagated)
                                  5.000000    5.000000 ^ input external delay
     2    0.006468    0.026574    0.016586    5.016586 ^ nrst (in)
                                                         nrst (net)
                      0.026577    0.000000    5.016586 ^ input16/A (sky130_fd_sc_hd__clkdlybuf4s25_1)
     1    0.002372    0.028945    0.154059    5.170646 ^ input16/X (sky130_fd_sc_hd__clkdlybuf4s25_1)
                                                         net16 (net)
                      0.028945    0.000100    5.170746 ^ _0546_/A (sky130_fd_sc_hd__and2_2)
     1    0.006415    0.036546    0.085331    5.256077 ^ _0546_/X (sky130_fd_sc_hd__and2_2)
                                                         SYNTH_INST.keypad.n_rst (net)
                      0.036553    0.000456    5.256533 ^ fanout74/A (sky130_fd_sc_hd__clkdlybuf4s25_1)
    11    0.042457    0.319567    0.360485    5.617017 ^ fanout74/X (sky130_fd_sc_hd__clkdlybuf4s25_1)
                                                         net74 (net)
                      0.319579    0.001696    5.618714 ^ fanout58/A (sky130_fd_sc_hd__clkdlybuf4s25_1)
    11    0.051553    0.386868    0.439170    6.057883 ^ fanout58/X (sky130_fd_sc_hd__clkdlybuf4s25_1)
                                                         net58 (net)
                      0.386889    0.002423    6.060306 ^ fanout48/A (sky130_fd_sc_hd__clkdlybuf4s25_1)
     5    0.023701    0.182272    0.299596    6.359902 ^ fanout48/X (sky130_fd_sc_hd__clkdlybuf4s25_1)
                                                         net48 (net)
                      0.182289    0.001839    6.361741 ^ _0962_/RESET_B (sky130_fd_sc_hd__dfrtp_2)
                                              6.361741   data arrival time

                                  0.000000    0.000000   clock clk (rise edge)
                                  0.000000    0.000000   clock source latency
     2    0.022841    0.081177    0.056215    0.056215 ^ clk (in)
                                                         clk (net)
                      0.081218    0.000000    0.056215 ^ clkbuf_0_clk/A (sky130_fd_sc_hd__clkbuf_16)
    33    0.131693    0.111462    0.158192    0.214407 ^ clkbuf_0_clk/X (sky130_fd_sc_hd__clkbuf_16)
                                                         clknet_0_clk (net)
                      0.111826    0.005126    0.219534 ^ clkbuf_4_0_0_clk/A (sky130_fd_sc_hd__clkbuf_8)
     9    0.035823    0.056861    0.124099    0.343633 ^ clkbuf_4_0_0_clk/X (sky130_fd_sc_hd__clkbuf_8)
                                                         clknet_4_0_0_clk (net)
                      0.056982    0.001700    0.345334 ^ _0962_/CLK (sky130_fd_sc_hd__dfrtp_2)
                                  0.250000    0.595334   clock uncertainty
                                  0.000000    0.595334   clock reconvergence pessimism
                                  0.239995    0.835328   library removal time
                                              0.835328   data required time
---------------------------------------------------------------------------------------------
                                              0.835328   data required time
                                             -6.361741   data arrival time
---------------------------------------------------------------------------------------------
                                              5.526413   slack (MET)


Startpoint: nrst (input port clocked by clk)
Endpoint: _0929_ (removal check against rising-edge clock clk)
Path Group: asynchronous
Path Type: min

Fanout         Cap        Slew       Delay        Time   Description
---------------------------------------------------------------------------------------------
                                  0.000000    0.000000   clock clk (rise edge)
                                  0.000000    0.000000   clock network delay (propagated)
                                  5.000000    5.000000 ^ input external delay
     2    0.006468    0.026574    0.016586    5.016586 ^ nrst (in)
                                                         nrst (net)
                      0.026577    0.000000    5.016586 ^ input16/A (sky130_fd_sc_hd__clkdlybuf4s25_1)
     1    0.002372    0.028945    0.154059    5.170646 ^ input16/X (sky130_fd_sc_hd__clkdlybuf4s25_1)
                                                         net16 (net)
                      0.028945    0.000100    5.170746 ^ _0546_/A (sky130_fd_sc_hd__and2_2)
     1    0.006415    0.036546    0.085331    5.256077 ^ _0546_/X (sky130_fd_sc_hd__and2_2)
                                                         SYNTH_INST.keypad.n_rst (net)
                      0.036553    0.000456    5.256533 ^ fanout74/A (sky130_fd_sc_hd__clkdlybuf4s25_1)
    11    0.042457    0.319567    0.360485    5.617017 ^ fanout74/X (sky130_fd_sc_hd__clkdlybuf4s25_1)
                                                         net74 (net)
                      0.319579    0.001696    5.618714 ^ fanout58/A (sky130_fd_sc_hd__clkdlybuf4s25_1)
    11    0.051553    0.386868    0.439170    6.057883 ^ fanout58/X (sky130_fd_sc_hd__clkdlybuf4s25_1)
                                                         net58 (net)
                      0.386925    0.003936    6.061820 ^ fanout55/A (sky130_fd_sc_hd__clkdlybuf4s25_1)
     5    0.021312    0.164845    0.287542    6.349362 ^ fanout55/X (sky130_fd_sc_hd__clkdlybuf4s25_1)
                                                         net55 (net)
                      0.164851    0.001211    6.350573 ^ _0929_/RESET_B (sky130_fd_sc_hd__dfrtp_2)
                                              6.350573   data arrival time

                                  0.000000    0.000000   clock clk (rise edge)
                                  0.000000    0.000000   clock source latency
     2    0.022841    0.081177    0.056215    0.056215 ^ clk (in)
                                                         clk (net)
                      0.081218    0.000000    0.056215 ^ clkbuf_0_clk/A (sky130_fd_sc_hd__clkbuf_16)
    33    0.131693    0.111462    0.158192    0.214407 ^ clkbuf_0_clk/X (sky130_fd_sc_hd__clkbuf_16)
                                                         clknet_0_clk (net)
                      0.111707    0.004239    0.218647 ^ clkbuf_4_3_0_clk/A (sky130_fd_sc_hd__clkbuf_8)
     9    0.029061    0.048732    0.118254    0.336901 ^ clkbuf_4_3_0_clk/X (sky130_fd_sc_hd__clkbuf_8)
                                                         clknet_4_3_0_clk (net)
                      0.048882    0.001823    0.338724 ^ _0929_/CLK (sky130_fd_sc_hd__dfrtp_2)
                                  0.250000    0.588724   clock uncertainty
                                  0.000000    0.588724   clock reconvergence pessimism
                                  0.234367    0.823090   library removal time
                                              0.823090   data required time
---------------------------------------------------------------------------------------------
                                              0.823090   data required time
                                             -6.350573   data arrival time
---------------------------------------------------------------------------------------------
                                              5.527482   slack (MET)


Startpoint: nrst (input port clocked by clk)
Endpoint: _0928_ (removal check against rising-edge clock clk)
Path Group: asynchronous
Path Type: min

Fanout         Cap        Slew       Delay        Time   Description
---------------------------------------------------------------------------------------------
                                  0.000000    0.000000   clock clk (rise edge)
                                  0.000000    0.000000   clock network delay (propagated)
                                  5.000000    5.000000 ^ input external delay
     2    0.006468    0.026574    0.016586    5.016586 ^ nrst (in)
                                                         nrst (net)
                      0.026577    0.000000    5.016586 ^ input16/A (sky130_fd_sc_hd__clkdlybuf4s25_1)
     1    0.002372    0.028945    0.154059    5.170646 ^ input16/X (sky130_fd_sc_hd__clkdlybuf4s25_1)
                                                         net16 (net)
                      0.028945    0.000100    5.170746 ^ _0546_/A (sky130_fd_sc_hd__and2_2)
     1    0.006415    0.036546    0.085331    5.256077 ^ _0546_/X (sky130_fd_sc_hd__and2_2)
                                                         SYNTH_INST.keypad.n_rst (net)
                      0.036553    0.000456    5.256533 ^ fanout74/A (sky130_fd_sc_hd__clkdlybuf4s25_1)
    11    0.042457    0.319567    0.360485    5.617017 ^ fanout74/X (sky130_fd_sc_hd__clkdlybuf4s25_1)
                                                         net74 (net)
                      0.319579    0.001696    5.618714 ^ fanout58/A (sky130_fd_sc_hd__clkdlybuf4s25_1)
    11    0.051553    0.386868    0.439170    6.057883 ^ fanout58/X (sky130_fd_sc_hd__clkdlybuf4s25_1)
                                                         net58 (net)
                      0.386925    0.003936    6.061820 ^ fanout55/A (sky130_fd_sc_hd__clkdlybuf4s25_1)
     5    0.021312    0.164845    0.287542    6.349362 ^ fanout55/X (sky130_fd_sc_hd__clkdlybuf4s25_1)
                                                         net55 (net)
                      0.164853    0.001293    6.350655 ^ _0928_/RESET_B (sky130_fd_sc_hd__dfrtp_2)
                                              6.350655   data arrival time

                                  0.000000    0.000000   clock clk (rise edge)
                                  0.000000    0.000000   clock source latency
     2    0.022841    0.081177    0.056215    0.056215 ^ clk (in)
                                                         clk (net)
                      0.081218    0.000000    0.056215 ^ clkbuf_0_clk/A (sky130_fd_sc_hd__clkbuf_16)
    33    0.131693    0.111462    0.158192    0.214407 ^ clkbuf_0_clk/X (sky130_fd_sc_hd__clkbuf_16)
                                                         clknet_0_clk (net)
                      0.111707    0.004239    0.218647 ^ clkbuf_4_3_0_clk/A (sky130_fd_sc_hd__clkbuf_8)
     9    0.029061    0.048732    0.118254    0.336901 ^ clkbuf_4_3_0_clk/X (sky130_fd_sc_hd__clkbuf_8)
                                                         clknet_4_3_0_clk (net)
                      0.048873    0.001753    0.338654 ^ _0928_/CLK (sky130_fd_sc_hd__dfrtp_2)
                                  0.250000    0.588654   clock uncertainty
                                  0.000000    0.588654   clock reconvergence pessimism
                                  0.234366    0.823020   library removal time
                                              0.823020   data required time
---------------------------------------------------------------------------------------------
                                              0.823020   data required time
                                             -6.350655   data arrival time
---------------------------------------------------------------------------------------------
                                              5.527636   slack (MET)


Startpoint: nrst (input port clocked by clk)
Endpoint: _0973_ (removal check against rising-edge clock clk)
Path Group: asynchronous
Path Type: min

Fanout         Cap        Slew       Delay        Time   Description
---------------------------------------------------------------------------------------------
                                  0.000000    0.000000   clock clk (rise edge)
                                  0.000000    0.000000   clock network delay (propagated)
                                  5.000000    5.000000 ^ input external delay
     2    0.006468    0.026574    0.016586    5.016586 ^ nrst (in)
                                                         nrst (net)
                      0.026577    0.000000    5.016586 ^ input16/A (sky130_fd_sc_hd__clkdlybuf4s25_1)
     1    0.002372    0.028945    0.154059    5.170646 ^ input16/X (sky130_fd_sc_hd__clkdlybuf4s25_1)
                                                         net16 (net)
                      0.028945    0.000100    5.170746 ^ _0546_/A (sky130_fd_sc_hd__and2_2)
     1    0.006415    0.036546    0.085331    5.256077 ^ _0546_/X (sky130_fd_sc_hd__and2_2)
                                                         SYNTH_INST.keypad.n_rst (net)
                      0.036553    0.000456    5.256533 ^ fanout74/A (sky130_fd_sc_hd__clkdlybuf4s25_1)
    11    0.042457    0.319567    0.360485    5.617017 ^ fanout74/X (sky130_fd_sc_hd__clkdlybuf4s25_1)
                                                         net74 (net)
                      0.319579    0.001696    5.618714 ^ fanout58/A (sky130_fd_sc_hd__clkdlybuf4s25_1)
    11    0.051553    0.386868    0.439170    6.057883 ^ fanout58/X (sky130_fd_sc_hd__clkdlybuf4s25_1)
                                                         net58 (net)
                      0.386889    0.002423    6.060306 ^ fanout48/A (sky130_fd_sc_hd__clkdlybuf4s25_1)
     5    0.023701    0.182272    0.299596    6.359902 ^ fanout48/X (sky130_fd_sc_hd__clkdlybuf4s25_1)
                                                         net48 (net)
                      0.182294    0.002066    6.361968 ^ _0973_/RESET_B (sky130_fd_sc_hd__dfrtp_2)
                                              6.361968   data arrival time

                                  0.000000    0.000000   clock clk (rise edge)
                                  0.000000    0.000000   clock source latency
     2    0.022841    0.081177    0.056215    0.056215 ^ clk (in)
                                                         clk (net)
                      0.081218    0.000000    0.056215 ^ clkbuf_0_clk/A (sky130_fd_sc_hd__clkbuf_16)
    33    0.131693    0.111462    0.158192    0.214407 ^ clkbuf_0_clk/X (sky130_fd_sc_hd__clkbuf_16)
                                                         clknet_0_clk (net)
                      0.111824    0.005115    0.219523 ^ clkbuf_4_1_0_clk/A (sky130_fd_sc_hd__clkbuf_8)
     9    0.034762    0.055595    0.123472    0.342995 ^ clkbuf_4_1_0_clk/X (sky130_fd_sc_hd__clkbuf_8)
                                                         clknet_4_1_0_clk (net)
                      0.055629    0.001293    0.344288 ^ _0973_/CLK (sky130_fd_sc_hd__dfrtp_2)
                                  0.250000    0.594288   clock uncertainty
                                  0.000000    0.594288   clock reconvergence pessimism
                                  0.239813    0.834100   library removal time
                                              0.834100   data required time
---------------------------------------------------------------------------------------------
                                              0.834100   data required time
                                             -6.361968   data arrival time
---------------------------------------------------------------------------------------------
                                              5.527868   slack (MET)


Startpoint: nrst (input port clocked by clk)
Endpoint: _0974_ (removal check against rising-edge clock clk)
Path Group: asynchronous
Path Type: min

Fanout         Cap        Slew       Delay        Time   Description
---------------------------------------------------------------------------------------------
                                  0.000000    0.000000   clock clk (rise edge)
                                  0.000000    0.000000   clock network delay (propagated)
                                  5.000000    5.000000 ^ input external delay
     2    0.006468    0.026574    0.016586    5.016586 ^ nrst (in)
                                                         nrst (net)
                      0.026577    0.000000    5.016586 ^ input16/A (sky130_fd_sc_hd__clkdlybuf4s25_1)
     1    0.002372    0.028945    0.154059    5.170646 ^ input16/X (sky130_fd_sc_hd__clkdlybuf4s25_1)
                                                         net16 (net)
                      0.028945    0.000100    5.170746 ^ _0546_/A (sky130_fd_sc_hd__and2_2)
     1    0.006415    0.036546    0.085331    5.256077 ^ _0546_/X (sky130_fd_sc_hd__and2_2)
                                                         SYNTH_INST.keypad.n_rst (net)
                      0.036553    0.000456    5.256533 ^ fanout74/A (sky130_fd_sc_hd__clkdlybuf4s25_1)
    11    0.042457    0.319567    0.360485    5.617017 ^ fanout74/X (sky130_fd_sc_hd__clkdlybuf4s25_1)
                                                         net74 (net)
                      0.319579    0.001696    5.618714 ^ fanout58/A (sky130_fd_sc_hd__clkdlybuf4s25_1)
    11    0.051553    0.386868    0.439170    6.057883 ^ fanout58/X (sky130_fd_sc_hd__clkdlybuf4s25_1)
                                                         net58 (net)
                      0.386925    0.003936    6.061820 ^ fanout55/A (sky130_fd_sc_hd__clkdlybuf4s25_1)
     5    0.021312    0.164845    0.287542    6.349362 ^ fanout55/X (sky130_fd_sc_hd__clkdlybuf4s25_1)
                                                         net55 (net)
                      0.164859    0.001612    6.350974 ^ _0974_/RESET_B (sky130_fd_sc_hd__dfrtp_2)
                                              6.350974   data arrival time

                                  0.000000    0.000000   clock clk (rise edge)
                                  0.000000    0.000000   clock source latency
     2    0.022841    0.081177    0.056215    0.056215 ^ clk (in)
                                                         clk (net)
                      0.081218    0.000000    0.056215 ^ clkbuf_0_clk/A (sky130_fd_sc_hd__clkbuf_16)
    33    0.131693    0.111462    0.158192    0.214407 ^ clkbuf_0_clk/X (sky130_fd_sc_hd__clkbuf_16)
                                                         clknet_0_clk (net)
                      0.111707    0.004239    0.218647 ^ clkbuf_4_3_0_clk/A (sky130_fd_sc_hd__clkbuf_8)
     9    0.029061    0.048732    0.118254    0.336901 ^ clkbuf_4_3_0_clk/X (sky130_fd_sc_hd__clkbuf_8)
                                                         clknet_4_3_0_clk (net)
                      0.048778    0.001372    0.338273 ^ _0974_/CLK (sky130_fd_sc_hd__dfrtp_2)
                                  0.250000    0.588273   clock uncertainty
                                  0.000000    0.588273   clock reconvergence pessimism
                                  0.234355    0.822627   library removal time
                                              0.822627   data required time
---------------------------------------------------------------------------------------------
                                              0.822627   data required time
                                             -6.350974   data arrival time
---------------------------------------------------------------------------------------------
                                              5.528347   slack (MET)


Startpoint: nrst (input port clocked by clk)
Endpoint: _0975_ (removal check against rising-edge clock clk)
Path Group: asynchronous
Path Type: min

Fanout         Cap        Slew       Delay        Time   Description
---------------------------------------------------------------------------------------------
                                  0.000000    0.000000   clock clk (rise edge)
                                  0.000000    0.000000   clock network delay (propagated)
                                  5.000000    5.000000 ^ input external delay
     2    0.006468    0.026574    0.016586    5.016586 ^ nrst (in)
                                                         nrst (net)
                      0.026577    0.000000    5.016586 ^ input16/A (sky130_fd_sc_hd__clkdlybuf4s25_1)
     1    0.002372    0.028945    0.154059    5.170646 ^ input16/X (sky130_fd_sc_hd__clkdlybuf4s25_1)
                                                         net16 (net)
                      0.028945    0.000100    5.170746 ^ _0546_/A (sky130_fd_sc_hd__and2_2)
     1    0.006415    0.036546    0.085331    5.256077 ^ _0546_/X (sky130_fd_sc_hd__and2_2)
                                                         SYNTH_INST.keypad.n_rst (net)
                      0.036553    0.000456    5.256533 ^ fanout74/A (sky130_fd_sc_hd__clkdlybuf4s25_1)
    11    0.042457    0.319567    0.360485    5.617017 ^ fanout74/X (sky130_fd_sc_hd__clkdlybuf4s25_1)
                                                         net74 (net)
                      0.319579    0.001696    5.618714 ^ fanout58/A (sky130_fd_sc_hd__clkdlybuf4s25_1)
    11    0.051553    0.386868    0.439170    6.057883 ^ fanout58/X (sky130_fd_sc_hd__clkdlybuf4s25_1)
                                                         net58 (net)
                      0.386899    0.002891    6.060774 ^ fanout54/A (sky130_fd_sc_hd__clkdlybuf4s25_1)
     5    0.026377    0.201901    0.312542    6.373316 ^ fanout54/X (sky130_fd_sc_hd__clkdlybuf4s25_1)
                                                         net54 (net)
                      0.201908    0.001463    6.374779 ^ _0975_/RESET_B (sky130_fd_sc_hd__dfrtp_2)
                                              6.374779   data arrival time

                                  0.000000    0.000000   clock clk (rise edge)
                                  0.000000    0.000000   clock source latency
     2    0.022841    0.081177    0.056215    0.056215 ^ clk (in)
                                                         clk (net)
                      0.081218    0.000000    0.056215 ^ clkbuf_0_clk/A (sky130_fd_sc_hd__clkbuf_16)
    33    0.131693    0.111462    0.158192    0.214407 ^ clkbuf_0_clk/X (sky130_fd_sc_hd__clkbuf_16)
                                                         clknet_0_clk (net)
                      0.111824    0.005115    0.219523 ^ clkbuf_4_1_0_clk/A (sky130_fd_sc_hd__clkbuf_8)
     9    0.034762    0.055595    0.123472    0.342995 ^ clkbuf_4_1_0_clk/X (sky130_fd_sc_hd__clkbuf_8)
                                                         clknet_4_1_0_clk (net)
                      0.055638    0.001419    0.344413 ^ _0975_/CLK (sky130_fd_sc_hd__dfrtp_2)
                                  0.250000    0.594413   clock uncertainty
                                  0.000000    0.594413   clock reconvergence pessimism
                                  0.244907    0.839320   library removal time
                                              0.839320   data required time
---------------------------------------------------------------------------------------------
                                              0.839320   data required time
                                             -6.374779   data arrival time
---------------------------------------------------------------------------------------------
                                              5.535459   slack (MET)


Startpoint: nrst (input port clocked by clk)
Endpoint: _0976_ (removal check against rising-edge clock clk)
Path Group: asynchronous
Path Type: min

Fanout         Cap        Slew       Delay        Time   Description
---------------------------------------------------------------------------------------------
                                  0.000000    0.000000   clock clk (rise edge)
                                  0.000000    0.000000   clock network delay (propagated)
                                  5.000000    5.000000 ^ input external delay
     2    0.006468    0.026574    0.016586    5.016586 ^ nrst (in)
                                                         nrst (net)
                      0.026577    0.000000    5.016586 ^ input16/A (sky130_fd_sc_hd__clkdlybuf4s25_1)
     1    0.002372    0.028945    0.154059    5.170646 ^ input16/X (sky130_fd_sc_hd__clkdlybuf4s25_1)
                                                         net16 (net)
                      0.028945    0.000100    5.170746 ^ _0546_/A (sky130_fd_sc_hd__and2_2)
     1    0.006415    0.036546    0.085331    5.256077 ^ _0546_/X (sky130_fd_sc_hd__and2_2)
                                                         SYNTH_INST.keypad.n_rst (net)
                      0.036553    0.000456    5.256533 ^ fanout74/A (sky130_fd_sc_hd__clkdlybuf4s25_1)
    11    0.042457    0.319567    0.360485    5.617017 ^ fanout74/X (sky130_fd_sc_hd__clkdlybuf4s25_1)
                                                         net74 (net)
                      0.319579    0.001696    5.618714 ^ fanout58/A (sky130_fd_sc_hd__clkdlybuf4s25_1)
    11    0.051553    0.386868    0.439170    6.057883 ^ fanout58/X (sky130_fd_sc_hd__clkdlybuf4s25_1)
                                                         net58 (net)
                      0.386899    0.002891    6.060774 ^ fanout54/A (sky130_fd_sc_hd__clkdlybuf4s25_1)
     5    0.026377    0.201901    0.312542    6.373316 ^ fanout54/X (sky130_fd_sc_hd__clkdlybuf4s25_1)
                                                         net54 (net)
                      0.201921    0.002117    6.375432 ^ _0976_/RESET_B (sky130_fd_sc_hd__dfrtp_2)
                                              6.375432   data arrival time

                                  0.000000    0.000000   clock clk (rise edge)
                                  0.000000    0.000000   clock source latency
     2    0.022841    0.081177    0.056215    0.056215 ^ clk (in)
                                                         clk (net)
                      0.081218    0.000000    0.056215 ^ clkbuf_0_clk/A (sky130_fd_sc_hd__clkbuf_16)
    33    0.131693    0.111462    0.158192    0.214407 ^ clkbuf_0_clk/X (sky130_fd_sc_hd__clkbuf_16)
                                                         clknet_0_clk (net)
                      0.111824    0.005115    0.219523 ^ clkbuf_4_1_0_clk/A (sky130_fd_sc_hd__clkbuf_8)
     9    0.034762    0.055595    0.123472    0.342995 ^ clkbuf_4_1_0_clk/X (sky130_fd_sc_hd__clkbuf_8)
                                                         clknet_4_1_0_clk (net)
                      0.055642    0.001472    0.344467 ^ _0976_/CLK (sky130_fd_sc_hd__dfrtp_2)
                                  0.250000    0.594467   clock uncertainty
                                  0.000000    0.594467   clock reconvergence pessimism
                                  0.244911    0.839377   library removal time
                                              0.839377   data required time
---------------------------------------------------------------------------------------------
                                              0.839377   data required time
                                             -6.375432   data arrival time
---------------------------------------------------------------------------------------------
                                              5.536055   slack (MET)


Startpoint: nrst (input port clocked by clk)
Endpoint: _0982_ (removal check against rising-edge clock clk)
Path Group: asynchronous
Path Type: min

Fanout         Cap        Slew       Delay        Time   Description
---------------------------------------------------------------------------------------------
                                  0.000000    0.000000   clock clk (rise edge)
                                  0.000000    0.000000   clock network delay (propagated)
                                  5.000000    5.000000 ^ input external delay
     2    0.006468    0.026574    0.016586    5.016586 ^ nrst (in)
                                                         nrst (net)
                      0.026577    0.000000    5.016586 ^ input16/A (sky130_fd_sc_hd__clkdlybuf4s25_1)
     1    0.002372    0.028945    0.154059    5.170646 ^ input16/X (sky130_fd_sc_hd__clkdlybuf4s25_1)
                                                         net16 (net)
                      0.028945    0.000100    5.170746 ^ _0546_/A (sky130_fd_sc_hd__and2_2)
     1    0.006415    0.036546    0.085331    5.256077 ^ _0546_/X (sky130_fd_sc_hd__and2_2)
                                                         SYNTH_INST.keypad.n_rst (net)
                      0.036553    0.000456    5.256533 ^ fanout74/A (sky130_fd_sc_hd__clkdlybuf4s25_1)
    11    0.042457    0.319567    0.360485    5.617017 ^ fanout74/X (sky130_fd_sc_hd__clkdlybuf4s25_1)
                                                         net74 (net)
                      0.319579    0.001696    5.618714 ^ fanout58/A (sky130_fd_sc_hd__clkdlybuf4s25_1)
    11    0.051553    0.386868    0.439170    6.057883 ^ fanout58/X (sky130_fd_sc_hd__clkdlybuf4s25_1)
                                                         net58 (net)
                      0.386899    0.002891    6.060774 ^ fanout54/A (sky130_fd_sc_hd__clkdlybuf4s25_1)
     5    0.026377    0.201901    0.312542    6.373316 ^ fanout54/X (sky130_fd_sc_hd__clkdlybuf4s25_1)
                                                         net54 (net)
                      0.201930    0.002445    6.375761 ^ _0982_/RESET_B (sky130_fd_sc_hd__dfrtp_2)
                                              6.375761   data arrival time

                                  0.000000    0.000000   clock clk (rise edge)
                                  0.000000    0.000000   clock source latency
     2    0.022841    0.081177    0.056215    0.056215 ^ clk (in)
                                                         clk (net)
                      0.081218    0.000000    0.056215 ^ clkbuf_0_clk/A (sky130_fd_sc_hd__clkbuf_16)
    33    0.131693    0.111462    0.158192    0.214407 ^ clkbuf_0_clk/X (sky130_fd_sc_hd__clkbuf_16)
                                                         clknet_0_clk (net)
                      0.112001    0.006206    0.220614 ^ clkbuf_4_4_0_clk/A (sky130_fd_sc_hd__clkbuf_8)
     9    0.026219    0.045384    0.116103    0.336717 ^ clkbuf_4_4_0_clk/X (sky130_fd_sc_hd__clkbuf_8)
                                                         clknet_4_4_0_clk (net)
                      0.045465    0.001634    0.338351 ^ _0982_/CLK (sky130_fd_sc_hd__dfrtp_2)
                                  0.250000    0.588350   clock uncertainty
                                  0.000000    0.588350   clock reconvergence pessimism
                                  0.243536    0.831886   library removal time
                                              0.831886   data required time
---------------------------------------------------------------------------------------------
                                              0.831886   data required time
                                             -6.375761   data arrival time
---------------------------------------------------------------------------------------------
                                              5.543875   slack (MET)


Startpoint: nrst (input port clocked by clk)
Endpoint: _0981_ (removal check against rising-edge clock clk)
Path Group: asynchronous
Path Type: min

Fanout         Cap        Slew       Delay        Time   Description
---------------------------------------------------------------------------------------------
                                  0.000000    0.000000   clock clk (rise edge)
                                  0.000000    0.000000   clock network delay (propagated)
                                  5.000000    5.000000 ^ input external delay
     2    0.006468    0.026574    0.016586    5.016586 ^ nrst (in)
                                                         nrst (net)
                      0.026577    0.000000    5.016586 ^ input16/A (sky130_fd_sc_hd__clkdlybuf4s25_1)
     1    0.002372    0.028945    0.154059    5.170646 ^ input16/X (sky130_fd_sc_hd__clkdlybuf4s25_1)
                                                         net16 (net)
                      0.028945    0.000100    5.170746 ^ _0546_/A (sky130_fd_sc_hd__and2_2)
     1    0.006415    0.036546    0.085331    5.256077 ^ _0546_/X (sky130_fd_sc_hd__and2_2)
                                                         SYNTH_INST.keypad.n_rst (net)
                      0.036553    0.000456    5.256533 ^ fanout74/A (sky130_fd_sc_hd__clkdlybuf4s25_1)
    11    0.042457    0.319567    0.360485    5.617017 ^ fanout74/X (sky130_fd_sc_hd__clkdlybuf4s25_1)
                                                         net74 (net)
                      0.319579    0.001696    5.618714 ^ fanout58/A (sky130_fd_sc_hd__clkdlybuf4s25_1)
    11    0.051553    0.386868    0.439170    6.057883 ^ fanout58/X (sky130_fd_sc_hd__clkdlybuf4s25_1)
                                                         net58 (net)
                      0.386899    0.002891    6.060774 ^ fanout54/A (sky130_fd_sc_hd__clkdlybuf4s25_1)
     5    0.026377    0.201901    0.312542    6.373316 ^ fanout54/X (sky130_fd_sc_hd__clkdlybuf4s25_1)
                                                         net54 (net)
                      0.201948    0.002967    6.376282 ^ _0981_/RESET_B (sky130_fd_sc_hd__dfrtp_2)
                                              6.376282   data arrival time

                                  0.000000    0.000000   clock clk (rise edge)
                                  0.000000    0.000000   clock source latency
     2    0.022841    0.081177    0.056215    0.056215 ^ clk (in)
                                                         clk (net)
                      0.081218    0.000000    0.056215 ^ clkbuf_0_clk/A (sky130_fd_sc_hd__clkbuf_16)
    33    0.131693    0.111462    0.158192    0.214407 ^ clkbuf_0_clk/X (sky130_fd_sc_hd__clkbuf_16)
                                                         clknet_0_clk (net)
                      0.112001    0.006206    0.220614 ^ clkbuf_4_4_0_clk/A (sky130_fd_sc_hd__clkbuf_8)
     9    0.026219    0.045384    0.116103    0.336717 ^ clkbuf_4_4_0_clk/X (sky130_fd_sc_hd__clkbuf_8)
                                                         clknet_4_4_0_clk (net)
                      0.045398    0.000804    0.337521 ^ _0981_/CLK (sky130_fd_sc_hd__dfrtp_2)
                                  0.250000    0.587521   clock uncertainty
                                  0.000000    0.587521   clock reconvergence pessimism
                                  0.243531    0.831053   library removal time
                                              0.831053   data required time
---------------------------------------------------------------------------------------------
                                              0.831053   data required time
                                             -6.376282   data arrival time
---------------------------------------------------------------------------------------------
                                              5.545230   slack (MET)


Startpoint: nrst (input port clocked by clk)
Endpoint: _0903_ (removal check against rising-edge clock clk)
Path Group: asynchronous
Path Type: min

Fanout         Cap        Slew       Delay        Time   Description
---------------------------------------------------------------------------------------------
                                  0.000000    0.000000   clock clk (rise edge)
                                  0.000000    0.000000   clock network delay (propagated)
                                  5.000000    5.000000 ^ input external delay
     2    0.006468    0.026574    0.016586    5.016586 ^ nrst (in)
                                                         nrst (net)
                      0.026577    0.000000    5.016586 ^ input16/A (sky130_fd_sc_hd__clkdlybuf4s25_1)
     1    0.002372    0.028945    0.154059    5.170646 ^ input16/X (sky130_fd_sc_hd__clkdlybuf4s25_1)
                                                         net16 (net)
                      0.028945    0.000100    5.170746 ^ _0546_/A (sky130_fd_sc_hd__and2_2)
     1    0.006415    0.036546    0.085331    5.256077 ^ _0546_/X (sky130_fd_sc_hd__and2_2)
                                                         SYNTH_INST.keypad.n_rst (net)
                      0.036553    0.000456    5.256533 ^ fanout74/A (sky130_fd_sc_hd__clkdlybuf4s25_1)
    11    0.042457    0.319567    0.360485    5.617017 ^ fanout74/X (sky130_fd_sc_hd__clkdlybuf4s25_1)
                                                         net74 (net)
                      0.319604    0.002885    5.619903 ^ fanout73/A (sky130_fd_sc_hd__clkdlybuf4s25_1)
     7    0.034897    0.264452    0.355245    5.975147 ^ fanout73/X (sky130_fd_sc_hd__clkdlybuf4s25_1)
                                                         net73 (net)
                      0.264465    0.002112    5.977259 ^ fanout71/A (sky130_fd_sc_hd__clkdlybuf4s25_1)
     3    0.011528    0.093557    0.234710    6.211969 ^ fanout71/X (sky130_fd_sc_hd__clkdlybuf4s25_1)
                                                         net71 (net)
                      0.093561    0.000719    6.212687 ^ load_slew72/A (sky130_fd_sc_hd__clkbuf_4)
     8    0.036809    0.090022    0.146123    6.358810 ^ load_slew72/X (sky130_fd_sc_hd__clkbuf_4)
                                                         net72 (net)
                      0.090100    0.001467    6.360277 ^ _0903_/RESET_B (sky130_fd_sc_hd__dfrtp_2)
                                              6.360277   data arrival time

                                  0.000000    0.000000   clock clk (rise edge)
                                  0.000000    0.000000   clock source latency
     2    0.022841    0.081177    0.056215    0.056215 ^ clk (in)
                                                         clk (net)
                      0.081218    0.000000    0.056215 ^ clkbuf_0_clk/A (sky130_fd_sc_hd__clkbuf_16)
    33    0.131693    0.111462    0.158192    0.214407 ^ clkbuf_0_clk/X (sky130_fd_sc_hd__clkbuf_16)
                                                         clknet_0_clk (net)
                      0.112087    0.006667    0.221075 ^ clkbuf_4_12_0_clk/A (sky130_fd_sc_hd__clkbuf_8)
     9    0.031749    0.051981    0.120963    0.342038 ^ clkbuf_4_12_0_clk/X (sky130_fd_sc_hd__clkbuf_8)
                                                         clknet_4_12_0_clk (net)
                      0.052036    0.001492    0.343530 ^ _0903_/CLK (sky130_fd_sc_hd__dfrtp_2)
                                  0.250000    0.593530   clock uncertainty
                                  0.000000    0.593530   clock reconvergence pessimism
                                  0.215382    0.808912   library removal time
                                              0.808912   data required time
---------------------------------------------------------------------------------------------
                                              0.808912   data required time
                                             -6.360277   data arrival time
---------------------------------------------------------------------------------------------
                                              5.551365   slack (MET)


Startpoint: nrst (input port clocked by clk)
Endpoint: _0902_ (removal check against rising-edge clock clk)
Path Group: asynchronous
Path Type: min

Fanout         Cap        Slew       Delay        Time   Description
---------------------------------------------------------------------------------------------
                                  0.000000    0.000000   clock clk (rise edge)
                                  0.000000    0.000000   clock network delay (propagated)
                                  5.000000    5.000000 ^ input external delay
     2    0.006468    0.026574    0.016586    5.016586 ^ nrst (in)
                                                         nrst (net)
                      0.026577    0.000000    5.016586 ^ input16/A (sky130_fd_sc_hd__clkdlybuf4s25_1)
     1    0.002372    0.028945    0.154059    5.170646 ^ input16/X (sky130_fd_sc_hd__clkdlybuf4s25_1)
                                                         net16 (net)
                      0.028945    0.000100    5.170746 ^ _0546_/A (sky130_fd_sc_hd__and2_2)
     1    0.006415    0.036546    0.085331    5.256077 ^ _0546_/X (sky130_fd_sc_hd__and2_2)
                                                         SYNTH_INST.keypad.n_rst (net)
                      0.036553    0.000456    5.256533 ^ fanout74/A (sky130_fd_sc_hd__clkdlybuf4s25_1)
    11    0.042457    0.319567    0.360485    5.617017 ^ fanout74/X (sky130_fd_sc_hd__clkdlybuf4s25_1)
                                                         net74 (net)
                      0.319604    0.002885    5.619903 ^ fanout73/A (sky130_fd_sc_hd__clkdlybuf4s25_1)
     7    0.034897    0.264452    0.355245    5.975147 ^ fanout73/X (sky130_fd_sc_hd__clkdlybuf4s25_1)
                                                         net73 (net)
                      0.264465    0.002112    5.977259 ^ fanout71/A (sky130_fd_sc_hd__clkdlybuf4s25_1)
     3    0.011528    0.093557    0.234710    6.211969 ^ fanout71/X (sky130_fd_sc_hd__clkdlybuf4s25_1)
                                                         net71 (net)
                      0.093561    0.000719    6.212687 ^ load_slew72/A (sky130_fd_sc_hd__clkbuf_4)
     8    0.036809    0.090022    0.146123    6.358810 ^ load_slew72/X (sky130_fd_sc_hd__clkbuf_4)
                                                         net72 (net)
                      0.090129    0.001970    6.360780 ^ _0902_/RESET_B (sky130_fd_sc_hd__dfrtp_2)
                                              6.360780   data arrival time

                                  0.000000    0.000000   clock clk (rise edge)
                                  0.000000    0.000000   clock source latency
     2    0.022841    0.081177    0.056215    0.056215 ^ clk (in)
                                                         clk (net)
                      0.081218    0.000000    0.056215 ^ clkbuf_0_clk/A (sky130_fd_sc_hd__clkbuf_16)
    33    0.131693    0.111462    0.158192    0.214407 ^ clkbuf_0_clk/X (sky130_fd_sc_hd__clkbuf_16)
                                                         clknet_0_clk (net)
                      0.112087    0.006667    0.221075 ^ clkbuf_4_12_0_clk/A (sky130_fd_sc_hd__clkbuf_8)
     9    0.031749    0.051981    0.120963    0.342038 ^ clkbuf_4_12_0_clk/X (sky130_fd_sc_hd__clkbuf_8)
                                                         clknet_4_12_0_clk (net)
                      0.052040    0.001538    0.343576 ^ _0902_/CLK (sky130_fd_sc_hd__dfrtp_2)
                                  0.250000    0.593576   clock uncertainty
                                  0.000000    0.593576   clock reconvergence pessimism
                                  0.215390    0.808966   library removal time
                                              0.808966   data required time
---------------------------------------------------------------------------------------------
                                              0.808966   data required time
                                             -6.360780   data arrival time
---------------------------------------------------------------------------------------------
                                              5.551814   slack (MET)


Startpoint: nrst (input port clocked by clk)
Endpoint: _0892_ (removal check against rising-edge clock clk)
Path Group: asynchronous
Path Type: min

Fanout         Cap        Slew       Delay        Time   Description
---------------------------------------------------------------------------------------------
                                  0.000000    0.000000   clock clk (rise edge)
                                  0.000000    0.000000   clock network delay (propagated)
                                  5.000000    5.000000 ^ input external delay
     2    0.006468    0.026574    0.016586    5.016586 ^ nrst (in)
                                                         nrst (net)
                      0.026577    0.000000    5.016586 ^ input16/A (sky130_fd_sc_hd__clkdlybuf4s25_1)
     1    0.002372    0.028945    0.154059    5.170646 ^ input16/X (sky130_fd_sc_hd__clkdlybuf4s25_1)
                                                         net16 (net)
                      0.028945    0.000100    5.170746 ^ _0546_/A (sky130_fd_sc_hd__and2_2)
     1    0.006415    0.036546    0.085331    5.256077 ^ _0546_/X (sky130_fd_sc_hd__and2_2)
                                                         SYNTH_INST.keypad.n_rst (net)
                      0.036553    0.000456    5.256533 ^ fanout74/A (sky130_fd_sc_hd__clkdlybuf4s25_1)
    11    0.042457    0.319567    0.360485    5.617017 ^ fanout74/X (sky130_fd_sc_hd__clkdlybuf4s25_1)
                                                         net74 (net)
                      0.319604    0.002885    5.619903 ^ fanout73/A (sky130_fd_sc_hd__clkdlybuf4s25_1)
     7    0.034897    0.264452    0.355245    5.975147 ^ fanout73/X (sky130_fd_sc_hd__clkdlybuf4s25_1)
                                                         net73 (net)
                      0.264465    0.002112    5.977259 ^ fanout71/A (sky130_fd_sc_hd__clkdlybuf4s25_1)
     3    0.011528    0.093557    0.234710    6.211969 ^ fanout71/X (sky130_fd_sc_hd__clkdlybuf4s25_1)
                                                         net71 (net)
                      0.093561    0.000719    6.212687 ^ load_slew72/A (sky130_fd_sc_hd__clkbuf_4)
     8    0.036809    0.090022    0.146123    6.358810 ^ load_slew72/X (sky130_fd_sc_hd__clkbuf_4)
                                                         net72 (net)
                      0.090202    0.002852    6.361662 ^ _0892_/RESET_B (sky130_fd_sc_hd__dfrtp_2)
                                              6.361662   data arrival time

                                  0.000000    0.000000   clock clk (rise edge)
                                  0.000000    0.000000   clock source latency
     2    0.022841    0.081177    0.056215    0.056215 ^ clk (in)
                                                         clk (net)
                      0.081218    0.000000    0.056215 ^ clkbuf_0_clk/A (sky130_fd_sc_hd__clkbuf_16)
    33    0.131693    0.111462    0.158192    0.214407 ^ clkbuf_0_clk/X (sky130_fd_sc_hd__clkbuf_16)
                                                         clknet_0_clk (net)
                      0.112237    0.007408    0.221815 ^ clkbuf_4_15_0_clk/A (sky130_fd_sc_hd__clkbuf_8)
     9    0.029120    0.048790    0.118087    0.339902 ^ clkbuf_4_15_0_clk/X (sky130_fd_sc_hd__clkbuf_8)
                                                         clknet_4_15_0_clk (net)
                      0.049150    0.003261    0.343163 ^ _0892_/CLK (sky130_fd_sc_hd__dfrtp_2)
                                  0.250000    0.593163   clock uncertainty
                                  0.000000    0.593163   clock reconvergence pessimism
                                  0.215013    0.808176   library removal time
                                              0.808176   data required time
---------------------------------------------------------------------------------------------
                                              0.808176   data required time
                                             -6.361662   data arrival time
---------------------------------------------------------------------------------------------
                                              5.553486   slack (MET)


Startpoint: nrst (input port clocked by clk)
Endpoint: _0893_ (removal check against rising-edge clock clk)
Path Group: asynchronous
Path Type: min

Fanout         Cap        Slew       Delay        Time   Description
---------------------------------------------------------------------------------------------
                                  0.000000    0.000000   clock clk (rise edge)
                                  0.000000    0.000000   clock network delay (propagated)
                                  5.000000    5.000000 ^ input external delay
     2    0.006468    0.026574    0.016586    5.016586 ^ nrst (in)
                                                         nrst (net)
                      0.026577    0.000000    5.016586 ^ input16/A (sky130_fd_sc_hd__clkdlybuf4s25_1)
     1    0.002372    0.028945    0.154059    5.170646 ^ input16/X (sky130_fd_sc_hd__clkdlybuf4s25_1)
                                                         net16 (net)
                      0.028945    0.000100    5.170746 ^ _0546_/A (sky130_fd_sc_hd__and2_2)
     1    0.006415    0.036546    0.085331    5.256077 ^ _0546_/X (sky130_fd_sc_hd__and2_2)
                                                         SYNTH_INST.keypad.n_rst (net)
                      0.036553    0.000456    5.256533 ^ fanout74/A (sky130_fd_sc_hd__clkdlybuf4s25_1)
    11    0.042457    0.319567    0.360485    5.617017 ^ fanout74/X (sky130_fd_sc_hd__clkdlybuf4s25_1)
                                                         net74 (net)
                      0.319604    0.002885    5.619903 ^ fanout73/A (sky130_fd_sc_hd__clkdlybuf4s25_1)
     7    0.034897    0.264452    0.355245    5.975147 ^ fanout73/X (sky130_fd_sc_hd__clkdlybuf4s25_1)
                                                         net73 (net)
                      0.264465    0.002112    5.977259 ^ fanout71/A (sky130_fd_sc_hd__clkdlybuf4s25_1)
     3    0.011528    0.093557    0.234710    6.211969 ^ fanout71/X (sky130_fd_sc_hd__clkdlybuf4s25_1)
                                                         net71 (net)
                      0.093561    0.000719    6.212687 ^ load_slew72/A (sky130_fd_sc_hd__clkbuf_4)
     8    0.036809    0.090022    0.146123    6.358810 ^ load_slew72/X (sky130_fd_sc_hd__clkbuf_4)
                                                         net72 (net)
                      0.090205    0.002879    6.361690 ^ _0893_/RESET_B (sky130_fd_sc_hd__dfrtp_2)
                                              6.361690   data arrival time

                                  0.000000    0.000000   clock clk (rise edge)
                                  0.000000    0.000000   clock source latency
     2    0.022841    0.081177    0.056215    0.056215 ^ clk (in)
                                                         clk (net)
                      0.081218    0.000000    0.056215 ^ clkbuf_0_clk/A (sky130_fd_sc_hd__clkbuf_16)
    33    0.131693    0.111462    0.158192    0.214407 ^ clkbuf_0_clk/X (sky130_fd_sc_hd__clkbuf_16)
                                                         clknet_0_clk (net)
                      0.112237    0.007408    0.221815 ^ clkbuf_4_15_0_clk/A (sky130_fd_sc_hd__clkbuf_8)
     9    0.029120    0.048790    0.118087    0.339902 ^ clkbuf_4_15_0_clk/X (sky130_fd_sc_hd__clkbuf_8)
                                                         clknet_4_15_0_clk (net)
                      0.049148    0.003254    0.343156 ^ _0893_/CLK (sky130_fd_sc_hd__dfrtp_2)
                                  0.250000    0.593156   clock uncertainty
                                  0.000000    0.593156   clock reconvergence pessimism
                                  0.215013    0.808169   library removal time
                                              0.808169   data required time
---------------------------------------------------------------------------------------------
                                              0.808169   data required time
                                             -6.361690   data arrival time
---------------------------------------------------------------------------------------------
                                              5.553521   slack (MET)


Startpoint: nrst (input port clocked by clk)
Endpoint: _0905_ (removal check against rising-edge clock clk)
Path Group: asynchronous
Path Type: min

Fanout         Cap        Slew       Delay        Time   Description
---------------------------------------------------------------------------------------------
                                  0.000000    0.000000   clock clk (rise edge)
                                  0.000000    0.000000   clock network delay (propagated)
                                  5.000000    5.000000 ^ input external delay
     2    0.006468    0.026574    0.016586    5.016586 ^ nrst (in)
                                                         nrst (net)
                      0.026577    0.000000    5.016586 ^ input16/A (sky130_fd_sc_hd__clkdlybuf4s25_1)
     1    0.002372    0.028945    0.154059    5.170646 ^ input16/X (sky130_fd_sc_hd__clkdlybuf4s25_1)
                                                         net16 (net)
                      0.028945    0.000100    5.170746 ^ _0546_/A (sky130_fd_sc_hd__and2_2)
     1    0.006415    0.036546    0.085331    5.256077 ^ _0546_/X (sky130_fd_sc_hd__and2_2)
                                                         SYNTH_INST.keypad.n_rst (net)
                      0.036553    0.000456    5.256533 ^ fanout74/A (sky130_fd_sc_hd__clkdlybuf4s25_1)
    11    0.042457    0.319567    0.360485    5.617017 ^ fanout74/X (sky130_fd_sc_hd__clkdlybuf4s25_1)
                                                         net74 (net)
                      0.319604    0.002885    5.619903 ^ fanout73/A (sky130_fd_sc_hd__clkdlybuf4s25_1)
     7    0.034897    0.264452    0.355245    5.975147 ^ fanout73/X (sky130_fd_sc_hd__clkdlybuf4s25_1)
                                                         net73 (net)
                      0.264452    0.000876    5.976023 ^ fanout69/A (sky130_fd_sc_hd__clkdlybuf4s25_1)
     3    0.011633    0.094299    0.235347    6.211370 ^ fanout69/X (sky130_fd_sc_hd__clkdlybuf4s25_1)
                                                         net69 (net)
                      0.094301    0.000598    6.211968 ^ load_slew70/A (sky130_fd_sc_hd__clkbuf_4)
     8    0.037564    0.091646    0.147605    6.359573 ^ load_slew70/X (sky130_fd_sc_hd__clkbuf_4)
                                                         net70 (net)
                      0.091770    0.002256    6.361829 ^ _0905_/RESET_B (sky130_fd_sc_hd__dfrtp_2)
                                              6.361829   data arrival time

                                  0.000000    0.000000   clock clk (rise edge)
                                  0.000000    0.000000   clock source latency
     2    0.022841    0.081177    0.056215    0.056215 ^ clk (in)
                                                         clk (net)
                      0.081218    0.000000    0.056215 ^ clkbuf_0_clk/A (sky130_fd_sc_hd__clkbuf_16)
    33    0.131693    0.111462    0.158192    0.214407 ^ clkbuf_0_clk/X (sky130_fd_sc_hd__clkbuf_16)
                                                         clknet_0_clk (net)
                      0.112235    0.007400    0.221807 ^ clkbuf_4_14_0_clk/A (sky130_fd_sc_hd__clkbuf_8)
     9    0.027915    0.047352    0.117350    0.339157 ^ clkbuf_4_14_0_clk/X (sky130_fd_sc_hd__clkbuf_8)
                                                         clknet_4_14_0_clk (net)
                      0.047614    0.002521    0.341678 ^ _0905_/CLK (sky130_fd_sc_hd__dfrtp_2)
                                  0.250000    0.591678   clock uncertainty
                                  0.000000    0.591678   clock reconvergence pessimism
                                  0.215210    0.806888   library removal time
                                              0.806888   data required time
---------------------------------------------------------------------------------------------
                                              0.806888   data required time
                                             -6.361829   data arrival time
---------------------------------------------------------------------------------------------
                                              5.554941   slack (MET)


Startpoint: nrst (input port clocked by clk)
Endpoint: _0904_ (removal check against rising-edge clock clk)
Path Group: asynchronous
Path Type: min

Fanout         Cap        Slew       Delay        Time   Description
---------------------------------------------------------------------------------------------
                                  0.000000    0.000000   clock clk (rise edge)
                                  0.000000    0.000000   clock network delay (propagated)
                                  5.000000    5.000000 ^ input external delay
     2    0.006468    0.026574    0.016586    5.016586 ^ nrst (in)
                                                         nrst (net)
                      0.026577    0.000000    5.016586 ^ input16/A (sky130_fd_sc_hd__clkdlybuf4s25_1)
     1    0.002372    0.028945    0.154059    5.170646 ^ input16/X (sky130_fd_sc_hd__clkdlybuf4s25_1)
                                                         net16 (net)
                      0.028945    0.000100    5.170746 ^ _0546_/A (sky130_fd_sc_hd__and2_2)
     1    0.006415    0.036546    0.085331    5.256077 ^ _0546_/X (sky130_fd_sc_hd__and2_2)
                                                         SYNTH_INST.keypad.n_rst (net)
                      0.036553    0.000456    5.256533 ^ fanout74/A (sky130_fd_sc_hd__clkdlybuf4s25_1)
    11    0.042457    0.319567    0.360485    5.617017 ^ fanout74/X (sky130_fd_sc_hd__clkdlybuf4s25_1)
                                                         net74 (net)
                      0.319604    0.002885    5.619903 ^ fanout73/A (sky130_fd_sc_hd__clkdlybuf4s25_1)
     7    0.034897    0.264452    0.355245    5.975147 ^ fanout73/X (sky130_fd_sc_hd__clkdlybuf4s25_1)
                                                         net73 (net)
                      0.264452    0.000876    5.976023 ^ fanout69/A (sky130_fd_sc_hd__clkdlybuf4s25_1)
     3    0.011633    0.094299    0.235347    6.211370 ^ fanout69/X (sky130_fd_sc_hd__clkdlybuf4s25_1)
                                                         net69 (net)
                      0.094301    0.000598    6.211968 ^ load_slew70/A (sky130_fd_sc_hd__clkbuf_4)
     8    0.037564    0.091646    0.147605    6.359573 ^ load_slew70/X (sky130_fd_sc_hd__clkbuf_4)
                                                         net70 (net)
                      0.091774    0.002297    6.361870 ^ _0904_/RESET_B (sky130_fd_sc_hd__dfrtp_2)
                                              6.361870   data arrival time

                                  0.000000    0.000000   clock clk (rise edge)
                                  0.000000    0.000000   clock source latency
     2    0.022841    0.081177    0.056215    0.056215 ^ clk (in)
                                                         clk (net)
                      0.081218    0.000000    0.056215 ^ clkbuf_0_clk/A (sky130_fd_sc_hd__clkbuf_16)
    33    0.131693    0.111462    0.158192    0.214407 ^ clkbuf_0_clk/X (sky130_fd_sc_hd__clkbuf_16)
                                                         clknet_0_clk (net)
                      0.112235    0.007400    0.221807 ^ clkbuf_4_14_0_clk/A (sky130_fd_sc_hd__clkbuf_8)
     9    0.027915    0.047352    0.117350    0.339157 ^ clkbuf_4_14_0_clk/X (sky130_fd_sc_hd__clkbuf_8)
                                                         clknet_4_14_0_clk (net)
                      0.047617    0.002541    0.341698 ^ _0904_/CLK (sky130_fd_sc_hd__dfrtp_2)
                                  0.250000    0.591698   clock uncertainty
                                  0.000000    0.591698   clock reconvergence pessimism
                                  0.215211    0.806909   library removal time
                                              0.806909   data required time
---------------------------------------------------------------------------------------------
                                              0.806909   data required time
                                             -6.361870   data arrival time
---------------------------------------------------------------------------------------------
                                              5.554961   slack (MET)


Startpoint: nrst (input port clocked by clk)
Endpoint: _0906_ (removal check against rising-edge clock clk)
Path Group: asynchronous
Path Type: min

Fanout         Cap        Slew       Delay        Time   Description
---------------------------------------------------------------------------------------------
                                  0.000000    0.000000   clock clk (rise edge)
                                  0.000000    0.000000   clock network delay (propagated)
                                  5.000000    5.000000 ^ input external delay
     2    0.006468    0.026574    0.016586    5.016586 ^ nrst (in)
                                                         nrst (net)
                      0.026577    0.000000    5.016586 ^ input16/A (sky130_fd_sc_hd__clkdlybuf4s25_1)
     1    0.002372    0.028945    0.154059    5.170646 ^ input16/X (sky130_fd_sc_hd__clkdlybuf4s25_1)
                                                         net16 (net)
                      0.028945    0.000100    5.170746 ^ _0546_/A (sky130_fd_sc_hd__and2_2)
     1    0.006415    0.036546    0.085331    5.256077 ^ _0546_/X (sky130_fd_sc_hd__and2_2)
                                                         SYNTH_INST.keypad.n_rst (net)
                      0.036553    0.000456    5.256533 ^ fanout74/A (sky130_fd_sc_hd__clkdlybuf4s25_1)
    11    0.042457    0.319567    0.360485    5.617017 ^ fanout74/X (sky130_fd_sc_hd__clkdlybuf4s25_1)
                                                         net74 (net)
                      0.319604    0.002885    5.619903 ^ fanout73/A (sky130_fd_sc_hd__clkdlybuf4s25_1)
     7    0.034897    0.264452    0.355245    5.975147 ^ fanout73/X (sky130_fd_sc_hd__clkdlybuf4s25_1)
                                                         net73 (net)
                      0.264452    0.000876    5.976023 ^ fanout69/A (sky130_fd_sc_hd__clkdlybuf4s25_1)
     3    0.011633    0.094299    0.235347    6.211370 ^ fanout69/X (sky130_fd_sc_hd__clkdlybuf4s25_1)
                                                         net69 (net)
                      0.094301    0.000598    6.211968 ^ load_slew70/A (sky130_fd_sc_hd__clkbuf_4)
     8    0.037564    0.091646    0.147605    6.359573 ^ load_slew70/X (sky130_fd_sc_hd__clkbuf_4)
                                                         net70 (net)
                      0.091762    0.002140    6.361712 ^ _0906_/RESET_B (sky130_fd_sc_hd__dfrtp_2)
                                              6.361712   data arrival time

                                  0.000000    0.000000   clock clk (rise edge)
                                  0.000000    0.000000   clock source latency
     2    0.022841    0.081177    0.056215    0.056215 ^ clk (in)
                                                         clk (net)
                      0.081218    0.000000    0.056215 ^ clkbuf_0_clk/A (sky130_fd_sc_hd__clkbuf_16)
    33    0.131693    0.111462    0.158192    0.214407 ^ clkbuf_0_clk/X (sky130_fd_sc_hd__clkbuf_16)
                                                         clknet_0_clk (net)
                      0.112235    0.007400    0.221807 ^ clkbuf_4_14_0_clk/A (sky130_fd_sc_hd__clkbuf_8)
     9    0.027915    0.047352    0.117350    0.339157 ^ clkbuf_4_14_0_clk/X (sky130_fd_sc_hd__clkbuf_8)
                                                         clknet_4_14_0_clk (net)
                      0.047588    0.002355    0.341513 ^ _0906_/CLK (sky130_fd_sc_hd__dfrtp_2)
                                  0.250000    0.591513   clock uncertainty
                                  0.000000    0.591513   clock reconvergence pessimism
                                  0.215204    0.806717   library removal time
                                              0.806717   data required time
---------------------------------------------------------------------------------------------
                                              0.806717   data required time
                                             -6.361712   data arrival time
---------------------------------------------------------------------------------------------
                                              5.554996   slack (MET)


Startpoint: nrst (input port clocked by clk)
Endpoint: _0896_ (removal check against rising-edge clock clk)
Path Group: asynchronous
Path Type: min

Fanout         Cap        Slew       Delay        Time   Description
---------------------------------------------------------------------------------------------
                                  0.000000    0.000000   clock clk (rise edge)
                                  0.000000    0.000000   clock network delay (propagated)
                                  5.000000    5.000000 ^ input external delay
     2    0.006468    0.026574    0.016586    5.016586 ^ nrst (in)
                                                         nrst (net)
                      0.026577    0.000000    5.016586 ^ input16/A (sky130_fd_sc_hd__clkdlybuf4s25_1)
     1    0.002372    0.028945    0.154059    5.170646 ^ input16/X (sky130_fd_sc_hd__clkdlybuf4s25_1)
                                                         net16 (net)
                      0.028945    0.000100    5.170746 ^ _0546_/A (sky130_fd_sc_hd__and2_2)
     1    0.006415    0.036546    0.085331    5.256077 ^ _0546_/X (sky130_fd_sc_hd__and2_2)
                                                         SYNTH_INST.keypad.n_rst (net)
                      0.036553    0.000456    5.256533 ^ fanout74/A (sky130_fd_sc_hd__clkdlybuf4s25_1)
    11    0.042457    0.319567    0.360485    5.617017 ^ fanout74/X (sky130_fd_sc_hd__clkdlybuf4s25_1)
                                                         net74 (net)
                      0.319604    0.002885    5.619903 ^ fanout73/A (sky130_fd_sc_hd__clkdlybuf4s25_1)
     7    0.034897    0.264452    0.355245    5.975147 ^ fanout73/X (sky130_fd_sc_hd__clkdlybuf4s25_1)
                                                         net73 (net)
                      0.264452    0.000876    5.976023 ^ fanout69/A (sky130_fd_sc_hd__clkdlybuf4s25_1)
     3    0.011633    0.094299    0.235347    6.211370 ^ fanout69/X (sky130_fd_sc_hd__clkdlybuf4s25_1)
                                                         net69 (net)
                      0.094301    0.000598    6.211968 ^ load_slew70/A (sky130_fd_sc_hd__clkbuf_4)
     8    0.037564    0.091646    0.147605    6.359573 ^ load_slew70/X (sky130_fd_sc_hd__clkbuf_4)
                                                         net70 (net)
                      0.091821    0.002839    6.362411 ^ _0896_/RESET_B (sky130_fd_sc_hd__dfrtp_2)
                                              6.362411   data arrival time

                                  0.000000    0.000000   clock clk (rise edge)
                                  0.000000    0.000000   clock source latency
     2    0.022841    0.081177    0.056215    0.056215 ^ clk (in)
                                                         clk (net)
                      0.081218    0.000000    0.056215 ^ clkbuf_0_clk/A (sky130_fd_sc_hd__clkbuf_16)
    33    0.131693    0.111462    0.158192    0.214407 ^ clkbuf_0_clk/X (sky130_fd_sc_hd__clkbuf_16)
                                                         clknet_0_clk (net)
                      0.112237    0.007408    0.221815 ^ clkbuf_4_15_0_clk/A (sky130_fd_sc_hd__clkbuf_8)
     9    0.029120    0.048790    0.118087    0.339902 ^ clkbuf_4_15_0_clk/X (sky130_fd_sc_hd__clkbuf_8)
                                                         clknet_4_15_0_clk (net)
                      0.048888    0.001675    0.341577 ^ _0896_/CLK (sky130_fd_sc_hd__dfrtp_2)
                                  0.250000    0.591577   clock uncertainty
                                  0.000000    0.591577   clock reconvergence pessimism
                                  0.215397    0.806974   library removal time
                                              0.806974   data required time
---------------------------------------------------------------------------------------------
                                              0.806974   data required time
                                             -6.362411   data arrival time
---------------------------------------------------------------------------------------------
                                              5.555438   slack (MET)


Startpoint: nrst (input port clocked by clk)
Endpoint: _0898_ (removal check against rising-edge clock clk)
Path Group: asynchronous
Path Type: min

Fanout         Cap        Slew       Delay        Time   Description
---------------------------------------------------------------------------------------------
                                  0.000000    0.000000   clock clk (rise edge)
                                  0.000000    0.000000   clock network delay (propagated)
                                  5.000000    5.000000 ^ input external delay
     2    0.006468    0.026574    0.016586    5.016586 ^ nrst (in)
                                                         nrst (net)
                      0.026577    0.000000    5.016586 ^ input16/A (sky130_fd_sc_hd__clkdlybuf4s25_1)
     1    0.002372    0.028945    0.154059    5.170646 ^ input16/X (sky130_fd_sc_hd__clkdlybuf4s25_1)
                                                         net16 (net)
                      0.028945    0.000100    5.170746 ^ _0546_/A (sky130_fd_sc_hd__and2_2)
     1    0.006415    0.036546    0.085331    5.256077 ^ _0546_/X (sky130_fd_sc_hd__and2_2)
                                                         SYNTH_INST.keypad.n_rst (net)
                      0.036553    0.000456    5.256533 ^ fanout74/A (sky130_fd_sc_hd__clkdlybuf4s25_1)
    11    0.042457    0.319567    0.360485    5.617017 ^ fanout74/X (sky130_fd_sc_hd__clkdlybuf4s25_1)
                                                         net74 (net)
                      0.319604    0.002885    5.619903 ^ fanout73/A (sky130_fd_sc_hd__clkdlybuf4s25_1)
     7    0.034897    0.264452    0.355245    5.975147 ^ fanout73/X (sky130_fd_sc_hd__clkdlybuf4s25_1)
                                                         net73 (net)
                      0.264452    0.000876    5.976023 ^ fanout69/A (sky130_fd_sc_hd__clkdlybuf4s25_1)
     3    0.011633    0.094299    0.235347    6.211370 ^ fanout69/X (sky130_fd_sc_hd__clkdlybuf4s25_1)
                                                         net69 (net)
                      0.094301    0.000598    6.211968 ^ load_slew70/A (sky130_fd_sc_hd__clkbuf_4)
     8    0.037564    0.091646    0.147605    6.359573 ^ load_slew70/X (sky130_fd_sc_hd__clkbuf_4)
                                                         net70 (net)
                      0.091793    0.002529    6.362102 ^ _0898_/RESET_B (sky130_fd_sc_hd__dfrtp_2)
                                              6.362102   data arrival time

                                  0.000000    0.000000   clock clk (rise edge)
                                  0.000000    0.000000   clock source latency
     2    0.022841    0.081177    0.056215    0.056215 ^ clk (in)
                                                         clk (net)
                      0.081218    0.000000    0.056215 ^ clkbuf_0_clk/A (sky130_fd_sc_hd__clkbuf_16)
    33    0.131693    0.111462    0.158192    0.214407 ^ clkbuf_0_clk/X (sky130_fd_sc_hd__clkbuf_16)
                                                         clknet_0_clk (net)
                      0.112237    0.007408    0.221815 ^ clkbuf_4_15_0_clk/A (sky130_fd_sc_hd__clkbuf_8)
     9    0.029120    0.048790    0.118087    0.339902 ^ clkbuf_4_15_0_clk/X (sky130_fd_sc_hd__clkbuf_8)
                                                         clknet_4_15_0_clk (net)
                      0.048844    0.001257    0.341159 ^ _0898_/CLK (sky130_fd_sc_hd__dfrtp_2)
                                  0.250000    0.591158   clock uncertainty
                                  0.000000    0.591158   clock reconvergence pessimism
                                  0.215384    0.806542   library removal time
                                              0.806542   data required time
---------------------------------------------------------------------------------------------
                                              0.806542   data required time
                                             -6.362102   data arrival time
---------------------------------------------------------------------------------------------
                                              5.555560   slack (MET)


Startpoint: nrst (input port clocked by clk)
Endpoint: _0958_ (removal check against rising-edge clock clk)
Path Group: asynchronous
Path Type: min

Fanout         Cap        Slew       Delay        Time   Description
---------------------------------------------------------------------------------------------
                                  0.000000    0.000000   clock clk (rise edge)
                                  0.000000    0.000000   clock network delay (propagated)
                                  5.000000    5.000000 ^ input external delay
     2    0.006468    0.026574    0.016586    5.016586 ^ nrst (in)
                                                         nrst (net)
                      0.026577    0.000000    5.016586 ^ input16/A (sky130_fd_sc_hd__clkdlybuf4s25_1)
     1    0.002372    0.028945    0.154059    5.170646 ^ input16/X (sky130_fd_sc_hd__clkdlybuf4s25_1)
                                                         net16 (net)
                      0.028945    0.000100    5.170746 ^ _0546_/A (sky130_fd_sc_hd__and2_2)
     1    0.006415    0.036546    0.085331    5.256077 ^ _0546_/X (sky130_fd_sc_hd__and2_2)
                                                         SYNTH_INST.keypad.n_rst (net)
                      0.036553    0.000456    5.256533 ^ fanout74/A (sky130_fd_sc_hd__clkdlybuf4s25_1)
    11    0.042457    0.319567    0.360485    5.617017 ^ fanout74/X (sky130_fd_sc_hd__clkdlybuf4s25_1)
                                                         net74 (net)
                      0.319604    0.002885    5.619903 ^ fanout73/A (sky130_fd_sc_hd__clkdlybuf4s25_1)
     7    0.034897    0.264452    0.355245    5.975147 ^ fanout73/X (sky130_fd_sc_hd__clkdlybuf4s25_1)
                                                         net73 (net)
                      0.264452    0.000876    5.976023 ^ fanout69/A (sky130_fd_sc_hd__clkdlybuf4s25_1)
     3    0.011633    0.094299    0.235347    6.211370 ^ fanout69/X (sky130_fd_sc_hd__clkdlybuf4s25_1)
                                                         net69 (net)
                      0.094301    0.000598    6.211968 ^ load_slew70/A (sky130_fd_sc_hd__clkbuf_4)
     8    0.037564    0.091646    0.147605    6.359573 ^ load_slew70/X (sky130_fd_sc_hd__clkbuf_4)
                                                         net70 (net)
                      0.091772    0.002273    6.361846 ^ _0958_/RESET_B (sky130_fd_sc_hd__dfrtp_2)
                                              6.361846   data arrival time

                                  0.000000    0.000000   clock clk (rise edge)
                                  0.000000    0.000000   clock source latency
     2    0.022841    0.081177    0.056215    0.056215 ^ clk (in)
                                                         clk (net)
                      0.081218    0.000000    0.056215 ^ clkbuf_0_clk/A (sky130_fd_sc_hd__clkbuf_16)
    33    0.131693    0.111462    0.158192    0.214407 ^ clkbuf_0_clk/X (sky130_fd_sc_hd__clkbuf_16)
                                                         clknet_0_clk (net)
                      0.112235    0.007400    0.221807 ^ clkbuf_4_14_0_clk/A (sky130_fd_sc_hd__clkbuf_8)
     9    0.027915    0.047352    0.117350    0.339157 ^ clkbuf_4_14_0_clk/X (sky130_fd_sc_hd__clkbuf_8)
                                                         clknet_4_14_0_clk (net)
                      0.047460    0.001373    0.340531 ^ _0958_/CLK (sky130_fd_sc_hd__dfrtp_2)
                                  0.250000    0.590531   clock uncertainty
                                  0.000000    0.590531   clock reconvergence pessimism
                                  0.215189    0.805720   library removal time
                                              0.805720   data required time
---------------------------------------------------------------------------------------------
                                              0.805720   data required time
                                             -6.361846   data arrival time
---------------------------------------------------------------------------------------------
                                              5.556127   slack (MET)


Startpoint: nrst (input port clocked by clk)
Endpoint: _0959_ (removal check against rising-edge clock clk)
Path Group: asynchronous
Path Type: min

Fanout         Cap        Slew       Delay        Time   Description
---------------------------------------------------------------------------------------------
                                  0.000000    0.000000   clock clk (rise edge)
                                  0.000000    0.000000   clock network delay (propagated)
                                  5.000000    5.000000 ^ input external delay
     2    0.006468    0.026574    0.016586    5.016586 ^ nrst (in)
                                                         nrst (net)
                      0.026577    0.000000    5.016586 ^ input16/A (sky130_fd_sc_hd__clkdlybuf4s25_1)
     1    0.002372    0.028945    0.154059    5.170646 ^ input16/X (sky130_fd_sc_hd__clkdlybuf4s25_1)
                                                         net16 (net)
                      0.028945    0.000100    5.170746 ^ _0546_/A (sky130_fd_sc_hd__and2_2)
     1    0.006415    0.036546    0.085331    5.256077 ^ _0546_/X (sky130_fd_sc_hd__and2_2)
                                                         SYNTH_INST.keypad.n_rst (net)
                      0.036553    0.000456    5.256533 ^ fanout74/A (sky130_fd_sc_hd__clkdlybuf4s25_1)
    11    0.042457    0.319567    0.360485    5.617017 ^ fanout74/X (sky130_fd_sc_hd__clkdlybuf4s25_1)
                                                         net74 (net)
                      0.319604    0.002885    5.619903 ^ fanout73/A (sky130_fd_sc_hd__clkdlybuf4s25_1)
     7    0.034897    0.264452    0.355245    5.975147 ^ fanout73/X (sky130_fd_sc_hd__clkdlybuf4s25_1)
                                                         net73 (net)
                      0.264452    0.000876    5.976023 ^ fanout69/A (sky130_fd_sc_hd__clkdlybuf4s25_1)
     3    0.011633    0.094299    0.235347    6.211370 ^ fanout69/X (sky130_fd_sc_hd__clkdlybuf4s25_1)
                                                         net69 (net)
                      0.094301    0.000598    6.211968 ^ load_slew70/A (sky130_fd_sc_hd__clkbuf_4)
     8    0.037564    0.091646    0.147605    6.359573 ^ load_slew70/X (sky130_fd_sc_hd__clkbuf_4)
                                                         net70 (net)
                      0.091784    0.002428    6.362001 ^ _0959_/RESET_B (sky130_fd_sc_hd__dfrtp_2)
                                              6.362001   data arrival time

                                  0.000000    0.000000   clock clk (rise edge)
                                  0.000000    0.000000   clock source latency
     2    0.022841    0.081177    0.056215    0.056215 ^ clk (in)
                                                         clk (net)
                      0.081218    0.000000    0.056215 ^ clkbuf_0_clk/A (sky130_fd_sc_hd__clkbuf_16)
    33    0.131693    0.111462    0.158192    0.214407 ^ clkbuf_0_clk/X (sky130_fd_sc_hd__clkbuf_16)
                                                         clknet_0_clk (net)
                      0.112235    0.007400    0.221807 ^ clkbuf_4_14_0_clk/A (sky130_fd_sc_hd__clkbuf_8)
     9    0.027915    0.047352    0.117350    0.339157 ^ clkbuf_4_14_0_clk/X (sky130_fd_sc_hd__clkbuf_8)
                                                         clknet_4_14_0_clk (net)
                      0.047475    0.001510    0.340668 ^ _0959_/CLK (sky130_fd_sc_hd__dfrtp_2)
                                  0.250000    0.590668   clock uncertainty
                                  0.000000    0.590668   clock reconvergence pessimism
                                  0.215194    0.805862   library removal time
                                              0.805862   data required time
---------------------------------------------------------------------------------------------
                                              0.805862   data required time
                                             -6.362001   data arrival time
---------------------------------------------------------------------------------------------
                                              5.556139   slack (MET)


Startpoint: nrst (input port clocked by clk)
Endpoint: _0897_ (removal check against rising-edge clock clk)
Path Group: asynchronous
Path Type: min

Fanout         Cap        Slew       Delay        Time   Description
---------------------------------------------------------------------------------------------
                                  0.000000    0.000000   clock clk (rise edge)
                                  0.000000    0.000000   clock network delay (propagated)
                                  5.000000    5.000000 ^ input external delay
     2    0.006468    0.026574    0.016586    5.016586 ^ nrst (in)
                                                         nrst (net)
                      0.026577    0.000000    5.016586 ^ input16/A (sky130_fd_sc_hd__clkdlybuf4s25_1)
     1    0.002372    0.028945    0.154059    5.170646 ^ input16/X (sky130_fd_sc_hd__clkdlybuf4s25_1)
                                                         net16 (net)
                      0.028945    0.000100    5.170746 ^ _0546_/A (sky130_fd_sc_hd__and2_2)
     1    0.006415    0.036546    0.085331    5.256077 ^ _0546_/X (sky130_fd_sc_hd__and2_2)
                                                         SYNTH_INST.keypad.n_rst (net)
                      0.036553    0.000456    5.256533 ^ fanout74/A (sky130_fd_sc_hd__clkdlybuf4s25_1)
    11    0.042457    0.319567    0.360485    5.617017 ^ fanout74/X (sky130_fd_sc_hd__clkdlybuf4s25_1)
                                                         net74 (net)
                      0.319604    0.002885    5.619903 ^ fanout73/A (sky130_fd_sc_hd__clkdlybuf4s25_1)
     7    0.034897    0.264452    0.355245    5.975147 ^ fanout73/X (sky130_fd_sc_hd__clkdlybuf4s25_1)
                                                         net73 (net)
                      0.264452    0.000876    5.976023 ^ fanout69/A (sky130_fd_sc_hd__clkdlybuf4s25_1)
     3    0.011633    0.094299    0.235347    6.211370 ^ fanout69/X (sky130_fd_sc_hd__clkdlybuf4s25_1)
                                                         net69 (net)
                      0.094301    0.000598    6.211968 ^ load_slew70/A (sky130_fd_sc_hd__clkbuf_4)
     8    0.037564    0.091646    0.147605    6.359573 ^ load_slew70/X (sky130_fd_sc_hd__clkbuf_4)
                                                         net70 (net)
                      0.091813    0.002752    6.362325 ^ _0897_/RESET_B (sky130_fd_sc_hd__dfrtp_2)
                                              6.362325   data arrival time

                                  0.000000    0.000000   clock clk (rise edge)
                                  0.000000    0.000000   clock source latency
     2    0.022841    0.081177    0.056215    0.056215 ^ clk (in)
                                                         clk (net)
                      0.081218    0.000000    0.056215 ^ clkbuf_0_clk/A (sky130_fd_sc_hd__clkbuf_16)
    33    0.131693    0.111462    0.158192    0.214407 ^ clkbuf_0_clk/X (sky130_fd_sc_hd__clkbuf_16)
                                                         clknet_0_clk (net)
                      0.112235    0.007400    0.221807 ^ clkbuf_4_14_0_clk/A (sky130_fd_sc_hd__clkbuf_8)
     9    0.027915    0.047352    0.117350    0.339157 ^ clkbuf_4_14_0_clk/X (sky130_fd_sc_hd__clkbuf_8)
                                                         clknet_4_14_0_clk (net)
                      0.047483    0.001589    0.340746 ^ _0897_/CLK (sky130_fd_sc_hd__dfrtp_2)
                                  0.250000    0.590746   clock uncertainty
                                  0.000000    0.590746   clock reconvergence pessimism
                                  0.215203    0.805949   library removal time
                                              0.805949   data required time
---------------------------------------------------------------------------------------------
                                              0.805949   data required time
                                             -6.362325   data arrival time
---------------------------------------------------------------------------------------------
                                              5.556376   slack (MET)


Startpoint: nrst (input port clocked by clk)
Endpoint: _0900_ (removal check against rising-edge clock clk)
Path Group: asynchronous
Path Type: min

Fanout         Cap        Slew       Delay        Time   Description
---------------------------------------------------------------------------------------------
                                  0.000000    0.000000   clock clk (rise edge)
                                  0.000000    0.000000   clock network delay (propagated)
                                  5.000000    5.000000 ^ input external delay
     2    0.006468    0.026574    0.016586    5.016586 ^ nrst (in)
                                                         nrst (net)
                      0.026577    0.000000    5.016586 ^ input16/A (sky130_fd_sc_hd__clkdlybuf4s25_1)
     1    0.002372    0.028945    0.154059    5.170646 ^ input16/X (sky130_fd_sc_hd__clkdlybuf4s25_1)
                                                         net16 (net)
                      0.028945    0.000100    5.170746 ^ _0546_/A (sky130_fd_sc_hd__and2_2)
     1    0.006415    0.036546    0.085331    5.256077 ^ _0546_/X (sky130_fd_sc_hd__and2_2)
                                                         SYNTH_INST.keypad.n_rst (net)
                      0.036553    0.000456    5.256533 ^ fanout74/A (sky130_fd_sc_hd__clkdlybuf4s25_1)
    11    0.042457    0.319567    0.360485    5.617017 ^ fanout74/X (sky130_fd_sc_hd__clkdlybuf4s25_1)
                                                         net74 (net)
                      0.319604    0.002885    5.619903 ^ fanout73/A (sky130_fd_sc_hd__clkdlybuf4s25_1)
     7    0.034897    0.264452    0.355245    5.975147 ^ fanout73/X (sky130_fd_sc_hd__clkdlybuf4s25_1)
                                                         net73 (net)
                      0.264465    0.002112    5.977259 ^ fanout71/A (sky130_fd_sc_hd__clkdlybuf4s25_1)
     3    0.011528    0.093557    0.234710    6.211969 ^ fanout71/X (sky130_fd_sc_hd__clkdlybuf4s25_1)
                                                         net71 (net)
                      0.093561    0.000719    6.212687 ^ load_slew72/A (sky130_fd_sc_hd__clkbuf_4)
     8    0.036809    0.090022    0.146123    6.358810 ^ load_slew72/X (sky130_fd_sc_hd__clkbuf_4)
                                                         net72 (net)
                      0.090224    0.003058    6.361868 ^ _0900_/RESET_B (sky130_fd_sc_hd__dfrtp_2)
                                              6.361868   data arrival time

                                  0.000000    0.000000   clock clk (rise edge)
                                  0.000000    0.000000   clock source latency
     2    0.022841    0.081177    0.056215    0.056215 ^ clk (in)
                                                         clk (net)
                      0.081218    0.000000    0.056215 ^ clkbuf_0_clk/A (sky130_fd_sc_hd__clkbuf_16)
    33    0.131693    0.111462    0.158192    0.214407 ^ clkbuf_0_clk/X (sky130_fd_sc_hd__clkbuf_16)
                                                         clknet_0_clk (net)
                      0.112220    0.007329    0.221737 ^ clkbuf_4_13_0_clk/A (sky130_fd_sc_hd__clkbuf_8)
     9    0.026383    0.045571    0.116223    0.337960 ^ clkbuf_4_13_0_clk/X (sky130_fd_sc_hd__clkbuf_8)
                                                         clknet_4_13_0_clk (net)
                      0.045669    0.001788    0.339748 ^ _0900_/CLK (sky130_fd_sc_hd__dfrtp_2)
                                  0.250000    0.589748   clock uncertainty
                                  0.000000    0.589748   clock reconvergence pessimism
                                  0.214541    0.804289   library removal time
                                              0.804289   data required time
---------------------------------------------------------------------------------------------
                                              0.804289   data required time
                                             -6.361868   data arrival time
---------------------------------------------------------------------------------------------
                                              5.557579   slack (MET)


Startpoint: nrst (input port clocked by clk)
Endpoint: _0954_ (removal check against rising-edge clock clk)
Path Group: asynchronous
Path Type: min

Fanout         Cap        Slew       Delay        Time   Description
---------------------------------------------------------------------------------------------
                                  0.000000    0.000000   clock clk (rise edge)
                                  0.000000    0.000000   clock network delay (propagated)
                                  5.000000    5.000000 ^ input external delay
     2    0.006468    0.026574    0.016586    5.016586 ^ nrst (in)
                                                         nrst (net)
                      0.026577    0.000000    5.016586 ^ input16/A (sky130_fd_sc_hd__clkdlybuf4s25_1)
     1    0.002372    0.028945    0.154059    5.170646 ^ input16/X (sky130_fd_sc_hd__clkdlybuf4s25_1)
                                                         net16 (net)
                      0.028945    0.000100    5.170746 ^ _0546_/A (sky130_fd_sc_hd__and2_2)
     1    0.006415    0.036546    0.085331    5.256077 ^ _0546_/X (sky130_fd_sc_hd__and2_2)
                                                         SYNTH_INST.keypad.n_rst (net)
                      0.036553    0.000456    5.256533 ^ fanout74/A (sky130_fd_sc_hd__clkdlybuf4s25_1)
    11    0.042457    0.319567    0.360485    5.617017 ^ fanout74/X (sky130_fd_sc_hd__clkdlybuf4s25_1)
                                                         net74 (net)
                      0.319604    0.002885    5.619903 ^ fanout73/A (sky130_fd_sc_hd__clkdlybuf4s25_1)
     7    0.034897    0.264452    0.355245    5.975147 ^ fanout73/X (sky130_fd_sc_hd__clkdlybuf4s25_1)
                                                         net73 (net)
                      0.264465    0.002112    5.977259 ^ fanout71/A (sky130_fd_sc_hd__clkdlybuf4s25_1)
     3    0.011528    0.093557    0.234710    6.211969 ^ fanout71/X (sky130_fd_sc_hd__clkdlybuf4s25_1)
                                                         net71 (net)
                      0.093561    0.000719    6.212687 ^ load_slew72/A (sky130_fd_sc_hd__clkbuf_4)
     8    0.036809    0.090022    0.146123    6.358810 ^ load_slew72/X (sky130_fd_sc_hd__clkbuf_4)
                                                         net72 (net)
                      0.090207    0.002895    6.361706 ^ _0954_/RESET_B (sky130_fd_sc_hd__dfrtp_2)
                                              6.361706   data arrival time

                                  0.000000    0.000000   clock clk (rise edge)
                                  0.000000    0.000000   clock source latency
     2    0.022841    0.081177    0.056215    0.056215 ^ clk (in)
                                                         clk (net)
                      0.081218    0.000000    0.056215 ^ clkbuf_0_clk/A (sky130_fd_sc_hd__clkbuf_16)
    33    0.131693    0.111462    0.158192    0.214407 ^ clkbuf_0_clk/X (sky130_fd_sc_hd__clkbuf_16)
                                                         clknet_0_clk (net)
                      0.112220    0.007329    0.221737 ^ clkbuf_4_13_0_clk/A (sky130_fd_sc_hd__clkbuf_8)
     9    0.026383    0.045571    0.116223    0.337960 ^ clkbuf_4_13_0_clk/X (sky130_fd_sc_hd__clkbuf_8)
                                                         clknet_4_13_0_clk (net)
                      0.045635    0.001468    0.339429 ^ _0954_/CLK (sky130_fd_sc_hd__dfrtp_2)
                                  0.250000    0.589429   clock uncertainty
                                  0.000000    0.589429   clock reconvergence pessimism
                                  0.214532    0.803961   library removal time
                                              0.803961   data required time
---------------------------------------------------------------------------------------------
                                              0.803961   data required time
                                             -6.361706   data arrival time
---------------------------------------------------------------------------------------------
                                              5.557745   slack (MET)


Startpoint: nrst (input port clocked by clk)
Endpoint: _0901_ (removal check against rising-edge clock clk)
Path Group: asynchronous
Path Type: min

Fanout         Cap        Slew       Delay        Time   Description
---------------------------------------------------------------------------------------------
                                  0.000000    0.000000   clock clk (rise edge)
                                  0.000000    0.000000   clock network delay (propagated)
                                  5.000000    5.000000 ^ input external delay
     2    0.006468    0.026574    0.016586    5.016586 ^ nrst (in)
                                                         nrst (net)
                      0.026577    0.000000    5.016586 ^ input16/A (sky130_fd_sc_hd__clkdlybuf4s25_1)
     1    0.002372    0.028945    0.154059    5.170646 ^ input16/X (sky130_fd_sc_hd__clkdlybuf4s25_1)
                                                         net16 (net)
                      0.028945    0.000100    5.170746 ^ _0546_/A (sky130_fd_sc_hd__and2_2)
     1    0.006415    0.036546    0.085331    5.256077 ^ _0546_/X (sky130_fd_sc_hd__and2_2)
                                                         SYNTH_INST.keypad.n_rst (net)
                      0.036553    0.000456    5.256533 ^ fanout74/A (sky130_fd_sc_hd__clkdlybuf4s25_1)
    11    0.042457    0.319567    0.360485    5.617017 ^ fanout74/X (sky130_fd_sc_hd__clkdlybuf4s25_1)
                                                         net74 (net)
                      0.319604    0.002885    5.619903 ^ fanout73/A (sky130_fd_sc_hd__clkdlybuf4s25_1)
     7    0.034897    0.264452    0.355245    5.975147 ^ fanout73/X (sky130_fd_sc_hd__clkdlybuf4s25_1)
                                                         net73 (net)
                      0.264465    0.002112    5.977259 ^ fanout71/A (sky130_fd_sc_hd__clkdlybuf4s25_1)
     3    0.011528    0.093557    0.234710    6.211969 ^ fanout71/X (sky130_fd_sc_hd__clkdlybuf4s25_1)
                                                         net71 (net)
                      0.093561    0.000719    6.212687 ^ load_slew72/A (sky130_fd_sc_hd__clkbuf_4)
     8    0.036809    0.090022    0.146123    6.358810 ^ load_slew72/X (sky130_fd_sc_hd__clkbuf_4)
                                                         net72 (net)
                      0.090181    0.002627    6.361437 ^ _0901_/RESET_B (sky130_fd_sc_hd__dfrtp_2)
                                              6.361437   data arrival time

                                  0.000000    0.000000   clock clk (rise edge)
                                  0.000000    0.000000   clock source latency
     2    0.022841    0.081177    0.056215    0.056215 ^ clk (in)
                                                         clk (net)
                      0.081218    0.000000    0.056215 ^ clkbuf_0_clk/A (sky130_fd_sc_hd__clkbuf_16)
    33    0.131693    0.111462    0.158192    0.214407 ^ clkbuf_0_clk/X (sky130_fd_sc_hd__clkbuf_16)
                                                         clknet_0_clk (net)
                      0.112220    0.007329    0.221737 ^ clkbuf_4_13_0_clk/A (sky130_fd_sc_hd__clkbuf_8)
     9    0.026383    0.045571    0.116223    0.337960 ^ clkbuf_4_13_0_clk/X (sky130_fd_sc_hd__clkbuf_8)
                                                         clknet_4_13_0_clk (net)
                      0.045605    0.001129    0.339089 ^ _0901_/CLK (sky130_fd_sc_hd__dfrtp_2)
                                  0.250000    0.589089   clock uncertainty
                                  0.000000    0.589089   clock reconvergence pessimism
                                  0.214521    0.803610   library removal time
                                              0.803610   data required time
---------------------------------------------------------------------------------------------
                                              0.803610   data required time
                                             -6.361437   data arrival time
---------------------------------------------------------------------------------------------
                                              5.557827   slack (MET)


Startpoint: nrst (input port clocked by clk)
Endpoint: _0955_ (removal check against rising-edge clock clk)
Path Group: asynchronous
Path Type: min

Fanout         Cap        Slew       Delay        Time   Description
---------------------------------------------------------------------------------------------
                                  0.000000    0.000000   clock clk (rise edge)
                                  0.000000    0.000000   clock network delay (propagated)
                                  5.000000    5.000000 ^ input external delay
     2    0.006468    0.026574    0.016586    5.016586 ^ nrst (in)
                                                         nrst (net)
                      0.026577    0.000000    5.016586 ^ input16/A (sky130_fd_sc_hd__clkdlybuf4s25_1)
     1    0.002372    0.028945    0.154059    5.170646 ^ input16/X (sky130_fd_sc_hd__clkdlybuf4s25_1)
                                                         net16 (net)
                      0.028945    0.000100    5.170746 ^ _0546_/A (sky130_fd_sc_hd__and2_2)
     1    0.006415    0.036546    0.085331    5.256077 ^ _0546_/X (sky130_fd_sc_hd__and2_2)
                                                         SYNTH_INST.keypad.n_rst (net)
                      0.036553    0.000456    5.256533 ^ fanout74/A (sky130_fd_sc_hd__clkdlybuf4s25_1)
    11    0.042457    0.319567    0.360485    5.617017 ^ fanout74/X (sky130_fd_sc_hd__clkdlybuf4s25_1)
                                                         net74 (net)
                      0.319604    0.002885    5.619903 ^ fanout73/A (sky130_fd_sc_hd__clkdlybuf4s25_1)
     7    0.034897    0.264452    0.355245    5.975147 ^ fanout73/X (sky130_fd_sc_hd__clkdlybuf4s25_1)
                                                         net73 (net)
                      0.264465    0.002112    5.977259 ^ fanout71/A (sky130_fd_sc_hd__clkdlybuf4s25_1)
     3    0.011528    0.093557    0.234710    6.211969 ^ fanout71/X (sky130_fd_sc_hd__clkdlybuf4s25_1)
                                                         net71 (net)
                      0.093561    0.000719    6.212687 ^ load_slew72/A (sky130_fd_sc_hd__clkbuf_4)
     8    0.036809    0.090022    0.146123    6.358810 ^ load_slew72/X (sky130_fd_sc_hd__clkbuf_4)
                                                         net72 (net)
                      0.090200    0.002833    6.361643 ^ _0955_/RESET_B (sky130_fd_sc_hd__dfrtp_2)
                                              6.361643   data arrival time

                                  0.000000    0.000000   clock clk (rise edge)
                                  0.000000    0.000000   clock source latency
     2    0.022841    0.081177    0.056215    0.056215 ^ clk (in)
                                                         clk (net)
                      0.081218    0.000000    0.056215 ^ clkbuf_0_clk/A (sky130_fd_sc_hd__clkbuf_16)
    33    0.131693    0.111462    0.158192    0.214407 ^ clkbuf_0_clk/X (sky130_fd_sc_hd__clkbuf_16)
                                                         clknet_0_clk (net)
                      0.112220    0.007329    0.221737 ^ clkbuf_4_13_0_clk/A (sky130_fd_sc_hd__clkbuf_8)
     9    0.026383    0.045571    0.116223    0.337960 ^ clkbuf_4_13_0_clk/X (sky130_fd_sc_hd__clkbuf_8)
                                                         clknet_4_13_0_clk (net)
                      0.045612    0.001219    0.339180 ^ _0955_/CLK (sky130_fd_sc_hd__dfrtp_2)
                                  0.250000    0.589180   clock uncertainty
                                  0.000000    0.589180   clock reconvergence pessimism
                                  0.214527    0.803707   library removal time
                                              0.803707   data required time
---------------------------------------------------------------------------------------------
                                              0.803707   data required time
                                             -6.361643   data arrival time
---------------------------------------------------------------------------------------------
                                              5.557936   slack (MET)


Startpoint: nrst (input port clocked by clk)
Endpoint: _0952_ (removal check against rising-edge clock clk)
Path Group: asynchronous
Path Type: min

Fanout         Cap        Slew       Delay        Time   Description
---------------------------------------------------------------------------------------------
                                  0.000000    0.000000   clock clk (rise edge)
                                  0.000000    0.000000   clock network delay (propagated)
                                  5.000000    5.000000 ^ input external delay
     2    0.006468    0.026574    0.016586    5.016586 ^ nrst (in)
                                                         nrst (net)
                      0.026577    0.000000    5.016586 ^ input16/A (sky130_fd_sc_hd__clkdlybuf4s25_1)
     1    0.002372    0.028945    0.154059    5.170646 ^ input16/X (sky130_fd_sc_hd__clkdlybuf4s25_1)
                                                         net16 (net)
                      0.028945    0.000100    5.170746 ^ _0546_/A (sky130_fd_sc_hd__and2_2)
     1    0.006415    0.036546    0.085331    5.256077 ^ _0546_/X (sky130_fd_sc_hd__and2_2)
                                                         SYNTH_INST.keypad.n_rst (net)
                      0.036553    0.000456    5.256533 ^ fanout74/A (sky130_fd_sc_hd__clkdlybuf4s25_1)
    11    0.042457    0.319567    0.360485    5.617017 ^ fanout74/X (sky130_fd_sc_hd__clkdlybuf4s25_1)
                                                         net74 (net)
                      0.319577    0.001539    5.618556 ^ fanout65/A (sky130_fd_sc_hd__clkdlybuf4s25_1)
    13    0.046250    0.347988    0.411704    6.030260 ^ fanout65/X (sky130_fd_sc_hd__clkdlybuf4s25_1)
                                                         net65 (net)
                      0.347990    0.000684    6.030944 ^ fanout59/A (sky130_fd_sc_hd__clkdlybuf4s25_1)
     2    0.006292    0.056087    0.210809    6.241753 ^ fanout59/X (sky130_fd_sc_hd__clkdlybuf4s25_1)
                                                         net59 (net)
                      0.056087    0.000203    6.241956 ^ load_slew60/A (sky130_fd_sc_hd__clkbuf_4)
     9    0.040299    0.097465    0.140328    6.382284 ^ load_slew60/X (sky130_fd_sc_hd__clkbuf_4)
                                                         net60 (net)
                      0.097545    0.002290    6.384573 ^ _0952_/RESET_B (sky130_fd_sc_hd__dfrtp_2)
                                              6.384573   data arrival time

                                  0.000000    0.000000   clock clk (rise edge)
                                  0.000000    0.000000   clock source latency
     2    0.022841    0.081177    0.056215    0.056215 ^ clk (in)
                                                         clk (net)
                      0.081218    0.000000    0.056215 ^ clkbuf_0_clk/A (sky130_fd_sc_hd__clkbuf_16)
    33    0.131693    0.111462    0.158192    0.214407 ^ clkbuf_0_clk/X (sky130_fd_sc_hd__clkbuf_16)
                                                         clknet_0_clk (net)
                      0.111967    0.006009    0.220416 ^ clkbuf_4_8_0_clk/A (sky130_fd_sc_hd__clkbuf_8)
     9    0.025782    0.044801    0.115330    0.335746 ^ clkbuf_4_8_0_clk/X (sky130_fd_sc_hd__clkbuf_8)
                                                         clknet_4_8_0_clk (net)
                      0.045007    0.002096    0.337843 ^ _0952_/CLK (sky130_fd_sc_hd__dfrtp_2)
                                  0.250000    0.587843   clock uncertainty
                                  0.000000    0.587843   clock reconvergence pessimism
                                  0.216353    0.804195   library removal time
                                              0.804195   data required time
---------------------------------------------------------------------------------------------
                                              0.804195   data required time
                                             -6.384573   data arrival time
---------------------------------------------------------------------------------------------
                                              5.580378   slack (MET)


Startpoint: nrst (input port clocked by clk)
Endpoint: _0919_ (removal check against rising-edge clock clk)
Path Group: asynchronous
Path Type: min

Fanout         Cap        Slew       Delay        Time   Description
---------------------------------------------------------------------------------------------
                                  0.000000    0.000000   clock clk (rise edge)
                                  0.000000    0.000000   clock network delay (propagated)
                                  5.000000    5.000000 ^ input external delay
     2    0.006468    0.026574    0.016586    5.016586 ^ nrst (in)
                                                         nrst (net)
                      0.026577    0.000000    5.016586 ^ input16/A (sky130_fd_sc_hd__clkdlybuf4s25_1)
     1    0.002372    0.028945    0.154059    5.170646 ^ input16/X (sky130_fd_sc_hd__clkdlybuf4s25_1)
                                                         net16 (net)
                      0.028945    0.000100    5.170746 ^ _0546_/A (sky130_fd_sc_hd__and2_2)
     1    0.006415    0.036546    0.085331    5.256077 ^ _0546_/X (sky130_fd_sc_hd__and2_2)
                                                         SYNTH_INST.keypad.n_rst (net)
                      0.036553    0.000456    5.256533 ^ fanout74/A (sky130_fd_sc_hd__clkdlybuf4s25_1)
    11    0.042457    0.319567    0.360485    5.617017 ^ fanout74/X (sky130_fd_sc_hd__clkdlybuf4s25_1)
                                                         net74 (net)
                      0.319577    0.001539    5.618556 ^ fanout65/A (sky130_fd_sc_hd__clkdlybuf4s25_1)
    13    0.046250    0.347988    0.411704    6.030260 ^ fanout65/X (sky130_fd_sc_hd__clkdlybuf4s25_1)
                                                         net65 (net)
                      0.347990    0.000684    6.030944 ^ fanout59/A (sky130_fd_sc_hd__clkdlybuf4s25_1)
     2    0.006292    0.056087    0.210809    6.241753 ^ fanout59/X (sky130_fd_sc_hd__clkdlybuf4s25_1)
                                                         net59 (net)
                      0.056087    0.000203    6.241956 ^ load_slew60/A (sky130_fd_sc_hd__clkbuf_4)
     9    0.040299    0.097465    0.140328    6.382284 ^ load_slew60/X (sky130_fd_sc_hd__clkbuf_4)
                                                         net60 (net)
                      0.097632    0.003287    6.385571 ^ _0919_/RESET_B (sky130_fd_sc_hd__dfrtp_2)
                                              6.385571   data arrival time

                                  0.000000    0.000000   clock clk (rise edge)
                                  0.000000    0.000000   clock source latency
     2    0.022841    0.081177    0.056215    0.056215 ^ clk (in)
                                                         clk (net)
                      0.081218    0.000000    0.056215 ^ clkbuf_0_clk/A (sky130_fd_sc_hd__clkbuf_16)
    33    0.131693    0.111462    0.158192    0.214407 ^ clkbuf_0_clk/X (sky130_fd_sc_hd__clkbuf_16)
                                                         clknet_0_clk (net)
                      0.111784    0.004838    0.219246 ^ clkbuf_4_9_0_clk/A (sky130_fd_sc_hd__clkbuf_8)
     9    0.027530    0.046921    0.116993    0.336238 ^ clkbuf_4_9_0_clk/X (sky130_fd_sc_hd__clkbuf_8)
                                                         clknet_4_9_0_clk (net)
                      0.046984    0.001498    0.337737 ^ _0919_/CLK (sky130_fd_sc_hd__dfrtp_2)
                                  0.250000    0.587737   clock uncertainty
                                  0.000000    0.587737   clock reconvergence pessimism
                                  0.216646    0.804383   library removal time
                                              0.804383   data required time
---------------------------------------------------------------------------------------------
                                              0.804383   data required time
                                             -6.385571   data arrival time
---------------------------------------------------------------------------------------------
                                              5.581188   slack (MET)


Startpoint: nrst (input port clocked by clk)
Endpoint: _0985_ (removal check against rising-edge clock clk)
Path Group: asynchronous
Path Type: min

Fanout         Cap        Slew       Delay        Time   Description
---------------------------------------------------------------------------------------------
                                  0.000000    0.000000   clock clk (rise edge)
                                  0.000000    0.000000   clock network delay (propagated)
                                  5.000000    5.000000 ^ input external delay
     2    0.006468    0.026574    0.016586    5.016586 ^ nrst (in)
                                                         nrst (net)
                      0.026577    0.000000    5.016586 ^ input16/A (sky130_fd_sc_hd__clkdlybuf4s25_1)
     1    0.002372    0.028945    0.154059    5.170646 ^ input16/X (sky130_fd_sc_hd__clkdlybuf4s25_1)
                                                         net16 (net)
                      0.028945    0.000100    5.170746 ^ _0546_/A (sky130_fd_sc_hd__and2_2)
     1    0.006415    0.036546    0.085331    5.256077 ^ _0546_/X (sky130_fd_sc_hd__and2_2)
                                                         SYNTH_INST.keypad.n_rst (net)
                      0.036553    0.000456    5.256533 ^ fanout74/A (sky130_fd_sc_hd__clkdlybuf4s25_1)
    11    0.042457    0.319567    0.360485    5.617017 ^ fanout74/X (sky130_fd_sc_hd__clkdlybuf4s25_1)
                                                         net74 (net)
                      0.319577    0.001539    5.618556 ^ fanout65/A (sky130_fd_sc_hd__clkdlybuf4s25_1)
    13    0.046250    0.347988    0.411704    6.030260 ^ fanout65/X (sky130_fd_sc_hd__clkdlybuf4s25_1)
                                                         net65 (net)
                      0.347990    0.000684    6.030944 ^ fanout59/A (sky130_fd_sc_hd__clkdlybuf4s25_1)
     2    0.006292    0.056087    0.210809    6.241753 ^ fanout59/X (sky130_fd_sc_hd__clkdlybuf4s25_1)
                                                         net59 (net)
                      0.056087    0.000203    6.241956 ^ load_slew60/A (sky130_fd_sc_hd__clkbuf_4)
     9    0.040299    0.097465    0.140328    6.382284 ^ load_slew60/X (sky130_fd_sc_hd__clkbuf_4)
                                                         net60 (net)
                      0.097680    0.003717    6.386001 ^ _0985_/RESET_B (sky130_fd_sc_hd__dfrtp_2)
                                              6.386001   data arrival time

                                  0.000000    0.000000   clock clk (rise edge)
                                  0.000000    0.000000   clock source latency
     2    0.022841    0.081177    0.056215    0.056215 ^ clk (in)
                                                         clk (net)
                      0.081218    0.000000    0.056215 ^ clkbuf_0_clk/A (sky130_fd_sc_hd__clkbuf_16)
    33    0.131693    0.111462    0.158192    0.214407 ^ clkbuf_0_clk/X (sky130_fd_sc_hd__clkbuf_16)
                                                         clknet_0_clk (net)
                      0.111784    0.004838    0.219246 ^ clkbuf_4_9_0_clk/A (sky130_fd_sc_hd__clkbuf_8)
     9    0.027530    0.046921    0.116993    0.336238 ^ clkbuf_4_9_0_clk/X (sky130_fd_sc_hd__clkbuf_8)
                                                         clknet_4_9_0_clk (net)
                      0.047030    0.001910    0.338149 ^ _0985_/CLK (sky130_fd_sc_hd__dfrtp_2)
                                  0.250000    0.588149   clock uncertainty
                                  0.000000    0.588149   clock reconvergence pessimism
                                  0.216665    0.804814   library removal time
                                              0.804814   data required time
---------------------------------------------------------------------------------------------
                                              0.804814   data required time
                                             -6.386001   data arrival time
---------------------------------------------------------------------------------------------
                                              5.581188   slack (MET)


Startpoint: nrst (input port clocked by clk)
Endpoint: _0916_ (removal check against rising-edge clock clk)
Path Group: asynchronous
Path Type: min

Fanout         Cap        Slew       Delay        Time   Description
---------------------------------------------------------------------------------------------
                                  0.000000    0.000000   clock clk (rise edge)
                                  0.000000    0.000000   clock network delay (propagated)
                                  5.000000    5.000000 ^ input external delay
     2    0.006468    0.026574    0.016586    5.016586 ^ nrst (in)
                                                         nrst (net)
                      0.026577    0.000000    5.016586 ^ input16/A (sky130_fd_sc_hd__clkdlybuf4s25_1)
     1    0.002372    0.028945    0.154059    5.170646 ^ input16/X (sky130_fd_sc_hd__clkdlybuf4s25_1)
                                                         net16 (net)
                      0.028945    0.000100    5.170746 ^ _0546_/A (sky130_fd_sc_hd__and2_2)
     1    0.006415    0.036546    0.085331    5.256077 ^ _0546_/X (sky130_fd_sc_hd__and2_2)
                                                         SYNTH_INST.keypad.n_rst (net)
                      0.036553    0.000456    5.256533 ^ fanout74/A (sky130_fd_sc_hd__clkdlybuf4s25_1)
    11    0.042457    0.319567    0.360485    5.617017 ^ fanout74/X (sky130_fd_sc_hd__clkdlybuf4s25_1)
                                                         net74 (net)
                      0.319577    0.001539    5.618556 ^ fanout65/A (sky130_fd_sc_hd__clkdlybuf4s25_1)
    13    0.046250    0.347988    0.411704    6.030260 ^ fanout65/X (sky130_fd_sc_hd__clkdlybuf4s25_1)
                                                         net65 (net)
                      0.347990    0.000684    6.030944 ^ fanout59/A (sky130_fd_sc_hd__clkdlybuf4s25_1)
     2    0.006292    0.056087    0.210809    6.241753 ^ fanout59/X (sky130_fd_sc_hd__clkdlybuf4s25_1)
                                                         net59 (net)
                      0.056087    0.000203    6.241956 ^ load_slew60/A (sky130_fd_sc_hd__clkbuf_4)
     9    0.040299    0.097465    0.140328    6.382284 ^ load_slew60/X (sky130_fd_sc_hd__clkbuf_4)
                                                         net60 (net)
                      0.097671    0.003637    6.385921 ^ _0916_/RESET_B (sky130_fd_sc_hd__dfrtp_2)
                                              6.385921   data arrival time

                                  0.000000    0.000000   clock clk (rise edge)
                                  0.000000    0.000000   clock source latency
     2    0.022841    0.081177    0.056215    0.056215 ^ clk (in)
                                                         clk (net)
                      0.081218    0.000000    0.056215 ^ clkbuf_0_clk/A (sky130_fd_sc_hd__clkbuf_16)
    33    0.131693    0.111462    0.158192    0.214407 ^ clkbuf_0_clk/X (sky130_fd_sc_hd__clkbuf_16)
                                                         clknet_0_clk (net)
                      0.111784    0.004838    0.219246 ^ clkbuf_4_9_0_clk/A (sky130_fd_sc_hd__clkbuf_8)
     9    0.027530    0.046921    0.116993    0.336238 ^ clkbuf_4_9_0_clk/X (sky130_fd_sc_hd__clkbuf_8)
                                                         clknet_4_9_0_clk (net)
                      0.047016    0.001799    0.338037 ^ _0916_/CLK (sky130_fd_sc_hd__dfrtp_2)
                                  0.250000    0.588037   clock uncertainty
                                  0.000000    0.588037   clock reconvergence pessimism
                                  0.216661    0.804698   library removal time
                                              0.804698   data required time
---------------------------------------------------------------------------------------------
                                              0.804698   data required time
                                             -6.385921   data arrival time
---------------------------------------------------------------------------------------------
                                              5.581223   slack (MET)


Startpoint: nrst (input port clocked by clk)
Endpoint: _0915_ (removal check against rising-edge clock clk)
Path Group: asynchronous
Path Type: min

Fanout         Cap        Slew       Delay        Time   Description
---------------------------------------------------------------------------------------------
                                  0.000000    0.000000   clock clk (rise edge)
                                  0.000000    0.000000   clock network delay (propagated)
                                  5.000000    5.000000 ^ input external delay
     2    0.006468    0.026574    0.016586    5.016586 ^ nrst (in)
                                                         nrst (net)
                      0.026577    0.000000    5.016586 ^ input16/A (sky130_fd_sc_hd__clkdlybuf4s25_1)
     1    0.002372    0.028945    0.154059    5.170646 ^ input16/X (sky130_fd_sc_hd__clkdlybuf4s25_1)
                                                         net16 (net)
                      0.028945    0.000100    5.170746 ^ _0546_/A (sky130_fd_sc_hd__and2_2)
     1    0.006415    0.036546    0.085331    5.256077 ^ _0546_/X (sky130_fd_sc_hd__and2_2)
                                                         SYNTH_INST.keypad.n_rst (net)
                      0.036553    0.000456    5.256533 ^ fanout74/A (sky130_fd_sc_hd__clkdlybuf4s25_1)
    11    0.042457    0.319567    0.360485    5.617017 ^ fanout74/X (sky130_fd_sc_hd__clkdlybuf4s25_1)
                                                         net74 (net)
                      0.319577    0.001539    5.618556 ^ fanout65/A (sky130_fd_sc_hd__clkdlybuf4s25_1)
    13    0.046250    0.347988    0.411704    6.030260 ^ fanout65/X (sky130_fd_sc_hd__clkdlybuf4s25_1)
                                                         net65 (net)
                      0.347990    0.000684    6.030944 ^ fanout59/A (sky130_fd_sc_hd__clkdlybuf4s25_1)
     2    0.006292    0.056087    0.210809    6.241753 ^ fanout59/X (sky130_fd_sc_hd__clkdlybuf4s25_1)
                                                         net59 (net)
                      0.056087    0.000203    6.241956 ^ load_slew60/A (sky130_fd_sc_hd__clkbuf_4)
     9    0.040299    0.097465    0.140328    6.382284 ^ load_slew60/X (sky130_fd_sc_hd__clkbuf_4)
                                                         net60 (net)
                      0.097683    0.003738    6.386022 ^ _0915_/RESET_B (sky130_fd_sc_hd__dfrtp_2)
                                              6.386022   data arrival time

                                  0.000000    0.000000   clock clk (rise edge)
                                  0.000000    0.000000   clock source latency
     2    0.022841    0.081177    0.056215    0.056215 ^ clk (in)
                                                         clk (net)
                      0.081218    0.000000    0.056215 ^ clkbuf_0_clk/A (sky130_fd_sc_hd__clkbuf_16)
    33    0.131693    0.111462    0.158192    0.214407 ^ clkbuf_0_clk/X (sky130_fd_sc_hd__clkbuf_16)
                                                         clknet_0_clk (net)
                      0.111784    0.004838    0.219246 ^ clkbuf_4_9_0_clk/A (sky130_fd_sc_hd__clkbuf_8)
     9    0.027530    0.046921    0.116993    0.336238 ^ clkbuf_4_9_0_clk/X (sky130_fd_sc_hd__clkbuf_8)
                                                         clknet_4_9_0_clk (net)
                      0.047025    0.001869    0.338107 ^ _0915_/CLK (sky130_fd_sc_hd__dfrtp_2)
                                  0.250000    0.588107   clock uncertainty
                                  0.000000    0.588107   clock reconvergence pessimism
                                  0.216665    0.804772   library removal time
                                              0.804772   data required time
---------------------------------------------------------------------------------------------
                                              0.804772   data required time
                                             -6.386022   data arrival time
---------------------------------------------------------------------------------------------
                                              5.581250   slack (MET)


Startpoint: nrst (input port clocked by clk)
Endpoint: _0920_ (removal check against rising-edge clock clk)
Path Group: asynchronous
Path Type: min

Fanout         Cap        Slew       Delay        Time   Description
---------------------------------------------------------------------------------------------
                                  0.000000    0.000000   clock clk (rise edge)
                                  0.000000    0.000000   clock network delay (propagated)
                                  5.000000    5.000000 ^ input external delay
     2    0.006468    0.026574    0.016586    5.016586 ^ nrst (in)
                                                         nrst (net)
                      0.026577    0.000000    5.016586 ^ input16/A (sky130_fd_sc_hd__clkdlybuf4s25_1)
     1    0.002372    0.028945    0.154059    5.170646 ^ input16/X (sky130_fd_sc_hd__clkdlybuf4s25_1)
                                                         net16 (net)
                      0.028945    0.000100    5.170746 ^ _0546_/A (sky130_fd_sc_hd__and2_2)
     1    0.006415    0.036546    0.085331    5.256077 ^ _0546_/X (sky130_fd_sc_hd__and2_2)
                                                         SYNTH_INST.keypad.n_rst (net)
                      0.036553    0.000456    5.256533 ^ fanout74/A (sky130_fd_sc_hd__clkdlybuf4s25_1)
    11    0.042457    0.319567    0.360485    5.617017 ^ fanout74/X (sky130_fd_sc_hd__clkdlybuf4s25_1)
                                                         net74 (net)
                      0.319577    0.001539    5.618556 ^ fanout65/A (sky130_fd_sc_hd__clkdlybuf4s25_1)
    13    0.046250    0.347988    0.411704    6.030260 ^ fanout65/X (sky130_fd_sc_hd__clkdlybuf4s25_1)
                                                         net65 (net)
                      0.347990    0.000684    6.030944 ^ fanout59/A (sky130_fd_sc_hd__clkdlybuf4s25_1)
     2    0.006292    0.056087    0.210809    6.241753 ^ fanout59/X (sky130_fd_sc_hd__clkdlybuf4s25_1)
                                                         net59 (net)
                      0.056087    0.000203    6.241956 ^ load_slew60/A (sky130_fd_sc_hd__clkbuf_4)
     9    0.040299    0.097465    0.140328    6.382284 ^ load_slew60/X (sky130_fd_sc_hd__clkbuf_4)
                                                         net60 (net)
                      0.097644    0.003398    6.385682 ^ _0920_/RESET_B (sky130_fd_sc_hd__dfrtp_2)
                                              6.385682   data arrival time

                                  0.000000    0.000000   clock clk (rise edge)
                                  0.000000    0.000000   clock source latency
     2    0.022841    0.081177    0.056215    0.056215 ^ clk (in)
                                                         clk (net)
                      0.081218    0.000000    0.056215 ^ clkbuf_0_clk/A (sky130_fd_sc_hd__clkbuf_16)
    33    0.131693    0.111462    0.158192    0.214407 ^ clkbuf_0_clk/X (sky130_fd_sc_hd__clkbuf_16)
                                                         clknet_0_clk (net)
                      0.111784    0.004838    0.219246 ^ clkbuf_4_9_0_clk/A (sky130_fd_sc_hd__clkbuf_8)
     9    0.027530    0.046921    0.116993    0.336238 ^ clkbuf_4_9_0_clk/X (sky130_fd_sc_hd__clkbuf_8)
                                                         clknet_4_9_0_clk (net)
                      0.046981    0.001470    0.337709 ^ _0920_/CLK (sky130_fd_sc_hd__dfrtp_2)
                                  0.250000    0.587709   clock uncertainty
                                  0.000000    0.587709   clock reconvergence pessimism
                                  0.216649    0.804358   library removal time
                                              0.804358   data required time
---------------------------------------------------------------------------------------------
                                              0.804358   data required time
                                             -6.385682   data arrival time
---------------------------------------------------------------------------------------------
                                              5.581325   slack (MET)


Startpoint: nrst (input port clocked by clk)
Endpoint: _0917_ (removal check against rising-edge clock clk)
Path Group: asynchronous
Path Type: min

Fanout         Cap        Slew       Delay        Time   Description
---------------------------------------------------------------------------------------------
                                  0.000000    0.000000   clock clk (rise edge)
                                  0.000000    0.000000   clock network delay (propagated)
                                  5.000000    5.000000 ^ input external delay
     2    0.006468    0.026574    0.016586    5.016586 ^ nrst (in)
                                                         nrst (net)
                      0.026577    0.000000    5.016586 ^ input16/A (sky130_fd_sc_hd__clkdlybuf4s25_1)
     1    0.002372    0.028945    0.154059    5.170646 ^ input16/X (sky130_fd_sc_hd__clkdlybuf4s25_1)
                                                         net16 (net)
                      0.028945    0.000100    5.170746 ^ _0546_/A (sky130_fd_sc_hd__and2_2)
     1    0.006415    0.036546    0.085331    5.256077 ^ _0546_/X (sky130_fd_sc_hd__and2_2)
                                                         SYNTH_INST.keypad.n_rst (net)
                      0.036553    0.000456    5.256533 ^ fanout74/A (sky130_fd_sc_hd__clkdlybuf4s25_1)
    11    0.042457    0.319567    0.360485    5.617017 ^ fanout74/X (sky130_fd_sc_hd__clkdlybuf4s25_1)
                                                         net74 (net)
                      0.319577    0.001539    5.618556 ^ fanout65/A (sky130_fd_sc_hd__clkdlybuf4s25_1)
    13    0.046250    0.347988    0.411704    6.030260 ^ fanout65/X (sky130_fd_sc_hd__clkdlybuf4s25_1)
                                                         net65 (net)
                      0.347990    0.000684    6.030944 ^ fanout59/A (sky130_fd_sc_hd__clkdlybuf4s25_1)
     2    0.006292    0.056087    0.210809    6.241753 ^ fanout59/X (sky130_fd_sc_hd__clkdlybuf4s25_1)
                                                         net59 (net)
                      0.056087    0.000203    6.241956 ^ load_slew60/A (sky130_fd_sc_hd__clkbuf_4)
     9    0.040299    0.097465    0.140328    6.382284 ^ load_slew60/X (sky130_fd_sc_hd__clkbuf_4)
                                                         net60 (net)
                      0.097662    0.003560    6.385844 ^ _0917_/RESET_B (sky130_fd_sc_hd__dfrtp_2)
                                              6.385844   data arrival time

                                  0.000000    0.000000   clock clk (rise edge)
                                  0.000000    0.000000   clock source latency
     2    0.022841    0.081177    0.056215    0.056215 ^ clk (in)
                                                         clk (net)
                      0.081218    0.000000    0.056215 ^ clkbuf_0_clk/A (sky130_fd_sc_hd__clkbuf_16)
    33    0.131693    0.111462    0.158192    0.214407 ^ clkbuf_0_clk/X (sky130_fd_sc_hd__clkbuf_16)
                                                         clknet_0_clk (net)
                      0.111784    0.004838    0.219246 ^ clkbuf_4_9_0_clk/A (sky130_fd_sc_hd__clkbuf_8)
     9    0.027530    0.046921    0.116993    0.336238 ^ clkbuf_4_9_0_clk/X (sky130_fd_sc_hd__clkbuf_8)
                                                         clknet_4_9_0_clk (net)
                      0.046983    0.001486    0.337724 ^ _0917_/CLK (sky130_fd_sc_hd__dfrtp_2)
                                  0.250000    0.587724   clock uncertainty
                                  0.000000    0.587724   clock reconvergence pessimism
                                  0.216654    0.804378   library removal time
                                              0.804378   data required time
---------------------------------------------------------------------------------------------
                                              0.804378   data required time
                                             -6.385844   data arrival time
---------------------------------------------------------------------------------------------
                                              5.581466   slack (MET)


Startpoint: nrst (input port clocked by clk)
Endpoint: _0918_ (removal check against rising-edge clock clk)
Path Group: asynchronous
Path Type: min

Fanout         Cap        Slew       Delay        Time   Description
---------------------------------------------------------------------------------------------
                                  0.000000    0.000000   clock clk (rise edge)
                                  0.000000    0.000000   clock network delay (propagated)
                                  5.000000    5.000000 ^ input external delay
     2    0.006468    0.026574    0.016586    5.016586 ^ nrst (in)
                                                         nrst (net)
                      0.026577    0.000000    5.016586 ^ input16/A (sky130_fd_sc_hd__clkdlybuf4s25_1)
     1    0.002372    0.028945    0.154059    5.170646 ^ input16/X (sky130_fd_sc_hd__clkdlybuf4s25_1)
                                                         net16 (net)
                      0.028945    0.000100    5.170746 ^ _0546_/A (sky130_fd_sc_hd__and2_2)
     1    0.006415    0.036546    0.085331    5.256077 ^ _0546_/X (sky130_fd_sc_hd__and2_2)
                                                         SYNTH_INST.keypad.n_rst (net)
                      0.036553    0.000456    5.256533 ^ fanout74/A (sky130_fd_sc_hd__clkdlybuf4s25_1)
    11    0.042457    0.319567    0.360485    5.617017 ^ fanout74/X (sky130_fd_sc_hd__clkdlybuf4s25_1)
                                                         net74 (net)
                      0.319577    0.001539    5.618556 ^ fanout65/A (sky130_fd_sc_hd__clkdlybuf4s25_1)
    13    0.046250    0.347988    0.411704    6.030260 ^ fanout65/X (sky130_fd_sc_hd__clkdlybuf4s25_1)
                                                         net65 (net)
                      0.347990    0.000684    6.030944 ^ fanout59/A (sky130_fd_sc_hd__clkdlybuf4s25_1)
     2    0.006292    0.056087    0.210809    6.241753 ^ fanout59/X (sky130_fd_sc_hd__clkdlybuf4s25_1)
                                                         net59 (net)
                      0.056087    0.000203    6.241956 ^ load_slew60/A (sky130_fd_sc_hd__clkbuf_4)
     9    0.040299    0.097465    0.140328    6.382284 ^ load_slew60/X (sky130_fd_sc_hd__clkbuf_4)
                                                         net60 (net)
                      0.097648    0.003436    6.385720 ^ _0918_/RESET_B (sky130_fd_sc_hd__dfrtp_2)
                                              6.385720   data arrival time

                                  0.000000    0.000000   clock clk (rise edge)
                                  0.000000    0.000000   clock source latency
     2    0.022841    0.081177    0.056215    0.056215 ^ clk (in)
                                                         clk (net)
                      0.081218    0.000000    0.056215 ^ clkbuf_0_clk/A (sky130_fd_sc_hd__clkbuf_16)
    33    0.131693    0.111462    0.158192    0.214407 ^ clkbuf_0_clk/X (sky130_fd_sc_hd__clkbuf_16)
                                                         clknet_0_clk (net)
                      0.111784    0.004838    0.219246 ^ clkbuf_4_9_0_clk/A (sky130_fd_sc_hd__clkbuf_8)
     9    0.027530    0.046921    0.116993    0.336238 ^ clkbuf_4_9_0_clk/X (sky130_fd_sc_hd__clkbuf_8)
                                                         clknet_4_9_0_clk (net)
                      0.046967    0.001309    0.337548 ^ _0918_/CLK (sky130_fd_sc_hd__dfrtp_2)
                                  0.250000    0.587547   clock uncertainty
                                  0.000000    0.587547   clock reconvergence pessimism
                                  0.216648    0.804195   library removal time
                                              0.804195   data required time
---------------------------------------------------------------------------------------------
                                              0.804195   data required time
                                             -6.385720   data arrival time
---------------------------------------------------------------------------------------------
                                              5.581524   slack (MET)


Startpoint: nrst (input port clocked by clk)
Endpoint: _0951_ (removal check against rising-edge clock clk)
Path Group: asynchronous
Path Type: min

Fanout         Cap        Slew       Delay        Time   Description
---------------------------------------------------------------------------------------------
                                  0.000000    0.000000   clock clk (rise edge)
                                  0.000000    0.000000   clock network delay (propagated)
                                  5.000000    5.000000 ^ input external delay
     2    0.006468    0.026574    0.016586    5.016586 ^ nrst (in)
                                                         nrst (net)
                      0.026577    0.000000    5.016586 ^ input16/A (sky130_fd_sc_hd__clkdlybuf4s25_1)
     1    0.002372    0.028945    0.154059    5.170646 ^ input16/X (sky130_fd_sc_hd__clkdlybuf4s25_1)
                                                         net16 (net)
                      0.028945    0.000100    5.170746 ^ _0546_/A (sky130_fd_sc_hd__and2_2)
     1    0.006415    0.036546    0.085331    5.256077 ^ _0546_/X (sky130_fd_sc_hd__and2_2)
                                                         SYNTH_INST.keypad.n_rst (net)
                      0.036553    0.000456    5.256533 ^ fanout74/A (sky130_fd_sc_hd__clkdlybuf4s25_1)
    11    0.042457    0.319567    0.360485    5.617017 ^ fanout74/X (sky130_fd_sc_hd__clkdlybuf4s25_1)
                                                         net74 (net)
                      0.319577    0.001539    5.618556 ^ fanout65/A (sky130_fd_sc_hd__clkdlybuf4s25_1)
    13    0.046250    0.347988    0.411704    6.030260 ^ fanout65/X (sky130_fd_sc_hd__clkdlybuf4s25_1)
                                                         net65 (net)
                      0.347990    0.000684    6.030944 ^ fanout59/A (sky130_fd_sc_hd__clkdlybuf4s25_1)
     2    0.006292    0.056087    0.210809    6.241753 ^ fanout59/X (sky130_fd_sc_hd__clkdlybuf4s25_1)
                                                         net59 (net)
                      0.056087    0.000203    6.241956 ^ load_slew60/A (sky130_fd_sc_hd__clkbuf_4)
     9    0.040299    0.097465    0.140328    6.382284 ^ load_slew60/X (sky130_fd_sc_hd__clkbuf_4)
                                                         net60 (net)
                      0.097615    0.003121    6.385405 ^ _0951_/RESET_B (sky130_fd_sc_hd__dfrtp_2)
                                              6.385405   data arrival time

                                  0.000000    0.000000   clock clk (rise edge)
                                  0.000000    0.000000   clock source latency
     2    0.022841    0.081177    0.056215    0.056215 ^ clk (in)
                                                         clk (net)
                      0.081218    0.000000    0.056215 ^ clkbuf_0_clk/A (sky130_fd_sc_hd__clkbuf_16)
    33    0.131693    0.111462    0.158192    0.214407 ^ clkbuf_0_clk/X (sky130_fd_sc_hd__clkbuf_16)
                                                         clknet_0_clk (net)
                      0.111967    0.006009    0.220416 ^ clkbuf_4_8_0_clk/A (sky130_fd_sc_hd__clkbuf_8)
     9    0.025782    0.044801    0.115330    0.335746 ^ clkbuf_4_8_0_clk/X (sky130_fd_sc_hd__clkbuf_8)
                                                         clknet_4_8_0_clk (net)
                      0.044948    0.001673    0.337419 ^ _0951_/CLK (sky130_fd_sc_hd__dfrtp_2)
                                  0.250000    0.587419   clock uncertainty
                                  0.000000    0.587419   clock reconvergence pessimism
                                  0.216363    0.803782   library removal time
                                              0.803782   data required time
---------------------------------------------------------------------------------------------
                                              0.803782   data required time
                                             -6.385405   data arrival time
---------------------------------------------------------------------------------------------
                                              5.581623   slack (MET)


Startpoint: nrst (input port clocked by clk)
Endpoint: _0979_ (removal check against rising-edge clock clk)
Path Group: asynchronous
Path Type: min

Fanout         Cap        Slew       Delay        Time   Description
---------------------------------------------------------------------------------------------
                                  0.000000    0.000000   clock clk (rise edge)
                                  0.000000    0.000000   clock network delay (propagated)
                                  5.000000    5.000000 ^ input external delay
     2    0.006468    0.026574    0.016586    5.016586 ^ nrst (in)
                                                         nrst (net)
                      0.026577    0.000000    5.016586 ^ input16/A (sky130_fd_sc_hd__clkdlybuf4s25_1)
     1    0.002372    0.028945    0.154059    5.170646 ^ input16/X (sky130_fd_sc_hd__clkdlybuf4s25_1)
                                                         net16 (net)
                      0.028945    0.000100    5.170746 ^ _0546_/A (sky130_fd_sc_hd__and2_2)
     1    0.006415    0.036546    0.085331    5.256077 ^ _0546_/X (sky130_fd_sc_hd__and2_2)
                                                         SYNTH_INST.keypad.n_rst (net)
                      0.036553    0.000456    5.256533 ^ fanout74/A (sky130_fd_sc_hd__clkdlybuf4s25_1)
    11    0.042457    0.319567    0.360485    5.617017 ^ fanout74/X (sky130_fd_sc_hd__clkdlybuf4s25_1)
                                                         net74 (net)
                      0.319579    0.001696    5.618714 ^ fanout58/A (sky130_fd_sc_hd__clkdlybuf4s25_1)
    11    0.051553    0.386868    0.439170    6.057883 ^ fanout58/X (sky130_fd_sc_hd__clkdlybuf4s25_1)
                                                         net58 (net)
                      0.386960    0.004972    6.062855 ^ fanout57/A (sky130_fd_sc_hd__clkdlybuf4s25_1)
     8    0.039484    0.298014    0.379516    6.442371 ^ fanout57/X (sky130_fd_sc_hd__clkdlybuf4s25_1)
                                                         net57 (net)
                      0.298035    0.002706    6.445077 ^ _0979_/RESET_B (sky130_fd_sc_hd__dfrtp_2)
                                              6.445077   data arrival time

                                  0.000000    0.000000   clock clk (rise edge)
                                  0.000000    0.000000   clock source latency
     2    0.022841    0.081177    0.056215    0.056215 ^ clk (in)
                                                         clk (net)
                      0.081218    0.000000    0.056215 ^ clkbuf_0_clk/A (sky130_fd_sc_hd__clkbuf_16)
    33    0.131693    0.111462    0.158192    0.214407 ^ clkbuf_0_clk/X (sky130_fd_sc_hd__clkbuf_16)
                                                         clknet_0_clk (net)
                      0.111854    0.005314    0.219721 ^ clkbuf_4_6_0_clk/A (sky130_fd_sc_hd__clkbuf_8)
     9    0.031293    0.051396    0.120102    0.339823 ^ clkbuf_4_6_0_clk/X (sky130_fd_sc_hd__clkbuf_8)
                                                         clknet_4_6_0_clk (net)
                      0.051567    0.002024    0.341847 ^ _0979_/CLK (sky130_fd_sc_hd__dfrtp_2)
                                  0.250000    0.591847   clock uncertainty
                                  0.000000    0.591847   clock reconvergence pessimism
                                  0.269322    0.861169   library removal time
                                              0.861169   data required time
---------------------------------------------------------------------------------------------
                                              0.861169   data required time
                                             -6.445077   data arrival time
---------------------------------------------------------------------------------------------
                                              5.583909   slack (MET)


Startpoint: nrst (input port clocked by clk)
Endpoint: _1015_ (removal check against rising-edge clock clk)
Path Group: asynchronous
Path Type: min

Fanout         Cap        Slew       Delay        Time   Description
---------------------------------------------------------------------------------------------
                                  0.000000    0.000000   clock clk (rise edge)
                                  0.000000    0.000000   clock network delay (propagated)
                                  5.000000    5.000000 ^ input external delay
     2    0.006468    0.026574    0.016586    5.016586 ^ nrst (in)
                                                         nrst (net)
                      0.026577    0.000000    5.016586 ^ input16/A (sky130_fd_sc_hd__clkdlybuf4s25_1)
     1    0.002372    0.028945    0.154059    5.170646 ^ input16/X (sky130_fd_sc_hd__clkdlybuf4s25_1)
                                                         net16 (net)
                      0.028945    0.000100    5.170746 ^ _0546_/A (sky130_fd_sc_hd__and2_2)
     1    0.006415    0.036546    0.085331    5.256077 ^ _0546_/X (sky130_fd_sc_hd__and2_2)
                                                         SYNTH_INST.keypad.n_rst (net)
                      0.036553    0.000456    5.256533 ^ fanout74/A (sky130_fd_sc_hd__clkdlybuf4s25_1)
    11    0.042457    0.319567    0.360485    5.617017 ^ fanout74/X (sky130_fd_sc_hd__clkdlybuf4s25_1)
                                                         net74 (net)
                      0.319579    0.001696    5.618714 ^ fanout58/A (sky130_fd_sc_hd__clkdlybuf4s25_1)
    11    0.051553    0.386868    0.439170    6.057883 ^ fanout58/X (sky130_fd_sc_hd__clkdlybuf4s25_1)
                                                         net58 (net)
                      0.386960    0.004972    6.062855 ^ fanout57/A (sky130_fd_sc_hd__clkdlybuf4s25_1)
     8    0.039484    0.298014    0.379516    6.442371 ^ fanout57/X (sky130_fd_sc_hd__clkdlybuf4s25_1)
                                                         net57 (net)
                      0.298027    0.002283    6.444654 ^ _1015_/RESET_B (sky130_fd_sc_hd__dfrtp_2)
                                              6.444654   data arrival time

                                  0.000000    0.000000   clock clk (rise edge)
                                  0.000000    0.000000   clock source latency
     2    0.022841    0.081177    0.056215    0.056215 ^ clk (in)
                                                         clk (net)
                      0.081218    0.000000    0.056215 ^ clkbuf_0_clk/A (sky130_fd_sc_hd__clkbuf_16)
    33    0.131693    0.111462    0.158192    0.214407 ^ clkbuf_0_clk/X (sky130_fd_sc_hd__clkbuf_16)
                                                         clknet_0_clk (net)
                      0.111994    0.006166    0.220573 ^ clkbuf_4_5_0_clk/A (sky130_fd_sc_hd__clkbuf_8)
     9    0.027677    0.047082    0.117064    0.337637 ^ clkbuf_4_5_0_clk/X (sky130_fd_sc_hd__clkbuf_8)
                                                         clknet_4_5_0_clk (net)
                      0.047262    0.002029    0.339666 ^ _1015_/CLK (sky130_fd_sc_hd__dfrtp_2)
                                  0.250000    0.589666   clock uncertainty
                                  0.000000    0.589666   clock reconvergence pessimism
                                  0.268743    0.858410   library removal time
                                              0.858410   data required time
---------------------------------------------------------------------------------------------
                                              0.858410   data required time
                                             -6.444654   data arrival time
---------------------------------------------------------------------------------------------
                                              5.586245   slack (MET)


Startpoint: nrst (input port clocked by clk)
Endpoint: _1004_ (removal check against rising-edge clock clk)
Path Group: asynchronous
Path Type: min

Fanout         Cap        Slew       Delay        Time   Description
---------------------------------------------------------------------------------------------
                                  0.000000    0.000000   clock clk (rise edge)
                                  0.000000    0.000000   clock network delay (propagated)
                                  5.000000    5.000000 ^ input external delay
     2    0.006468    0.026574    0.016586    5.016586 ^ nrst (in)
                                                         nrst (net)
                      0.026577    0.000000    5.016586 ^ input16/A (sky130_fd_sc_hd__clkdlybuf4s25_1)
     1    0.002372    0.028945    0.154059    5.170646 ^ input16/X (sky130_fd_sc_hd__clkdlybuf4s25_1)
                                                         net16 (net)
                      0.028945    0.000100    5.170746 ^ _0546_/A (sky130_fd_sc_hd__and2_2)
     1    0.006415    0.036546    0.085331    5.256077 ^ _0546_/X (sky130_fd_sc_hd__and2_2)
                                                         SYNTH_INST.keypad.n_rst (net)
                      0.036553    0.000456    5.256533 ^ fanout74/A (sky130_fd_sc_hd__clkdlybuf4s25_1)
    11    0.042457    0.319567    0.360485    5.617017 ^ fanout74/X (sky130_fd_sc_hd__clkdlybuf4s25_1)
                                                         net74 (net)
                      0.319579    0.001696    5.618714 ^ fanout58/A (sky130_fd_sc_hd__clkdlybuf4s25_1)
    11    0.051553    0.386868    0.439170    6.057883 ^ fanout58/X (sky130_fd_sc_hd__clkdlybuf4s25_1)
                                                         net58 (net)
                      0.386960    0.004972    6.062855 ^ fanout57/A (sky130_fd_sc_hd__clkdlybuf4s25_1)
     8    0.039484    0.298014    0.379516    6.442371 ^ fanout57/X (sky130_fd_sc_hd__clkdlybuf4s25_1)
                                                         net57 (net)
                      0.298014    0.001164    6.443536 ^ _1004_/RESET_B (sky130_fd_sc_hd__dfrtp_2)
                                              6.443536   data arrival time

                                  0.000000    0.000000   clock clk (rise edge)
                                  0.000000    0.000000   clock source latency
     2    0.022841    0.081177    0.056215    0.056215 ^ clk (in)
                                                         clk (net)
                      0.081218    0.000000    0.056215 ^ clkbuf_0_clk/A (sky130_fd_sc_hd__clkbuf_16)
    33    0.131693    0.111462    0.158192    0.214407 ^ clkbuf_0_clk/X (sky130_fd_sc_hd__clkbuf_16)
                                                         clknet_0_clk (net)
                      0.111792    0.004896    0.219303 ^ clkbuf_4_7_0_clk/A (sky130_fd_sc_hd__clkbuf_8)
     9    0.027602    0.047009    0.117085    0.336389 ^ clkbuf_4_7_0_clk/X (sky130_fd_sc_hd__clkbuf_8)
                                                         clknet_4_7_0_clk (net)
                      0.047115    0.001888    0.338277 ^ _1004_/CLK (sky130_fd_sc_hd__dfrtp_2)
                                  0.250000    0.588277   clock uncertainty
                                  0.000000    0.588277   clock reconvergence pessimism
                                  0.268720    0.856997   library removal time
                                              0.856997   data required time
---------------------------------------------------------------------------------------------
                                              0.856997   data required time
                                             -6.443536   data arrival time
---------------------------------------------------------------------------------------------
                                              5.586539   slack (MET)


Startpoint: nrst (input port clocked by clk)
Endpoint: _1005_ (removal check against rising-edge clock clk)
Path Group: asynchronous
Path Type: min

Fanout         Cap        Slew       Delay        Time   Description
---------------------------------------------------------------------------------------------
                                  0.000000    0.000000   clock clk (rise edge)
                                  0.000000    0.000000   clock network delay (propagated)
                                  5.000000    5.000000 ^ input external delay
     2    0.006468    0.026574    0.016586    5.016586 ^ nrst (in)
                                                         nrst (net)
                      0.026577    0.000000    5.016586 ^ input16/A (sky130_fd_sc_hd__clkdlybuf4s25_1)
     1    0.002372    0.028945    0.154059    5.170646 ^ input16/X (sky130_fd_sc_hd__clkdlybuf4s25_1)
                                                         net16 (net)
                      0.028945    0.000100    5.170746 ^ _0546_/A (sky130_fd_sc_hd__and2_2)
     1    0.006415    0.036546    0.085331    5.256077 ^ _0546_/X (sky130_fd_sc_hd__and2_2)
                                                         SYNTH_INST.keypad.n_rst (net)
                      0.036553    0.000456    5.256533 ^ fanout74/A (sky130_fd_sc_hd__clkdlybuf4s25_1)
    11    0.042457    0.319567    0.360485    5.617017 ^ fanout74/X (sky130_fd_sc_hd__clkdlybuf4s25_1)
                                                         net74 (net)
                      0.319579    0.001696    5.618714 ^ fanout58/A (sky130_fd_sc_hd__clkdlybuf4s25_1)
    11    0.051553    0.386868    0.439170    6.057883 ^ fanout58/X (sky130_fd_sc_hd__clkdlybuf4s25_1)
                                                         net58 (net)
                      0.386960    0.004972    6.062855 ^ fanout57/A (sky130_fd_sc_hd__clkdlybuf4s25_1)
     8    0.039484    0.298014    0.379516    6.442371 ^ fanout57/X (sky130_fd_sc_hd__clkdlybuf4s25_1)
                                                         net57 (net)
                      0.298014    0.001187    6.443558 ^ _1005_/RESET_B (sky130_fd_sc_hd__dfrtp_2)
                                              6.443558   data arrival time

                                  0.000000    0.000000   clock clk (rise edge)
                                  0.000000    0.000000   clock source latency
     2    0.022841    0.081177    0.056215    0.056215 ^ clk (in)
                                                         clk (net)
                      0.081218    0.000000    0.056215 ^ clkbuf_0_clk/A (sky130_fd_sc_hd__clkbuf_16)
    33    0.131693    0.111462    0.158192    0.214407 ^ clkbuf_0_clk/X (sky130_fd_sc_hd__clkbuf_16)
                                                         clknet_0_clk (net)
                      0.111792    0.004896    0.219303 ^ clkbuf_4_7_0_clk/A (sky130_fd_sc_hd__clkbuf_8)
     9    0.027602    0.047009    0.117085    0.336389 ^ clkbuf_4_7_0_clk/X (sky130_fd_sc_hd__clkbuf_8)
                                                         clknet_4_7_0_clk (net)
                      0.047115    0.001891    0.338280 ^ _1005_/CLK (sky130_fd_sc_hd__dfrtp_2)
                                  0.250000    0.588280   clock uncertainty
                                  0.000000    0.588280   clock reconvergence pessimism
                                  0.268720    0.857000   library removal time
                                              0.857000   data required time
---------------------------------------------------------------------------------------------
                                              0.857000   data required time
                                             -6.443558   data arrival time
---------------------------------------------------------------------------------------------
                                              5.586558   slack (MET)


Startpoint: nrst (input port clocked by clk)
Endpoint: _0912_ (removal check against rising-edge clock clk)
Path Group: asynchronous
Path Type: min

Fanout         Cap        Slew       Delay        Time   Description
---------------------------------------------------------------------------------------------
                                  0.000000    0.000000   clock clk (rise edge)
                                  0.000000    0.000000   clock network delay (propagated)
                                  5.000000    5.000000 ^ input external delay
     2    0.006468    0.026574    0.016586    5.016586 ^ nrst (in)
                                                         nrst (net)
                      0.026577    0.000000    5.016586 ^ input16/A (sky130_fd_sc_hd__clkdlybuf4s25_1)
     1    0.002372    0.028945    0.154059    5.170646 ^ input16/X (sky130_fd_sc_hd__clkdlybuf4s25_1)
                                                         net16 (net)
                      0.028945    0.000100    5.170746 ^ _0546_/A (sky130_fd_sc_hd__and2_2)
     1    0.006415    0.036546    0.085331    5.256077 ^ _0546_/X (sky130_fd_sc_hd__and2_2)
                                                         SYNTH_INST.keypad.n_rst (net)
                      0.036553    0.000456    5.256533 ^ fanout74/A (sky130_fd_sc_hd__clkdlybuf4s25_1)
    11    0.042457    0.319567    0.360485    5.617017 ^ fanout74/X (sky130_fd_sc_hd__clkdlybuf4s25_1)
                                                         net74 (net)
                      0.319579    0.001696    5.618714 ^ fanout58/A (sky130_fd_sc_hd__clkdlybuf4s25_1)
    11    0.051553    0.386868    0.439170    6.057883 ^ fanout58/X (sky130_fd_sc_hd__clkdlybuf4s25_1)
                                                         net58 (net)
                      0.386960    0.004972    6.062855 ^ fanout57/A (sky130_fd_sc_hd__clkdlybuf4s25_1)
     8    0.039484    0.298014    0.379516    6.442371 ^ fanout57/X (sky130_fd_sc_hd__clkdlybuf4s25_1)
                                                         net57 (net)
                      0.298040    0.002929    6.445300 ^ _0912_/RESET_B (sky130_fd_sc_hd__dfrtp_2)
                                              6.445300   data arrival time

                                  0.000000    0.000000   clock clk (rise edge)
                                  0.000000    0.000000   clock source latency
     2    0.022841    0.081177    0.056215    0.056215 ^ clk (in)
                                                         clk (net)
                      0.081218    0.000000    0.056215 ^ clkbuf_0_clk/A (sky130_fd_sc_hd__clkbuf_16)
    33    0.131693    0.111462    0.158192    0.214407 ^ clkbuf_0_clk/X (sky130_fd_sc_hd__clkbuf_16)
                                                         clknet_0_clk (net)
                      0.111994    0.006166    0.220573 ^ clkbuf_4_5_0_clk/A (sky130_fd_sc_hd__clkbuf_8)
     9    0.027677    0.047082    0.117064    0.337637 ^ clkbuf_4_5_0_clk/X (sky130_fd_sc_hd__clkbuf_8)
                                                         clknet_4_5_0_clk (net)
                      0.047258    0.002001    0.339638 ^ _0912_/CLK (sky130_fd_sc_hd__dfrtp_2)
                                  0.250000    0.589638   clock uncertainty
                                  0.000000    0.589638   clock reconvergence pessimism
                                  0.268746    0.858384   library removal time
                                              0.858384   data required time
---------------------------------------------------------------------------------------------
                                              0.858384   data required time
                                             -6.445300   data arrival time
---------------------------------------------------------------------------------------------
                                              5.586916   slack (MET)


Startpoint: nrst (input port clocked by clk)
Endpoint: _0911_ (removal check against rising-edge clock clk)
Path Group: asynchronous
Path Type: min

Fanout         Cap        Slew       Delay        Time   Description
---------------------------------------------------------------------------------------------
                                  0.000000    0.000000   clock clk (rise edge)
                                  0.000000    0.000000   clock network delay (propagated)
                                  5.000000    5.000000 ^ input external delay
     2    0.006468    0.026574    0.016586    5.016586 ^ nrst (in)
                                                         nrst (net)
                      0.026577    0.000000    5.016586 ^ input16/A (sky130_fd_sc_hd__clkdlybuf4s25_1)
     1    0.002372    0.028945    0.154059    5.170646 ^ input16/X (sky130_fd_sc_hd__clkdlybuf4s25_1)
                                                         net16 (net)
                      0.028945    0.000100    5.170746 ^ _0546_/A (sky130_fd_sc_hd__and2_2)
     1    0.006415    0.036546    0.085331    5.256077 ^ _0546_/X (sky130_fd_sc_hd__and2_2)
                                                         SYNTH_INST.keypad.n_rst (net)
                      0.036553    0.000456    5.256533 ^ fanout74/A (sky130_fd_sc_hd__clkdlybuf4s25_1)
    11    0.042457    0.319567    0.360485    5.617017 ^ fanout74/X (sky130_fd_sc_hd__clkdlybuf4s25_1)
                                                         net74 (net)
                      0.319579    0.001696    5.618714 ^ fanout58/A (sky130_fd_sc_hd__clkdlybuf4s25_1)
    11    0.051553    0.386868    0.439170    6.057883 ^ fanout58/X (sky130_fd_sc_hd__clkdlybuf4s25_1)
                                                         net58 (net)
                      0.386960    0.004972    6.062855 ^ fanout57/A (sky130_fd_sc_hd__clkdlybuf4s25_1)
     8    0.039484    0.298014    0.379516    6.442371 ^ fanout57/X (sky130_fd_sc_hd__clkdlybuf4s25_1)
                                                         net57 (net)
                      0.298037    0.002775    6.445147 ^ _0911_/RESET_B (sky130_fd_sc_hd__dfrtp_2)
                                              6.445147   data arrival time

                                  0.000000    0.000000   clock clk (rise edge)
                                  0.000000    0.000000   clock source latency
     2    0.022841    0.081177    0.056215    0.056215 ^ clk (in)
                                                         clk (net)
                      0.081218    0.000000    0.056215 ^ clkbuf_0_clk/A (sky130_fd_sc_hd__clkbuf_16)
    33    0.131693    0.111462    0.158192    0.214407 ^ clkbuf_0_clk/X (sky130_fd_sc_hd__clkbuf_16)
                                                         clknet_0_clk (net)
                      0.111994    0.006166    0.220573 ^ clkbuf_4_5_0_clk/A (sky130_fd_sc_hd__clkbuf_8)
     9    0.027677    0.047082    0.117064    0.337637 ^ clkbuf_4_5_0_clk/X (sky130_fd_sc_hd__clkbuf_8)
                                                         clknet_4_5_0_clk (net)
                      0.047236    0.001837    0.339474 ^ _0911_/CLK (sky130_fd_sc_hd__dfrtp_2)
                                  0.250000    0.589474   clock uncertainty
                                  0.000000    0.589474   clock reconvergence pessimism
                                  0.268742    0.858216   library removal time
                                              0.858216   data required time
---------------------------------------------------------------------------------------------
                                              0.858216   data required time
                                             -6.445147   data arrival time
---------------------------------------------------------------------------------------------
                                              5.586930   slack (MET)


Startpoint: nrst (input port clocked by clk)
Endpoint: _1017_ (removal check against rising-edge clock clk)
Path Group: asynchronous
Path Type: min

Fanout         Cap        Slew       Delay        Time   Description
---------------------------------------------------------------------------------------------
                                  0.000000    0.000000   clock clk (rise edge)
                                  0.000000    0.000000   clock network delay (propagated)
                                  5.000000    5.000000 ^ input external delay
     2    0.006468    0.026574    0.016586    5.016586 ^ nrst (in)
                                                         nrst (net)
                      0.026577    0.000000    5.016586 ^ input16/A (sky130_fd_sc_hd__clkdlybuf4s25_1)
     1    0.002372    0.028945    0.154059    5.170646 ^ input16/X (sky130_fd_sc_hd__clkdlybuf4s25_1)
                                                         net16 (net)
                      0.028945    0.000100    5.170746 ^ _0546_/A (sky130_fd_sc_hd__and2_2)
     1    0.006415    0.036546    0.085331    5.256077 ^ _0546_/X (sky130_fd_sc_hd__and2_2)
                                                         SYNTH_INST.keypad.n_rst (net)
                      0.036553    0.000456    5.256533 ^ fanout74/A (sky130_fd_sc_hd__clkdlybuf4s25_1)
    11    0.042457    0.319567    0.360485    5.617017 ^ fanout74/X (sky130_fd_sc_hd__clkdlybuf4s25_1)
                                                         net74 (net)
                      0.319579    0.001696    5.618714 ^ fanout58/A (sky130_fd_sc_hd__clkdlybuf4s25_1)
    11    0.051553    0.386868    0.439170    6.057883 ^ fanout58/X (sky130_fd_sc_hd__clkdlybuf4s25_1)
                                                         net58 (net)
                      0.386960    0.004972    6.062855 ^ fanout57/A (sky130_fd_sc_hd__clkdlybuf4s25_1)
     8    0.039484    0.298014    0.379516    6.442371 ^ fanout57/X (sky130_fd_sc_hd__clkdlybuf4s25_1)
                                                         net57 (net)
                      0.298024    0.002099    6.444470 ^ _1017_/RESET_B (sky130_fd_sc_hd__dfrtp_2)
                                              6.444470   data arrival time

                                  0.000000    0.000000   clock clk (rise edge)
                                  0.000000    0.000000   clock source latency
     2    0.022841    0.081177    0.056215    0.056215 ^ clk (in)
                                                         clk (net)
                      0.081218    0.000000    0.056215 ^ clkbuf_0_clk/A (sky130_fd_sc_hd__clkbuf_16)
    33    0.131693    0.111462    0.158192    0.214407 ^ clkbuf_0_clk/X (sky130_fd_sc_hd__clkbuf_16)
                                                         clknet_0_clk (net)
                      0.111792    0.004896    0.219303 ^ clkbuf_4_7_0_clk/A (sky130_fd_sc_hd__clkbuf_8)
     9    0.027602    0.047009    0.117085    0.336389 ^ clkbuf_4_7_0_clk/X (sky130_fd_sc_hd__clkbuf_8)
                                                         clknet_4_7_0_clk (net)
                      0.047113    0.001876    0.338264 ^ _1017_/CLK (sky130_fd_sc_hd__dfrtp_2)
                                  0.250000    0.588264   clock uncertainty
                                  0.000000    0.588264   clock reconvergence pessimism
                                  0.268723    0.856987   library removal time
                                              0.856987   data required time
---------------------------------------------------------------------------------------------
                                              0.856987   data required time
                                             -6.444470   data arrival time
---------------------------------------------------------------------------------------------
                                              5.587483   slack (MET)


Startpoint: nrst (input port clocked by clk)
Endpoint: _0945_ (removal check against rising-edge clock clk)
Path Group: asynchronous
Path Type: min

Fanout         Cap        Slew       Delay        Time   Description
---------------------------------------------------------------------------------------------
                                  0.000000    0.000000   clock clk (rise edge)
                                  0.000000    0.000000   clock network delay (propagated)
                                  5.000000    5.000000 ^ input external delay
     2    0.006468    0.026574    0.016586    5.016586 ^ nrst (in)
                                                         nrst (net)
                      0.026577    0.000000    5.016586 ^ input16/A (sky130_fd_sc_hd__clkdlybuf4s25_1)
     1    0.002372    0.028945    0.154059    5.170646 ^ input16/X (sky130_fd_sc_hd__clkdlybuf4s25_1)
                                                         net16 (net)
                      0.028945    0.000100    5.170746 ^ _0546_/A (sky130_fd_sc_hd__and2_2)
     1    0.006415    0.036546    0.085331    5.256077 ^ _0546_/X (sky130_fd_sc_hd__and2_2)
                                                         SYNTH_INST.keypad.n_rst (net)
                      0.036553    0.000456    5.256533 ^ fanout74/A (sky130_fd_sc_hd__clkdlybuf4s25_1)
    11    0.042457    0.319567    0.360485    5.617017 ^ fanout74/X (sky130_fd_sc_hd__clkdlybuf4s25_1)
                                                         net74 (net)
                      0.319577    0.001539    5.618556 ^ fanout65/A (sky130_fd_sc_hd__clkdlybuf4s25_1)
    13    0.046250    0.347988    0.411704    6.030260 ^ fanout65/X (sky130_fd_sc_hd__clkdlybuf4s25_1)
                                                         net65 (net)
                      0.347990    0.000680    6.030941 ^ fanout63/A (sky130_fd_sc_hd__clkdlybuf4s25_1)
     4    0.016127    0.127022    0.260712    6.291652 ^ fanout63/X (sky130_fd_sc_hd__clkdlybuf4s25_1)
                                                         net63 (net)
                      0.127028    0.000990    6.292642 ^ load_slew64/A (sky130_fd_sc_hd__buf_2)
     7    0.032204    0.121190    0.153437    6.446079 ^ load_slew64/X (sky130_fd_sc_hd__buf_2)
                                                         net64 (net)
                      0.121342    0.003521    6.449600 ^ _0945_/RESET_B (sky130_fd_sc_hd__dfrtp_2)
                                              6.449600   data arrival time

                                  0.000000    0.000000   clock clk (rise edge)
                                  0.000000    0.000000   clock source latency
     2    0.022841    0.081177    0.056215    0.056215 ^ clk (in)
                                                         clk (net)
                      0.081218    0.000000    0.056215 ^ clkbuf_0_clk/A (sky130_fd_sc_hd__clkbuf_16)
    33    0.131693    0.111462    0.158192    0.214407 ^ clkbuf_0_clk/X (sky130_fd_sc_hd__clkbuf_16)
                                                         clknet_0_clk (net)
                      0.112049    0.006466    0.220873 ^ clkbuf_4_10_0_clk/A (sky130_fd_sc_hd__clkbuf_8)
     9    0.032633    0.052973    0.120926    0.341799 ^ clkbuf_4_10_0_clk/X (sky130_fd_sc_hd__clkbuf_8)
                                                         clknet_4_10_0_clk (net)
                      0.053351    0.003280    0.345079 ^ _0945_/CLK (sky130_fd_sc_hd__dfrtp_2)
                                  0.250000    0.595079   clock uncertainty
                                  0.000000    0.595079   clock reconvergence pessimism
                                  0.223675    0.818754   library removal time
                                              0.818754   data required time
---------------------------------------------------------------------------------------------
                                              0.818754   data required time
                                             -6.449600   data arrival time
---------------------------------------------------------------------------------------------
                                              5.630846   slack (MET)


Startpoint: nrst (input port clocked by clk)
Endpoint: _0943_ (removal check against rising-edge clock clk)
Path Group: asynchronous
Path Type: min

Fanout         Cap        Slew       Delay        Time   Description
---------------------------------------------------------------------------------------------
                                  0.000000    0.000000   clock clk (rise edge)
                                  0.000000    0.000000   clock network delay (propagated)
                                  5.000000    5.000000 ^ input external delay
     2    0.006468    0.026574    0.016586    5.016586 ^ nrst (in)
                                                         nrst (net)
                      0.026577    0.000000    5.016586 ^ input16/A (sky130_fd_sc_hd__clkdlybuf4s25_1)
     1    0.002372    0.028945    0.154059    5.170646 ^ input16/X (sky130_fd_sc_hd__clkdlybuf4s25_1)
                                                         net16 (net)
                      0.028945    0.000100    5.170746 ^ _0546_/A (sky130_fd_sc_hd__and2_2)
     1    0.006415    0.036546    0.085331    5.256077 ^ _0546_/X (sky130_fd_sc_hd__and2_2)
                                                         SYNTH_INST.keypad.n_rst (net)
                      0.036553    0.000456    5.256533 ^ fanout74/A (sky130_fd_sc_hd__clkdlybuf4s25_1)
    11    0.042457    0.319567    0.360485    5.617017 ^ fanout74/X (sky130_fd_sc_hd__clkdlybuf4s25_1)
                                                         net74 (net)
                      0.319577    0.001539    5.618556 ^ fanout65/A (sky130_fd_sc_hd__clkdlybuf4s25_1)
    13    0.046250    0.347988    0.411704    6.030260 ^ fanout65/X (sky130_fd_sc_hd__clkdlybuf4s25_1)
                                                         net65 (net)
                      0.347990    0.000680    6.030941 ^ fanout63/A (sky130_fd_sc_hd__clkdlybuf4s25_1)
     4    0.016127    0.127022    0.260712    6.291652 ^ fanout63/X (sky130_fd_sc_hd__clkdlybuf4s25_1)
                                                         net63 (net)
                      0.127028    0.000990    6.292642 ^ load_slew64/A (sky130_fd_sc_hd__buf_2)
     7    0.032204    0.121190    0.153437    6.446079 ^ load_slew64/X (sky130_fd_sc_hd__buf_2)
                                                         net64 (net)
                      0.121375    0.003872    6.449952 ^ _0943_/RESET_B (sky130_fd_sc_hd__dfrtp_2)
                                              6.449952   data arrival time

                                  0.000000    0.000000   clock clk (rise edge)
                                  0.000000    0.000000   clock source latency
     2    0.022841    0.081177    0.056215    0.056215 ^ clk (in)
                                                         clk (net)
                      0.081218    0.000000    0.056215 ^ clkbuf_0_clk/A (sky130_fd_sc_hd__clkbuf_16)
    33    0.131693    0.111462    0.158192    0.214407 ^ clkbuf_0_clk/X (sky130_fd_sc_hd__clkbuf_16)
                                                         clknet_0_clk (net)
                      0.112049    0.006466    0.220873 ^ clkbuf_4_10_0_clk/A (sky130_fd_sc_hd__clkbuf_8)
     9    0.032633    0.052973    0.120926    0.341799 ^ clkbuf_4_10_0_clk/X (sky130_fd_sc_hd__clkbuf_8)
                                                         clknet_4_10_0_clk (net)
                      0.053348    0.003263    0.345062 ^ _0943_/CLK (sky130_fd_sc_hd__dfrtp_2)
                                  0.250000    0.595062   clock uncertainty
                                  0.000000    0.595062   clock reconvergence pessimism
                                  0.223683    0.818745   library removal time
                                              0.818745   data required time
---------------------------------------------------------------------------------------------
                                              0.818745   data required time
                                             -6.449952   data arrival time
---------------------------------------------------------------------------------------------
                                              5.631207   slack (MET)


Startpoint: nrst (input port clocked by clk)
Endpoint: _0941_ (removal check against rising-edge clock clk)
Path Group: asynchronous
Path Type: min

Fanout         Cap        Slew       Delay        Time   Description
---------------------------------------------------------------------------------------------
                                  0.000000    0.000000   clock clk (rise edge)
                                  0.000000    0.000000   clock network delay (propagated)
                                  5.000000    5.000000 ^ input external delay
     2    0.006468    0.026574    0.016586    5.016586 ^ nrst (in)
                                                         nrst (net)
                      0.026577    0.000000    5.016586 ^ input16/A (sky130_fd_sc_hd__clkdlybuf4s25_1)
     1    0.002372    0.028945    0.154059    5.170646 ^ input16/X (sky130_fd_sc_hd__clkdlybuf4s25_1)
                                                         net16 (net)
                      0.028945    0.000100    5.170746 ^ _0546_/A (sky130_fd_sc_hd__and2_2)
     1    0.006415    0.036546    0.085331    5.256077 ^ _0546_/X (sky130_fd_sc_hd__and2_2)
                                                         SYNTH_INST.keypad.n_rst (net)
                      0.036553    0.000456    5.256533 ^ fanout74/A (sky130_fd_sc_hd__clkdlybuf4s25_1)
    11    0.042457    0.319567    0.360485    5.617017 ^ fanout74/X (sky130_fd_sc_hd__clkdlybuf4s25_1)
                                                         net74 (net)
                      0.319577    0.001539    5.618556 ^ fanout65/A (sky130_fd_sc_hd__clkdlybuf4s25_1)
    13    0.046250    0.347988    0.411704    6.030260 ^ fanout65/X (sky130_fd_sc_hd__clkdlybuf4s25_1)
                                                         net65 (net)
                      0.347990    0.000680    6.030941 ^ fanout63/A (sky130_fd_sc_hd__clkdlybuf4s25_1)
     4    0.016127    0.127022    0.260712    6.291652 ^ fanout63/X (sky130_fd_sc_hd__clkdlybuf4s25_1)
                                                         net63 (net)
                      0.127028    0.000990    6.292642 ^ load_slew64/A (sky130_fd_sc_hd__buf_2)
     7    0.032204    0.121190    0.153437    6.446079 ^ load_slew64/X (sky130_fd_sc_hd__buf_2)
                                                         net64 (net)
                      0.121385    0.003969    6.450048 ^ _0941_/RESET_B (sky130_fd_sc_hd__dfrtp_2)
                                              6.450048   data arrival time

                                  0.000000    0.000000   clock clk (rise edge)
                                  0.000000    0.000000   clock source latency
     2    0.022841    0.081177    0.056215    0.056215 ^ clk (in)
                                                         clk (net)
                      0.081218    0.000000    0.056215 ^ clkbuf_0_clk/A (sky130_fd_sc_hd__clkbuf_16)
    33    0.131693    0.111462    0.158192    0.214407 ^ clkbuf_0_clk/X (sky130_fd_sc_hd__clkbuf_16)
                                                         clknet_0_clk (net)
                      0.112049    0.006466    0.220873 ^ clkbuf_4_10_0_clk/A (sky130_fd_sc_hd__clkbuf_8)
     9    0.032633    0.052973    0.120926    0.341799 ^ clkbuf_4_10_0_clk/X (sky130_fd_sc_hd__clkbuf_8)
                                                         clknet_4_10_0_clk (net)
                      0.053327    0.003155    0.344954 ^ _0941_/CLK (sky130_fd_sc_hd__dfrtp_2)
                                  0.250000    0.594954   clock uncertainty
                                  0.000000    0.594954   clock reconvergence pessimism
                                  0.223683    0.818637   library removal time
                                              0.818637   data required time
---------------------------------------------------------------------------------------------
                                              0.818637   data required time
                                             -6.450048   data arrival time
---------------------------------------------------------------------------------------------
                                              5.631412   slack (MET)


Startpoint: nrst (input port clocked by clk)
Endpoint: _0940_ (removal check against rising-edge clock clk)
Path Group: asynchronous
Path Type: min

Fanout         Cap        Slew       Delay        Time   Description
---------------------------------------------------------------------------------------------
                                  0.000000    0.000000   clock clk (rise edge)
                                  0.000000    0.000000   clock network delay (propagated)
                                  5.000000    5.000000 ^ input external delay
     2    0.006468    0.026574    0.016586    5.016586 ^ nrst (in)
                                                         nrst (net)
                      0.026577    0.000000    5.016586 ^ input16/A (sky130_fd_sc_hd__clkdlybuf4s25_1)
     1    0.002372    0.028945    0.154059    5.170646 ^ input16/X (sky130_fd_sc_hd__clkdlybuf4s25_1)
                                                         net16 (net)
                      0.028945    0.000100    5.170746 ^ _0546_/A (sky130_fd_sc_hd__and2_2)
     1    0.006415    0.036546    0.085331    5.256077 ^ _0546_/X (sky130_fd_sc_hd__and2_2)
                                                         SYNTH_INST.keypad.n_rst (net)
                      0.036553    0.000456    5.256533 ^ fanout74/A (sky130_fd_sc_hd__clkdlybuf4s25_1)
    11    0.042457    0.319567    0.360485    5.617017 ^ fanout74/X (sky130_fd_sc_hd__clkdlybuf4s25_1)
                                                         net74 (net)
                      0.319577    0.001539    5.618556 ^ fanout65/A (sky130_fd_sc_hd__clkdlybuf4s25_1)
    13    0.046250    0.347988    0.411704    6.030260 ^ fanout65/X (sky130_fd_sc_hd__clkdlybuf4s25_1)
                                                         net65 (net)
                      0.347990    0.000680    6.030941 ^ fanout63/A (sky130_fd_sc_hd__clkdlybuf4s25_1)
     4    0.016127    0.127022    0.260712    6.291652 ^ fanout63/X (sky130_fd_sc_hd__clkdlybuf4s25_1)
                                                         net63 (net)
                      0.127028    0.000990    6.292642 ^ load_slew64/A (sky130_fd_sc_hd__buf_2)
     7    0.032204    0.121190    0.153437    6.446079 ^ load_slew64/X (sky130_fd_sc_hd__buf_2)
                                                         net64 (net)
                      0.121387    0.003991    6.450070 ^ _0940_/RESET_B (sky130_fd_sc_hd__dfrtp_2)
                                              6.450070   data arrival time

                                  0.000000    0.000000   clock clk (rise edge)
                                  0.000000    0.000000   clock source latency
     2    0.022841    0.081177    0.056215    0.056215 ^ clk (in)
                                                         clk (net)
                      0.081218    0.000000    0.056215 ^ clkbuf_0_clk/A (sky130_fd_sc_hd__clkbuf_16)
    33    0.131693    0.111462    0.158192    0.214407 ^ clkbuf_0_clk/X (sky130_fd_sc_hd__clkbuf_16)
                                                         clknet_0_clk (net)
                      0.112049    0.006466    0.220873 ^ clkbuf_4_10_0_clk/A (sky130_fd_sc_hd__clkbuf_8)
     9    0.032633    0.052973    0.120926    0.341799 ^ clkbuf_4_10_0_clk/X (sky130_fd_sc_hd__clkbuf_8)
                                                         clknet_4_10_0_clk (net)
                      0.053319    0.003116    0.344915 ^ _0940_/CLK (sky130_fd_sc_hd__dfrtp_2)
                                  0.250000    0.594915   clock uncertainty
                                  0.000000    0.594915   clock reconvergence pessimism
                                  0.223682    0.818598   library removal time
                                              0.818598   data required time
---------------------------------------------------------------------------------------------
                                              0.818598   data required time
                                             -6.450070   data arrival time
---------------------------------------------------------------------------------------------
                                              5.631473   slack (MET)


Startpoint: nrst (input port clocked by clk)
Endpoint: _0944_ (removal check against rising-edge clock clk)
Path Group: asynchronous
Path Type: min

Fanout         Cap        Slew       Delay        Time   Description
---------------------------------------------------------------------------------------------
                                  0.000000    0.000000   clock clk (rise edge)
                                  0.000000    0.000000   clock network delay (propagated)
                                  5.000000    5.000000 ^ input external delay
     2    0.006468    0.026574    0.016586    5.016586 ^ nrst (in)
                                                         nrst (net)
                      0.026577    0.000000    5.016586 ^ input16/A (sky130_fd_sc_hd__clkdlybuf4s25_1)
     1    0.002372    0.028945    0.154059    5.170646 ^ input16/X (sky130_fd_sc_hd__clkdlybuf4s25_1)
                                                         net16 (net)
                      0.028945    0.000100    5.170746 ^ _0546_/A (sky130_fd_sc_hd__and2_2)
     1    0.006415    0.036546    0.085331    5.256077 ^ _0546_/X (sky130_fd_sc_hd__and2_2)
                                                         SYNTH_INST.keypad.n_rst (net)
                      0.036553    0.000456    5.256533 ^ fanout74/A (sky130_fd_sc_hd__clkdlybuf4s25_1)
    11    0.042457    0.319567    0.360485    5.617017 ^ fanout74/X (sky130_fd_sc_hd__clkdlybuf4s25_1)
                                                         net74 (net)
                      0.319577    0.001539    5.618556 ^ fanout65/A (sky130_fd_sc_hd__clkdlybuf4s25_1)
    13    0.046250    0.347988    0.411704    6.030260 ^ fanout65/X (sky130_fd_sc_hd__clkdlybuf4s25_1)
                                                         net65 (net)
                      0.347990    0.000680    6.030941 ^ fanout63/A (sky130_fd_sc_hd__clkdlybuf4s25_1)
     4    0.016127    0.127022    0.260712    6.291652 ^ fanout63/X (sky130_fd_sc_hd__clkdlybuf4s25_1)
                                                         net63 (net)
                      0.127028    0.000990    6.292642 ^ load_slew64/A (sky130_fd_sc_hd__buf_2)
     7    0.032204    0.121190    0.153437    6.446079 ^ load_slew64/X (sky130_fd_sc_hd__buf_2)
                                                         net64 (net)
                      0.121235    0.001938    6.448017 ^ _0944_/RESET_B (sky130_fd_sc_hd__dfrtp_2)
                                              6.448017   data arrival time

                                  0.000000    0.000000   clock clk (rise edge)
                                  0.000000    0.000000   clock source latency
     2    0.022841    0.081177    0.056215    0.056215 ^ clk (in)
                                                         clk (net)
                      0.081218    0.000000    0.056215 ^ clkbuf_0_clk/A (sky130_fd_sc_hd__clkbuf_16)
    33    0.131693    0.111462    0.158192    0.214407 ^ clkbuf_0_clk/X (sky130_fd_sc_hd__clkbuf_16)
                                                         clknet_0_clk (net)
                      0.111967    0.006009    0.220416 ^ clkbuf_4_8_0_clk/A (sky130_fd_sc_hd__clkbuf_8)
     9    0.025782    0.044801    0.115330    0.335746 ^ clkbuf_4_8_0_clk/X (sky130_fd_sc_hd__clkbuf_8)
                                                         clknet_4_8_0_clk (net)
                      0.045017    0.002164    0.337910 ^ _0944_/CLK (sky130_fd_sc_hd__dfrtp_2)
                                  0.250000    0.587910   clock uncertainty
                                  0.000000    0.587910   clock reconvergence pessimism
                                  0.222509    0.810420   library removal time
                                              0.810420   data required time
---------------------------------------------------------------------------------------------
                                              0.810420   data required time
                                             -6.448017   data arrival time
---------------------------------------------------------------------------------------------
                                              5.637597   slack (MET)


Startpoint: nrst (input port clocked by clk)
Endpoint: _0947_ (removal check against rising-edge clock clk)
Path Group: asynchronous
Path Type: min

Fanout         Cap        Slew       Delay        Time   Description
---------------------------------------------------------------------------------------------
                                  0.000000    0.000000   clock clk (rise edge)
                                  0.000000    0.000000   clock network delay (propagated)
                                  5.000000    5.000000 ^ input external delay
     2    0.006468    0.026574    0.016586    5.016586 ^ nrst (in)
                                                         nrst (net)
                      0.026577    0.000000    5.016586 ^ input16/A (sky130_fd_sc_hd__clkdlybuf4s25_1)
     1    0.002372    0.028945    0.154059    5.170646 ^ input16/X (sky130_fd_sc_hd__clkdlybuf4s25_1)
                                                         net16 (net)
                      0.028945    0.000100    5.170746 ^ _0546_/A (sky130_fd_sc_hd__and2_2)
     1    0.006415    0.036546    0.085331    5.256077 ^ _0546_/X (sky130_fd_sc_hd__and2_2)
                                                         SYNTH_INST.keypad.n_rst (net)
                      0.036553    0.000456    5.256533 ^ fanout74/A (sky130_fd_sc_hd__clkdlybuf4s25_1)
    11    0.042457    0.319567    0.360485    5.617017 ^ fanout74/X (sky130_fd_sc_hd__clkdlybuf4s25_1)
                                                         net74 (net)
                      0.319577    0.001539    5.618556 ^ fanout65/A (sky130_fd_sc_hd__clkdlybuf4s25_1)
    13    0.046250    0.347988    0.411704    6.030260 ^ fanout65/X (sky130_fd_sc_hd__clkdlybuf4s25_1)
                                                         net65 (net)
                      0.347990    0.000680    6.030941 ^ fanout63/A (sky130_fd_sc_hd__clkdlybuf4s25_1)
     4    0.016127    0.127022    0.260712    6.291652 ^ fanout63/X (sky130_fd_sc_hd__clkdlybuf4s25_1)
                                                         net63 (net)
                      0.127028    0.000990    6.292642 ^ load_slew64/A (sky130_fd_sc_hd__buf_2)
     7    0.032204    0.121190    0.153437    6.446079 ^ load_slew64/X (sky130_fd_sc_hd__buf_2)
                                                         net64 (net)
                      0.121285    0.002804    6.448883 ^ _0947_/RESET_B (sky130_fd_sc_hd__dfrtp_2)
                                              6.448883   data arrival time

                                  0.000000    0.000000   clock clk (rise edge)
                                  0.000000    0.000000   clock source latency
     2    0.022841    0.081177    0.056215    0.056215 ^ clk (in)
                                                         clk (net)
                      0.081218    0.000000    0.056215 ^ clkbuf_0_clk/A (sky130_fd_sc_hd__clkbuf_16)
    33    0.131693    0.111462    0.158192    0.214407 ^ clkbuf_0_clk/X (sky130_fd_sc_hd__clkbuf_16)
                                                         clknet_0_clk (net)
                      0.111967    0.006009    0.220416 ^ clkbuf_4_8_0_clk/A (sky130_fd_sc_hd__clkbuf_8)
     9    0.025782    0.044801    0.115330    0.335746 ^ clkbuf_4_8_0_clk/X (sky130_fd_sc_hd__clkbuf_8)
                                                         clknet_4_8_0_clk (net)
                      0.045034    0.002271    0.338017 ^ _0947_/CLK (sky130_fd_sc_hd__dfrtp_2)
                                  0.250000    0.588017   clock uncertainty
                                  0.000000    0.588017   clock reconvergence pessimism
                                  0.222525    0.810542   library removal time
                                              0.810542   data required time
---------------------------------------------------------------------------------------------
                                              0.810542   data required time
                                             -6.448883   data arrival time
---------------------------------------------------------------------------------------------
                                              5.638340   slack (MET)


Startpoint: nrst (input port clocked by clk)
Endpoint: _0946_ (removal check against rising-edge clock clk)
Path Group: asynchronous
Path Type: min

Fanout         Cap        Slew       Delay        Time   Description
---------------------------------------------------------------------------------------------
                                  0.000000    0.000000   clock clk (rise edge)
                                  0.000000    0.000000   clock network delay (propagated)
                                  5.000000    5.000000 ^ input external delay
     2    0.006468    0.026574    0.016586    5.016586 ^ nrst (in)
                                                         nrst (net)
                      0.026577    0.000000    5.016586 ^ input16/A (sky130_fd_sc_hd__clkdlybuf4s25_1)
     1    0.002372    0.028945    0.154059    5.170646 ^ input16/X (sky130_fd_sc_hd__clkdlybuf4s25_1)
                                                         net16 (net)
                      0.028945    0.000100    5.170746 ^ _0546_/A (sky130_fd_sc_hd__and2_2)
     1    0.006415    0.036546    0.085331    5.256077 ^ _0546_/X (sky130_fd_sc_hd__and2_2)
                                                         SYNTH_INST.keypad.n_rst (net)
                      0.036553    0.000456    5.256533 ^ fanout74/A (sky130_fd_sc_hd__clkdlybuf4s25_1)
    11    0.042457    0.319567    0.360485    5.617017 ^ fanout74/X (sky130_fd_sc_hd__clkdlybuf4s25_1)
                                                         net74 (net)
                      0.319577    0.001539    5.618556 ^ fanout65/A (sky130_fd_sc_hd__clkdlybuf4s25_1)
    13    0.046250    0.347988    0.411704    6.030260 ^ fanout65/X (sky130_fd_sc_hd__clkdlybuf4s25_1)
                                                         net65 (net)
                      0.347990    0.000680    6.030941 ^ fanout63/A (sky130_fd_sc_hd__clkdlybuf4s25_1)
     4    0.016127    0.127022    0.260712    6.291652 ^ fanout63/X (sky130_fd_sc_hd__clkdlybuf4s25_1)
                                                         net63 (net)
                      0.127028    0.000990    6.292642 ^ load_slew64/A (sky130_fd_sc_hd__buf_2)
     7    0.032204    0.121190    0.153437    6.446079 ^ load_slew64/X (sky130_fd_sc_hd__buf_2)
                                                         net64 (net)
                      0.121297    0.002966    6.449045 ^ _0946_/RESET_B (sky130_fd_sc_hd__dfrtp_2)
                                              6.449045   data arrival time

                                  0.000000    0.000000   clock clk (rise edge)
                                  0.000000    0.000000   clock source latency
     2    0.022841    0.081177    0.056215    0.056215 ^ clk (in)
                                                         clk (net)
                      0.081218    0.000000    0.056215 ^ clkbuf_0_clk/A (sky130_fd_sc_hd__clkbuf_16)
    33    0.131693    0.111462    0.158192    0.214407 ^ clkbuf_0_clk/X (sky130_fd_sc_hd__clkbuf_16)
                                                         clknet_0_clk (net)
                      0.111967    0.006009    0.220416 ^ clkbuf_4_8_0_clk/A (sky130_fd_sc_hd__clkbuf_8)
     9    0.025782    0.044801    0.115330    0.335746 ^ clkbuf_4_8_0_clk/X (sky130_fd_sc_hd__clkbuf_8)
                                                         clknet_4_8_0_clk (net)
                      0.045046    0.002347    0.338094 ^ _0946_/CLK (sky130_fd_sc_hd__dfrtp_2)
                                  0.250000    0.588094   clock uncertainty
                                  0.000000    0.588094   clock reconvergence pessimism
                                  0.222529    0.810623   library removal time
                                              0.810623   data required time
---------------------------------------------------------------------------------------------
                                              0.810623   data required time
                                             -6.449045   data arrival time
---------------------------------------------------------------------------------------------
                                              5.638422   slack (MET)


Startpoint: nrst (input port clocked by clk)
Endpoint: _0922_ (removal check against rising-edge clock clk)
Path Group: asynchronous
Path Type: min

Fanout         Cap        Slew       Delay        Time   Description
---------------------------------------------------------------------------------------------
                                  0.000000    0.000000   clock clk (rise edge)
                                  0.000000    0.000000   clock network delay (propagated)
                                  5.000000    5.000000 ^ input external delay
     2    0.006468    0.026574    0.016586    5.016586 ^ nrst (in)
                                                         nrst (net)
                      0.026577    0.000000    5.016586 ^ input16/A (sky130_fd_sc_hd__clkdlybuf4s25_1)
     1    0.002372    0.028945    0.154059    5.170646 ^ input16/X (sky130_fd_sc_hd__clkdlybuf4s25_1)
                                                         net16 (net)
                      0.028945    0.000100    5.170746 ^ _0546_/A (sky130_fd_sc_hd__and2_2)
     1    0.006415    0.036546    0.085331    5.256077 ^ _0546_/X (sky130_fd_sc_hd__and2_2)
                                                         SYNTH_INST.keypad.n_rst (net)
                      0.036553    0.000456    5.256533 ^ fanout74/A (sky130_fd_sc_hd__clkdlybuf4s25_1)
    11    0.042457    0.319567    0.360485    5.617017 ^ fanout74/X (sky130_fd_sc_hd__clkdlybuf4s25_1)
                                                         net74 (net)
                      0.319579    0.001696    5.618714 ^ fanout58/A (sky130_fd_sc_hd__clkdlybuf4s25_1)
    11    0.051553    0.386868    0.439170    6.057883 ^ fanout58/X (sky130_fd_sc_hd__clkdlybuf4s25_1)
                                                         net58 (net)
                      0.386893    0.002601    6.060484 ^ fanout50/A (sky130_fd_sc_hd__clkdlybuf4s25_1)
     3    0.012829    0.102989    0.244873    6.305357 ^ fanout50/X (sky130_fd_sc_hd__clkdlybuf4s25_1)
                                                         net50 (net)
                      0.102992    0.000692    6.306050 ^ load_slew51/A (sky130_fd_sc_hd__clkbuf_4)
     8    0.040754    0.098562    0.153847    6.459897 ^ load_slew51/X (sky130_fd_sc_hd__clkbuf_4)
                                                         net51 (net)
                      0.098639    0.002272    6.462169 ^ _0922_/RESET_B (sky130_fd_sc_hd__dfrtp_2)
                                              6.462169   data arrival time

                                  0.000000    0.000000   clock clk (rise edge)
                                  0.000000    0.000000   clock source latency
     2    0.022841    0.081177    0.056215    0.056215 ^ clk (in)
                                                         clk (net)
                      0.081218    0.000000    0.056215 ^ clkbuf_0_clk/A (sky130_fd_sc_hd__clkbuf_16)
    33    0.131693    0.111462    0.158192    0.214407 ^ clkbuf_0_clk/X (sky130_fd_sc_hd__clkbuf_16)
                                                         clknet_0_clk (net)
                      0.111805    0.004987    0.219395 ^ clkbuf_4_2_0_clk/A (sky130_fd_sc_hd__clkbuf_8)
     9    0.035311    0.056222    0.123564    0.342958 ^ clkbuf_4_2_0_clk/X (sky130_fd_sc_hd__clkbuf_8)
                                                         clknet_4_2_0_clk (net)
                      0.056525    0.002975    0.345933 ^ _0922_/CLK (sky130_fd_sc_hd__dfrtp_2)
                                  0.250000    0.595933   clock uncertainty
                                  0.000000    0.595933   clock reconvergence pessimism
                                  0.218214    0.814147   library removal time
                                              0.814147   data required time
---------------------------------------------------------------------------------------------
                                              0.814147   data required time
                                             -6.462169   data arrival time
---------------------------------------------------------------------------------------------
                                              5.648022   slack (MET)


Startpoint: nrst (input port clocked by clk)
Endpoint: _0921_ (removal check against rising-edge clock clk)
Path Group: asynchronous
Path Type: min

Fanout         Cap        Slew       Delay        Time   Description
---------------------------------------------------------------------------------------------
                                  0.000000    0.000000   clock clk (rise edge)
                                  0.000000    0.000000   clock network delay (propagated)
                                  5.000000    5.000000 ^ input external delay
     2    0.006468    0.026574    0.016586    5.016586 ^ nrst (in)
                                                         nrst (net)
                      0.026577    0.000000    5.016586 ^ input16/A (sky130_fd_sc_hd__clkdlybuf4s25_1)
     1    0.002372    0.028945    0.154059    5.170646 ^ input16/X (sky130_fd_sc_hd__clkdlybuf4s25_1)
                                                         net16 (net)
                      0.028945    0.000100    5.170746 ^ _0546_/A (sky130_fd_sc_hd__and2_2)
     1    0.006415    0.036546    0.085331    5.256077 ^ _0546_/X (sky130_fd_sc_hd__and2_2)
                                                         SYNTH_INST.keypad.n_rst (net)
                      0.036553    0.000456    5.256533 ^ fanout74/A (sky130_fd_sc_hd__clkdlybuf4s25_1)
    11    0.042457    0.319567    0.360485    5.617017 ^ fanout74/X (sky130_fd_sc_hd__clkdlybuf4s25_1)
                                                         net74 (net)
                      0.319579    0.001696    5.618714 ^ fanout58/A (sky130_fd_sc_hd__clkdlybuf4s25_1)
    11    0.051553    0.386868    0.439170    6.057883 ^ fanout58/X (sky130_fd_sc_hd__clkdlybuf4s25_1)
                                                         net58 (net)
                      0.386893    0.002601    6.060484 ^ fanout50/A (sky130_fd_sc_hd__clkdlybuf4s25_1)
     3    0.012829    0.102989    0.244873    6.305357 ^ fanout50/X (sky130_fd_sc_hd__clkdlybuf4s25_1)
                                                         net50 (net)
                      0.102992    0.000692    6.306050 ^ load_slew51/A (sky130_fd_sc_hd__clkbuf_4)
     8    0.040754    0.098562    0.153847    6.459897 ^ load_slew51/X (sky130_fd_sc_hd__clkbuf_4)
                                                         net51 (net)
                      0.098681    0.002816    6.462712 ^ _0921_/RESET_B (sky130_fd_sc_hd__dfrtp_2)
                                              6.462712   data arrival time

                                  0.000000    0.000000   clock clk (rise edge)
                                  0.000000    0.000000   clock source latency
     2    0.022841    0.081177    0.056215    0.056215 ^ clk (in)
                                                         clk (net)
                      0.081218    0.000000    0.056215 ^ clkbuf_0_clk/A (sky130_fd_sc_hd__clkbuf_16)
    33    0.131693    0.111462    0.158192    0.214407 ^ clkbuf_0_clk/X (sky130_fd_sc_hd__clkbuf_16)
                                                         clknet_0_clk (net)
                      0.111805    0.004987    0.219395 ^ clkbuf_4_2_0_clk/A (sky130_fd_sc_hd__clkbuf_8)
     9    0.035311    0.056222    0.123564    0.342958 ^ clkbuf_4_2_0_clk/X (sky130_fd_sc_hd__clkbuf_8)
                                                         clknet_4_2_0_clk (net)
                      0.056535    0.003035    0.345993 ^ _0921_/CLK (sky130_fd_sc_hd__dfrtp_2)
                                  0.250000    0.595993   clock uncertainty
                                  0.000000    0.595993   clock reconvergence pessimism
                                  0.218226    0.814219   library removal time
                                              0.814219   data required time
---------------------------------------------------------------------------------------------
                                              0.814219   data required time
                                             -6.462712   data arrival time
---------------------------------------------------------------------------------------------
                                              5.648493   slack (MET)


Startpoint: nrst (input port clocked by clk)
Endpoint: _0923_ (removal check against rising-edge clock clk)
Path Group: asynchronous
Path Type: min

Fanout         Cap        Slew       Delay        Time   Description
---------------------------------------------------------------------------------------------
                                  0.000000    0.000000   clock clk (rise edge)
                                  0.000000    0.000000   clock network delay (propagated)
                                  5.000000    5.000000 ^ input external delay
     2    0.006468    0.026574    0.016586    5.016586 ^ nrst (in)
                                                         nrst (net)
                      0.026577    0.000000    5.016586 ^ input16/A (sky130_fd_sc_hd__clkdlybuf4s25_1)
     1    0.002372    0.028945    0.154059    5.170646 ^ input16/X (sky130_fd_sc_hd__clkdlybuf4s25_1)
                                                         net16 (net)
                      0.028945    0.000100    5.170746 ^ _0546_/A (sky130_fd_sc_hd__and2_2)
     1    0.006415    0.036546    0.085331    5.256077 ^ _0546_/X (sky130_fd_sc_hd__and2_2)
                                                         SYNTH_INST.keypad.n_rst (net)
                      0.036553    0.000456    5.256533 ^ fanout74/A (sky130_fd_sc_hd__clkdlybuf4s25_1)
    11    0.042457    0.319567    0.360485    5.617017 ^ fanout74/X (sky130_fd_sc_hd__clkdlybuf4s25_1)
                                                         net74 (net)
                      0.319579    0.001696    5.618714 ^ fanout58/A (sky130_fd_sc_hd__clkdlybuf4s25_1)
    11    0.051553    0.386868    0.439170    6.057883 ^ fanout58/X (sky130_fd_sc_hd__clkdlybuf4s25_1)
                                                         net58 (net)
                      0.386893    0.002601    6.060484 ^ fanout50/A (sky130_fd_sc_hd__clkdlybuf4s25_1)
     3    0.012829    0.102989    0.244873    6.305357 ^ fanout50/X (sky130_fd_sc_hd__clkdlybuf4s25_1)
                                                         net50 (net)
                      0.102992    0.000692    6.306050 ^ load_slew51/A (sky130_fd_sc_hd__clkbuf_4)
     8    0.040754    0.098562    0.153847    6.459897 ^ load_slew51/X (sky130_fd_sc_hd__clkbuf_4)
                                                         net51 (net)
                      0.098821    0.004105    6.464002 ^ _0923_/RESET_B (sky130_fd_sc_hd__dfrtp_2)
                                              6.464002   data arrival time

                                  0.000000    0.000000   clock clk (rise edge)
                                  0.000000    0.000000   clock source latency
     2    0.022841    0.081177    0.056215    0.056215 ^ clk (in)
                                                         clk (net)
                      0.081218    0.000000    0.056215 ^ clkbuf_0_clk/A (sky130_fd_sc_hd__clkbuf_16)
    33    0.131693    0.111462    0.158192    0.214407 ^ clkbuf_0_clk/X (sky130_fd_sc_hd__clkbuf_16)
                                                         clknet_0_clk (net)
                      0.111826    0.005126    0.219534 ^ clkbuf_4_0_0_clk/A (sky130_fd_sc_hd__clkbuf_8)
     9    0.035823    0.056861    0.124099    0.343633 ^ clkbuf_4_0_0_clk/X (sky130_fd_sc_hd__clkbuf_8)
                                                         clknet_4_0_0_clk (net)
                      0.057001    0.001885    0.345518 ^ _0923_/CLK (sky130_fd_sc_hd__dfrtp_2)
                                  0.250000    0.595518   clock uncertainty
                                  0.000000    0.595518   clock reconvergence pessimism
                                  0.218326    0.813845   library removal time
                                              0.813845   data required time
---------------------------------------------------------------------------------------------
                                              0.813845   data required time
                                             -6.464002   data arrival time
---------------------------------------------------------------------------------------------
                                              5.650157   slack (MET)


Startpoint: nrst (input port clocked by clk)
Endpoint: _0992_ (removal check against rising-edge clock clk)
Path Group: asynchronous
Path Type: min

Fanout         Cap        Slew       Delay        Time   Description
---------------------------------------------------------------------------------------------
                                  0.000000    0.000000   clock clk (rise edge)
                                  0.000000    0.000000   clock network delay (propagated)
                                  5.000000    5.000000 ^ input external delay
     2    0.006468    0.026574    0.016586    5.016586 ^ nrst (in)
                                                         nrst (net)
                      0.026577    0.000000    5.016586 ^ input16/A (sky130_fd_sc_hd__clkdlybuf4s25_1)
     1    0.002372    0.028945    0.154059    5.170646 ^ input16/X (sky130_fd_sc_hd__clkdlybuf4s25_1)
                                                         net16 (net)
                      0.028945    0.000100    5.170746 ^ _0546_/A (sky130_fd_sc_hd__and2_2)
     1    0.006415    0.036546    0.085331    5.256077 ^ _0546_/X (sky130_fd_sc_hd__and2_2)
                                                         SYNTH_INST.keypad.n_rst (net)
                      0.036553    0.000456    5.256533 ^ fanout74/A (sky130_fd_sc_hd__clkdlybuf4s25_1)
    11    0.042457    0.319567    0.360485    5.617017 ^ fanout74/X (sky130_fd_sc_hd__clkdlybuf4s25_1)
                                                         net74 (net)
                      0.319579    0.001696    5.618714 ^ fanout58/A (sky130_fd_sc_hd__clkdlybuf4s25_1)
    11    0.051553    0.386868    0.439170    6.057883 ^ fanout58/X (sky130_fd_sc_hd__clkdlybuf4s25_1)
                                                         net58 (net)
                      0.386893    0.002601    6.060484 ^ fanout50/A (sky130_fd_sc_hd__clkdlybuf4s25_1)
     3    0.012829    0.102989    0.244873    6.305357 ^ fanout50/X (sky130_fd_sc_hd__clkdlybuf4s25_1)
                                                         net50 (net)
                      0.102992    0.000692    6.306050 ^ load_slew51/A (sky130_fd_sc_hd__clkbuf_4)
     8    0.040754    0.098562    0.153847    6.459897 ^ load_slew51/X (sky130_fd_sc_hd__clkbuf_4)
                                                         net51 (net)
                      0.098916    0.004770    6.464666 ^ _0992_/RESET_B (sky130_fd_sc_hd__dfrtp_2)
                                              6.464666   data arrival time

                                  0.000000    0.000000   clock clk (rise edge)
                                  0.000000    0.000000   clock source latency
     2    0.022841    0.081177    0.056215    0.056215 ^ clk (in)
                                                         clk (net)
                      0.081218    0.000000    0.056215 ^ clkbuf_0_clk/A (sky130_fd_sc_hd__clkbuf_16)
    33    0.131693    0.111462    0.158192    0.214407 ^ clkbuf_0_clk/X (sky130_fd_sc_hd__clkbuf_16)
                                                         clknet_0_clk (net)
                      0.111805    0.004987    0.219395 ^ clkbuf_4_2_0_clk/A (sky130_fd_sc_hd__clkbuf_8)
     9    0.035311    0.056222    0.123564    0.342958 ^ clkbuf_4_2_0_clk/X (sky130_fd_sc_hd__clkbuf_8)
                                                         clknet_4_2_0_clk (net)
                      0.056473    0.002652    0.345610 ^ _0992_/CLK (sky130_fd_sc_hd__dfrtp_2)
                                  0.250000    0.595610   clock uncertainty
                                  0.000000    0.595610   clock reconvergence pessimism
                                  0.218279    0.813888   library removal time
                                              0.813888   data required time
---------------------------------------------------------------------------------------------
                                              0.813888   data required time
                                             -6.464666   data arrival time
---------------------------------------------------------------------------------------------
                                              5.650778   slack (MET)


Startpoint: nrst (input port clocked by clk)
Endpoint: _0926_ (removal check against rising-edge clock clk)
Path Group: asynchronous
Path Type: min

Fanout         Cap        Slew       Delay        Time   Description
---------------------------------------------------------------------------------------------
                                  0.000000    0.000000   clock clk (rise edge)
                                  0.000000    0.000000   clock network delay (propagated)
                                  5.000000    5.000000 ^ input external delay
     2    0.006468    0.026574    0.016586    5.016586 ^ nrst (in)
                                                         nrst (net)
                      0.026577    0.000000    5.016586 ^ input16/A (sky130_fd_sc_hd__clkdlybuf4s25_1)
     1    0.002372    0.028945    0.154059    5.170646 ^ input16/X (sky130_fd_sc_hd__clkdlybuf4s25_1)
                                                         net16 (net)
                      0.028945    0.000100    5.170746 ^ _0546_/A (sky130_fd_sc_hd__and2_2)
     1    0.006415    0.036546    0.085331    5.256077 ^ _0546_/X (sky130_fd_sc_hd__and2_2)
                                                         SYNTH_INST.keypad.n_rst (net)
                      0.036553    0.000456    5.256533 ^ fanout74/A (sky130_fd_sc_hd__clkdlybuf4s25_1)
    11    0.042457    0.319567    0.360485    5.617017 ^ fanout74/X (sky130_fd_sc_hd__clkdlybuf4s25_1)
                                                         net74 (net)
                      0.319579    0.001696    5.618714 ^ fanout58/A (sky130_fd_sc_hd__clkdlybuf4s25_1)
    11    0.051553    0.386868    0.439170    6.057883 ^ fanout58/X (sky130_fd_sc_hd__clkdlybuf4s25_1)
                                                         net58 (net)
                      0.386893    0.002601    6.060484 ^ fanout50/A (sky130_fd_sc_hd__clkdlybuf4s25_1)
     3    0.012829    0.102989    0.244873    6.305357 ^ fanout50/X (sky130_fd_sc_hd__clkdlybuf4s25_1)
                                                         net50 (net)
                      0.102992    0.000692    6.306050 ^ load_slew51/A (sky130_fd_sc_hd__clkbuf_4)
     8    0.040754    0.098562    0.153847    6.459897 ^ load_slew51/X (sky130_fd_sc_hd__clkbuf_4)
                                                         net51 (net)
                      0.098902    0.004678    6.464575 ^ _0926_/RESET_B (sky130_fd_sc_hd__dfrtp_2)
                                              6.464575   data arrival time

                                  0.000000    0.000000   clock clk (rise edge)
                                  0.000000    0.000000   clock source latency
     2    0.022841    0.081177    0.056215    0.056215 ^ clk (in)
                                                         clk (net)
                      0.081218    0.000000    0.056215 ^ clkbuf_0_clk/A (sky130_fd_sc_hd__clkbuf_16)
    33    0.131693    0.111462    0.158192    0.214407 ^ clkbuf_0_clk/X (sky130_fd_sc_hd__clkbuf_16)
                                                         clknet_0_clk (net)
                      0.111805    0.004987    0.219395 ^ clkbuf_4_2_0_clk/A (sky130_fd_sc_hd__clkbuf_8)
     9    0.035311    0.056222    0.123564    0.342958 ^ clkbuf_4_2_0_clk/X (sky130_fd_sc_hd__clkbuf_8)
                                                         clknet_4_2_0_clk (net)
                      0.056393    0.002072    0.345030 ^ _0926_/CLK (sky130_fd_sc_hd__dfrtp_2)
                                  0.250000    0.595030   clock uncertainty
                                  0.000000    0.595030   clock reconvergence pessimism
                                  0.218264    0.813294   library removal time
                                              0.813294   data required time
---------------------------------------------------------------------------------------------
                                              0.813294   data required time
                                             -6.464575   data arrival time
---------------------------------------------------------------------------------------------
                                              5.651280   slack (MET)


Startpoint: nrst (input port clocked by clk)
Endpoint: _0924_ (removal check against rising-edge clock clk)
Path Group: asynchronous
Path Type: min

Fanout         Cap        Slew       Delay        Time   Description
---------------------------------------------------------------------------------------------
                                  0.000000    0.000000   clock clk (rise edge)
                                  0.000000    0.000000   clock network delay (propagated)
                                  5.000000    5.000000 ^ input external delay
     2    0.006468    0.026574    0.016586    5.016586 ^ nrst (in)
                                                         nrst (net)
                      0.026577    0.000000    5.016586 ^ input16/A (sky130_fd_sc_hd__clkdlybuf4s25_1)
     1    0.002372    0.028945    0.154059    5.170646 ^ input16/X (sky130_fd_sc_hd__clkdlybuf4s25_1)
                                                         net16 (net)
                      0.028945    0.000100    5.170746 ^ _0546_/A (sky130_fd_sc_hd__and2_2)
     1    0.006415    0.036546    0.085331    5.256077 ^ _0546_/X (sky130_fd_sc_hd__and2_2)
                                                         SYNTH_INST.keypad.n_rst (net)
                      0.036553    0.000456    5.256533 ^ fanout74/A (sky130_fd_sc_hd__clkdlybuf4s25_1)
    11    0.042457    0.319567    0.360485    5.617017 ^ fanout74/X (sky130_fd_sc_hd__clkdlybuf4s25_1)
                                                         net74 (net)
                      0.319579    0.001696    5.618714 ^ fanout58/A (sky130_fd_sc_hd__clkdlybuf4s25_1)
    11    0.051553    0.386868    0.439170    6.057883 ^ fanout58/X (sky130_fd_sc_hd__clkdlybuf4s25_1)
                                                         net58 (net)
                      0.386893    0.002601    6.060484 ^ fanout50/A (sky130_fd_sc_hd__clkdlybuf4s25_1)
     3    0.012829    0.102989    0.244873    6.305357 ^ fanout50/X (sky130_fd_sc_hd__clkdlybuf4s25_1)
                                                         net50 (net)
                      0.102992    0.000692    6.306050 ^ load_slew51/A (sky130_fd_sc_hd__clkbuf_4)
     8    0.040754    0.098562    0.153847    6.459897 ^ load_slew51/X (sky130_fd_sc_hd__clkbuf_4)
                                                         net51 (net)
                      0.098912    0.004746    6.464643 ^ _0924_/RESET_B (sky130_fd_sc_hd__dfrtp_2)
                                              6.464643   data arrival time

                                  0.000000    0.000000   clock clk (rise edge)
                                  0.000000    0.000000   clock source latency
     2    0.022841    0.081177    0.056215    0.056215 ^ clk (in)
                                                         clk (net)
                      0.081218    0.000000    0.056215 ^ clkbuf_0_clk/A (sky130_fd_sc_hd__clkbuf_16)
    33    0.131693    0.111462    0.158192    0.214407 ^ clkbuf_0_clk/X (sky130_fd_sc_hd__clkbuf_16)
                                                         clknet_0_clk (net)
                      0.111824    0.005115    0.219523 ^ clkbuf_4_1_0_clk/A (sky130_fd_sc_hd__clkbuf_8)
     9    0.034762    0.055595    0.123472    0.342995 ^ clkbuf_4_1_0_clk/X (sky130_fd_sc_hd__clkbuf_8)
                                                         clknet_4_1_0_clk (net)
                      0.055765    0.002173    0.345168 ^ _0924_/CLK (sky130_fd_sc_hd__dfrtp_2)
                                  0.250000    0.595168   clock uncertainty
                                  0.000000    0.595168   clock reconvergence pessimism
                                  0.218181    0.813349   library removal time
                                              0.813349   data required time
---------------------------------------------------------------------------------------------
                                              0.813349   data required time
                                             -6.464643   data arrival time
---------------------------------------------------------------------------------------------
                                              5.651294   slack (MET)


Startpoint: nrst (input port clocked by clk)
Endpoint: _0925_ (removal check against rising-edge clock clk)
Path Group: asynchronous
Path Type: min

Fanout         Cap        Slew       Delay        Time   Description
---------------------------------------------------------------------------------------------
                                  0.000000    0.000000   clock clk (rise edge)
                                  0.000000    0.000000   clock network delay (propagated)
                                  5.000000    5.000000 ^ input external delay
     2    0.006468    0.026574    0.016586    5.016586 ^ nrst (in)
                                                         nrst (net)
                      0.026577    0.000000    5.016586 ^ input16/A (sky130_fd_sc_hd__clkdlybuf4s25_1)
     1    0.002372    0.028945    0.154059    5.170646 ^ input16/X (sky130_fd_sc_hd__clkdlybuf4s25_1)
                                                         net16 (net)
                      0.028945    0.000100    5.170746 ^ _0546_/A (sky130_fd_sc_hd__and2_2)
     1    0.006415    0.036546    0.085331    5.256077 ^ _0546_/X (sky130_fd_sc_hd__and2_2)
                                                         SYNTH_INST.keypad.n_rst (net)
                      0.036553    0.000456    5.256533 ^ fanout74/A (sky130_fd_sc_hd__clkdlybuf4s25_1)
    11    0.042457    0.319567    0.360485    5.617017 ^ fanout74/X (sky130_fd_sc_hd__clkdlybuf4s25_1)
                                                         net74 (net)
                      0.319579    0.001696    5.618714 ^ fanout58/A (sky130_fd_sc_hd__clkdlybuf4s25_1)
    11    0.051553    0.386868    0.439170    6.057883 ^ fanout58/X (sky130_fd_sc_hd__clkdlybuf4s25_1)
                                                         net58 (net)
                      0.386893    0.002601    6.060484 ^ fanout50/A (sky130_fd_sc_hd__clkdlybuf4s25_1)
     3    0.012829    0.102989    0.244873    6.305357 ^ fanout50/X (sky130_fd_sc_hd__clkdlybuf4s25_1)
                                                         net50 (net)
                      0.102992    0.000692    6.306050 ^ load_slew51/A (sky130_fd_sc_hd__clkbuf_4)
     8    0.040754    0.098562    0.153847    6.459897 ^ load_slew51/X (sky130_fd_sc_hd__clkbuf_4)
                                                         net51 (net)
                      0.098941    0.004933    6.464829 ^ _0925_/RESET_B (sky130_fd_sc_hd__dfrtp_2)
                                              6.464829   data arrival time

                                  0.000000    0.000000   clock clk (rise edge)
                                  0.000000    0.000000   clock source latency
     2    0.022841    0.081177    0.056215    0.056215 ^ clk (in)
                                                         clk (net)
                      0.081218    0.000000    0.056215 ^ clkbuf_0_clk/A (sky130_fd_sc_hd__clkbuf_16)
    33    0.131693    0.111462    0.158192    0.214407 ^ clkbuf_0_clk/X (sky130_fd_sc_hd__clkbuf_16)
                                                         clknet_0_clk (net)
                      0.111824    0.005115    0.219523 ^ clkbuf_4_1_0_clk/A (sky130_fd_sc_hd__clkbuf_8)
     9    0.034762    0.055595    0.123472    0.342995 ^ clkbuf_4_1_0_clk/X (sky130_fd_sc_hd__clkbuf_8)
                                                         clknet_4_1_0_clk (net)
                      0.055748    0.002027    0.345022 ^ _0925_/CLK (sky130_fd_sc_hd__dfrtp_2)
                                  0.250000    0.595022   clock uncertainty
                                  0.000000    0.595022   clock reconvergence pessimism
                                  0.218186    0.813207   library removal time
                                              0.813207   data required time
---------------------------------------------------------------------------------------------
                                              0.813207   data required time
                                             -6.464829   data arrival time
---------------------------------------------------------------------------------------------
                                              5.651622   slack (MET)


Startpoint: nrst (input port clocked by clk)
Endpoint: _0991_ (removal check against rising-edge clock clk)
Path Group: asynchronous
Path Type: min

Fanout         Cap        Slew       Delay        Time   Description
---------------------------------------------------------------------------------------------
                                  0.000000    0.000000   clock clk (rise edge)
                                  0.000000    0.000000   clock network delay (propagated)
                                  5.000000    5.000000 ^ input external delay
     2    0.006468    0.026574    0.016586    5.016586 ^ nrst (in)
                                                         nrst (net)
                      0.026577    0.000000    5.016586 ^ input16/A (sky130_fd_sc_hd__clkdlybuf4s25_1)
     1    0.002372    0.028945    0.154059    5.170646 ^ input16/X (sky130_fd_sc_hd__clkdlybuf4s25_1)
                                                         net16 (net)
                      0.028945    0.000100    5.170746 ^ _0546_/A (sky130_fd_sc_hd__and2_2)
     1    0.006415    0.036546    0.085331    5.256077 ^ _0546_/X (sky130_fd_sc_hd__and2_2)
                                                         SYNTH_INST.keypad.n_rst (net)
                      0.036553    0.000456    5.256533 ^ fanout74/A (sky130_fd_sc_hd__clkdlybuf4s25_1)
    11    0.042457    0.319567    0.360485    5.617017 ^ fanout74/X (sky130_fd_sc_hd__clkdlybuf4s25_1)
                                                         net74 (net)
                      0.319579    0.001696    5.618714 ^ fanout58/A (sky130_fd_sc_hd__clkdlybuf4s25_1)
    11    0.051553    0.386868    0.439170    6.057883 ^ fanout58/X (sky130_fd_sc_hd__clkdlybuf4s25_1)
                                                         net58 (net)
                      0.386893    0.002601    6.060484 ^ fanout50/A (sky130_fd_sc_hd__clkdlybuf4s25_1)
     3    0.012829    0.102989    0.244873    6.305357 ^ fanout50/X (sky130_fd_sc_hd__clkdlybuf4s25_1)
                                                         net50 (net)
                      0.102992    0.000692    6.306050 ^ load_slew51/A (sky130_fd_sc_hd__clkbuf_4)
     8    0.040754    0.098562    0.153847    6.459897 ^ load_slew51/X (sky130_fd_sc_hd__clkbuf_4)
                                                         net51 (net)
                      0.098940    0.004925    6.464821 ^ _0991_/RESET_B (sky130_fd_sc_hd__dfrtp_2)
                                              6.464821   data arrival time

                                  0.000000    0.000000   clock clk (rise edge)
                                  0.000000    0.000000   clock source latency
     2    0.022841    0.081177    0.056215    0.056215 ^ clk (in)
                                                         clk (net)
                      0.081218    0.000000    0.056215 ^ clkbuf_0_clk/A (sky130_fd_sc_hd__clkbuf_16)
    33    0.131693    0.111462    0.158192    0.214407 ^ clkbuf_0_clk/X (sky130_fd_sc_hd__clkbuf_16)
                                                         clknet_0_clk (net)
                      0.111784    0.004838    0.219246 ^ clkbuf_4_9_0_clk/A (sky130_fd_sc_hd__clkbuf_8)
     9    0.027530    0.046921    0.116993    0.336238 ^ clkbuf_4_9_0_clk/X (sky130_fd_sc_hd__clkbuf_8)
                                                         clknet_4_9_0_clk (net)
                      0.047018    0.001812    0.338050 ^ _0991_/CLK (sky130_fd_sc_hd__dfrtp_2)
                                  0.250000    0.588050   clock uncertainty
                                  0.000000    0.588050   clock reconvergence pessimism
                                  0.216991    0.805041   library removal time
                                              0.805041   data required time
---------------------------------------------------------------------------------------------
                                              0.805041   data required time
                                             -6.464821   data arrival time
---------------------------------------------------------------------------------------------
                                              5.659780   slack (MET)


Startpoint: nrst (input port clocked by clk)
Endpoint: _0977_ (removal check against rising-edge clock clk)
Path Group: asynchronous
Path Type: min

Fanout         Cap        Slew       Delay        Time   Description
---------------------------------------------------------------------------------------------
                                  0.000000    0.000000   clock clk (rise edge)
                                  0.000000    0.000000   clock network delay (propagated)
                                  5.000000    5.000000 ^ input external delay
     2    0.006468    0.026574    0.016586    5.016586 ^ nrst (in)
                                                         nrst (net)
                      0.026577    0.000000    5.016586 ^ input16/A (sky130_fd_sc_hd__clkdlybuf4s25_1)
     1    0.002372    0.028945    0.154059    5.170646 ^ input16/X (sky130_fd_sc_hd__clkdlybuf4s25_1)
                                                         net16 (net)
                      0.028945    0.000100    5.170746 ^ _0546_/A (sky130_fd_sc_hd__and2_2)
     1    0.006415    0.036546    0.085331    5.256077 ^ _0546_/X (sky130_fd_sc_hd__and2_2)
                                                         SYNTH_INST.keypad.n_rst (net)
                      0.036553    0.000456    5.256533 ^ fanout74/A (sky130_fd_sc_hd__clkdlybuf4s25_1)
    11    0.042457    0.319567    0.360485    5.617017 ^ fanout74/X (sky130_fd_sc_hd__clkdlybuf4s25_1)
                                                         net74 (net)
                      0.319579    0.001696    5.618714 ^ fanout58/A (sky130_fd_sc_hd__clkdlybuf4s25_1)
    11    0.051553    0.386868    0.439170    6.057883 ^ fanout58/X (sky130_fd_sc_hd__clkdlybuf4s25_1)
                                                         net58 (net)
                      0.386925    0.003936    6.061820 ^ fanout55/A (sky130_fd_sc_hd__clkdlybuf4s25_1)
     5    0.021312    0.164845    0.287542    6.349362 ^ fanout55/X (sky130_fd_sc_hd__clkdlybuf4s25_1)
                                                         net55 (net)
                      0.164848    0.000970    6.350332 ^ load_slew56/A (sky130_fd_sc_hd__buf_2)
     6    0.031832    0.119516    0.157143    6.507475 ^ load_slew56/X (sky130_fd_sc_hd__buf_2)
                                                         net56 (net)
                      0.119596    0.002535    6.510010 ^ _0977_/RESET_B (sky130_fd_sc_hd__dfrtp_2)
                                              6.510010   data arrival time

                                  0.000000    0.000000   clock clk (rise edge)
                                  0.000000    0.000000   clock source latency
     2    0.022841    0.081177    0.056215    0.056215 ^ clk (in)
                                                         clk (net)
                      0.081218    0.000000    0.056215 ^ clkbuf_0_clk/A (sky130_fd_sc_hd__clkbuf_16)
    33    0.131693    0.111462    0.158192    0.214407 ^ clkbuf_0_clk/X (sky130_fd_sc_hd__clkbuf_16)
                                                         clknet_0_clk (net)
                      0.111824    0.005115    0.219523 ^ clkbuf_4_1_0_clk/A (sky130_fd_sc_hd__clkbuf_8)
     9    0.034762    0.055595    0.123472    0.342995 ^ clkbuf_4_1_0_clk/X (sky130_fd_sc_hd__clkbuf_8)
                                                         clknet_4_1_0_clk (net)
                      0.055739    0.001958    0.344953 ^ _0977_/CLK (sky130_fd_sc_hd__dfrtp_2)
                                  0.250000    0.594953   clock uncertainty
                                  0.000000    0.594953   clock reconvergence pessimism
                                  0.223548    0.818500   library removal time
                                              0.818500   data required time
---------------------------------------------------------------------------------------------
                                              0.818500   data required time
                                             -6.510010   data arrival time
---------------------------------------------------------------------------------------------
                                              5.691510   slack (MET)


Startpoint: nrst (input port clocked by clk)
Endpoint: _1000_ (removal check against rising-edge clock clk)
Path Group: asynchronous
Path Type: min

Fanout         Cap        Slew       Delay        Time   Description
---------------------------------------------------------------------------------------------
                                  0.000000    0.000000   clock clk (rise edge)
                                  0.000000    0.000000   clock network delay (propagated)
                                  5.000000    5.000000 ^ input external delay
     2    0.006468    0.026574    0.016586    5.016586 ^ nrst (in)
                                                         nrst (net)
                      0.026577    0.000000    5.016586 ^ input16/A (sky130_fd_sc_hd__clkdlybuf4s25_1)
     1    0.002372    0.028945    0.154059    5.170646 ^ input16/X (sky130_fd_sc_hd__clkdlybuf4s25_1)
                                                         net16 (net)
                      0.028945    0.000100    5.170746 ^ _0546_/A (sky130_fd_sc_hd__and2_2)
     1    0.006415    0.036546    0.085331    5.256077 ^ _0546_/X (sky130_fd_sc_hd__and2_2)
                                                         SYNTH_INST.keypad.n_rst (net)
                      0.036553    0.000456    5.256533 ^ fanout74/A (sky130_fd_sc_hd__clkdlybuf4s25_1)
    11    0.042457    0.319567    0.360485    5.617017 ^ fanout74/X (sky130_fd_sc_hd__clkdlybuf4s25_1)
                                                         net74 (net)
                      0.319579    0.001696    5.618714 ^ fanout58/A (sky130_fd_sc_hd__clkdlybuf4s25_1)
    11    0.051553    0.386868    0.439170    6.057883 ^ fanout58/X (sky130_fd_sc_hd__clkdlybuf4s25_1)
                                                         net58 (net)
                      0.386925    0.003936    6.061820 ^ fanout55/A (sky130_fd_sc_hd__clkdlybuf4s25_1)
     5    0.021312    0.164845    0.287542    6.349362 ^ fanout55/X (sky130_fd_sc_hd__clkdlybuf4s25_1)
                                                         net55 (net)
                      0.164848    0.000970    6.350332 ^ load_slew56/A (sky130_fd_sc_hd__buf_2)
     6    0.031832    0.119516    0.157143    6.507475 ^ load_slew56/X (sky130_fd_sc_hd__buf_2)
                                                         net56 (net)
                      0.119557    0.001834    6.509308 ^ _1000_/RESET_B (sky130_fd_sc_hd__dfrtp_2)
                                              6.509308   data arrival time

                                  0.000000    0.000000   clock clk (rise edge)
                                  0.000000    0.000000   clock source latency
     2    0.022841    0.081177    0.056215    0.056215 ^ clk (in)
                                                         clk (net)
                      0.081218    0.000000    0.056215 ^ clkbuf_0_clk/A (sky130_fd_sc_hd__clkbuf_16)
    33    0.131693    0.111462    0.158192    0.214407 ^ clkbuf_0_clk/X (sky130_fd_sc_hd__clkbuf_16)
                                                         clknet_0_clk (net)
                      0.111854    0.005314    0.219721 ^ clkbuf_4_6_0_clk/A (sky130_fd_sc_hd__clkbuf_8)
     9    0.031293    0.051396    0.120102    0.339823 ^ clkbuf_4_6_0_clk/X (sky130_fd_sc_hd__clkbuf_8)
                                                         clknet_4_6_0_clk (net)
                      0.051640    0.002527    0.342350 ^ _1000_/CLK (sky130_fd_sc_hd__dfrtp_2)
                                  0.250000    0.592350   clock uncertainty
                                  0.000000    0.592350   clock reconvergence pessimism
                                  0.222978    0.815328   library removal time
                                              0.815328   data required time
---------------------------------------------------------------------------------------------
                                              0.815328   data required time
                                             -6.509308   data arrival time
---------------------------------------------------------------------------------------------
                                              5.693981   slack (MET)


Startpoint: nrst (input port clocked by clk)
Endpoint: _0961_ (removal check against rising-edge clock clk)
Path Group: asynchronous
Path Type: min

Fanout         Cap        Slew       Delay        Time   Description
---------------------------------------------------------------------------------------------
                                  0.000000    0.000000   clock clk (rise edge)
                                  0.000000    0.000000   clock network delay (propagated)
                                  5.000000    5.000000 ^ input external delay
     2    0.006468    0.026574    0.016586    5.016586 ^ nrst (in)
                                                         nrst (net)
                      0.026577    0.000000    5.016586 ^ input16/A (sky130_fd_sc_hd__clkdlybuf4s25_1)
     1    0.002372    0.028945    0.154059    5.170646 ^ input16/X (sky130_fd_sc_hd__clkdlybuf4s25_1)
                                                         net16 (net)
                      0.028945    0.000100    5.170746 ^ _0546_/A (sky130_fd_sc_hd__and2_2)
     1    0.006415    0.036546    0.085331    5.256077 ^ _0546_/X (sky130_fd_sc_hd__and2_2)
                                                         SYNTH_INST.keypad.n_rst (net)
                      0.036553    0.000456    5.256533 ^ fanout74/A (sky130_fd_sc_hd__clkdlybuf4s25_1)
    11    0.042457    0.319567    0.360485    5.617017 ^ fanout74/X (sky130_fd_sc_hd__clkdlybuf4s25_1)
                                                         net74 (net)
                      0.319579    0.001696    5.618714 ^ fanout58/A (sky130_fd_sc_hd__clkdlybuf4s25_1)
    11    0.051553    0.386868    0.439170    6.057883 ^ fanout58/X (sky130_fd_sc_hd__clkdlybuf4s25_1)
                                                         net58 (net)
                      0.386925    0.003936    6.061820 ^ fanout55/A (sky130_fd_sc_hd__clkdlybuf4s25_1)
     5    0.021312    0.164845    0.287542    6.349362 ^ fanout55/X (sky130_fd_sc_hd__clkdlybuf4s25_1)
                                                         net55 (net)
                      0.164848    0.000970    6.350332 ^ load_slew56/A (sky130_fd_sc_hd__buf_2)
     6    0.031832    0.119516    0.157143    6.507475 ^ load_slew56/X (sky130_fd_sc_hd__buf_2)
                                                         net56 (net)
                      0.119569    0.002084    6.509558 ^ _0961_/RESET_B (sky130_fd_sc_hd__dfrtp_2)
                                              6.509558   data arrival time

                                  0.000000    0.000000   clock clk (rise edge)
                                  0.000000    0.000000   clock source latency
     2    0.022841    0.081177    0.056215    0.056215 ^ clk (in)
                                                         clk (net)
                      0.081218    0.000000    0.056215 ^ clkbuf_0_clk/A (sky130_fd_sc_hd__clkbuf_16)
    33    0.131693    0.111462    0.158192    0.214407 ^ clkbuf_0_clk/X (sky130_fd_sc_hd__clkbuf_16)
                                                         clknet_0_clk (net)
                      0.111707    0.004239    0.218647 ^ clkbuf_4_3_0_clk/A (sky130_fd_sc_hd__clkbuf_8)
     9    0.029061    0.048732    0.118254    0.336901 ^ clkbuf_4_3_0_clk/X (sky130_fd_sc_hd__clkbuf_8)
                                                         clknet_4_3_0_clk (net)
                      0.048915    0.002076    0.338977 ^ _0961_/CLK (sky130_fd_sc_hd__dfrtp_2)
                                  0.250000    0.588977   clock uncertainty
                                  0.000000    0.588977   clock reconvergence pessimism
                                  0.222609    0.811586   library removal time
                                              0.811586   data required time
---------------------------------------------------------------------------------------------
                                              0.811586   data required time
                                             -6.509558   data arrival time
---------------------------------------------------------------------------------------------
                                              5.697972   slack (MET)


Startpoint: nrst (input port clocked by clk)
Endpoint: _0930_ (removal check against rising-edge clock clk)
Path Group: asynchronous
Path Type: min

Fanout         Cap        Slew       Delay        Time   Description
---------------------------------------------------------------------------------------------
                                  0.000000    0.000000   clock clk (rise edge)
                                  0.000000    0.000000   clock network delay (propagated)
                                  5.000000    5.000000 ^ input external delay
     2    0.006468    0.026574    0.016586    5.016586 ^ nrst (in)
                                                         nrst (net)
                      0.026577    0.000000    5.016586 ^ input16/A (sky130_fd_sc_hd__clkdlybuf4s25_1)
     1    0.002372    0.028945    0.154059    5.170646 ^ input16/X (sky130_fd_sc_hd__clkdlybuf4s25_1)
                                                         net16 (net)
                      0.028945    0.000100    5.170746 ^ _0546_/A (sky130_fd_sc_hd__and2_2)
     1    0.006415    0.036546    0.085331    5.256077 ^ _0546_/X (sky130_fd_sc_hd__and2_2)
                                                         SYNTH_INST.keypad.n_rst (net)
                      0.036553    0.000456    5.256533 ^ fanout74/A (sky130_fd_sc_hd__clkdlybuf4s25_1)
    11    0.042457    0.319567    0.360485    5.617017 ^ fanout74/X (sky130_fd_sc_hd__clkdlybuf4s25_1)
                                                         net74 (net)
                      0.319579    0.001696    5.618714 ^ fanout58/A (sky130_fd_sc_hd__clkdlybuf4s25_1)
    11    0.051553    0.386868    0.439170    6.057883 ^ fanout58/X (sky130_fd_sc_hd__clkdlybuf4s25_1)
                                                         net58 (net)
                      0.386925    0.003936    6.061820 ^ fanout55/A (sky130_fd_sc_hd__clkdlybuf4s25_1)
     5    0.021312    0.164845    0.287542    6.349362 ^ fanout55/X (sky130_fd_sc_hd__clkdlybuf4s25_1)
                                                         net55 (net)
                      0.164848    0.000970    6.350332 ^ load_slew56/A (sky130_fd_sc_hd__buf_2)
     6    0.031832    0.119516    0.157143    6.507475 ^ load_slew56/X (sky130_fd_sc_hd__buf_2)
                                                         net56 (net)
                      0.119575    0.002187    6.509662 ^ _0930_/RESET_B (sky130_fd_sc_hd__dfrtp_2)
                                              6.509662   data arrival time

                                  0.000000    0.000000   clock clk (rise edge)
                                  0.000000    0.000000   clock source latency
     2    0.022841    0.081177    0.056215    0.056215 ^ clk (in)
                                                         clk (net)
                      0.081218    0.000000    0.056215 ^ clkbuf_0_clk/A (sky130_fd_sc_hd__clkbuf_16)
    33    0.131693    0.111462    0.158192    0.214407 ^ clkbuf_0_clk/X (sky130_fd_sc_hd__clkbuf_16)
                                                         clknet_0_clk (net)
                      0.111707    0.004239    0.218647 ^ clkbuf_4_3_0_clk/A (sky130_fd_sc_hd__clkbuf_8)
     9    0.029061    0.048732    0.118254    0.336901 ^ clkbuf_4_3_0_clk/X (sky130_fd_sc_hd__clkbuf_8)
                                                         clknet_4_3_0_clk (net)
                      0.048915    0.002076    0.338977 ^ _0930_/CLK (sky130_fd_sc_hd__dfrtp_2)
                                  0.250000    0.588977   clock uncertainty
                                  0.000000    0.588977   clock reconvergence pessimism
                                  0.222610    0.811587   library removal time
                                              0.811587   data required time
---------------------------------------------------------------------------------------------
                                              0.811587   data required time
                                             -6.509662   data arrival time
---------------------------------------------------------------------------------------------
                                              5.698075   slack (MET)


Startpoint: nrst (input port clocked by clk)
Endpoint: _0967_ (removal check against rising-edge clock clk)
Path Group: asynchronous
Path Type: min

Fanout         Cap        Slew       Delay        Time   Description
---------------------------------------------------------------------------------------------
                                  0.000000    0.000000   clock clk (rise edge)
                                  0.000000    0.000000   clock network delay (propagated)
                                  5.000000    5.000000 ^ input external delay
     2    0.006468    0.026574    0.016586    5.016586 ^ nrst (in)
                                                         nrst (net)
                      0.026577    0.000000    5.016586 ^ input16/A (sky130_fd_sc_hd__clkdlybuf4s25_1)
     1    0.002372    0.028945    0.154059    5.170646 ^ input16/X (sky130_fd_sc_hd__clkdlybuf4s25_1)
                                                         net16 (net)
                      0.028945    0.000100    5.170746 ^ _0546_/A (sky130_fd_sc_hd__and2_2)
     1    0.006415    0.036546    0.085331    5.256077 ^ _0546_/X (sky130_fd_sc_hd__and2_2)
                                                         SYNTH_INST.keypad.n_rst (net)
                      0.036553    0.000456    5.256533 ^ fanout74/A (sky130_fd_sc_hd__clkdlybuf4s25_1)
    11    0.042457    0.319567    0.360485    5.617017 ^ fanout74/X (sky130_fd_sc_hd__clkdlybuf4s25_1)
                                                         net74 (net)
                      0.319579    0.001696    5.618714 ^ fanout58/A (sky130_fd_sc_hd__clkdlybuf4s25_1)
    11    0.051553    0.386868    0.439170    6.057883 ^ fanout58/X (sky130_fd_sc_hd__clkdlybuf4s25_1)
                                                         net58 (net)
                      0.386889    0.002423    6.060306 ^ fanout48/A (sky130_fd_sc_hd__clkdlybuf4s25_1)
     5    0.023701    0.182272    0.299596    6.359902 ^ fanout48/X (sky130_fd_sc_hd__clkdlybuf4s25_1)
                                                         net48 (net)
                      0.182272    0.000725    6.360627 ^ load_slew49/A (sky130_fd_sc_hd__buf_2)
     6    0.030597    0.115826    0.155008    6.515635 ^ load_slew49/X (sky130_fd_sc_hd__buf_2)
                                                         net49 (net)
                      0.115864    0.001760    6.517395 ^ _0967_/RESET_B (sky130_fd_sc_hd__dfrtp_2)
                                              6.517395   data arrival time

                                  0.000000    0.000000   clock clk (rise edge)
                                  0.000000    0.000000   clock source latency
     2    0.022841    0.081177    0.056215    0.056215 ^ clk (in)
                                                         clk (net)
                      0.081218    0.000000    0.056215 ^ clkbuf_0_clk/A (sky130_fd_sc_hd__clkbuf_16)
    33    0.131693    0.111462    0.158192    0.214407 ^ clkbuf_0_clk/X (sky130_fd_sc_hd__clkbuf_16)
                                                         clknet_0_clk (net)
                      0.111826    0.005126    0.219534 ^ clkbuf_4_0_0_clk/A (sky130_fd_sc_hd__clkbuf_8)
     9    0.035823    0.056861    0.124099    0.343633 ^ clkbuf_4_0_0_clk/X (sky130_fd_sc_hd__clkbuf_8)
                                                         clknet_4_0_0_clk (net)
                      0.057142    0.002912    0.346545 ^ _0967_/CLK (sky130_fd_sc_hd__dfrtp_2)
                                  0.250000    0.596545   clock uncertainty
                                  0.000000    0.596545   clock reconvergence pessimism
                                  0.222770    0.819315   library removal time
                                              0.819315   data required time
---------------------------------------------------------------------------------------------
                                              0.819315   data required time
                                             -6.517395   data arrival time
---------------------------------------------------------------------------------------------
                                              5.698080   slack (MET)


Startpoint: nrst (input port clocked by clk)
Endpoint: _0978_ (removal check against rising-edge clock clk)
Path Group: asynchronous
Path Type: min

Fanout         Cap        Slew       Delay        Time   Description
---------------------------------------------------------------------------------------------
                                  0.000000    0.000000   clock clk (rise edge)
                                  0.000000    0.000000   clock network delay (propagated)
                                  5.000000    5.000000 ^ input external delay
     2    0.006468    0.026574    0.016586    5.016586 ^ nrst (in)
                                                         nrst (net)
                      0.026577    0.000000    5.016586 ^ input16/A (sky130_fd_sc_hd__clkdlybuf4s25_1)
     1    0.002372    0.028945    0.154059    5.170646 ^ input16/X (sky130_fd_sc_hd__clkdlybuf4s25_1)
                                                         net16 (net)
                      0.028945    0.000100    5.170746 ^ _0546_/A (sky130_fd_sc_hd__and2_2)
     1    0.006415    0.036546    0.085331    5.256077 ^ _0546_/X (sky130_fd_sc_hd__and2_2)
                                                         SYNTH_INST.keypad.n_rst (net)
                      0.036553    0.000456    5.256533 ^ fanout74/A (sky130_fd_sc_hd__clkdlybuf4s25_1)
    11    0.042457    0.319567    0.360485    5.617017 ^ fanout74/X (sky130_fd_sc_hd__clkdlybuf4s25_1)
                                                         net74 (net)
                      0.319579    0.001696    5.618714 ^ fanout58/A (sky130_fd_sc_hd__clkdlybuf4s25_1)
    11    0.051553    0.386868    0.439170    6.057883 ^ fanout58/X (sky130_fd_sc_hd__clkdlybuf4s25_1)
                                                         net58 (net)
                      0.386925    0.003936    6.061820 ^ fanout55/A (sky130_fd_sc_hd__clkdlybuf4s25_1)
     5    0.021312    0.164845    0.287542    6.349362 ^ fanout55/X (sky130_fd_sc_hd__clkdlybuf4s25_1)
                                                         net55 (net)
                      0.164848    0.000970    6.350332 ^ load_slew56/A (sky130_fd_sc_hd__buf_2)
     6    0.031832    0.119516    0.157143    6.507475 ^ load_slew56/X (sky130_fd_sc_hd__buf_2)
                                                         net56 (net)
                      0.119593    0.002500    6.509974 ^ _0978_/RESET_B (sky130_fd_sc_hd__dfrtp_2)
                                              6.509974   data arrival time

                                  0.000000    0.000000   clock clk (rise edge)
                                  0.000000    0.000000   clock source latency
     2    0.022841    0.081177    0.056215    0.056215 ^ clk (in)
                                                         clk (net)
                      0.081218    0.000000    0.056215 ^ clkbuf_0_clk/A (sky130_fd_sc_hd__clkbuf_16)
    33    0.131693    0.111462    0.158192    0.214407 ^ clkbuf_0_clk/X (sky130_fd_sc_hd__clkbuf_16)
                                                         clknet_0_clk (net)
                      0.111707    0.004239    0.218647 ^ clkbuf_4_3_0_clk/A (sky130_fd_sc_hd__clkbuf_8)
     9    0.029061    0.048732    0.118254    0.336901 ^ clkbuf_4_3_0_clk/X (sky130_fd_sc_hd__clkbuf_8)
                                                         clknet_4_3_0_clk (net)
                      0.048911    0.002052    0.338954 ^ _0978_/CLK (sky130_fd_sc_hd__dfrtp_2)
                                  0.250000    0.588954   clock uncertainty
                                  0.000000    0.588954   clock reconvergence pessimism
                                  0.222615    0.811568   library removal time
                                              0.811568   data required time
---------------------------------------------------------------------------------------------
                                              0.811568   data required time
                                             -6.509974   data arrival time
---------------------------------------------------------------------------------------------
                                              5.698406   slack (MET)


Startpoint: nrst (input port clocked by clk)
Endpoint: _0910_ (removal check against rising-edge clock clk)
Path Group: asynchronous
Path Type: min

Fanout         Cap        Slew       Delay        Time   Description
---------------------------------------------------------------------------------------------
                                  0.000000    0.000000   clock clk (rise edge)
                                  0.000000    0.000000   clock network delay (propagated)
                                  5.000000    5.000000 ^ input external delay
     2    0.006468    0.026574    0.016586    5.016586 ^ nrst (in)
                                                         nrst (net)
                      0.026577    0.000000    5.016586 ^ input16/A (sky130_fd_sc_hd__clkdlybuf4s25_1)
     1    0.002372    0.028945    0.154059    5.170646 ^ input16/X (sky130_fd_sc_hd__clkdlybuf4s25_1)
                                                         net16 (net)
                      0.028945    0.000100    5.170746 ^ _0546_/A (sky130_fd_sc_hd__and2_2)
     1    0.006415    0.036546    0.085331    5.256077 ^ _0546_/X (sky130_fd_sc_hd__and2_2)
                                                         SYNTH_INST.keypad.n_rst (net)
                      0.036553    0.000456    5.256533 ^ fanout74/A (sky130_fd_sc_hd__clkdlybuf4s25_1)
    11    0.042457    0.319567    0.360485    5.617017 ^ fanout74/X (sky130_fd_sc_hd__clkdlybuf4s25_1)
                                                         net74 (net)
                      0.319579    0.001696    5.618714 ^ fanout58/A (sky130_fd_sc_hd__clkdlybuf4s25_1)
    11    0.051553    0.386868    0.439170    6.057883 ^ fanout58/X (sky130_fd_sc_hd__clkdlybuf4s25_1)
                                                         net58 (net)
                      0.386925    0.003936    6.061820 ^ fanout55/A (sky130_fd_sc_hd__clkdlybuf4s25_1)
     5    0.021312    0.164845    0.287542    6.349362 ^ fanout55/X (sky130_fd_sc_hd__clkdlybuf4s25_1)
                                                         net55 (net)
                      0.164848    0.000970    6.350332 ^ load_slew56/A (sky130_fd_sc_hd__buf_2)
     6    0.031832    0.119516    0.157143    6.507475 ^ load_slew56/X (sky130_fd_sc_hd__buf_2)
                                                         net56 (net)
                      0.119609    0.002743    6.510218 ^ _0910_/RESET_B (sky130_fd_sc_hd__dfrtp_2)
                                              6.510218   data arrival time

                                  0.000000    0.000000   clock clk (rise edge)
                                  0.000000    0.000000   clock source latency
     2    0.022841    0.081177    0.056215    0.056215 ^ clk (in)
                                                         clk (net)
                      0.081218    0.000000    0.056215 ^ clkbuf_0_clk/A (sky130_fd_sc_hd__clkbuf_16)
    33    0.131693    0.111462    0.158192    0.214407 ^ clkbuf_0_clk/X (sky130_fd_sc_hd__clkbuf_16)
                                                         clknet_0_clk (net)
                      0.111994    0.006166    0.220573 ^ clkbuf_4_5_0_clk/A (sky130_fd_sc_hd__clkbuf_8)
     9    0.027677    0.047082    0.117064    0.337637 ^ clkbuf_4_5_0_clk/X (sky130_fd_sc_hd__clkbuf_8)
                                                         clknet_4_5_0_clk (net)
                      0.047169    0.001742    0.339380 ^ _0910_/CLK (sky130_fd_sc_hd__dfrtp_2)
                                  0.250000    0.589380   clock uncertainty
                                  0.000000    0.589380   clock reconvergence pessimism
                                  0.222381    0.811760   library removal time
                                              0.811760   data required time
---------------------------------------------------------------------------------------------
                                              0.811760   data required time
                                             -6.510218   data arrival time
---------------------------------------------------------------------------------------------
                                              5.698457   slack (MET)


Startpoint: nrst (input port clocked by clk)
Endpoint: _0968_ (removal check against rising-edge clock clk)
Path Group: asynchronous
Path Type: min

Fanout         Cap        Slew       Delay        Time   Description
---------------------------------------------------------------------------------------------
                                  0.000000    0.000000   clock clk (rise edge)
                                  0.000000    0.000000   clock network delay (propagated)
                                  5.000000    5.000000 ^ input external delay
     2    0.006468    0.026574    0.016586    5.016586 ^ nrst (in)
                                                         nrst (net)
                      0.026577    0.000000    5.016586 ^ input16/A (sky130_fd_sc_hd__clkdlybuf4s25_1)
     1    0.002372    0.028945    0.154059    5.170646 ^ input16/X (sky130_fd_sc_hd__clkdlybuf4s25_1)
                                                         net16 (net)
                      0.028945    0.000100    5.170746 ^ _0546_/A (sky130_fd_sc_hd__and2_2)
     1    0.006415    0.036546    0.085331    5.256077 ^ _0546_/X (sky130_fd_sc_hd__and2_2)
                                                         SYNTH_INST.keypad.n_rst (net)
                      0.036553    0.000456    5.256533 ^ fanout74/A (sky130_fd_sc_hd__clkdlybuf4s25_1)
    11    0.042457    0.319567    0.360485    5.617017 ^ fanout74/X (sky130_fd_sc_hd__clkdlybuf4s25_1)
                                                         net74 (net)
                      0.319579    0.001696    5.618714 ^ fanout58/A (sky130_fd_sc_hd__clkdlybuf4s25_1)
    11    0.051553    0.386868    0.439170    6.057883 ^ fanout58/X (sky130_fd_sc_hd__clkdlybuf4s25_1)
                                                         net58 (net)
                      0.386889    0.002423    6.060306 ^ fanout48/A (sky130_fd_sc_hd__clkdlybuf4s25_1)
     5    0.023701    0.182272    0.299596    6.359902 ^ fanout48/X (sky130_fd_sc_hd__clkdlybuf4s25_1)
                                                         net48 (net)
                      0.182272    0.000725    6.360627 ^ load_slew49/A (sky130_fd_sc_hd__buf_2)
     6    0.030597    0.115826    0.155008    6.515635 ^ load_slew49/X (sky130_fd_sc_hd__buf_2)
                                                         net49 (net)
                      0.115928    0.002835    6.518469 ^ _0968_/RESET_B (sky130_fd_sc_hd__dfrtp_2)
                                              6.518469   data arrival time

                                  0.000000    0.000000   clock clk (rise edge)
                                  0.000000    0.000000   clock source latency
     2    0.022841    0.081177    0.056215    0.056215 ^ clk (in)
                                                         clk (net)
                      0.081218    0.000000    0.056215 ^ clkbuf_0_clk/A (sky130_fd_sc_hd__clkbuf_16)
    33    0.131693    0.111462    0.158192    0.214407 ^ clkbuf_0_clk/X (sky130_fd_sc_hd__clkbuf_16)
                                                         clknet_0_clk (net)
                      0.111826    0.005126    0.219534 ^ clkbuf_4_0_0_clk/A (sky130_fd_sc_hd__clkbuf_8)
     9    0.035823    0.056861    0.124099    0.343633 ^ clkbuf_4_0_0_clk/X (sky130_fd_sc_hd__clkbuf_8)
                                                         clknet_4_0_0_clk (net)
                      0.057133    0.002858    0.346491 ^ _0968_/CLK (sky130_fd_sc_hd__dfrtp_2)
                                  0.250000    0.596491   clock uncertainty
                                  0.000000    0.596491   clock reconvergence pessimism
                                  0.222786    0.819277   library removal time
                                              0.819277   data required time
---------------------------------------------------------------------------------------------
                                              0.819277   data required time
                                             -6.518469   data arrival time
---------------------------------------------------------------------------------------------
                                              5.699193   slack (MET)


Startpoint: nrst (input port clocked by clk)
Endpoint: _0969_ (removal check against rising-edge clock clk)
Path Group: asynchronous
Path Type: min

Fanout         Cap        Slew       Delay        Time   Description
---------------------------------------------------------------------------------------------
                                  0.000000    0.000000   clock clk (rise edge)
                                  0.000000    0.000000   clock network delay (propagated)
                                  5.000000    5.000000 ^ input external delay
     2    0.006468    0.026574    0.016586    5.016586 ^ nrst (in)
                                                         nrst (net)
                      0.026577    0.000000    5.016586 ^ input16/A (sky130_fd_sc_hd__clkdlybuf4s25_1)
     1    0.002372    0.028945    0.154059    5.170646 ^ input16/X (sky130_fd_sc_hd__clkdlybuf4s25_1)
                                                         net16 (net)
                      0.028945    0.000100    5.170746 ^ _0546_/A (sky130_fd_sc_hd__and2_2)
     1    0.006415    0.036546    0.085331    5.256077 ^ _0546_/X (sky130_fd_sc_hd__and2_2)
                                                         SYNTH_INST.keypad.n_rst (net)
                      0.036553    0.000456    5.256533 ^ fanout74/A (sky130_fd_sc_hd__clkdlybuf4s25_1)
    11    0.042457    0.319567    0.360485    5.617017 ^ fanout74/X (sky130_fd_sc_hd__clkdlybuf4s25_1)
                                                         net74 (net)
                      0.319579    0.001696    5.618714 ^ fanout58/A (sky130_fd_sc_hd__clkdlybuf4s25_1)
    11    0.051553    0.386868    0.439170    6.057883 ^ fanout58/X (sky130_fd_sc_hd__clkdlybuf4s25_1)
                                                         net58 (net)
                      0.386889    0.002423    6.060306 ^ fanout48/A (sky130_fd_sc_hd__clkdlybuf4s25_1)
     5    0.023701    0.182272    0.299596    6.359902 ^ fanout48/X (sky130_fd_sc_hd__clkdlybuf4s25_1)
                                                         net48 (net)
                      0.182272    0.000725    6.360627 ^ load_slew49/A (sky130_fd_sc_hd__buf_2)
     6    0.030597    0.115826    0.155008    6.515635 ^ load_slew49/X (sky130_fd_sc_hd__buf_2)
                                                         net49 (net)
                      0.115993    0.003609    6.519244 ^ _0969_/RESET_B (sky130_fd_sc_hd__dfrtp_2)
                                              6.519244   data arrival time

                                  0.000000    0.000000   clock clk (rise edge)
                                  0.000000    0.000000   clock source latency
     2    0.022841    0.081177    0.056215    0.056215 ^ clk (in)
                                                         clk (net)
                      0.081218    0.000000    0.056215 ^ clkbuf_0_clk/A (sky130_fd_sc_hd__clkbuf_16)
    33    0.131693    0.111462    0.158192    0.214407 ^ clkbuf_0_clk/X (sky130_fd_sc_hd__clkbuf_16)
                                                         clknet_0_clk (net)
                      0.111826    0.005126    0.219534 ^ clkbuf_4_0_0_clk/A (sky130_fd_sc_hd__clkbuf_8)
     9    0.035823    0.056861    0.124099    0.343633 ^ clkbuf_4_0_0_clk/X (sky130_fd_sc_hd__clkbuf_8)
                                                         clknet_4_0_0_clk (net)
                      0.057109    0.002703    0.346337 ^ _0969_/CLK (sky130_fd_sc_hd__dfrtp_2)
                                  0.250000    0.596337   clock uncertainty
                                  0.000000    0.596337   clock reconvergence pessimism
                                  0.222799    0.819136   library removal time
                                              0.819136   data required time
---------------------------------------------------------------------------------------------
                                              0.819136   data required time
                                             -6.519244   data arrival time
---------------------------------------------------------------------------------------------
                                              5.700108   slack (MET)


Startpoint: nrst (input port clocked by clk)
Endpoint: _0970_ (removal check against rising-edge clock clk)
Path Group: asynchronous
Path Type: min

Fanout         Cap        Slew       Delay        Time   Description
---------------------------------------------------------------------------------------------
                                  0.000000    0.000000   clock clk (rise edge)
                                  0.000000    0.000000   clock network delay (propagated)
                                  5.000000    5.000000 ^ input external delay
     2    0.006468    0.026574    0.016586    5.016586 ^ nrst (in)
                                                         nrst (net)
                      0.026577    0.000000    5.016586 ^ input16/A (sky130_fd_sc_hd__clkdlybuf4s25_1)
     1    0.002372    0.028945    0.154059    5.170646 ^ input16/X (sky130_fd_sc_hd__clkdlybuf4s25_1)
                                                         net16 (net)
                      0.028945    0.000100    5.170746 ^ _0546_/A (sky130_fd_sc_hd__and2_2)
     1    0.006415    0.036546    0.085331    5.256077 ^ _0546_/X (sky130_fd_sc_hd__and2_2)
                                                         SYNTH_INST.keypad.n_rst (net)
                      0.036553    0.000456    5.256533 ^ fanout74/A (sky130_fd_sc_hd__clkdlybuf4s25_1)
    11    0.042457    0.319567    0.360485    5.617017 ^ fanout74/X (sky130_fd_sc_hd__clkdlybuf4s25_1)
                                                         net74 (net)
                      0.319579    0.001696    5.618714 ^ fanout58/A (sky130_fd_sc_hd__clkdlybuf4s25_1)
    11    0.051553    0.386868    0.439170    6.057883 ^ fanout58/X (sky130_fd_sc_hd__clkdlybuf4s25_1)
                                                         net58 (net)
                      0.386889    0.002423    6.060306 ^ fanout48/A (sky130_fd_sc_hd__clkdlybuf4s25_1)
     5    0.023701    0.182272    0.299596    6.359902 ^ fanout48/X (sky130_fd_sc_hd__clkdlybuf4s25_1)
                                                         net48 (net)
                      0.182272    0.000725    6.360627 ^ load_slew49/A (sky130_fd_sc_hd__buf_2)
     6    0.030597    0.115826    0.155008    6.515635 ^ load_slew49/X (sky130_fd_sc_hd__buf_2)
                                                         net49 (net)
                      0.116066    0.004301    6.519936 ^ _0970_/RESET_B (sky130_fd_sc_hd__dfrtp_2)
                                              6.519936   data arrival time

                                  0.000000    0.000000   clock clk (rise edge)
                                  0.000000    0.000000   clock source latency
     2    0.022841    0.081177    0.056215    0.056215 ^ clk (in)
                                                         clk (net)
                      0.081218    0.000000    0.056215 ^ clkbuf_0_clk/A (sky130_fd_sc_hd__clkbuf_16)
    33    0.131693    0.111462    0.158192    0.214407 ^ clkbuf_0_clk/X (sky130_fd_sc_hd__clkbuf_16)
                                                         clknet_0_clk (net)
                      0.111826    0.005126    0.219534 ^ clkbuf_4_0_0_clk/A (sky130_fd_sc_hd__clkbuf_8)
     9    0.035823    0.056861    0.124099    0.343633 ^ clkbuf_4_0_0_clk/X (sky130_fd_sc_hd__clkbuf_8)
                                                         clknet_4_0_0_clk (net)
                      0.056983    0.001716    0.345349 ^ _0970_/CLK (sky130_fd_sc_hd__dfrtp_2)
                                  0.250000    0.595349   clock uncertainty
                                  0.000000    0.595349   clock reconvergence pessimism
                                  0.222801    0.818150   library removal time
                                              0.818150   data required time
---------------------------------------------------------------------------------------------
                                              0.818150   data required time
                                             -6.519936   data arrival time
---------------------------------------------------------------------------------------------
                                              5.701786   slack (MET)


Startpoint: nrst (input port clocked by clk)
Endpoint: _0972_ (removal check against rising-edge clock clk)
Path Group: asynchronous
Path Type: min

Fanout         Cap        Slew       Delay        Time   Description
---------------------------------------------------------------------------------------------
                                  0.000000    0.000000   clock clk (rise edge)
                                  0.000000    0.000000   clock network delay (propagated)
                                  5.000000    5.000000 ^ input external delay
     2    0.006468    0.026574    0.016586    5.016586 ^ nrst (in)
                                                         nrst (net)
                      0.026577    0.000000    5.016586 ^ input16/A (sky130_fd_sc_hd__clkdlybuf4s25_1)
     1    0.002372    0.028945    0.154059    5.170646 ^ input16/X (sky130_fd_sc_hd__clkdlybuf4s25_1)
                                                         net16 (net)
                      0.028945    0.000100    5.170746 ^ _0546_/A (sky130_fd_sc_hd__and2_2)
     1    0.006415    0.036546    0.085331    5.256077 ^ _0546_/X (sky130_fd_sc_hd__and2_2)
                                                         SYNTH_INST.keypad.n_rst (net)
                      0.036553    0.000456    5.256533 ^ fanout74/A (sky130_fd_sc_hd__clkdlybuf4s25_1)
    11    0.042457    0.319567    0.360485    5.617017 ^ fanout74/X (sky130_fd_sc_hd__clkdlybuf4s25_1)
                                                         net74 (net)
                      0.319579    0.001696    5.618714 ^ fanout58/A (sky130_fd_sc_hd__clkdlybuf4s25_1)
    11    0.051553    0.386868    0.439170    6.057883 ^ fanout58/X (sky130_fd_sc_hd__clkdlybuf4s25_1)
                                                         net58 (net)
                      0.386889    0.002423    6.060306 ^ fanout48/A (sky130_fd_sc_hd__clkdlybuf4s25_1)
     5    0.023701    0.182272    0.299596    6.359902 ^ fanout48/X (sky130_fd_sc_hd__clkdlybuf4s25_1)
                                                         net48 (net)
                      0.182272    0.000725    6.360627 ^ load_slew49/A (sky130_fd_sc_hd__buf_2)
     6    0.030597    0.115826    0.155008    6.515635 ^ load_slew49/X (sky130_fd_sc_hd__buf_2)
                                                         net49 (net)
                      0.116110    0.004665    6.520299 ^ _0972_/RESET_B (sky130_fd_sc_hd__dfrtp_2)
                                              6.520299   data arrival time

                                  0.000000    0.000000   clock clk (rise edge)
                                  0.000000    0.000000   clock source latency
     2    0.022841    0.081177    0.056215    0.056215 ^ clk (in)
                                                         clk (net)
                      0.081218    0.000000    0.056215 ^ clkbuf_0_clk/A (sky130_fd_sc_hd__clkbuf_16)
    33    0.131693    0.111462    0.158192    0.214407 ^ clkbuf_0_clk/X (sky130_fd_sc_hd__clkbuf_16)
                                                         clknet_0_clk (net)
                      0.111824    0.005115    0.219523 ^ clkbuf_4_1_0_clk/A (sky130_fd_sc_hd__clkbuf_8)
     9    0.034762    0.055595    0.123472    0.342995 ^ clkbuf_4_1_0_clk/X (sky130_fd_sc_hd__clkbuf_8)
                                                         clknet_4_1_0_clk (net)
                      0.055636    0.001394    0.344389 ^ _0972_/CLK (sky130_fd_sc_hd__dfrtp_2)
                                  0.250000    0.594389   clock uncertainty
                                  0.000000    0.594389   clock reconvergence pessimism
                                  0.222629    0.817018   library removal time
                                              0.817018   data required time
---------------------------------------------------------------------------------------------
                                              0.817018   data required time
                                             -6.520299   data arrival time
---------------------------------------------------------------------------------------------
                                              5.703282   slack (MET)


Startpoint: nrst (input port clocked by clk)
Endpoint: _0971_ (removal check against rising-edge clock clk)
Path Group: asynchronous
Path Type: min

Fanout         Cap        Slew       Delay        Time   Description
---------------------------------------------------------------------------------------------
                                  0.000000    0.000000   clock clk (rise edge)
                                  0.000000    0.000000   clock network delay (propagated)
                                  5.000000    5.000000 ^ input external delay
     2    0.006468    0.026574    0.016586    5.016586 ^ nrst (in)
                                                         nrst (net)
                      0.026577    0.000000    5.016586 ^ input16/A (sky130_fd_sc_hd__clkdlybuf4s25_1)
     1    0.002372    0.028945    0.154059    5.170646 ^ input16/X (sky130_fd_sc_hd__clkdlybuf4s25_1)
                                                         net16 (net)
                      0.028945    0.000100    5.170746 ^ _0546_/A (sky130_fd_sc_hd__and2_2)
     1    0.006415    0.036546    0.085331    5.256077 ^ _0546_/X (sky130_fd_sc_hd__and2_2)
                                                         SYNTH_INST.keypad.n_rst (net)
                      0.036553    0.000456    5.256533 ^ fanout74/A (sky130_fd_sc_hd__clkdlybuf4s25_1)
    11    0.042457    0.319567    0.360485    5.617017 ^ fanout74/X (sky130_fd_sc_hd__clkdlybuf4s25_1)
                                                         net74 (net)
                      0.319579    0.001696    5.618714 ^ fanout58/A (sky130_fd_sc_hd__clkdlybuf4s25_1)
    11    0.051553    0.386868    0.439170    6.057883 ^ fanout58/X (sky130_fd_sc_hd__clkdlybuf4s25_1)
                                                         net58 (net)
                      0.386889    0.002423    6.060306 ^ fanout48/A (sky130_fd_sc_hd__clkdlybuf4s25_1)
     5    0.023701    0.182272    0.299596    6.359902 ^ fanout48/X (sky130_fd_sc_hd__clkdlybuf4s25_1)
                                                         net48 (net)
                      0.182272    0.000725    6.360627 ^ load_slew49/A (sky130_fd_sc_hd__buf_2)
     6    0.030597    0.115826    0.155008    6.515635 ^ load_slew49/X (sky130_fd_sc_hd__buf_2)
                                                         net49 (net)
                      0.116105    0.004624    6.520259 ^ _0971_/RESET_B (sky130_fd_sc_hd__dfrtp_2)
                                              6.520259   data arrival time

                                  0.000000    0.000000   clock clk (rise edge)
                                  0.000000    0.000000   clock source latency
     2    0.022841    0.081177    0.056215    0.056215 ^ clk (in)
                                                         clk (net)
                      0.081218    0.000000    0.056215 ^ clkbuf_0_clk/A (sky130_fd_sc_hd__clkbuf_16)
    33    0.131693    0.111462    0.158192    0.214407 ^ clkbuf_0_clk/X (sky130_fd_sc_hd__clkbuf_16)
                                                         clknet_0_clk (net)
                      0.111824    0.005115    0.219523 ^ clkbuf_4_1_0_clk/A (sky130_fd_sc_hd__clkbuf_8)
     9    0.034762    0.055595    0.123472    0.342995 ^ clkbuf_4_1_0_clk/X (sky130_fd_sc_hd__clkbuf_8)
                                                         clknet_4_1_0_clk (net)
                      0.055632    0.001326    0.344320 ^ _0971_/CLK (sky130_fd_sc_hd__dfrtp_2)
                                  0.250000    0.594320   clock uncertainty
                                  0.000000    0.594320   clock reconvergence pessimism
                                  0.222627    0.816947   library removal time
                                              0.816947   data required time
---------------------------------------------------------------------------------------------
                                              0.816947   data required time
                                             -6.520259   data arrival time
---------------------------------------------------------------------------------------------
                                              5.703312   slack (MET)


Startpoint: nrst (input port clocked by clk)
Endpoint: _0989_ (removal check against rising-edge clock clk)
Path Group: asynchronous
Path Type: min

Fanout         Cap        Slew       Delay        Time   Description
---------------------------------------------------------------------------------------------
                                  0.000000    0.000000   clock clk (rise edge)
                                  0.000000    0.000000   clock network delay (propagated)
                                  5.000000    5.000000 ^ input external delay
     2    0.006468    0.026574    0.016586    5.016586 ^ nrst (in)
                                                         nrst (net)
                      0.026577    0.000000    5.016586 ^ input16/A (sky130_fd_sc_hd__clkdlybuf4s25_1)
     1    0.002372    0.028945    0.154059    5.170646 ^ input16/X (sky130_fd_sc_hd__clkdlybuf4s25_1)
                                                         net16 (net)
                      0.028945    0.000100    5.170746 ^ _0546_/A (sky130_fd_sc_hd__and2_2)
     1    0.006415    0.036546    0.085331    5.256077 ^ _0546_/X (sky130_fd_sc_hd__and2_2)
                                                         SYNTH_INST.keypad.n_rst (net)
                      0.036553    0.000456    5.256533 ^ fanout74/A (sky130_fd_sc_hd__clkdlybuf4s25_1)
    11    0.042457    0.319567    0.360485    5.617017 ^ fanout74/X (sky130_fd_sc_hd__clkdlybuf4s25_1)
                                                         net74 (net)
                      0.319577    0.001539    5.618556 ^ fanout65/A (sky130_fd_sc_hd__clkdlybuf4s25_1)
    13    0.046250    0.347988    0.411704    6.030260 ^ fanout65/X (sky130_fd_sc_hd__clkdlybuf4s25_1)
                                                         net65 (net)
                      0.347990    0.000680    6.030941 ^ fanout63/A (sky130_fd_sc_hd__clkdlybuf4s25_1)
     4    0.016127    0.127022    0.260712    6.291652 ^ fanout63/X (sky130_fd_sc_hd__clkdlybuf4s25_1)
                                                         net63 (net)
                      0.127032    0.001187    6.292840 ^ fanout61/A (sky130_fd_sc_hd__clkdlybuf4s25_1)
     3    0.011338    0.092181    0.222120    6.514959 ^ fanout61/X (sky130_fd_sc_hd__clkdlybuf4s25_1)
                                                         net61 (net)
                      0.092183    0.000557    6.515516 ^ _0989_/RESET_B (sky130_fd_sc_hd__dfrtp_2)
                                              6.515516   data arrival time

                                  0.000000    0.000000   clock clk (rise edge)
                                  0.000000    0.000000   clock source latency
     2    0.022841    0.081177    0.056215    0.056215 ^ clk (in)
                                                         clk (net)
                      0.081218    0.000000    0.056215 ^ clkbuf_0_clk/A (sky130_fd_sc_hd__clkbuf_16)
    33    0.131693    0.111462    0.158192    0.214407 ^ clkbuf_0_clk/X (sky130_fd_sc_hd__clkbuf_16)
                                                         clknet_0_clk (net)
                      0.112049    0.006466    0.220873 ^ clkbuf_4_10_0_clk/A (sky130_fd_sc_hd__clkbuf_8)
     9    0.032633    0.052973    0.120926    0.341799 ^ clkbuf_4_10_0_clk/X (sky130_fd_sc_hd__clkbuf_8)
                                                         clknet_4_10_0_clk (net)
                      0.053282    0.002914    0.344713 ^ _0989_/CLK (sky130_fd_sc_hd__dfrtp_2)
                                  0.250000    0.594713   clock uncertainty
                                  0.000000    0.594713   clock reconvergence pessimism
                                  0.216093    0.810807   library removal time
                                              0.810807   data required time
---------------------------------------------------------------------------------------------
                                              0.810807   data required time
                                             -6.515516   data arrival time
---------------------------------------------------------------------------------------------
                                              5.704710   slack (MET)


Startpoint: nrst (input port clocked by clk)
Endpoint: _0990_ (removal check against rising-edge clock clk)
Path Group: asynchronous
Path Type: min

Fanout         Cap        Slew       Delay        Time   Description
---------------------------------------------------------------------------------------------
                                  0.000000    0.000000   clock clk (rise edge)
                                  0.000000    0.000000   clock network delay (propagated)
                                  5.000000    5.000000 ^ input external delay
     2    0.006468    0.026574    0.016586    5.016586 ^ nrst (in)
                                                         nrst (net)
                      0.026577    0.000000    5.016586 ^ input16/A (sky130_fd_sc_hd__clkdlybuf4s25_1)
     1    0.002372    0.028945    0.154059    5.170646 ^ input16/X (sky130_fd_sc_hd__clkdlybuf4s25_1)
                                                         net16 (net)
                      0.028945    0.000100    5.170746 ^ _0546_/A (sky130_fd_sc_hd__and2_2)
     1    0.006415    0.036546    0.085331    5.256077 ^ _0546_/X (sky130_fd_sc_hd__and2_2)
                                                         SYNTH_INST.keypad.n_rst (net)
                      0.036553    0.000456    5.256533 ^ fanout74/A (sky130_fd_sc_hd__clkdlybuf4s25_1)
    11    0.042457    0.319567    0.360485    5.617017 ^ fanout74/X (sky130_fd_sc_hd__clkdlybuf4s25_1)
                                                         net74 (net)
                      0.319577    0.001539    5.618556 ^ fanout65/A (sky130_fd_sc_hd__clkdlybuf4s25_1)
    13    0.046250    0.347988    0.411704    6.030260 ^ fanout65/X (sky130_fd_sc_hd__clkdlybuf4s25_1)
                                                         net65 (net)
                      0.347990    0.000680    6.030941 ^ fanout63/A (sky130_fd_sc_hd__clkdlybuf4s25_1)
     4    0.016127    0.127022    0.260712    6.291652 ^ fanout63/X (sky130_fd_sc_hd__clkdlybuf4s25_1)
                                                         net63 (net)
                      0.127032    0.001187    6.292840 ^ fanout61/A (sky130_fd_sc_hd__clkdlybuf4s25_1)
     3    0.011338    0.092181    0.222120    6.514959 ^ fanout61/X (sky130_fd_sc_hd__clkdlybuf4s25_1)
                                                         net61 (net)
                      0.092183    0.000594    6.515553 ^ _0990_/RESET_B (sky130_fd_sc_hd__dfrtp_2)
                                              6.515553   data arrival time

                                  0.000000    0.000000   clock clk (rise edge)
                                  0.000000    0.000000   clock source latency
     2    0.022841    0.081177    0.056215    0.056215 ^ clk (in)
                                                         clk (net)
                      0.081218    0.000000    0.056215 ^ clkbuf_0_clk/A (sky130_fd_sc_hd__clkbuf_16)
    33    0.131693    0.111462    0.158192    0.214407 ^ clkbuf_0_clk/X (sky130_fd_sc_hd__clkbuf_16)
                                                         clknet_0_clk (net)
                      0.112049    0.006466    0.220873 ^ clkbuf_4_10_0_clk/A (sky130_fd_sc_hd__clkbuf_8)
     9    0.032633    0.052973    0.120926    0.341799 ^ clkbuf_4_10_0_clk/X (sky130_fd_sc_hd__clkbuf_8)
                                                         clknet_4_10_0_clk (net)
                      0.053242    0.002682    0.344481 ^ _0990_/CLK (sky130_fd_sc_hd__dfrtp_2)
                                  0.250000    0.594481   clock uncertainty
                                  0.000000    0.594481   clock reconvergence pessimism
                                  0.216088    0.810568   library removal time
                                              0.810568   data required time
---------------------------------------------------------------------------------------------
                                              0.810568   data required time
                                             -6.515553   data arrival time
---------------------------------------------------------------------------------------------
                                              5.704985   slack (MET)


Startpoint: _1019_ (rising edge-triggered flip-flop clocked by clk)
Endpoint: gpio_out[14] (output port clocked by clk)
Path Group: clk
Path Type: min

Fanout         Cap        Slew       Delay        Time   Description
---------------------------------------------------------------------------------------------
                                  0.000000    0.000000   clock clk (rise edge)
                                  0.000000    0.000000   clock source latency
     2    0.022841    0.081177    0.056215    0.056215 ^ clk (in)
                                                         clk (net)
                      0.081218    0.000000    0.056215 ^ clkbuf_0_clk/A (sky130_fd_sc_hd__clkbuf_16)
    33    0.131693    0.111462    0.158192    0.214407 ^ clkbuf_0_clk/X (sky130_fd_sc_hd__clkbuf_16)
                                                         clknet_0_clk (net)
                      0.112150    0.006989    0.221396 ^ clkbuf_4_11_0_clk/A (sky130_fd_sc_hd__clkbuf_8)
     9    0.027254    0.046604    0.116918    0.338315 ^ clkbuf_4_11_0_clk/X (sky130_fd_sc_hd__clkbuf_8)
                                                         clknet_4_11_0_clk (net)
                      0.046693    0.001729    0.340044 ^ _1019_/CLK (sky130_fd_sc_hd__dfrtp_2)
     1    0.002815    0.025762    0.210609    0.550653 ^ _1019_/Q (sky130_fd_sc_hd__dfrtp_2)
                                                         SYNTH_INST.pwm1 (net)
                      0.025762    0.000133    0.550786 ^ _0655_/B1 (sky130_fd_sc_hd__o31a_2)
     1    0.002876    0.021452    0.055455    0.606241 ^ _0655_/X (sky130_fd_sc_hd__o31a_2)
                                                         SYNTH_INST.pwm (net)
                      0.021452    0.000184    0.606425 ^ _1091_/A (sky130_fd_sc_hd__buf_2)
     1    0.005345    0.027064    0.062615    0.669041 ^ _1091_/X (sky130_fd_sc_hd__buf_2)
                                                         net17 (net)
                      0.027071    0.000379    0.669419 ^ output17/A (sky130_fd_sc_hd__clkdlybuf4s25_1)
     1    0.034807    0.263597    0.319099    0.988518 ^ output17/X (sky130_fd_sc_hd__clkdlybuf4s25_1)
                                                         gpio_out[14] (net)
                      0.263605    0.001734    0.990252 ^ gpio_out[14] (out)
                                              0.990252   data arrival time

                                  0.000000    0.000000   clock clk (rise edge)
                                  0.000000    0.000000   clock network delay (propagated)
                                  0.250000    0.250000   clock uncertainty
                                  0.000000    0.250000   clock reconvergence pessimism
                                 -5.000000   -4.750000   output external delay
                                             -4.750000   data required time
---------------------------------------------------------------------------------------------
                                             -4.750000   data required time
                                             -0.990252   data arrival time
---------------------------------------------------------------------------------------------
                                              5.740252   slack (MET)


Startpoint: nrst (input port clocked by clk)
Endpoint: _1014_ (removal check against rising-edge clock clk)
Path Group: asynchronous
Path Type: min

Fanout         Cap        Slew       Delay        Time   Description
---------------------------------------------------------------------------------------------
                                  0.000000    0.000000   clock clk (rise edge)
                                  0.000000    0.000000   clock network delay (propagated)
                                  5.000000    5.000000 ^ input external delay
     2    0.006468    0.026574    0.016586    5.016586 ^ nrst (in)
                                                         nrst (net)
                      0.026577    0.000000    5.016586 ^ input16/A (sky130_fd_sc_hd__clkdlybuf4s25_1)
     1    0.002372    0.028945    0.154059    5.170646 ^ input16/X (sky130_fd_sc_hd__clkdlybuf4s25_1)
                                                         net16 (net)
                      0.028945    0.000100    5.170746 ^ _0546_/A (sky130_fd_sc_hd__and2_2)
     1    0.006415    0.036546    0.085331    5.256077 ^ _0546_/X (sky130_fd_sc_hd__and2_2)
                                                         SYNTH_INST.keypad.n_rst (net)
                      0.036553    0.000456    5.256533 ^ fanout74/A (sky130_fd_sc_hd__clkdlybuf4s25_1)
    11    0.042457    0.319567    0.360485    5.617017 ^ fanout74/X (sky130_fd_sc_hd__clkdlybuf4s25_1)
                                                         net74 (net)
                      0.319579    0.001696    5.618714 ^ fanout58/A (sky130_fd_sc_hd__clkdlybuf4s25_1)
    11    0.051553    0.386868    0.439170    6.057883 ^ fanout58/X (sky130_fd_sc_hd__clkdlybuf4s25_1)
                                                         net58 (net)
                      0.386960    0.004972    6.062855 ^ fanout57/A (sky130_fd_sc_hd__clkdlybuf4s25_1)
     8    0.039484    0.298014    0.379516    6.442371 ^ fanout57/X (sky130_fd_sc_hd__clkdlybuf4s25_1)
                                                         net57 (net)
                      0.298026    0.002244    6.444615 ^ _1014_/SET_B (sky130_fd_sc_hd__dfstp_2)
                                              6.444615   data arrival time

                                  0.000000    0.000000   clock clk (rise edge)
                                  0.000000    0.000000   clock source latency
     2    0.022841    0.081177    0.056215    0.056215 ^ clk (in)
                                                         clk (net)
                      0.081218    0.000000    0.056215 ^ clkbuf_0_clk/A (sky130_fd_sc_hd__clkbuf_16)
    33    0.131693    0.111462    0.158192    0.214407 ^ clkbuf_0_clk/X (sky130_fd_sc_hd__clkbuf_16)
                                                         clknet_0_clk (net)
                      0.111792    0.004896    0.219303 ^ clkbuf_4_7_0_clk/A (sky130_fd_sc_hd__clkbuf_8)
     9    0.027602    0.047009    0.117085    0.336389 ^ clkbuf_4_7_0_clk/X (sky130_fd_sc_hd__clkbuf_8)
                                                         clknet_4_7_0_clk (net)
                      0.047061    0.001380    0.337769 ^ _1014_/CLK (sky130_fd_sc_hd__dfstp_2)
                                  0.250000    0.587769   clock uncertainty
                                  0.000000    0.587769   clock reconvergence pessimism
                                  0.108019    0.695788   library removal time
                                              0.695788   data required time
---------------------------------------------------------------------------------------------
                                              0.695788   data required time
                                             -6.444615   data arrival time
---------------------------------------------------------------------------------------------
                                              5.748827   slack (MET)


Startpoint: nrst (input port clocked by clk)
Endpoint: _0980_ (removal check against rising-edge clock clk)
Path Group: asynchronous
Path Type: min

Fanout         Cap        Slew       Delay        Time   Description
---------------------------------------------------------------------------------------------
                                  0.000000    0.000000   clock clk (rise edge)
                                  0.000000    0.000000   clock network delay (propagated)
                                  5.000000    5.000000 ^ input external delay
     2    0.006468    0.026574    0.016586    5.016586 ^ nrst (in)
                                                         nrst (net)
                      0.026577    0.000000    5.016586 ^ input16/A (sky130_fd_sc_hd__clkdlybuf4s25_1)
     1    0.002372    0.028945    0.154059    5.170646 ^ input16/X (sky130_fd_sc_hd__clkdlybuf4s25_1)
                                                         net16 (net)
                      0.028945    0.000100    5.170746 ^ _0546_/A (sky130_fd_sc_hd__and2_2)
     1    0.006415    0.036546    0.085331    5.256077 ^ _0546_/X (sky130_fd_sc_hd__and2_2)
                                                         SYNTH_INST.keypad.n_rst (net)
                      0.036553    0.000456    5.256533 ^ fanout74/A (sky130_fd_sc_hd__clkdlybuf4s25_1)
    11    0.042457    0.319567    0.360485    5.617017 ^ fanout74/X (sky130_fd_sc_hd__clkdlybuf4s25_1)
                                                         net74 (net)
                      0.319579    0.001696    5.618714 ^ fanout58/A (sky130_fd_sc_hd__clkdlybuf4s25_1)
    11    0.051553    0.386868    0.439170    6.057883 ^ fanout58/X (sky130_fd_sc_hd__clkdlybuf4s25_1)
                                                         net58 (net)
                      0.386899    0.002891    6.060774 ^ fanout54/A (sky130_fd_sc_hd__clkdlybuf4s25_1)
     5    0.026377    0.201901    0.312542    6.373316 ^ fanout54/X (sky130_fd_sc_hd__clkdlybuf4s25_1)
                                                         net54 (net)
                      0.201957    0.003198    6.376514 ^ fanout52/A (sky130_fd_sc_hd__clkdlybuf4s25_1)
     2    0.007486    0.064607    0.208818    6.585332 ^ fanout52/X (sky130_fd_sc_hd__clkdlybuf4s25_1)
                                                         net52 (net)
                      0.064608    0.000366    6.585698 ^ _0980_/RESET_B (sky130_fd_sc_hd__dfrtp_2)
                                              6.585698   data arrival time

                                  0.000000    0.000000   clock clk (rise edge)
                                  0.000000    0.000000   clock source latency
     2    0.022841    0.081177    0.056215    0.056215 ^ clk (in)
                                                         clk (net)
                      0.081218    0.000000    0.056215 ^ clkbuf_0_clk/A (sky130_fd_sc_hd__clkbuf_16)
    33    0.131693    0.111462    0.158192    0.214407 ^ clkbuf_0_clk/X (sky130_fd_sc_hd__clkbuf_16)
                                                         clknet_0_clk (net)
                      0.112001    0.006206    0.220614 ^ clkbuf_4_4_0_clk/A (sky130_fd_sc_hd__clkbuf_8)
     9    0.026219    0.045384    0.116103    0.336717 ^ clkbuf_4_4_0_clk/X (sky130_fd_sc_hd__clkbuf_8)
                                                         clknet_4_4_0_clk (net)
                      0.045398    0.000807    0.337524 ^ _0980_/CLK (sky130_fd_sc_hd__dfrtp_2)
                                  0.250000    0.587524   clock uncertainty
                                  0.000000    0.587524   clock reconvergence pessimism
                                  0.207849    0.795373   library removal time
                                              0.795373   data required time
---------------------------------------------------------------------------------------------
                                              0.795373   data required time
                                             -6.585698   data arrival time
---------------------------------------------------------------------------------------------
                                              5.790325   slack (MET)


Startpoint: nrst (input port clocked by clk)
Endpoint: _0988_ (removal check against rising-edge clock clk)
Path Group: asynchronous
Path Type: min

Fanout         Cap        Slew       Delay        Time   Description
---------------------------------------------------------------------------------------------
                                  0.000000    0.000000   clock clk (rise edge)
                                  0.000000    0.000000   clock network delay (propagated)
                                  5.000000    5.000000 ^ input external delay
     2    0.006468    0.026574    0.016586    5.016586 ^ nrst (in)
                                                         nrst (net)
                      0.026577    0.000000    5.016586 ^ input16/A (sky130_fd_sc_hd__clkdlybuf4s25_1)
     1    0.002372    0.028945    0.154059    5.170646 ^ input16/X (sky130_fd_sc_hd__clkdlybuf4s25_1)
                                                         net16 (net)
                      0.028945    0.000100    5.170746 ^ _0546_/A (sky130_fd_sc_hd__and2_2)
     1    0.006415    0.036546    0.085331    5.256077 ^ _0546_/X (sky130_fd_sc_hd__and2_2)
                                                         SYNTH_INST.keypad.n_rst (net)
                      0.036553    0.000456    5.256533 ^ fanout74/A (sky130_fd_sc_hd__clkdlybuf4s25_1)
    11    0.042457    0.319567    0.360485    5.617017 ^ fanout74/X (sky130_fd_sc_hd__clkdlybuf4s25_1)
                                                         net74 (net)
                      0.319577    0.001539    5.618556 ^ fanout65/A (sky130_fd_sc_hd__clkdlybuf4s25_1)
    13    0.046250    0.347988    0.411704    6.030260 ^ fanout65/X (sky130_fd_sc_hd__clkdlybuf4s25_1)
                                                         net65 (net)
                      0.347990    0.000680    6.030941 ^ fanout63/A (sky130_fd_sc_hd__clkdlybuf4s25_1)
     4    0.016127    0.127022    0.260712    6.291652 ^ fanout63/X (sky130_fd_sc_hd__clkdlybuf4s25_1)
                                                         net63 (net)
                      0.127032    0.001187    6.292840 ^ fanout61/A (sky130_fd_sc_hd__clkdlybuf4s25_1)
     3    0.011338    0.092181    0.222120    6.514959 ^ fanout61/X (sky130_fd_sc_hd__clkdlybuf4s25_1)
                                                         net61 (net)
                      0.092184    0.000651    6.515610 ^ load_slew62/A (sky130_fd_sc_hd__buf_2)
     8    0.035946    0.134242    0.155948    6.671558 ^ load_slew62/X (sky130_fd_sc_hd__buf_2)
                                                         net62 (net)
                      0.134266    0.001497    6.673056 ^ _0988_/RESET_B (sky130_fd_sc_hd__dfrtp_2)
                                              6.673056   data arrival time

                                  0.000000    0.000000   clock clk (rise edge)
                                  0.000000    0.000000   clock source latency
     2    0.022841    0.081177    0.056215    0.056215 ^ clk (in)
                                                         clk (net)
                      0.081218    0.000000    0.056215 ^ clkbuf_0_clk/A (sky130_fd_sc_hd__clkbuf_16)
    33    0.131693    0.111462    0.158192    0.214407 ^ clkbuf_0_clk/X (sky130_fd_sc_hd__clkbuf_16)
                                                         clknet_0_clk (net)
                      0.112049    0.006466    0.220873 ^ clkbuf_4_10_0_clk/A (sky130_fd_sc_hd__clkbuf_8)
     9    0.032633    0.052973    0.120926    0.341799 ^ clkbuf_4_10_0_clk/X (sky130_fd_sc_hd__clkbuf_8)
                                                         clknet_4_10_0_clk (net)
                      0.053273    0.002864    0.344663 ^ _0988_/CLK (sky130_fd_sc_hd__dfrtp_2)
                                  0.250000    0.594663   clock uncertainty
                                  0.000000    0.594663   clock reconvergence pessimism
                                  0.227021    0.821684   library removal time
                                              0.821684   data required time
---------------------------------------------------------------------------------------------
                                              0.821684   data required time
                                             -6.673056   data arrival time
---------------------------------------------------------------------------------------------
                                              5.851372   slack (MET)


Startpoint: nrst (input port clocked by clk)
Endpoint: _0937_ (removal check against rising-edge clock clk)
Path Group: asynchronous
Path Type: min

Fanout         Cap        Slew       Delay        Time   Description
---------------------------------------------------------------------------------------------
                                  0.000000    0.000000   clock clk (rise edge)
                                  0.000000    0.000000   clock network delay (propagated)
                                  5.000000    5.000000 ^ input external delay
     2    0.006468    0.026574    0.016586    5.016586 ^ nrst (in)
                                                         nrst (net)
                      0.026577    0.000000    5.016586 ^ input16/A (sky130_fd_sc_hd__clkdlybuf4s25_1)
     1    0.002372    0.028945    0.154059    5.170646 ^ input16/X (sky130_fd_sc_hd__clkdlybuf4s25_1)
                                                         net16 (net)
                      0.028945    0.000100    5.170746 ^ _0546_/A (sky130_fd_sc_hd__and2_2)
     1    0.006415    0.036546    0.085331    5.256077 ^ _0546_/X (sky130_fd_sc_hd__and2_2)
                                                         SYNTH_INST.keypad.n_rst (net)
                      0.036553    0.000456    5.256533 ^ fanout74/A (sky130_fd_sc_hd__clkdlybuf4s25_1)
    11    0.042457    0.319567    0.360485    5.617017 ^ fanout74/X (sky130_fd_sc_hd__clkdlybuf4s25_1)
                                                         net74 (net)
                      0.319577    0.001539    5.618556 ^ fanout65/A (sky130_fd_sc_hd__clkdlybuf4s25_1)
    13    0.046250    0.347988    0.411704    6.030260 ^ fanout65/X (sky130_fd_sc_hd__clkdlybuf4s25_1)
                                                         net65 (net)
                      0.347990    0.000680    6.030941 ^ fanout63/A (sky130_fd_sc_hd__clkdlybuf4s25_1)
     4    0.016127    0.127022    0.260712    6.291652 ^ fanout63/X (sky130_fd_sc_hd__clkdlybuf4s25_1)
                                                         net63 (net)
                      0.127032    0.001187    6.292840 ^ fanout61/A (sky130_fd_sc_hd__clkdlybuf4s25_1)
     3    0.011338    0.092181    0.222120    6.514959 ^ fanout61/X (sky130_fd_sc_hd__clkdlybuf4s25_1)
                                                         net61 (net)
                      0.092184    0.000651    6.515610 ^ load_slew62/A (sky130_fd_sc_hd__buf_2)
     8    0.035946    0.134242    0.155948    6.671558 ^ load_slew62/X (sky130_fd_sc_hd__buf_2)
                                                         net62 (net)
                      0.134320    0.002657    6.674215 ^ _0937_/RESET_B (sky130_fd_sc_hd__dfrtp_2)
                                              6.674215   data arrival time

                                  0.000000    0.000000   clock clk (rise edge)
                                  0.000000    0.000000   clock source latency
     2    0.022841    0.081177    0.056215    0.056215 ^ clk (in)
                                                         clk (net)
                      0.081218    0.000000    0.056215 ^ clkbuf_0_clk/A (sky130_fd_sc_hd__clkbuf_16)
    33    0.131693    0.111462    0.158192    0.214407 ^ clkbuf_0_clk/X (sky130_fd_sc_hd__clkbuf_16)
                                                         clknet_0_clk (net)
                      0.112049    0.006466    0.220873 ^ clkbuf_4_10_0_clk/A (sky130_fd_sc_hd__clkbuf_8)
     9    0.032633    0.052973    0.120926    0.341799 ^ clkbuf_4_10_0_clk/X (sky130_fd_sc_hd__clkbuf_8)
                                                         clknet_4_10_0_clk (net)
                      0.053229    0.002601    0.344400 ^ _0937_/CLK (sky130_fd_sc_hd__dfrtp_2)
                                  0.250000    0.594400   clock uncertainty
                                  0.000000    0.594400   clock reconvergence pessimism
                                  0.227028    0.821428   library removal time
                                              0.821428   data required time
---------------------------------------------------------------------------------------------
                                              0.821428   data required time
                                             -6.674215   data arrival time
---------------------------------------------------------------------------------------------
                                              5.852787   slack (MET)


Startpoint: nrst (input port clocked by clk)
Endpoint: _0948_ (removal check against rising-edge clock clk)
Path Group: asynchronous
Path Type: min

Fanout         Cap        Slew       Delay        Time   Description
---------------------------------------------------------------------------------------------
                                  0.000000    0.000000   clock clk (rise edge)
                                  0.000000    0.000000   clock network delay (propagated)
                                  5.000000    5.000000 ^ input external delay
     2    0.006468    0.026574    0.016586    5.016586 ^ nrst (in)
                                                         nrst (net)
                      0.026577    0.000000    5.016586 ^ input16/A (sky130_fd_sc_hd__clkdlybuf4s25_1)
     1    0.002372    0.028945    0.154059    5.170646 ^ input16/X (sky130_fd_sc_hd__clkdlybuf4s25_1)
                                                         net16 (net)
                      0.028945    0.000100    5.170746 ^ _0546_/A (sky130_fd_sc_hd__and2_2)
     1    0.006415    0.036546    0.085331    5.256077 ^ _0546_/X (sky130_fd_sc_hd__and2_2)
                                                         SYNTH_INST.keypad.n_rst (net)
                      0.036553    0.000456    5.256533 ^ fanout74/A (sky130_fd_sc_hd__clkdlybuf4s25_1)
    11    0.042457    0.319567    0.360485    5.617017 ^ fanout74/X (sky130_fd_sc_hd__clkdlybuf4s25_1)
                                                         net74 (net)
                      0.319577    0.001539    5.618556 ^ fanout65/A (sky130_fd_sc_hd__clkdlybuf4s25_1)
    13    0.046250    0.347988    0.411704    6.030260 ^ fanout65/X (sky130_fd_sc_hd__clkdlybuf4s25_1)
                                                         net65 (net)
                      0.347990    0.000680    6.030941 ^ fanout63/A (sky130_fd_sc_hd__clkdlybuf4s25_1)
     4    0.016127    0.127022    0.260712    6.291652 ^ fanout63/X (sky130_fd_sc_hd__clkdlybuf4s25_1)
                                                         net63 (net)
                      0.127032    0.001187    6.292840 ^ fanout61/A (sky130_fd_sc_hd__clkdlybuf4s25_1)
     3    0.011338    0.092181    0.222120    6.514959 ^ fanout61/X (sky130_fd_sc_hd__clkdlybuf4s25_1)
                                                         net61 (net)
                      0.092184    0.000651    6.515610 ^ load_slew62/A (sky130_fd_sc_hd__buf_2)
     8    0.035946    0.134242    0.155948    6.671558 ^ load_slew62/X (sky130_fd_sc_hd__buf_2)
                                                         net62 (net)
                      0.134300    0.002298    6.673856 ^ _0948_/RESET_B (sky130_fd_sc_hd__dfrtp_2)
                                              6.673856   data arrival time

                                  0.000000    0.000000   clock clk (rise edge)
                                  0.000000    0.000000   clock source latency
     2    0.022841    0.081177    0.056215    0.056215 ^ clk (in)
                                                         clk (net)
                      0.081218    0.000000    0.056215 ^ clkbuf_0_clk/A (sky130_fd_sc_hd__clkbuf_16)
    33    0.131693    0.111462    0.158192    0.214407 ^ clkbuf_0_clk/X (sky130_fd_sc_hd__clkbuf_16)
                                                         clknet_0_clk (net)
                      0.112087    0.006667    0.221075 ^ clkbuf_4_12_0_clk/A (sky130_fd_sc_hd__clkbuf_8)
     9    0.031749    0.051981    0.120963    0.342038 ^ clkbuf_4_12_0_clk/X (sky130_fd_sc_hd__clkbuf_8)
                                                         clknet_4_12_0_clk (net)
                      0.052044    0.001577    0.343615 ^ _0948_/CLK (sky130_fd_sc_hd__dfrtp_2)
                                  0.250000    0.593615   clock uncertainty
                                  0.000000    0.593615   clock reconvergence pessimism
                                  0.226862    0.820476   library removal time
                                              0.820476   data required time
---------------------------------------------------------------------------------------------
                                              0.820476   data required time
                                             -6.673856   data arrival time
---------------------------------------------------------------------------------------------
                                              5.853380   slack (MET)


Startpoint: nrst (input port clocked by clk)
Endpoint: _0987_ (removal check against rising-edge clock clk)
Path Group: asynchronous
Path Type: min

Fanout         Cap        Slew       Delay        Time   Description
---------------------------------------------------------------------------------------------
                                  0.000000    0.000000   clock clk (rise edge)
                                  0.000000    0.000000   clock network delay (propagated)
                                  5.000000    5.000000 ^ input external delay
     2    0.006468    0.026574    0.016586    5.016586 ^ nrst (in)
                                                         nrst (net)
                      0.026577    0.000000    5.016586 ^ input16/A (sky130_fd_sc_hd__clkdlybuf4s25_1)
     1    0.002372    0.028945    0.154059    5.170646 ^ input16/X (sky130_fd_sc_hd__clkdlybuf4s25_1)
                                                         net16 (net)
                      0.028945    0.000100    5.170746 ^ _0546_/A (sky130_fd_sc_hd__and2_2)
     1    0.006415    0.036546    0.085331    5.256077 ^ _0546_/X (sky130_fd_sc_hd__and2_2)
                                                         SYNTH_INST.keypad.n_rst (net)
                      0.036553    0.000456    5.256533 ^ fanout74/A (sky130_fd_sc_hd__clkdlybuf4s25_1)
    11    0.042457    0.319567    0.360485    5.617017 ^ fanout74/X (sky130_fd_sc_hd__clkdlybuf4s25_1)
                                                         net74 (net)
                      0.319577    0.001539    5.618556 ^ fanout65/A (sky130_fd_sc_hd__clkdlybuf4s25_1)
    13    0.046250    0.347988    0.411704    6.030260 ^ fanout65/X (sky130_fd_sc_hd__clkdlybuf4s25_1)
                                                         net65 (net)
                      0.347990    0.000680    6.030941 ^ fanout63/A (sky130_fd_sc_hd__clkdlybuf4s25_1)
     4    0.016127    0.127022    0.260712    6.291652 ^ fanout63/X (sky130_fd_sc_hd__clkdlybuf4s25_1)
                                                         net63 (net)
                      0.127032    0.001187    6.292840 ^ fanout61/A (sky130_fd_sc_hd__clkdlybuf4s25_1)
     3    0.011338    0.092181    0.222120    6.514959 ^ fanout61/X (sky130_fd_sc_hd__clkdlybuf4s25_1)
                                                         net61 (net)
                      0.092184    0.000651    6.515610 ^ load_slew62/A (sky130_fd_sc_hd__buf_2)
     8    0.035946    0.134242    0.155948    6.671558 ^ load_slew62/X (sky130_fd_sc_hd__buf_2)
                                                         net62 (net)
                      0.134273    0.001694    6.673252 ^ _0987_/RESET_B (sky130_fd_sc_hd__dfrtp_2)
                                              6.673252   data arrival time

                                  0.000000    0.000000   clock clk (rise edge)
                                  0.000000    0.000000   clock source latency
     2    0.022841    0.081177    0.056215    0.056215 ^ clk (in)
                                                         clk (net)
                      0.081218    0.000000    0.056215 ^ clkbuf_0_clk/A (sky130_fd_sc_hd__clkbuf_16)
    33    0.131693    0.111462    0.158192    0.214407 ^ clkbuf_0_clk/X (sky130_fd_sc_hd__clkbuf_16)
                                                         clknet_0_clk (net)
                      0.112150    0.006989    0.221396 ^ clkbuf_4_11_0_clk/A (sky130_fd_sc_hd__clkbuf_8)
     9    0.027254    0.046604    0.116918    0.338315 ^ clkbuf_4_11_0_clk/X (sky130_fd_sc_hd__clkbuf_8)
                                                         clknet_4_11_0_clk (net)
                      0.046662    0.001430    0.339744 ^ _0987_/CLK (sky130_fd_sc_hd__dfrtp_2)
                                  0.250000    0.589745   clock uncertainty
                                  0.000000    0.589745   clock reconvergence pessimism
                                  0.226121    0.815866   library removal time
                                              0.815866   data required time
---------------------------------------------------------------------------------------------
                                              0.815866   data required time
                                             -6.673252   data arrival time
---------------------------------------------------------------------------------------------
                                              5.857386   slack (MET)


Startpoint: nrst (input port clocked by clk)
Endpoint: _0986_ (removal check against rising-edge clock clk)
Path Group: asynchronous
Path Type: min

Fanout         Cap        Slew       Delay        Time   Description
---------------------------------------------------------------------------------------------
                                  0.000000    0.000000   clock clk (rise edge)
                                  0.000000    0.000000   clock network delay (propagated)
                                  5.000000    5.000000 ^ input external delay
     2    0.006468    0.026574    0.016586    5.016586 ^ nrst (in)
                                                         nrst (net)
                      0.026577    0.000000    5.016586 ^ input16/A (sky130_fd_sc_hd__clkdlybuf4s25_1)
     1    0.002372    0.028945    0.154059    5.170646 ^ input16/X (sky130_fd_sc_hd__clkdlybuf4s25_1)
                                                         net16 (net)
                      0.028945    0.000100    5.170746 ^ _0546_/A (sky130_fd_sc_hd__and2_2)
     1    0.006415    0.036546    0.085331    5.256077 ^ _0546_/X (sky130_fd_sc_hd__and2_2)
                                                         SYNTH_INST.keypad.n_rst (net)
                      0.036553    0.000456    5.256533 ^ fanout74/A (sky130_fd_sc_hd__clkdlybuf4s25_1)
    11    0.042457    0.319567    0.360485    5.617017 ^ fanout74/X (sky130_fd_sc_hd__clkdlybuf4s25_1)
                                                         net74 (net)
                      0.319577    0.001539    5.618556 ^ fanout65/A (sky130_fd_sc_hd__clkdlybuf4s25_1)
    13    0.046250    0.347988    0.411704    6.030260 ^ fanout65/X (sky130_fd_sc_hd__clkdlybuf4s25_1)
                                                         net65 (net)
                      0.347990    0.000680    6.030941 ^ fanout63/A (sky130_fd_sc_hd__clkdlybuf4s25_1)
     4    0.016127    0.127022    0.260712    6.291652 ^ fanout63/X (sky130_fd_sc_hd__clkdlybuf4s25_1)
                                                         net63 (net)
                      0.127032    0.001187    6.292840 ^ fanout61/A (sky130_fd_sc_hd__clkdlybuf4s25_1)
     3    0.011338    0.092181    0.222120    6.514959 ^ fanout61/X (sky130_fd_sc_hd__clkdlybuf4s25_1)
                                                         net61 (net)
                      0.092184    0.000651    6.515610 ^ load_slew62/A (sky130_fd_sc_hd__buf_2)
     8    0.035946    0.134242    0.155948    6.671558 ^ load_slew62/X (sky130_fd_sc_hd__buf_2)
                                                         net62 (net)
                      0.134279    0.001850    6.673408 ^ _0986_/RESET_B (sky130_fd_sc_hd__dfrtp_2)
                                              6.673408   data arrival time

                                  0.000000    0.000000   clock clk (rise edge)
                                  0.000000    0.000000   clock source latency
     2    0.022841    0.081177    0.056215    0.056215 ^ clk (in)
                                                         clk (net)
                      0.081218    0.000000    0.056215 ^ clkbuf_0_clk/A (sky130_fd_sc_hd__clkbuf_16)
    33    0.131693    0.111462    0.158192    0.214407 ^ clkbuf_0_clk/X (sky130_fd_sc_hd__clkbuf_16)
                                                         clknet_0_clk (net)
                      0.112150    0.006989    0.221396 ^ clkbuf_4_11_0_clk/A (sky130_fd_sc_hd__clkbuf_8)
     9    0.027254    0.046604    0.116918    0.338315 ^ clkbuf_4_11_0_clk/X (sky130_fd_sc_hd__clkbuf_8)
                                                         clknet_4_11_0_clk (net)
                      0.046671    0.001523    0.339837 ^ _0986_/CLK (sky130_fd_sc_hd__dfrtp_2)
                                  0.250000    0.589837   clock uncertainty
                                  0.000000    0.589837   clock reconvergence pessimism
                                  0.226124    0.815961   library removal time
                                              0.815961   data required time
---------------------------------------------------------------------------------------------
                                              0.815961   data required time
                                             -6.673408   data arrival time
---------------------------------------------------------------------------------------------
                                              5.857447   slack (MET)


Startpoint: nrst (input port clocked by clk)
Endpoint: _0935_ (removal check against rising-edge clock clk)
Path Group: asynchronous
Path Type: min

Fanout         Cap        Slew       Delay        Time   Description
---------------------------------------------------------------------------------------------
                                  0.000000    0.000000   clock clk (rise edge)
                                  0.000000    0.000000   clock network delay (propagated)
                                  5.000000    5.000000 ^ input external delay
     2    0.006468    0.026574    0.016586    5.016586 ^ nrst (in)
                                                         nrst (net)
                      0.026577    0.000000    5.016586 ^ input16/A (sky130_fd_sc_hd__clkdlybuf4s25_1)
     1    0.002372    0.028945    0.154059    5.170646 ^ input16/X (sky130_fd_sc_hd__clkdlybuf4s25_1)
                                                         net16 (net)
                      0.028945    0.000100    5.170746 ^ _0546_/A (sky130_fd_sc_hd__and2_2)
     1    0.006415    0.036546    0.085331    5.256077 ^ _0546_/X (sky130_fd_sc_hd__and2_2)
                                                         SYNTH_INST.keypad.n_rst (net)
                      0.036553    0.000456    5.256533 ^ fanout74/A (sky130_fd_sc_hd__clkdlybuf4s25_1)
    11    0.042457    0.319567    0.360485    5.617017 ^ fanout74/X (sky130_fd_sc_hd__clkdlybuf4s25_1)
                                                         net74 (net)
                      0.319577    0.001539    5.618556 ^ fanout65/A (sky130_fd_sc_hd__clkdlybuf4s25_1)
    13    0.046250    0.347988    0.411704    6.030260 ^ fanout65/X (sky130_fd_sc_hd__clkdlybuf4s25_1)
                                                         net65 (net)
                      0.347990    0.000680    6.030941 ^ fanout63/A (sky130_fd_sc_hd__clkdlybuf4s25_1)
     4    0.016127    0.127022    0.260712    6.291652 ^ fanout63/X (sky130_fd_sc_hd__clkdlybuf4s25_1)
                                                         net63 (net)
                      0.127032    0.001187    6.292840 ^ fanout61/A (sky130_fd_sc_hd__clkdlybuf4s25_1)
     3    0.011338    0.092181    0.222120    6.514959 ^ fanout61/X (sky130_fd_sc_hd__clkdlybuf4s25_1)
                                                         net61 (net)
                      0.092184    0.000651    6.515610 ^ load_slew62/A (sky130_fd_sc_hd__buf_2)
     8    0.035946    0.134242    0.155948    6.671558 ^ load_slew62/X (sky130_fd_sc_hd__buf_2)
                                                         net62 (net)
                      0.134311    0.002516    6.674074 ^ _0935_/RESET_B (sky130_fd_sc_hd__dfrtp_2)
                                              6.674074   data arrival time

                                  0.000000    0.000000   clock clk (rise edge)
                                  0.000000    0.000000   clock source latency
     2    0.022841    0.081177    0.056215    0.056215 ^ clk (in)
                                                         clk (net)
                      0.081218    0.000000    0.056215 ^ clkbuf_0_clk/A (sky130_fd_sc_hd__clkbuf_16)
    33    0.131693    0.111462    0.158192    0.214407 ^ clkbuf_0_clk/X (sky130_fd_sc_hd__clkbuf_16)
                                                         clknet_0_clk (net)
                      0.112150    0.006989    0.221396 ^ clkbuf_4_11_0_clk/A (sky130_fd_sc_hd__clkbuf_8)
     9    0.027254    0.046604    0.116918    0.338315 ^ clkbuf_4_11_0_clk/X (sky130_fd_sc_hd__clkbuf_8)
                                                         clknet_4_11_0_clk (net)
                      0.046671    0.001514    0.339829 ^ _0935_/CLK (sky130_fd_sc_hd__dfrtp_2)
                                  0.250000    0.589829   clock uncertainty
                                  0.000000    0.589829   clock reconvergence pessimism
                                  0.226132    0.815961   library removal time
                                              0.815961   data required time
---------------------------------------------------------------------------------------------
                                              0.815961   data required time
                                             -6.674074   data arrival time
---------------------------------------------------------------------------------------------
                                              5.858113   slack (MET)


Startpoint: nrst (input port clocked by clk)
Endpoint: _0934_ (removal check against rising-edge clock clk)
Path Group: asynchronous
Path Type: min

Fanout         Cap        Slew       Delay        Time   Description
---------------------------------------------------------------------------------------------
                                  0.000000    0.000000   clock clk (rise edge)
                                  0.000000    0.000000   clock network delay (propagated)
                                  5.000000    5.000000 ^ input external delay
     2    0.006468    0.026574    0.016586    5.016586 ^ nrst (in)
                                                         nrst (net)
                      0.026577    0.000000    5.016586 ^ input16/A (sky130_fd_sc_hd__clkdlybuf4s25_1)
     1    0.002372    0.028945    0.154059    5.170646 ^ input16/X (sky130_fd_sc_hd__clkdlybuf4s25_1)
                                                         net16 (net)
                      0.028945    0.000100    5.170746 ^ _0546_/A (sky130_fd_sc_hd__and2_2)
     1    0.006415    0.036546    0.085331    5.256077 ^ _0546_/X (sky130_fd_sc_hd__and2_2)
                                                         SYNTH_INST.keypad.n_rst (net)
                      0.036553    0.000456    5.256533 ^ fanout74/A (sky130_fd_sc_hd__clkdlybuf4s25_1)
    11    0.042457    0.319567    0.360485    5.617017 ^ fanout74/X (sky130_fd_sc_hd__clkdlybuf4s25_1)
                                                         net74 (net)
                      0.319577    0.001539    5.618556 ^ fanout65/A (sky130_fd_sc_hd__clkdlybuf4s25_1)
    13    0.046250    0.347988    0.411704    6.030260 ^ fanout65/X (sky130_fd_sc_hd__clkdlybuf4s25_1)
                                                         net65 (net)
                      0.347990    0.000680    6.030941 ^ fanout63/A (sky130_fd_sc_hd__clkdlybuf4s25_1)
     4    0.016127    0.127022    0.260712    6.291652 ^ fanout63/X (sky130_fd_sc_hd__clkdlybuf4s25_1)
                                                         net63 (net)
                      0.127032    0.001187    6.292840 ^ fanout61/A (sky130_fd_sc_hd__clkdlybuf4s25_1)
     3    0.011338    0.092181    0.222120    6.514959 ^ fanout61/X (sky130_fd_sc_hd__clkdlybuf4s25_1)
                                                         net61 (net)
                      0.092184    0.000651    6.515610 ^ load_slew62/A (sky130_fd_sc_hd__buf_2)
     8    0.035946    0.134242    0.155948    6.671558 ^ load_slew62/X (sky130_fd_sc_hd__buf_2)
                                                         net62 (net)
                      0.134305    0.002393    6.673951 ^ _0934_/RESET_B (sky130_fd_sc_hd__dfrtp_2)
                                              6.673951   data arrival time

                                  0.000000    0.000000   clock clk (rise edge)
                                  0.000000    0.000000   clock source latency
     2    0.022841    0.081177    0.056215    0.056215 ^ clk (in)
                                                         clk (net)
                      0.081218    0.000000    0.056215 ^ clkbuf_0_clk/A (sky130_fd_sc_hd__clkbuf_16)
    33    0.131693    0.111462    0.158192    0.214407 ^ clkbuf_0_clk/X (sky130_fd_sc_hd__clkbuf_16)
                                                         clknet_0_clk (net)
                      0.112150    0.006989    0.221396 ^ clkbuf_4_11_0_clk/A (sky130_fd_sc_hd__clkbuf_8)
     9    0.027254    0.046604    0.116918    0.338315 ^ clkbuf_4_11_0_clk/X (sky130_fd_sc_hd__clkbuf_8)
                                                         clknet_4_11_0_clk (net)
                      0.046654    0.001343    0.339657 ^ _0934_/CLK (sky130_fd_sc_hd__dfrtp_2)
                                  0.250000    0.589657   clock uncertainty
                                  0.000000    0.589657   clock reconvergence pessimism
                                  0.226128    0.815786   library removal time
                                              0.815786   data required time
---------------------------------------------------------------------------------------------
                                              0.815786   data required time
                                             -6.673951   data arrival time
---------------------------------------------------------------------------------------------
                                              5.858165   slack (MET)


Startpoint: nrst (input port clocked by clk)
Endpoint: _0936_ (removal check against rising-edge clock clk)
Path Group: asynchronous
Path Type: min

Fanout         Cap        Slew       Delay        Time   Description
---------------------------------------------------------------------------------------------
                                  0.000000    0.000000   clock clk (rise edge)
                                  0.000000    0.000000   clock network delay (propagated)
                                  5.000000    5.000000 ^ input external delay
     2    0.006468    0.026574    0.016586    5.016586 ^ nrst (in)
                                                         nrst (net)
                      0.026577    0.000000    5.016586 ^ input16/A (sky130_fd_sc_hd__clkdlybuf4s25_1)
     1    0.002372    0.028945    0.154059    5.170646 ^ input16/X (sky130_fd_sc_hd__clkdlybuf4s25_1)
                                                         net16 (net)
                      0.028945    0.000100    5.170746 ^ _0546_/A (sky130_fd_sc_hd__and2_2)
     1    0.006415    0.036546    0.085331    5.256077 ^ _0546_/X (sky130_fd_sc_hd__and2_2)
                                                         SYNTH_INST.keypad.n_rst (net)
                      0.036553    0.000456    5.256533 ^ fanout74/A (sky130_fd_sc_hd__clkdlybuf4s25_1)
    11    0.042457    0.319567    0.360485    5.617017 ^ fanout74/X (sky130_fd_sc_hd__clkdlybuf4s25_1)
                                                         net74 (net)
                      0.319577    0.001539    5.618556 ^ fanout65/A (sky130_fd_sc_hd__clkdlybuf4s25_1)
    13    0.046250    0.347988    0.411704    6.030260 ^ fanout65/X (sky130_fd_sc_hd__clkdlybuf4s25_1)
                                                         net65 (net)
                      0.347990    0.000680    6.030941 ^ fanout63/A (sky130_fd_sc_hd__clkdlybuf4s25_1)
     4    0.016127    0.127022    0.260712    6.291652 ^ fanout63/X (sky130_fd_sc_hd__clkdlybuf4s25_1)
                                                         net63 (net)
                      0.127032    0.001187    6.292840 ^ fanout61/A (sky130_fd_sc_hd__clkdlybuf4s25_1)
     3    0.011338    0.092181    0.222120    6.514959 ^ fanout61/X (sky130_fd_sc_hd__clkdlybuf4s25_1)
                                                         net61 (net)
                      0.092184    0.000651    6.515610 ^ load_slew62/A (sky130_fd_sc_hd__buf_2)
     8    0.035946    0.134242    0.155948    6.671558 ^ load_slew62/X (sky130_fd_sc_hd__buf_2)
                                                         net62 (net)
                      0.134317    0.002609    6.674168 ^ _0936_/RESET_B (sky130_fd_sc_hd__dfrtp_2)
                                              6.674168   data arrival time

                                  0.000000    0.000000   clock clk (rise edge)
                                  0.000000    0.000000   clock source latency
     2    0.022841    0.081177    0.056215    0.056215 ^ clk (in)
                                                         clk (net)
                      0.081218    0.000000    0.056215 ^ clkbuf_0_clk/A (sky130_fd_sc_hd__clkbuf_16)
    33    0.131693    0.111462    0.158192    0.214407 ^ clkbuf_0_clk/X (sky130_fd_sc_hd__clkbuf_16)
                                                         clknet_0_clk (net)
                      0.112150    0.006989    0.221396 ^ clkbuf_4_11_0_clk/A (sky130_fd_sc_hd__clkbuf_8)
     9    0.027254    0.046604    0.116918    0.338315 ^ clkbuf_4_11_0_clk/X (sky130_fd_sc_hd__clkbuf_8)
                                                         clknet_4_11_0_clk (net)
                      0.046653    0.001331    0.339646 ^ _0936_/CLK (sky130_fd_sc_hd__dfrtp_2)
                                  0.250000    0.589646   clock uncertainty
                                  0.000000    0.589646   clock reconvergence pessimism
                                  0.226131    0.815777   library removal time
                                              0.815777   data required time
---------------------------------------------------------------------------------------------
                                              0.815777   data required time
                                             -6.674168   data arrival time
---------------------------------------------------------------------------------------------
                                              5.858390   slack (MET)


Startpoint: nrst (input port clocked by clk)
Endpoint: _0908_ (removal check against rising-edge clock clk)
Path Group: asynchronous
Path Type: min

Fanout         Cap        Slew       Delay        Time   Description
---------------------------------------------------------------------------------------------
                                  0.000000    0.000000   clock clk (rise edge)
                                  0.000000    0.000000   clock network delay (propagated)
                                  5.000000    5.000000 ^ input external delay
     2    0.006468    0.026574    0.016586    5.016586 ^ nrst (in)
                                                         nrst (net)
                      0.026577    0.000000    5.016586 ^ input16/A (sky130_fd_sc_hd__clkdlybuf4s25_1)
     1    0.002372    0.028945    0.154059    5.170646 ^ input16/X (sky130_fd_sc_hd__clkdlybuf4s25_1)
                                                         net16 (net)
                      0.028945    0.000100    5.170746 ^ _0546_/A (sky130_fd_sc_hd__and2_2)
     1    0.006415    0.036546    0.085331    5.256077 ^ _0546_/X (sky130_fd_sc_hd__and2_2)
                                                         SYNTH_INST.keypad.n_rst (net)
                      0.036553    0.000456    5.256533 ^ fanout74/A (sky130_fd_sc_hd__clkdlybuf4s25_1)
    11    0.042457    0.319567    0.360485    5.617017 ^ fanout74/X (sky130_fd_sc_hd__clkdlybuf4s25_1)
                                                         net74 (net)
                      0.319579    0.001696    5.618714 ^ fanout58/A (sky130_fd_sc_hd__clkdlybuf4s25_1)
    11    0.051553    0.386868    0.439170    6.057883 ^ fanout58/X (sky130_fd_sc_hd__clkdlybuf4s25_1)
                                                         net58 (net)
                      0.386899    0.002891    6.060774 ^ fanout54/A (sky130_fd_sc_hd__clkdlybuf4s25_1)
     5    0.026377    0.201901    0.312542    6.373316 ^ fanout54/X (sky130_fd_sc_hd__clkdlybuf4s25_1)
                                                         net54 (net)
                      0.201957    0.003198    6.376514 ^ fanout52/A (sky130_fd_sc_hd__clkdlybuf4s25_1)
     2    0.007486    0.064607    0.208818    6.585332 ^ fanout52/X (sky130_fd_sc_hd__clkdlybuf4s25_1)
                                                         net52 (net)
                      0.064608    0.000416    6.585748 ^ load_slew53/A (sky130_fd_sc_hd__clkbuf_4)
     9    0.041055    0.099109    0.144279    6.730027 ^ load_slew53/X (sky130_fd_sc_hd__clkbuf_4)
                                                         net53 (net)
                      0.099126    0.001080    6.731107 ^ _0908_/RESET_B (sky130_fd_sc_hd__dfrtp_2)
                                              6.731107   data arrival time

                                  0.000000    0.000000   clock clk (rise edge)
                                  0.000000    0.000000   clock source latency
     2    0.022841    0.081177    0.056215    0.056215 ^ clk (in)
                                                         clk (net)
                      0.081218    0.000000    0.056215 ^ clkbuf_0_clk/A (sky130_fd_sc_hd__clkbuf_16)
    33    0.131693    0.111462    0.158192    0.214407 ^ clkbuf_0_clk/X (sky130_fd_sc_hd__clkbuf_16)
                                                         clknet_0_clk (net)
                      0.111994    0.006166    0.220573 ^ clkbuf_4_5_0_clk/A (sky130_fd_sc_hd__clkbuf_8)
     9    0.027677    0.047082    0.117064    0.337637 ^ clkbuf_4_5_0_clk/X (sky130_fd_sc_hd__clkbuf_8)
                                                         clknet_4_5_0_clk (net)
                      0.047252    0.001953    0.339591 ^ _0908_/CLK (sky130_fd_sc_hd__dfrtp_2)
                                  0.250000    0.589591   clock uncertainty
                                  0.000000    0.589591   clock reconvergence pessimism
                                  0.217071    0.806661   library removal time
                                              0.806661   data required time
---------------------------------------------------------------------------------------------
                                              0.806661   data required time
                                             -6.731107   data arrival time
---------------------------------------------------------------------------------------------
                                              5.924446   slack (MET)


Startpoint: nrst (input port clocked by clk)
Endpoint: _0909_ (removal check against rising-edge clock clk)
Path Group: asynchronous
Path Type: min

Fanout         Cap        Slew       Delay        Time   Description
---------------------------------------------------------------------------------------------
                                  0.000000    0.000000   clock clk (rise edge)
                                  0.000000    0.000000   clock network delay (propagated)
                                  5.000000    5.000000 ^ input external delay
     2    0.006468    0.026574    0.016586    5.016586 ^ nrst (in)
                                                         nrst (net)
                      0.026577    0.000000    5.016586 ^ input16/A (sky130_fd_sc_hd__clkdlybuf4s25_1)
     1    0.002372    0.028945    0.154059    5.170646 ^ input16/X (sky130_fd_sc_hd__clkdlybuf4s25_1)
                                                         net16 (net)
                      0.028945    0.000100    5.170746 ^ _0546_/A (sky130_fd_sc_hd__and2_2)
     1    0.006415    0.036546    0.085331    5.256077 ^ _0546_/X (sky130_fd_sc_hd__and2_2)
                                                         SYNTH_INST.keypad.n_rst (net)
                      0.036553    0.000456    5.256533 ^ fanout74/A (sky130_fd_sc_hd__clkdlybuf4s25_1)
    11    0.042457    0.319567    0.360485    5.617017 ^ fanout74/X (sky130_fd_sc_hd__clkdlybuf4s25_1)
                                                         net74 (net)
                      0.319579    0.001696    5.618714 ^ fanout58/A (sky130_fd_sc_hd__clkdlybuf4s25_1)
    11    0.051553    0.386868    0.439170    6.057883 ^ fanout58/X (sky130_fd_sc_hd__clkdlybuf4s25_1)
                                                         net58 (net)
                      0.386899    0.002891    6.060774 ^ fanout54/A (sky130_fd_sc_hd__clkdlybuf4s25_1)
     5    0.026377    0.201901    0.312542    6.373316 ^ fanout54/X (sky130_fd_sc_hd__clkdlybuf4s25_1)
                                                         net54 (net)
                      0.201957    0.003198    6.376514 ^ fanout52/A (sky130_fd_sc_hd__clkdlybuf4s25_1)
     2    0.007486    0.064607    0.208818    6.585332 ^ fanout52/X (sky130_fd_sc_hd__clkdlybuf4s25_1)
                                                         net52 (net)
                      0.064608    0.000416    6.585748 ^ load_slew53/A (sky130_fd_sc_hd__clkbuf_4)
     9    0.041055    0.099109    0.144279    6.730027 ^ load_slew53/X (sky130_fd_sc_hd__clkbuf_4)
                                                         net53 (net)
                      0.099161    0.001878    6.731905 ^ _0909_/RESET_B (sky130_fd_sc_hd__dfrtp_2)
                                              6.731905   data arrival time

                                  0.000000    0.000000   clock clk (rise edge)
                                  0.000000    0.000000   clock source latency
     2    0.022841    0.081177    0.056215    0.056215 ^ clk (in)
                                                         clk (net)
                      0.081218    0.000000    0.056215 ^ clkbuf_0_clk/A (sky130_fd_sc_hd__clkbuf_16)
    33    0.131693    0.111462    0.158192    0.214407 ^ clkbuf_0_clk/X (sky130_fd_sc_hd__clkbuf_16)
                                                         clknet_0_clk (net)
                      0.111994    0.006166    0.220573 ^ clkbuf_4_5_0_clk/A (sky130_fd_sc_hd__clkbuf_8)
     9    0.027677    0.047082    0.117064    0.337637 ^ clkbuf_4_5_0_clk/X (sky130_fd_sc_hd__clkbuf_8)
                                                         clknet_4_5_0_clk (net)
                      0.047235    0.001829    0.339467 ^ _0909_/CLK (sky130_fd_sc_hd__dfrtp_2)
                                  0.250000    0.589467   clock uncertainty
                                  0.000000    0.589467   clock reconvergence pessimism
                                  0.217078    0.806544   library removal time
                                              0.806544   data required time
---------------------------------------------------------------------------------------------
                                              0.806544   data required time
                                             -6.731905   data arrival time
---------------------------------------------------------------------------------------------
                                              5.925360   slack (MET)


Startpoint: nrst (input port clocked by clk)
Endpoint: _0914_ (removal check against rising-edge clock clk)
Path Group: asynchronous
Path Type: min

Fanout         Cap        Slew       Delay        Time   Description
---------------------------------------------------------------------------------------------
                                  0.000000    0.000000   clock clk (rise edge)
                                  0.000000    0.000000   clock network delay (propagated)
                                  5.000000    5.000000 ^ input external delay
     2    0.006468    0.026574    0.016586    5.016586 ^ nrst (in)
                                                         nrst (net)
                      0.026577    0.000000    5.016586 ^ input16/A (sky130_fd_sc_hd__clkdlybuf4s25_1)
     1    0.002372    0.028945    0.154059    5.170646 ^ input16/X (sky130_fd_sc_hd__clkdlybuf4s25_1)
                                                         net16 (net)
                      0.028945    0.000100    5.170746 ^ _0546_/A (sky130_fd_sc_hd__and2_2)
     1    0.006415    0.036546    0.085331    5.256077 ^ _0546_/X (sky130_fd_sc_hd__and2_2)
                                                         SYNTH_INST.keypad.n_rst (net)
                      0.036553    0.000456    5.256533 ^ fanout74/A (sky130_fd_sc_hd__clkdlybuf4s25_1)
    11    0.042457    0.319567    0.360485    5.617017 ^ fanout74/X (sky130_fd_sc_hd__clkdlybuf4s25_1)
                                                         net74 (net)
                      0.319579    0.001696    5.618714 ^ fanout58/A (sky130_fd_sc_hd__clkdlybuf4s25_1)
    11    0.051553    0.386868    0.439170    6.057883 ^ fanout58/X (sky130_fd_sc_hd__clkdlybuf4s25_1)
                                                         net58 (net)
                      0.386899    0.002891    6.060774 ^ fanout54/A (sky130_fd_sc_hd__clkdlybuf4s25_1)
     5    0.026377    0.201901    0.312542    6.373316 ^ fanout54/X (sky130_fd_sc_hd__clkdlybuf4s25_1)
                                                         net54 (net)
                      0.201957    0.003198    6.376514 ^ fanout52/A (sky130_fd_sc_hd__clkdlybuf4s25_1)
     2    0.007486    0.064607    0.208818    6.585332 ^ fanout52/X (sky130_fd_sc_hd__clkdlybuf4s25_1)
                                                         net52 (net)
                      0.064608    0.000416    6.585748 ^ load_slew53/A (sky130_fd_sc_hd__clkbuf_4)
     9    0.041055    0.099109    0.144279    6.730027 ^ load_slew53/X (sky130_fd_sc_hd__clkbuf_4)
                                                         net53 (net)
                      0.099258    0.003129    6.733157 ^ _0914_/RESET_B (sky130_fd_sc_hd__dfrtp_2)
                                              6.733157   data arrival time

                                  0.000000    0.000000   clock clk (rise edge)
                                  0.000000    0.000000   clock source latency
     2    0.022841    0.081177    0.056215    0.056215 ^ clk (in)
                                                         clk (net)
                      0.081218    0.000000    0.056215 ^ clkbuf_0_clk/A (sky130_fd_sc_hd__clkbuf_16)
    33    0.131693    0.111462    0.158192    0.214407 ^ clkbuf_0_clk/X (sky130_fd_sc_hd__clkbuf_16)
                                                         clknet_0_clk (net)
                      0.111994    0.006166    0.220573 ^ clkbuf_4_5_0_clk/A (sky130_fd_sc_hd__clkbuf_8)
     9    0.027677    0.047082    0.117064    0.337637 ^ clkbuf_4_5_0_clk/X (sky130_fd_sc_hd__clkbuf_8)
                                                         clknet_4_5_0_clk (net)
                      0.047247    0.001917    0.339554 ^ _0914_/CLK (sky130_fd_sc_hd__dfrtp_2)
                                  0.250000    0.589554   clock uncertainty
                                  0.000000    0.589554   clock reconvergence pessimism
                                  0.217105    0.806659   library removal time
                                              0.806659   data required time
---------------------------------------------------------------------------------------------
                                              0.806659   data required time
                                             -6.733157   data arrival time
---------------------------------------------------------------------------------------------
                                              5.926497   slack (MET)


Startpoint: nrst (input port clocked by clk)
Endpoint: _0913_ (removal check against rising-edge clock clk)
Path Group: asynchronous
Path Type: min

Fanout         Cap        Slew       Delay        Time   Description
---------------------------------------------------------------------------------------------
                                  0.000000    0.000000   clock clk (rise edge)
                                  0.000000    0.000000   clock network delay (propagated)
                                  5.000000    5.000000 ^ input external delay
     2    0.006468    0.026574    0.016586    5.016586 ^ nrst (in)
                                                         nrst (net)
                      0.026577    0.000000    5.016586 ^ input16/A (sky130_fd_sc_hd__clkdlybuf4s25_1)
     1    0.002372    0.028945    0.154059    5.170646 ^ input16/X (sky130_fd_sc_hd__clkdlybuf4s25_1)
                                                         net16 (net)
                      0.028945    0.000100    5.170746 ^ _0546_/A (sky130_fd_sc_hd__and2_2)
     1    0.006415    0.036546    0.085331    5.256077 ^ _0546_/X (sky130_fd_sc_hd__and2_2)
                                                         SYNTH_INST.keypad.n_rst (net)
                      0.036553    0.000456    5.256533 ^ fanout74/A (sky130_fd_sc_hd__clkdlybuf4s25_1)
    11    0.042457    0.319567    0.360485    5.617017 ^ fanout74/X (sky130_fd_sc_hd__clkdlybuf4s25_1)
                                                         net74 (net)
                      0.319579    0.001696    5.618714 ^ fanout58/A (sky130_fd_sc_hd__clkdlybuf4s25_1)
    11    0.051553    0.386868    0.439170    6.057883 ^ fanout58/X (sky130_fd_sc_hd__clkdlybuf4s25_1)
                                                         net58 (net)
                      0.386899    0.002891    6.060774 ^ fanout54/A (sky130_fd_sc_hd__clkdlybuf4s25_1)
     5    0.026377    0.201901    0.312542    6.373316 ^ fanout54/X (sky130_fd_sc_hd__clkdlybuf4s25_1)
                                                         net54 (net)
                      0.201957    0.003198    6.376514 ^ fanout52/A (sky130_fd_sc_hd__clkdlybuf4s25_1)
     2    0.007486    0.064607    0.208818    6.585332 ^ fanout52/X (sky130_fd_sc_hd__clkdlybuf4s25_1)
                                                         net52 (net)
                      0.064608    0.000416    6.585748 ^ load_slew53/A (sky130_fd_sc_hd__clkbuf_4)
     9    0.041055    0.099109    0.144279    6.730027 ^ load_slew53/X (sky130_fd_sc_hd__clkbuf_4)
                                                         net53 (net)
                      0.099271    0.003262    6.733289 ^ _0913_/RESET_B (sky130_fd_sc_hd__dfrtp_2)
                                              6.733289   data arrival time

                                  0.000000    0.000000   clock clk (rise edge)
                                  0.000000    0.000000   clock source latency
     2    0.022841    0.081177    0.056215    0.056215 ^ clk (in)
                                                         clk (net)
                      0.081218    0.000000    0.056215 ^ clkbuf_0_clk/A (sky130_fd_sc_hd__clkbuf_16)
    33    0.131693    0.111462    0.158192    0.214407 ^ clkbuf_0_clk/X (sky130_fd_sc_hd__clkbuf_16)
                                                         clknet_0_clk (net)
                      0.111994    0.006166    0.220573 ^ clkbuf_4_5_0_clk/A (sky130_fd_sc_hd__clkbuf_8)
     9    0.027677    0.047082    0.117064    0.337637 ^ clkbuf_4_5_0_clk/X (sky130_fd_sc_hd__clkbuf_8)
                                                         clknet_4_5_0_clk (net)
                      0.047254    0.001971    0.339608 ^ _0913_/CLK (sky130_fd_sc_hd__dfrtp_2)
                                  0.250000    0.589608   clock uncertainty
                                  0.000000    0.589608   clock reconvergence pessimism
                                  0.217109    0.806717   library removal time
                                              0.806717   data required time
---------------------------------------------------------------------------------------------
                                              0.806717   data required time
                                             -6.733289   data arrival time
---------------------------------------------------------------------------------------------
                                              5.926572   slack (MET)


Startpoint: nrst (input port clocked by clk)
Endpoint: _0907_ (removal check against rising-edge clock clk)
Path Group: asynchronous
Path Type: min

Fanout         Cap        Slew       Delay        Time   Description
---------------------------------------------------------------------------------------------
                                  0.000000    0.000000   clock clk (rise edge)
                                  0.000000    0.000000   clock network delay (propagated)
                                  5.000000    5.000000 ^ input external delay
     2    0.006468    0.026574    0.016586    5.016586 ^ nrst (in)
                                                         nrst (net)
                      0.026577    0.000000    5.016586 ^ input16/A (sky130_fd_sc_hd__clkdlybuf4s25_1)
     1    0.002372    0.028945    0.154059    5.170646 ^ input16/X (sky130_fd_sc_hd__clkdlybuf4s25_1)
                                                         net16 (net)
                      0.028945    0.000100    5.170746 ^ _0546_/A (sky130_fd_sc_hd__and2_2)
     1    0.006415    0.036546    0.085331    5.256077 ^ _0546_/X (sky130_fd_sc_hd__and2_2)
                                                         SYNTH_INST.keypad.n_rst (net)
                      0.036553    0.000456    5.256533 ^ fanout74/A (sky130_fd_sc_hd__clkdlybuf4s25_1)
    11    0.042457    0.319567    0.360485    5.617017 ^ fanout74/X (sky130_fd_sc_hd__clkdlybuf4s25_1)
                                                         net74 (net)
                      0.319579    0.001696    5.618714 ^ fanout58/A (sky130_fd_sc_hd__clkdlybuf4s25_1)
    11    0.051553    0.386868    0.439170    6.057883 ^ fanout58/X (sky130_fd_sc_hd__clkdlybuf4s25_1)
                                                         net58 (net)
                      0.386899    0.002891    6.060774 ^ fanout54/A (sky130_fd_sc_hd__clkdlybuf4s25_1)
     5    0.026377    0.201901    0.312542    6.373316 ^ fanout54/X (sky130_fd_sc_hd__clkdlybuf4s25_1)
                                                         net54 (net)
                      0.201957    0.003198    6.376514 ^ fanout52/A (sky130_fd_sc_hd__clkdlybuf4s25_1)
     2    0.007486    0.064607    0.208818    6.585332 ^ fanout52/X (sky130_fd_sc_hd__clkdlybuf4s25_1)
                                                         net52 (net)
                      0.064608    0.000416    6.585748 ^ load_slew53/A (sky130_fd_sc_hd__clkbuf_4)
     9    0.041055    0.099109    0.144279    6.730027 ^ load_slew53/X (sky130_fd_sc_hd__clkbuf_4)
                                                         net53 (net)
                      0.099193    0.002371    6.732398 ^ _0907_/RESET_B (sky130_fd_sc_hd__dfrtp_2)
                                              6.732398   data arrival time

                                  0.000000    0.000000   clock clk (rise edge)
                                  0.000000    0.000000   clock source latency
     2    0.022841    0.081177    0.056215    0.056215 ^ clk (in)
                                                         clk (net)
                      0.081218    0.000000    0.056215 ^ clkbuf_0_clk/A (sky130_fd_sc_hd__clkbuf_16)
    33    0.131693    0.111462    0.158192    0.214407 ^ clkbuf_0_clk/X (sky130_fd_sc_hd__clkbuf_16)
                                                         clknet_0_clk (net)
                      0.112001    0.006206    0.220614 ^ clkbuf_4_4_0_clk/A (sky130_fd_sc_hd__clkbuf_8)
     9    0.026219    0.045384    0.116103    0.336717 ^ clkbuf_4_4_0_clk/X (sky130_fd_sc_hd__clkbuf_8)
                                                         clknet_4_4_0_clk (net)
                      0.045418    0.001121    0.337838 ^ _0907_/CLK (sky130_fd_sc_hd__dfrtp_2)
                                  0.250000    0.587838   clock uncertainty
                                  0.000000    0.587838   clock reconvergence pessimism
                                  0.216837    0.804675   library removal time
                                              0.804675   data required time
---------------------------------------------------------------------------------------------
                                              0.804675   data required time
                                             -6.732398   data arrival time
---------------------------------------------------------------------------------------------
                                              5.927722   slack (MET)


Startpoint: nrst (input port clocked by clk)
Endpoint: _0984_ (removal check against rising-edge clock clk)
Path Group: asynchronous
Path Type: min

Fanout         Cap        Slew       Delay        Time   Description
---------------------------------------------------------------------------------------------
                                  0.000000    0.000000   clock clk (rise edge)
                                  0.000000    0.000000   clock network delay (propagated)
                                  5.000000    5.000000 ^ input external delay
     2    0.006468    0.026574    0.016586    5.016586 ^ nrst (in)
                                                         nrst (net)
                      0.026577    0.000000    5.016586 ^ input16/A (sky130_fd_sc_hd__clkdlybuf4s25_1)
     1    0.002372    0.028945    0.154059    5.170646 ^ input16/X (sky130_fd_sc_hd__clkdlybuf4s25_1)
                                                         net16 (net)
                      0.028945    0.000100    5.170746 ^ _0546_/A (sky130_fd_sc_hd__and2_2)
     1    0.006415    0.036546    0.085331    5.256077 ^ _0546_/X (sky130_fd_sc_hd__and2_2)
                                                         SYNTH_INST.keypad.n_rst (net)
                      0.036553    0.000456    5.256533 ^ fanout74/A (sky130_fd_sc_hd__clkdlybuf4s25_1)
    11    0.042457    0.319567    0.360485    5.617017 ^ fanout74/X (sky130_fd_sc_hd__clkdlybuf4s25_1)
                                                         net74 (net)
                      0.319579    0.001696    5.618714 ^ fanout58/A (sky130_fd_sc_hd__clkdlybuf4s25_1)
    11    0.051553    0.386868    0.439170    6.057883 ^ fanout58/X (sky130_fd_sc_hd__clkdlybuf4s25_1)
                                                         net58 (net)
                      0.386899    0.002891    6.060774 ^ fanout54/A (sky130_fd_sc_hd__clkdlybuf4s25_1)
     5    0.026377    0.201901    0.312542    6.373316 ^ fanout54/X (sky130_fd_sc_hd__clkdlybuf4s25_1)
                                                         net54 (net)
                      0.201957    0.003198    6.376514 ^ fanout52/A (sky130_fd_sc_hd__clkdlybuf4s25_1)
     2    0.007486    0.064607    0.208818    6.585332 ^ fanout52/X (sky130_fd_sc_hd__clkdlybuf4s25_1)
                                                         net52 (net)
                      0.064608    0.000416    6.585748 ^ load_slew53/A (sky130_fd_sc_hd__clkbuf_4)
     9    0.041055    0.099109    0.144279    6.730027 ^ load_slew53/X (sky130_fd_sc_hd__clkbuf_4)
                                                         net53 (net)
                      0.099269    0.003236    6.733263 ^ _0984_/RESET_B (sky130_fd_sc_hd__dfrtp_2)
                                              6.733263   data arrival time

                                  0.000000    0.000000   clock clk (rise edge)
                                  0.000000    0.000000   clock source latency
     2    0.022841    0.081177    0.056215    0.056215 ^ clk (in)
                                                         clk (net)
                      0.081218    0.000000    0.056215 ^ clkbuf_0_clk/A (sky130_fd_sc_hd__clkbuf_16)
    33    0.131693    0.111462    0.158192    0.214407 ^ clkbuf_0_clk/X (sky130_fd_sc_hd__clkbuf_16)
                                                         clknet_0_clk (net)
                      0.112001    0.006206    0.220614 ^ clkbuf_4_4_0_clk/A (sky130_fd_sc_hd__clkbuf_8)
     9    0.026219    0.045384    0.116103    0.336717 ^ clkbuf_4_4_0_clk/X (sky130_fd_sc_hd__clkbuf_8)
                                                         clknet_4_4_0_clk (net)
                      0.045463    0.001612    0.338329 ^ _0984_/CLK (sky130_fd_sc_hd__dfrtp_2)
                                  0.250000    0.588329   clock uncertainty
                                  0.000000    0.588329   clock reconvergence pessimism
                                  0.216863    0.805192   library removal time
                                              0.805192   data required time
---------------------------------------------------------------------------------------------
                                              0.805192   data required time
                                             -6.733263   data arrival time
---------------------------------------------------------------------------------------------
                                              5.928071   slack (MET)


Startpoint: nrst (input port clocked by clk)
Endpoint: _0983_ (removal check against rising-edge clock clk)
Path Group: asynchronous
Path Type: min

Fanout         Cap        Slew       Delay        Time   Description
---------------------------------------------------------------------------------------------
                                  0.000000    0.000000   clock clk (rise edge)
                                  0.000000    0.000000   clock network delay (propagated)
                                  5.000000    5.000000 ^ input external delay
     2    0.006468    0.026574    0.016586    5.016586 ^ nrst (in)
                                                         nrst (net)
                      0.026577    0.000000    5.016586 ^ input16/A (sky130_fd_sc_hd__clkdlybuf4s25_1)
     1    0.002372    0.028945    0.154059    5.170646 ^ input16/X (sky130_fd_sc_hd__clkdlybuf4s25_1)
                                                         net16 (net)
                      0.028945    0.000100    5.170746 ^ _0546_/A (sky130_fd_sc_hd__and2_2)
     1    0.006415    0.036546    0.085331    5.256077 ^ _0546_/X (sky130_fd_sc_hd__and2_2)
                                                         SYNTH_INST.keypad.n_rst (net)
                      0.036553    0.000456    5.256533 ^ fanout74/A (sky130_fd_sc_hd__clkdlybuf4s25_1)
    11    0.042457    0.319567    0.360485    5.617017 ^ fanout74/X (sky130_fd_sc_hd__clkdlybuf4s25_1)
                                                         net74 (net)
                      0.319579    0.001696    5.618714 ^ fanout58/A (sky130_fd_sc_hd__clkdlybuf4s25_1)
    11    0.051553    0.386868    0.439170    6.057883 ^ fanout58/X (sky130_fd_sc_hd__clkdlybuf4s25_1)
                                                         net58 (net)
                      0.386899    0.002891    6.060774 ^ fanout54/A (sky130_fd_sc_hd__clkdlybuf4s25_1)
     5    0.026377    0.201901    0.312542    6.373316 ^ fanout54/X (sky130_fd_sc_hd__clkdlybuf4s25_1)
                                                         net54 (net)
                      0.201957    0.003198    6.376514 ^ fanout52/A (sky130_fd_sc_hd__clkdlybuf4s25_1)
     2    0.007486    0.064607    0.208818    6.585332 ^ fanout52/X (sky130_fd_sc_hd__clkdlybuf4s25_1)
                                                         net52 (net)
                      0.064608    0.000416    6.585748 ^ load_slew53/A (sky130_fd_sc_hd__clkbuf_4)
     9    0.041055    0.099109    0.144279    6.730027 ^ load_slew53/X (sky130_fd_sc_hd__clkbuf_4)
                                                         net53 (net)
                      0.099277    0.003316    6.733344 ^ _0983_/RESET_B (sky130_fd_sc_hd__dfrtp_2)
                                              6.733344   data arrival time

                                  0.000000    0.000000   clock clk (rise edge)
                                  0.000000    0.000000   clock source latency
     2    0.022841    0.081177    0.056215    0.056215 ^ clk (in)
                                                         clk (net)
                      0.081218    0.000000    0.056215 ^ clkbuf_0_clk/A (sky130_fd_sc_hd__clkbuf_16)
    33    0.131693    0.111462    0.158192    0.214407 ^ clkbuf_0_clk/X (sky130_fd_sc_hd__clkbuf_16)
                                                         clknet_0_clk (net)
                      0.112001    0.006206    0.220614 ^ clkbuf_4_4_0_clk/A (sky130_fd_sc_hd__clkbuf_8)
     9    0.026219    0.045384    0.116103    0.336717 ^ clkbuf_4_4_0_clk/X (sky130_fd_sc_hd__clkbuf_8)
                                                         clknet_4_4_0_clk (net)
                      0.045464    0.001623    0.338340 ^ _0983_/CLK (sky130_fd_sc_hd__dfrtp_2)
                                  0.250000    0.588340   clock uncertainty
                                  0.000000    0.588340   clock reconvergence pessimism
                                  0.216865    0.805205   library removal time
                                              0.805205   data required time
---------------------------------------------------------------------------------------------
                                              0.805205   data required time
                                             -6.733344   data arrival time
---------------------------------------------------------------------------------------------
                                              5.928138   slack (MET)


Startpoint: nrst (input port clocked by clk)
Endpoint: _1018_ (removal check against rising-edge clock clk)
Path Group: asynchronous
Path Type: min

Fanout         Cap        Slew       Delay        Time   Description
---------------------------------------------------------------------------------------------
                                  0.000000    0.000000   clock clk (rise edge)
                                  0.000000    0.000000   clock network delay (propagated)
                                  5.000000    5.000000 ^ input external delay
     2    0.006468    0.026574    0.016586    5.016586 ^ nrst (in)
                                                         nrst (net)
                      0.026577    0.000000    5.016586 ^ input16/A (sky130_fd_sc_hd__clkdlybuf4s25_1)
     1    0.002372    0.028945    0.154059    5.170646 ^ input16/X (sky130_fd_sc_hd__clkdlybuf4s25_1)
                                                         net16 (net)
                      0.028945    0.000100    5.170746 ^ _0546_/A (sky130_fd_sc_hd__and2_2)
     1    0.006415    0.036546    0.085331    5.256077 ^ _0546_/X (sky130_fd_sc_hd__and2_2)
                                                         SYNTH_INST.keypad.n_rst (net)
                      0.036553    0.000456    5.256533 ^ fanout74/A (sky130_fd_sc_hd__clkdlybuf4s25_1)
    11    0.042457    0.319567    0.360485    5.617017 ^ fanout74/X (sky130_fd_sc_hd__clkdlybuf4s25_1)
                                                         net74 (net)
                      0.319579    0.001696    5.618714 ^ fanout58/A (sky130_fd_sc_hd__clkdlybuf4s25_1)
    11    0.051553    0.386868    0.439170    6.057883 ^ fanout58/X (sky130_fd_sc_hd__clkdlybuf4s25_1)
                                                         net58 (net)
                      0.386899    0.002891    6.060774 ^ fanout54/A (sky130_fd_sc_hd__clkdlybuf4s25_1)
     5    0.026377    0.201901    0.312542    6.373316 ^ fanout54/X (sky130_fd_sc_hd__clkdlybuf4s25_1)
                                                         net54 (net)
                      0.201957    0.003198    6.376514 ^ fanout52/A (sky130_fd_sc_hd__clkdlybuf4s25_1)
     2    0.007486    0.064607    0.208818    6.585332 ^ fanout52/X (sky130_fd_sc_hd__clkdlybuf4s25_1)
                                                         net52 (net)
                      0.064608    0.000416    6.585748 ^ load_slew53/A (sky130_fd_sc_hd__clkbuf_4)
     9    0.041055    0.099109    0.144279    6.730027 ^ load_slew53/X (sky130_fd_sc_hd__clkbuf_4)
                                                         net53 (net)
                      0.099273    0.003276    6.733303 ^ _1018_/RESET_B (sky130_fd_sc_hd__dfrtp_2)
                                              6.733303   data arrival time

                                  0.000000    0.000000   clock clk (rise edge)
                                  0.000000    0.000000   clock source latency
     2    0.022841    0.081177    0.056215    0.056215 ^ clk (in)
                                                         clk (net)
                      0.081218    0.000000    0.056215 ^ clkbuf_0_clk/A (sky130_fd_sc_hd__clkbuf_16)
    33    0.131693    0.111462    0.158192    0.214407 ^ clkbuf_0_clk/X (sky130_fd_sc_hd__clkbuf_16)
                                                         clknet_0_clk (net)
                      0.112001    0.006206    0.220614 ^ clkbuf_4_4_0_clk/A (sky130_fd_sc_hd__clkbuf_8)
     9    0.026219    0.045384    0.116103    0.336717 ^ clkbuf_4_4_0_clk/X (sky130_fd_sc_hd__clkbuf_8)
                                                         clknet_4_4_0_clk (net)
                      0.045439    0.001367    0.338084 ^ _1018_/CLK (sky130_fd_sc_hd__dfrtp_2)
                                  0.250000    0.588084   clock uncertainty
                                  0.000000    0.588084   clock reconvergence pessimism
                                  0.216861    0.804945   library removal time
                                              0.804945   data required time
---------------------------------------------------------------------------------------------
                                              0.804945   data required time
                                             -6.733303   data arrival time
---------------------------------------------------------------------------------------------
                                              5.928358   slack (MET)


Startpoint: nrst (input port clocked by clk)
Endpoint: _1016_ (removal check against rising-edge clock clk)
Path Group: asynchronous
Path Type: min

Fanout         Cap        Slew       Delay        Time   Description
---------------------------------------------------------------------------------------------
                                  0.000000    0.000000   clock clk (rise edge)
                                  0.000000    0.000000   clock network delay (propagated)
                                  5.000000    5.000000 ^ input external delay
     2    0.006468    0.026574    0.016586    5.016586 ^ nrst (in)
                                                         nrst (net)
                      0.026577    0.000000    5.016586 ^ input16/A (sky130_fd_sc_hd__clkdlybuf4s25_1)
     1    0.002372    0.028945    0.154059    5.170646 ^ input16/X (sky130_fd_sc_hd__clkdlybuf4s25_1)
                                                         net16 (net)
                      0.028945    0.000100    5.170746 ^ _0546_/A (sky130_fd_sc_hd__and2_2)
     1    0.006415    0.036546    0.085331    5.256077 ^ _0546_/X (sky130_fd_sc_hd__and2_2)
                                                         SYNTH_INST.keypad.n_rst (net)
                      0.036553    0.000456    5.256533 ^ fanout74/A (sky130_fd_sc_hd__clkdlybuf4s25_1)
    11    0.042457    0.319567    0.360485    5.617017 ^ fanout74/X (sky130_fd_sc_hd__clkdlybuf4s25_1)
                                                         net74 (net)
                      0.319579    0.001696    5.618714 ^ fanout58/A (sky130_fd_sc_hd__clkdlybuf4s25_1)
    11    0.051553    0.386868    0.439170    6.057883 ^ fanout58/X (sky130_fd_sc_hd__clkdlybuf4s25_1)
                                                         net58 (net)
                      0.386899    0.002891    6.060774 ^ fanout54/A (sky130_fd_sc_hd__clkdlybuf4s25_1)
     5    0.026377    0.201901    0.312542    6.373316 ^ fanout54/X (sky130_fd_sc_hd__clkdlybuf4s25_1)
                                                         net54 (net)
                      0.201957    0.003198    6.376514 ^ fanout52/A (sky130_fd_sc_hd__clkdlybuf4s25_1)
     2    0.007486    0.064607    0.208818    6.585332 ^ fanout52/X (sky130_fd_sc_hd__clkdlybuf4s25_1)
                                                         net52 (net)
                      0.064608    0.000416    6.585748 ^ load_slew53/A (sky130_fd_sc_hd__clkbuf_4)
     9    0.041055    0.099109    0.144279    6.730027 ^ load_slew53/X (sky130_fd_sc_hd__clkbuf_4)
                                                         net53 (net)
                      0.099263    0.003177    6.733204 ^ _1016_/RESET_B (sky130_fd_sc_hd__dfrtp_2)
                                              6.733204   data arrival time

                                  0.000000    0.000000   clock clk (rise edge)
                                  0.000000    0.000000   clock source latency
     2    0.022841    0.081177    0.056215    0.056215 ^ clk (in)
                                                         clk (net)
                      0.081218    0.000000    0.056215 ^ clkbuf_0_clk/A (sky130_fd_sc_hd__clkbuf_16)
    33    0.131693    0.111462    0.158192    0.214407 ^ clkbuf_0_clk/X (sky130_fd_sc_hd__clkbuf_16)
                                                         clknet_0_clk (net)
                      0.112001    0.006206    0.220614 ^ clkbuf_4_4_0_clk/A (sky130_fd_sc_hd__clkbuf_8)
     9    0.026219    0.045384    0.116103    0.336717 ^ clkbuf_4_4_0_clk/X (sky130_fd_sc_hd__clkbuf_8)
                                                         clknet_4_4_0_clk (net)
                      0.045398    0.000804    0.337520 ^ _1016_/CLK (sky130_fd_sc_hd__dfrtp_2)
                                  0.250000    0.587520   clock uncertainty
                                  0.000000    0.587520   clock reconvergence pessimism
                                  0.216853    0.804373   library removal time
                                              0.804373   data required time
---------------------------------------------------------------------------------------------
                                              0.804373   data required time
                                             -6.733204   data arrival time
---------------------------------------------------------------------------------------------
                                              5.928831   slack (MET)



